2019.01.02,00:00,1.1463,1.1463,1.1463,1.1463,2
2019.01.02,00:02,1.14598,1.14598,1.14598,1.14598,8
2019.01.02,00:03,1.14602,1.14602,1.14602,1.14602,1
2019.01.02,00:05,1.14602,1.1463,1.14602,1.1463,3
2019.01.02,00:06,1.1463,1.1463,1.1463,1.1463,8
2019.01.02,00:07,1.14625,1.14625,1.14604,1.14604,2
2019.01.02,00:09,1.14605,1.14605,1.14604,1.14604,2
2019.01.02,00:10,1.14604,1.14604,1.14604,1.14604,6
2019.01.02,00:11,1.1463,1.1463,1.14625,1.14625,16
2019.01.02,00:12,1.14625,1.14625,1.14625,1.14625,23
2019.01.02,00:13,1.14625,1.14625,1.14604,1.14604,28
2019.01.02,00:14,1.14604,1.14606,1.14602,1.14606,11
2019.01.02,00:15,1.14602,1.1463,1.146,1.1463,17
2019.01.02,00:16,1.1463,1.1463,1.14625,1.1463,12
2019.01.02,00:17,1.1463,1.1463,1.1463,1.1463,18
2019.01.02,00:18,1.1463,1.1463,1.14601,1.14605,7
2019.01.02,00:19,1.14606,1.14606,1.14606,1.14606,1
2019.01.02,00:20,1.14604,1.14606,1.14601,1.14603,11
2019.01.02,00:21,1.14606,1.1463,1.14606,1.1463,9
2019.01.02,00:22,1.1463,1.1463,1.14625,1.14625,19
2019.01.02,00:23,1.14625,1.14625,1.14625,1.14625,17
2019.01.02,00:24,1.14625,1.14625,1.14599,1.14606,25
2019.01.02,00:25,1.14603,1.14606,1.14599,1.14606,26
2019.01.02,00:26,1.146,1.14606,1.14598,1.14599,25
2019.01.02,00:27,1.14601,1.14614,1.14601,1.14614,18
2019.01.02,00:28,1.14614,1.14619,1.14614,1.14619,9
2019.01.02,00:29,1.14619,1.14619,1.14601,1.14603,28
2019.01.02,00:30,1.14603,1.14609,1.14598,1.14602,21
2019.01.02,00:31,1.14598,1.14606,1.14598,1.14606,12
2019.01.02,00:32,1.14598,1.14619,1.14598,1.14619,17
2019.01.02,00:33,1.14619,1.14627,1.14613,1.14621,40
2019.01.02,00:34,1.14621,1.14624,1.14605,1.14605,17
2019.01.02,00:35,1.14605,1.14606,1.14605,1.14605,13
2019.01.02,00:36,1.14605,1.14605,1.14605,1.14605,10
2019.01.02,00:37,1.14605,1.14619,1.14603,1.14603,20
2019.01.02,00:38,1.14603,1.14603,1.14603,1.14603,6
2019.01.02,00:39,1.14603,1.14604,1.14603,1.14603,11
2019.01.02,00:40,1.14601,1.14608,1.146,1.14603,25
2019.01.02,00:41,1.14603,1.1463,1.146,1.14628,30
2019.01.02,00:42,1.14628,1.14629,1.14624,1.14625,18
2019.01.02,00:43,1.14629,1.1463,1.14622,1.1463,24
2019.01.02,00:44,1.1463,1.14631,1.14623,1.14629,13
2019.01.02,00:45,1.1463,1.14632,1.14622,1.14631,47
2019.01.02,00:46,1.14631,1.14632,1.14622,1.14632,26
2019.01.02,00:47,1.14633,1.14634,1.14627,1.14633,26
2019.01.02,00:48,1.14633,1.14633,1.14622,1.14622,32
2019.01.02,00:49,1.14622,1.14631,1.14622,1.14622,38
2019.01.02,00:50,1.14623,1.14632,1.14608,1.14612,55
2019.01.02,00:51,1.14614,1.14629,1.14606,1.14626,51
2019.01.02,00:52,1.14627,1.14627,1.146,1.146,53
2019.01.02,00:53,1.14602,1.14632,1.14602,1.14632,10
2019.01.02,00:54,1.14637,1.14644,1.14602,1.14602,31
2019.01.02,00:55,1.14603,1.14607,1.14602,1.14607,21
2019.01.02,00:56,1.1461,1.14615,1.14609,1.14615,23
2019.01.02,00:57,1.14614,1.14614,1.14602,1.14609,31
2019.01.02,00:58,1.14604,1.14606,1.14597,1.146,53
2019.01.02,00:59,1.14599,1.14622,1.14598,1.14622,44
2019.01.02,01:00,1.14603,1.14623,1.14558,1.14595,352
2019.01.02,01:01,1.14595,1.14666,1.14595,1.14666,103
2019.01.02,01:02,1.14665,1.14671,1.14655,1.14655,38
2019.01.02,01:03,1.14654,1.14655,1.14648,1.14652,22
2019.01.02,01:04,1.14654,1.14654,1.14649,1.14654,25
2019.01.02,01:05,1.14653,1.14655,1.14646,1.14655,36
2019.01.02,01:06,1.14658,1.1466,1.14655,1.14657,21
2019.01.02,01:07,1.14657,1.14658,1.14653,1.14656,18
2019.01.02,01:08,1.14655,1.14657,1.14653,1.14653,12
2019.01.02,01:09,1.14653,1.14657,1.14651,1.14653,24
2019.01.02,01:10,1.14654,1.14662,1.14651,1.14661,75
2019.01.02,01:11,1.14659,1.14667,1.14658,1.14665,35
2019.01.02,01:12,1.14664,1.14666,1.14658,1.14662,87
2019.01.02,01:13,1.14661,1.14662,1.14657,1.14658,99
2019.01.02,01:14,1.14658,1.14658,1.14654,1.14655,34
2019.01.02,01:15,1.14657,1.14657,1.1465,1.14651,23
2019.01.02,01:16,1.14652,1.14652,1.1465,1.14651,36
2019.01.02,01:17,1.14653,1.14663,1.14653,1.14661,101
2019.01.02,01:18,1.14658,1.14663,1.14658,1.14661,98
2019.01.02,01:19,1.14661,1.14667,1.14657,1.14667,69
2019.01.02,01:20,1.14668,1.14669,1.14663,1.14666,92
2019.01.02,01:21,1.14666,1.14671,1.14662,1.14663,50
2019.01.02,01:22,1.14664,1.14668,1.14658,1.1466,62
2019.01.02,01:23,1.1466,1.14663,1.1466,1.14663,49
2019.01.02,01:24,1.14663,1.1467,1.14663,1.14669,49
2019.01.02,01:25,1.1467,1.14678,1.14669,1.14671,57
2019.01.02,01:26,1.14672,1.14672,1.14665,1.14665,37
2019.01.02,01:27,1.14664,1.14667,1.14664,1.14667,42
2019.01.02,01:28,1.14666,1.1467,1.14665,1.1467,18
2019.01.02,01:29,1.14669,1.14669,1.14664,1.14665,23
2019.01.02,01:30,1.14666,1.1467,1.14666,1.14668,24
2019.01.02,01:31,1.14668,1.14669,1.14663,1.14665,36
2019.01.02,01:32,1.14664,1.14664,1.14661,1.14662,37
2019.01.02,01:33,1.14662,1.14663,1.14657,1.14661,27
2019.01.02,01:34,1.14662,1.14662,1.14653,1.14654,29
2019.01.02,01:35,1.14653,1.14659,1.14652,1.14658,21
2019.01.02,01:36,1.14659,1.1466,1.14654,1.14657,28
2019.01.02,01:37,1.14658,1.14658,1.14651,1.14657,45
2019.01.02,01:38,1.14658,1.14662,1.14657,1.1466,31
2019.01.02,01:39,1.14659,1.14661,1.14659,1.1466,9
2019.01.02,01:40,1.14659,1.14659,1.14655,1.14657,23
2019.01.02,01:41,1.14656,1.14657,1.14652,1.14653,20
2019.01.02,01:42,1.14652,1.14653,1.14651,1.14653,12
2019.01.02,01:43,1.14652,1.14653,1.14647,1.14647,32
2019.01.02,01:44,1.14648,1.14651,1.14648,1.14651,18
2019.01.02,01:45,1.1465,1.14651,1.14646,1.14646,12
2019.01.02,01:46,1.14646,1.14648,1.14641,1.14642,26
2019.01.02,01:47,1.14641,1.14642,1.14637,1.14637,23
2019.01.02,01:48,1.14637,1.14637,1.14632,1.14634,18
2019.01.02,01:49,1.14633,1.14635,1.1462,1.14622,37
2019.01.02,01:50,1.14622,1.14624,1.14616,1.14617,38
2019.01.02,01:51,1.14616,1.14618,1.14614,1.14616,21
2019.01.02,01:52,1.14617,1.1462,1.14614,1.1462,19
2019.01.02,01:53,1.14619,1.14624,1.14618,1.1462,26
2019.01.02,01:54,1.1462,1.1462,1.14615,1.14616,25
2019.01.02,01:55,1.14616,1.14617,1.14612,1.14615,14
2019.01.02,01:56,1.14614,1.14615,1.14614,1.14614,10
2019.01.02,01:57,1.14615,1.14615,1.14611,1.14612,16
2019.01.02,01:58,1.14612,1.14615,1.14611,1.14614,24
2019.01.02,01:59,1.14612,1.14615,1.14611,1.14611,10
2019.01.02,02:00,1.14612,1.14612,1.14606,1.14606,56
2019.01.02,02:01,1.14605,1.14608,1.14599,1.146,38
2019.01.02,02:02,1.146,1.14601,1.14587,1.14587,37
2019.01.02,02:03,1.14587,1.14588,1.14578,1.14579,24
2019.01.02,02:04,1.14579,1.14583,1.14576,1.14579,36
2019.01.02,02:05,1.1458,1.14623,1.14574,1.14608,126
2019.01.02,02:06,1.14608,1.14626,1.14605,1.14615,100
2019.01.02,02:07,1.14615,1.14615,1.14612,1.14613,35
2019.01.02,02:08,1.14613,1.14615,1.14611,1.14613,25
2019.01.02,02:09,1.14614,1.14621,1.14612,1.14613,32
2019.01.02,02:10,1.14614,1.14614,1.14594,1.14595,47
2019.01.02,02:11,1.14595,1.146,1.14592,1.14599,34
2019.01.02,02:12,1.146,1.14605,1.146,1.14605,20
2019.01.02,02:13,1.14605,1.14609,1.14603,1.14609,25
2019.01.02,02:14,1.1461,1.14623,1.14609,1.14623,27
2019.01.02,02:15,1.14624,1.14625,1.14613,1.14614,30
2019.01.02,02:16,1.14614,1.14617,1.14608,1.1461,26
2019.01.02,02:17,1.14612,1.14623,1.14608,1.14623,43
2019.01.02,02:18,1.14622,1.14622,1.14604,1.14606,38
2019.01.02,02:19,1.14606,1.14606,1.14602,1.14606,24
2019.01.02,02:20,1.14609,1.14615,1.14606,1.14606,55
2019.01.02,02:21,1.14606,1.14612,1.14605,1.1461,25
2019.01.02,02:22,1.14609,1.14612,1.14602,1.14603,38
2019.01.02,02:23,1.14602,1.14602,1.14599,1.146,11
2019.01.02,02:24,1.14599,1.146,1.14599,1.14599,7
2019.01.02,02:25,1.14599,1.14601,1.14589,1.1459,37
2019.01.02,02:26,1.14592,1.14592,1.14588,1.14589,21
2019.01.02,02:27,1.14588,1.14589,1.14583,1.14585,19
2019.01.02,02:28,1.14585,1.14592,1.14585,1.1459,13
2019.01.02,02:29,1.14589,1.14591,1.14574,1.14579,49
2019.01.02,02:30,1.14579,1.14588,1.14578,1.14586,101
2019.01.02,02:31,1.14586,1.14586,1.14574,1.14575,44
2019.01.02,02:32,1.14575,1.14575,1.14559,1.14564,68
2019.01.02,02:33,1.14562,1.14562,1.14553,1.14554,36
2019.01.02,02:34,1.14555,1.14556,1.14551,1.14554,28
2019.01.02,02:35,1.14554,1.14563,1.14554,1.14556,45
2019.01.02,02:36,1.14557,1.1456,1.14544,1.14544,41
2019.01.02,02:37,1.14545,1.14553,1.14545,1.1455,26
2019.01.02,02:38,1.14548,1.14553,1.14548,1.14552,23
2019.01.02,02:39,1.14552,1.14552,1.14547,1.14548,28
2019.01.02,02:40,1.14548,1.14553,1.14547,1.14552,28
2019.01.02,02:41,1.14552,1.14556,1.14552,1.14555,19
2019.01.02,02:42,1.14555,1.14557,1.1455,1.1455,25
2019.01.02,02:43,1.1455,1.14561,1.14548,1.14561,45
2019.01.02,02:44,1.14562,1.14562,1.14556,1.14559,23
2019.01.02,02:45,1.14559,1.14564,1.14557,1.14559,25
2019.01.02,02:46,1.14559,1.14561,1.14558,1.1456,31
2019.01.02,02:47,1.1456,1.14563,1.14556,1.14562,34
2019.01.02,02:48,1.14559,1.14559,1.14557,1.14559,8
2019.01.02,02:49,1.14561,1.14561,1.1456,1.14561,41
2019.01.02,02:50,1.14561,1.14561,1.14558,1.14558,7
2019.01.02,02:51,1.14557,1.1456,1.14555,1.14556,25
2019.01.02,02:52,1.14555,1.14563,1.14554,1.14561,52
2019.01.02,02:53,1.1456,1.14561,1.1456,1.1456,4
2019.01.02,02:54,1.14561,1.14561,1.14556,1.1456,36
2019.01.02,02:55,1.1456,1.14561,1.14556,1.14557,28
2019.01.02,02:56,1.14558,1.14561,1.14558,1.14561,34
2019.01.02,02:57,1.14562,1.14563,1.14561,1.14561,4
2019.01.02,02:59,1.14562,1.14562,1.14561,1.14561,8
2019.01.02,03:00,1.14561,1.14562,1.1456,1.14562,22
2019.01.02,03:01,1.14561,1.14562,1.14547,1.14547,43
2019.01.02,03:02,1.14548,1.14553,1.14546,1.14553,52
2019.01.02,03:03,1.14553,1.14554,1.14524,1.14532,73
2019.01.02,03:04,1.14531,1.14543,1.14531,1.14542,73
2019.01.02,03:05,1.14543,1.14543,1.14527,1.14534,64
2019.01.02,03:06,1.14533,1.14538,1.14527,1.14527,35
2019.01.02,03:07,1.14526,1.14533,1.14523,1.14531,47
2019.01.02,03:08,1.14529,1.14537,1.14524,1.14535,30
2019.01.02,03:09,1.14534,1.14534,1.14522,1.14523,39
2019.01.02,03:10,1.14524,1.14524,1.14512,1.14518,33
2019.01.02,03:11,1.14517,1.1452,1.14511,1.14515,45
2019.01.02,03:12,1.14515,1.14515,1.14506,1.14514,68
2019.01.02,03:13,1.14513,1.14513,1.14502,1.14512,71
2019.01.02,03:14,1.14513,1.14518,1.14511,1.14512,35
2019.01.02,03:15,1.14513,1.14533,1.14513,1.14532,38
2019.01.02,03:16,1.14532,1.14537,1.14532,1.14533,27
2019.01.02,03:17,1.1453,1.14534,1.1453,1.14532,24
2019.01.02,03:18,1.14531,1.14532,1.14529,1.14532,28
2019.01.02,03:19,1.1453,1.14543,1.14528,1.14542,44
2019.01.02,03:20,1.14541,1.14546,1.14541,1.14542,23
2019.01.02,03:21,1.14542,1.14547,1.14542,1.14546,19
2019.01.02,03:22,1.14547,1.14549,1.14546,1.14547,32
2019.01.02,03:23,1.14547,1.14547,1.14542,1.14543,14
2019.01.02,03:24,1.14544,1.14544,1.14543,1.14543,7
2019.01.02,03:25,1.14543,1.14543,1.14531,1.14532,20
2019.01.02,03:26,1.14535,1.14537,1.14533,1.14534,17
2019.01.02,03:27,1.14534,1.14536,1.14531,1.14531,24
2019.01.02,03:28,1.1453,1.14532,1.14526,1.14526,26
2019.01.02,03:29,1.14528,1.1453,1.14522,1.14523,37
2019.01.02,03:30,1.14523,1.14532,1.14521,1.14525,57
2019.01.02,03:31,1.14527,1.14536,1.14526,1.14531,33
2019.01.02,03:32,1.14531,1.14534,1.14521,1.14522,28
2019.01.02,03:33,1.14523,1.14526,1.14515,1.14526,48
2019.01.02,03:34,1.14526,1.14529,1.14516,1.14526,73
2019.01.02,03:35,1.14527,1.14537,1.14527,1.14537,37
2019.01.02,03:36,1.14536,1.14537,1.14531,1.14533,64
2019.01.02,03:37,1.14534,1.14535,1.14523,1.14529,50
2019.01.02,03:38,1.14528,1.14531,1.14525,1.14527,41
2019.01.02,03:39,1.14527,1.14529,1.14516,1.14523,56
2019.01.02,03:40,1.14522,1.14531,1.14522,1.14529,36
2019.01.02,03:41,1.1453,1.14533,1.14526,1.14527,67
2019.01.02,03:42,1.14529,1.14532,1.14529,1.14531,27
2019.01.02,03:43,1.14531,1.14532,1.14528,1.14531,16
2019.01.02,03:44,1.14532,1.14537,1.14532,1.14536,22
2019.01.02,03:45,1.14535,1.14535,1.14501,1.14505,86
2019.01.02,03:46,1.14504,1.14511,1.14501,1.14504,45
2019.01.02,03:47,1.14503,1.14504,1.14499,1.145,58
2019.01.02,03:48,1.145,1.14501,1.14493,1.14494,49
2019.01.02,03:49,1.14495,1.14497,1.14476,1.14486,78
2019.01.02,03:50,1.14486,1.14491,1.14472,1.14477,124
2019.01.02,03:51,1.14479,1.14481,1.14471,1.14476,80
2019.01.02,03:52,1.14476,1.14481,1.14473,1.14481,77
2019.01.02,03:53,1.1448,1.14485,1.14475,1.14481,43
2019.01.02,03:54,1.14481,1.14481,1.14458,1.14472,82
2019.01.02,03:55,1.14472,1.14488,1.14465,1.14488,87
2019.01.02,03:56,1.14485,1.145,1.14484,1.14499,42
2019.01.02,03:57,1.14499,1.14505,1.14496,1.14504,36
2019.01.02,03:58,1.14505,1.1451,1.145,1.14502,53
2019.01.02,03:59,1.14505,1.14522,1.14505,1.14522,34
2019.01.02,04:00,1.14522,1.14525,1.14507,1.14514,107
2019.01.02,04:01,1.14515,1.14526,1.14515,1.14522,93
2019.01.02,04:02,1.14521,1.14532,1.1452,1.14528,45
2019.01.02,04:03,1.14529,1.14534,1.14519,1.14521,47
2019.01.02,04:04,1.14522,1.14529,1.14522,1.14527,28
2019.01.02,04:05,1.14525,1.14525,1.1452,1.1452,25
2019.01.02,04:06,1.1452,1.14528,1.14517,1.14525,40
2019.01.02,04:07,1.14525,1.14529,1.14525,1.14528,18
2019.01.02,04:08,1.14527,1.14532,1.1452,1.14521,47
2019.01.02,04:09,1.14519,1.14519,1.14512,1.14513,32
2019.01.02,04:10,1.14512,1.14517,1.14511,1.14514,23
2019.01.02,04:11,1.14515,1.14519,1.14507,1.14516,52
2019.01.02,04:12,1.14515,1.14522,1.14506,1.14506,47
2019.01.02,04:13,1.14506,1.14529,1.14505,1.14526,82
2019.01.02,04:14,1.14527,1.14534,1.14525,1.14533,36
2019.01.02,04:15,1.14531,1.14532,1.14523,1.14528,37
2019.01.02,04:16,1.14529,1.1453,1.14524,1.14529,27
2019.01.02,04:17,1.14529,1.14529,1.14527,1.14527,29
2019.01.02,04:18,1.14528,1.14528,1.1449,1.14509,132
2019.01.02,04:19,1.14511,1.14517,1.14494,1.14503,106
2019.01.02,04:20,1.14504,1.14533,1.14503,1.14525,87
2019.01.02,04:21,1.14526,1.14527,1.14502,1.14505,79
2019.01.02,04:22,1.14504,1.14506,1.14486,1.14497,101
2019.01.02,04:23,1.14497,1.14497,1.14478,1.14485,55
2019.01.02,04:24,1.14485,1.14485,1.14475,1.14482,64
2019.01.02,04:25,1.14481,1.14484,1.14474,1.14478,76
2019.01.02,04:26,1.14477,1.14482,1.1447,1.14479,74
2019.01.02,04:27,1.14479,1.14491,1.14477,1.14481,28
2019.01.02,04:28,1.14482,1.14494,1.14482,1.14489,42
2019.01.02,04:29,1.14488,1.14491,1.14485,1.14485,33
2019.01.02,04:30,1.14486,1.14499,1.14484,1.14499,42
2019.01.02,04:31,1.14499,1.14504,1.14498,1.14503,55
2019.01.02,04:32,1.14504,1.14506,1.14493,1.14493,37
2019.01.02,04:33,1.14494,1.14494,1.14484,1.14487,48
2019.01.02,04:34,1.14487,1.14489,1.14465,1.14467,43
2019.01.02,04:35,1.14466,1.14472,1.14466,1.14469,51
2019.01.02,04:36,1.14468,1.14469,1.14446,1.14461,95
2019.01.02,04:37,1.14461,1.14463,1.14446,1.14452,45
2019.01.02,04:38,1.14453,1.1446,1.14453,1.14453,50
2019.01.02,04:39,1.14453,1.14458,1.14452,1.14458,32
2019.01.02,04:40,1.14456,1.14459,1.14449,1.14457,64
2019.01.02,04:41,1.14458,1.14469,1.14452,1.14452,64
2019.01.02,04:42,1.14454,1.14455,1.14445,1.14453,49
2019.01.02,04:43,1.14454,1.14458,1.14453,1.14455,24
2019.01.02,04:44,1.14455,1.14455,1.14444,1.14449,48
2019.01.02,04:45,1.14448,1.14454,1.14436,1.14449,97
2019.01.02,04:46,1.1445,1.14453,1.1444,1.1444,41
2019.01.02,04:47,1.14439,1.1444,1.14432,1.14435,28
2019.01.02,04:48,1.14434,1.14438,1.14427,1.14438,48
2019.01.02,04:49,1.14437,1.14444,1.14437,1.14443,11
2019.01.02,04:50,1.14443,1.14447,1.14441,1.14447,21
2019.01.02,04:51,1.14448,1.14448,1.1444,1.14441,14
2019.01.02,04:52,1.1444,1.14444,1.14435,1.14443,32
2019.01.02,04:53,1.14443,1.14447,1.14439,1.14445,38
2019.01.02,04:54,1.14443,1.14453,1.14442,1.14452,43
2019.01.02,04:55,1.14456,1.14456,1.14447,1.14452,13
2019.01.02,04:56,1.14452,1.14452,1.14442,1.14442,39
2019.01.02,04:57,1.14444,1.1445,1.14444,1.14448,31
2019.01.02,04:58,1.1445,1.14452,1.14448,1.14452,16
2019.01.02,04:59,1.14454,1.14457,1.14454,1.14457,13
2019.01.02,05:00,1.14457,1.14459,1.14456,1.14459,8
2019.01.02,05:01,1.14458,1.14459,1.14458,1.14459,13
2019.01.02,05:02,1.14458,1.1446,1.14454,1.14459,15
2019.01.02,05:03,1.14457,1.14459,1.14454,1.14454,9
2019.01.02,05:04,1.14452,1.14457,1.14447,1.14452,51
2019.01.02,05:05,1.14453,1.14462,1.14452,1.14453,34
2019.01.02,05:06,1.14454,1.14454,1.14448,1.14453,38
2019.01.02,05:07,1.14454,1.14454,1.14452,1.14452,29
2019.01.02,05:08,1.14452,1.14457,1.14448,1.14455,31
2019.01.02,05:09,1.14455,1.14458,1.14454,1.14457,28
2019.01.02,05:10,1.14457,1.1446,1.14454,1.14455,20
2019.01.02,05:11,1.14454,1.14455,1.1445,1.14452,27
2019.01.02,05:12,1.1445,1.14459,1.1445,1.14453,33
2019.01.02,05:13,1.14453,1.14455,1.1445,1.14452,30
2019.01.02,05:14,1.14452,1.14456,1.14452,1.14453,31
2019.01.02,05:15,1.14452,1.14459,1.14452,1.14458,24
2019.01.02,05:16,1.14461,1.14467,1.14459,1.14463,40
2019.01.02,05:17,1.14463,1.14465,1.14463,1.14465,16
2019.01.02,05:18,1.14465,1.1447,1.14464,1.1447,15
2019.01.02,05:19,1.1447,1.14478,1.14465,1.14473,47
2019.01.02,05:20,1.14471,1.14472,1.14461,1.14461,21
2019.01.02,05:21,1.14462,1.1447,1.14461,1.14465,28
2019.01.02,05:22,1.14465,1.1447,1.14462,1.14466,45
2019.01.02,05:23,1.14465,1.14466,1.14461,1.14466,20
2019.01.02,05:24,1.14469,1.14474,1.14469,1.14473,10
2019.01.02,05:25,1.14474,1.1448,1.14474,1.14477,24
2019.01.02,05:26,1.14478,1.14479,1.14473,1.14473,15
2019.01.02,05:27,1.14472,1.14472,1.14468,1.14468,14
2019.01.02,05:28,1.14469,1.14474,1.14468,1.14473,20
2019.01.02,05:29,1.14473,1.14476,1.14471,1.14476,18
2019.01.02,05:30,1.14474,1.1448,1.14474,1.1448,27
2019.01.02,05:31,1.14479,1.14481,1.14479,1.1448,10
2019.01.02,05:32,1.1448,1.14483,1.14478,1.1448,25
2019.01.02,05:33,1.14481,1.14485,1.14481,1.14485,19
2019.01.02,05:34,1.14485,1.14488,1.1448,1.1448,41
2019.01.02,05:35,1.1448,1.1448,1.14472,1.14472,28
2019.01.02,05:36,1.14472,1.14474,1.1446,1.14469,41
2019.01.02,05:37,1.14471,1.14471,1.14462,1.14463,25
2019.01.02,05:38,1.14463,1.14469,1.14463,1.14465,25
2019.01.02,05:39,1.14464,1.14465,1.14464,1.14465,16
2019.01.02,05:40,1.14464,1.14465,1.1446,1.1446,13
2019.01.02,05:41,1.14459,1.14465,1.14459,1.14465,13
2019.01.02,05:42,1.14465,1.14471,1.14465,1.14469,24
2019.01.02,05:43,1.14469,1.1447,1.14465,1.14465,11
2019.01.02,05:44,1.14465,1.14465,1.14465,1.14465,7
2019.01.02,05:45,1.14465,1.14465,1.1446,1.1446,12
2019.01.02,05:46,1.1446,1.14465,1.14459,1.1446,25
2019.01.02,05:47,1.14459,1.14464,1.14453,1.1446,39
2019.01.02,05:48,1.1446,1.14465,1.14458,1.14459,26
2019.01.02,05:49,1.1446,1.1446,1.14458,1.1446,11
2019.01.02,05:50,1.1446,1.1446,1.14446,1.1445,19
2019.01.02,05:51,1.1445,1.14454,1.14449,1.1445,24
2019.01.02,05:52,1.1445,1.1446,1.14448,1.14459,34
2019.01.02,05:53,1.14459,1.14462,1.14456,1.14458,35
2019.01.02,05:54,1.14458,1.14462,1.14456,1.14462,22
2019.01.02,05:55,1.14462,1.1447,1.14459,1.1447,32
2019.01.02,05:56,1.14474,1.14474,1.14467,1.1447,28
2019.01.02,05:57,1.1447,1.1447,1.14459,1.1446,25
2019.01.02,05:58,1.1446,1.1446,1.14459,1.1446,15
2019.01.02,05:59,1.14458,1.14462,1.14457,1.14457,19
2019.01.02,06:00,1.14459,1.14459,1.14449,1.14454,34
2019.01.02,06:01,1.14454,1.14458,1.14446,1.1445,38
2019.01.02,06:02,1.1445,1.1445,1.14438,1.1444,34
2019.01.02,06:03,1.1444,1.14462,1.1444,1.14453,91
2019.01.02,06:04,1.14453,1.14454,1.14449,1.1445,15
2019.01.02,06:05,1.14449,1.1445,1.14448,1.14449,15
2019.01.02,06:06,1.14448,1.14453,1.14448,1.14449,14
2019.01.02,06:07,1.14448,1.1445,1.14445,1.1445,20
2019.01.02,06:08,1.14448,1.1445,1.14445,1.14447,27
2019.01.02,06:09,1.14446,1.1445,1.14445,1.1445,31
2019.01.02,06:10,1.14449,1.14457,1.14448,1.14454,35
2019.01.02,06:11,1.14453,1.14454,1.14448,1.14448,34
2019.01.02,06:12,1.14449,1.14449,1.14444,1.14445,17
2019.01.02,06:13,1.14444,1.1445,1.14444,1.1445,11
2019.01.02,06:14,1.14448,1.14449,1.14444,1.14444,15
2019.01.02,06:15,1.14445,1.14445,1.14438,1.14439,22
2019.01.02,06:16,1.14438,1.14445,1.14438,1.14438,34
2019.01.02,06:17,1.14438,1.14445,1.14438,1.14445,15
2019.01.02,06:18,1.14445,1.14449,1.14443,1.14449,22
2019.01.02,06:19,1.14449,1.14452,1.14444,1.14447,45
2019.01.02,06:20,1.14447,1.14447,1.14442,1.14443,29
2019.01.02,06:21,1.14443,1.14445,1.14442,1.14445,22
2019.01.02,06:22,1.14446,1.1445,1.14446,1.14449,21
2019.01.02,06:23,1.1445,1.14453,1.14449,1.14449,24
2019.01.02,06:24,1.1445,1.14453,1.14449,1.14452,13
2019.01.02,06:25,1.14454,1.14459,1.14452,1.14452,24
2019.01.02,06:26,1.14453,1.14465,1.14453,1.14465,26
2019.01.02,06:27,1.14463,1.14464,1.14459,1.14459,25
2019.01.02,06:28,1.14459,1.14464,1.1445,1.14452,33
2019.01.02,06:29,1.14451,1.14452,1.14443,1.14445,63
2019.01.02,06:30,1.14445,1.1445,1.14431,1.14434,45
2019.01.02,06:31,1.14433,1.14435,1.14428,1.14434,35
2019.01.02,06:32,1.14433,1.14435,1.14428,1.14428,14
2019.01.02,06:33,1.14429,1.14431,1.14428,1.14429,21
2019.01.02,06:34,1.14428,1.14435,1.14428,1.14434,10
2019.01.02,06:35,1.14433,1.14452,1.14433,1.14449,32
2019.01.02,06:36,1.1445,1.14456,1.1445,1.14455,32
2019.01.02,06:37,1.14455,1.14466,1.14455,1.14464,41
2019.01.02,06:38,1.14464,1.1447,1.14464,1.14469,28
2019.01.02,06:39,1.14469,1.14469,1.14457,1.1446,60
2019.01.02,06:40,1.14459,1.14463,1.14455,1.1446,43
2019.01.02,06:41,1.1446,1.14461,1.1445,1.1445,23
2019.01.02,06:42,1.1445,1.14454,1.14449,1.14453,30
2019.01.02,06:43,1.14451,1.14454,1.1445,1.14452,24
2019.01.02,06:44,1.14452,1.14465,1.14451,1.14461,34
2019.01.02,06:45,1.1446,1.1446,1.1445,1.14451,37
2019.01.02,06:46,1.14453,1.14455,1.14444,1.14454,33
2019.01.02,06:47,1.14454,1.14457,1.14454,1.14455,15
2019.01.02,06:48,1.14456,1.14457,1.14445,1.14447,28
2019.01.02,06:49,1.14447,1.1445,1.14446,1.1445,27
2019.01.02,06:50,1.1445,1.14452,1.14449,1.14449,18
2019.01.02,06:51,1.1445,1.14452,1.14448,1.14449,21
2019.01.02,06:52,1.14452,1.14452,1.14445,1.14445,13
2019.01.02,06:53,1.14448,1.1445,1.14448,1.14448,17
2019.01.02,06:54,1.14449,1.14449,1.14447,1.14449,4
2019.01.02,06:55,1.14449,1.1445,1.14449,1.1445,6
2019.01.02,06:56,1.1445,1.14451,1.14449,1.14451,14
2019.01.02,06:57,1.1445,1.14451,1.1445,1.1445,9
2019.01.02,06:58,1.1445,1.14454,1.14446,1.14452,27
2019.01.02,06:59,1.14454,1.14457,1.1445,1.14451,16
2019.01.02,07:00,1.14451,1.14455,1.14451,1.14455,29
2019.01.02,07:01,1.14455,1.14467,1.14455,1.14466,43
2019.01.02,07:02,1.14465,1.14472,1.14465,1.14472,18
2019.01.02,07:03,1.14472,1.14477,1.14471,1.14477,37
2019.01.02,07:04,1.14476,1.14484,1.14476,1.14481,30
2019.01.02,07:05,1.14482,1.14482,1.14475,1.14479,21
2019.01.02,07:06,1.14479,1.14482,1.14476,1.14479,31
2019.01.02,07:07,1.1448,1.14482,1.14477,1.14482,37
2019.01.02,07:08,1.14482,1.14482,1.1448,1.1448,18
2019.01.02,07:09,1.14478,1.1448,1.14476,1.14478,31
2019.01.02,07:10,1.14477,1.14479,1.14474,1.14475,27
2019.01.02,07:11,1.14475,1.14477,1.14473,1.14473,31
2019.01.02,07:12,1.14474,1.14477,1.14473,1.14476,20
2019.01.02,07:13,1.14475,1.14477,1.14475,1.14476,5
2019.01.02,07:14,1.14477,1.14482,1.14476,1.1448,15
2019.01.02,07:15,1.1448,1.14483,1.14477,1.14478,18
2019.01.02,07:16,1.14478,1.14485,1.14475,1.14478,27
2019.01.02,07:17,1.14476,1.14498,1.14475,1.14498,49
2019.01.02,07:18,1.14501,1.14504,1.14494,1.14499,41
2019.01.02,07:19,1.14499,1.14531,1.14499,1.14518,58
2019.01.02,07:20,1.14518,1.14537,1.14516,1.14534,50
2019.01.02,07:21,1.14534,1.14539,1.14522,1.1453,81
2019.01.02,07:22,1.14532,1.1454,1.14527,1.1453,61
2019.01.02,07:23,1.14531,1.14544,1.1453,1.14544,25
2019.01.02,07:24,1.14543,1.14572,1.14541,1.1457,99
2019.01.02,07:25,1.14571,1.14575,1.14565,1.14565,56
2019.01.02,07:26,1.14564,1.14572,1.14564,1.14567,54
2019.01.02,07:27,1.14567,1.14582,1.14562,1.14578,54
2019.01.02,07:28,1.14577,1.14578,1.14572,1.14574,35
2019.01.02,07:29,1.14575,1.14581,1.14574,1.14578,46
2019.01.02,07:30,1.14579,1.14605,1.14575,1.14604,82
2019.01.02,07:31,1.14605,1.1461,1.14583,1.14589,75
2019.01.02,07:32,1.14594,1.146,1.14587,1.146,49
2019.01.02,07:33,1.14599,1.1461,1.14597,1.1461,40
2019.01.02,07:34,1.14613,1.14628,1.14613,1.14618,58
2019.01.02,07:35,1.14617,1.14629,1.14614,1.14628,42
2019.01.02,07:36,1.14631,1.1466,1.14631,1.14658,125
2019.01.02,07:37,1.14659,1.14678,1.14657,1.14669,68
2019.01.02,07:38,1.14668,1.14671,1.14654,1.1466,48
2019.01.02,07:39,1.14658,1.14676,1.14652,1.14673,65
2019.01.02,07:40,1.14673,1.14677,1.14663,1.14668,44
2019.01.02,07:41,1.14669,1.14694,1.14669,1.14689,61
2019.01.02,07:42,1.14689,1.14693,1.14678,1.14688,67
2019.01.02,07:43,1.14689,1.14693,1.14686,1.14688,46
2019.01.02,07:44,1.14688,1.14698,1.14688,1.14695,30
2019.01.02,07:45,1.14697,1.14698,1.14692,1.14693,38
2019.01.02,07:46,1.14692,1.14704,1.14686,1.14688,86
2019.01.02,07:47,1.14689,1.14699,1.14684,1.14694,70
2019.01.02,07:48,1.14694,1.14694,1.14685,1.14687,45
2019.01.02,07:49,1.14688,1.14696,1.14683,1.14689,39
2019.01.02,07:50,1.1469,1.14699,1.14688,1.14695,67
2019.01.02,07:51,1.14694,1.14699,1.14691,1.14694,33
2019.01.02,07:52,1.14693,1.14704,1.14693,1.14702,52
2019.01.02,07:53,1.14701,1.14704,1.14699,1.147,39
2019.01.02,07:54,1.14701,1.14711,1.14701,1.14709,34
2019.01.02,07:55,1.14709,1.14709,1.14689,1.14699,52
2019.01.02,07:56,1.14698,1.14701,1.1469,1.14694,54
2019.01.02,07:57,1.14694,1.14751,1.14693,1.14751,141
2019.01.02,07:58,1.1475,1.14788,1.1475,1.1478,158
2019.01.02,07:59,1.14781,1.14789,1.14779,1.14779,81
2019.01.02,08:00,1.1478,1.14805,1.1477,1.14804,86
2019.01.02,08:01,1.14805,1.14834,1.14804,1.14825,148
2019.01.02,08:02,1.14824,1.14858,1.14821,1.14848,111
2019.01.02,08:03,1.1485,1.1485,1.1482,1.14822,81
2019.01.02,08:04,1.1482,1.14834,1.14815,1.14829,100
2019.01.02,08:05,1.14828,1.14833,1.14824,1.14827,117
2019.01.02,08:06,1.14828,1.14843,1.14823,1.14843,90
2019.01.02,08:07,1.14842,1.14854,1.14827,1.14836,67
2019.01.02,08:08,1.14838,1.14857,1.14838,1.14854,90
2019.01.02,08:09,1.14853,1.14867,1.14851,1.14866,123
2019.01.02,08:10,1.14867,1.14967,1.14867,1.14938,179
2019.01.02,08:11,1.14937,1.14948,1.14913,1.14916,141
2019.01.02,08:12,1.14917,1.14943,1.1491,1.14923,102
2019.01.02,08:13,1.14925,1.14937,1.14918,1.1492,79
2019.01.02,08:14,1.1492,1.14927,1.14893,1.14894,73
2019.01.02,08:15,1.14895,1.14898,1.14892,1.14898,80
2019.01.02,08:16,1.14898,1.14901,1.14895,1.14897,53
2019.01.02,08:17,1.14898,1.1491,1.14896,1.14907,71
2019.01.02,08:18,1.14908,1.1492,1.14903,1.14914,54
2019.01.02,08:19,1.14915,1.14949,1.14915,1.14949,94
2019.01.02,08:20,1.14949,1.14961,1.14944,1.14953,67
2019.01.02,08:21,1.14952,1.14959,1.14939,1.14943,63
2019.01.02,08:22,1.14941,1.14942,1.14916,1.14917,70
2019.01.02,08:23,1.14917,1.14921,1.14907,1.14921,65
2019.01.02,08:24,1.14922,1.14922,1.14908,1.14915,72
2019.01.02,08:25,1.14914,1.14935,1.14911,1.14924,71
2019.01.02,08:26,1.14924,1.14927,1.14902,1.14906,62
2019.01.02,08:27,1.14908,1.14961,1.14908,1.1496,46
2019.01.02,08:28,1.14957,1.14967,1.14942,1.14946,74
2019.01.02,08:29,1.14947,1.14947,1.14933,1.14941,68
2019.01.02,08:30,1.1494,1.14943,1.14927,1.14927,74
2019.01.02,08:31,1.14926,1.14926,1.14917,1.14917,47
2019.01.02,08:32,1.14916,1.14917,1.1491,1.14912,23
2019.01.02,08:33,1.14912,1.14916,1.14897,1.14897,56
2019.01.02,08:34,1.14898,1.14926,1.14897,1.14926,60
2019.01.02,08:35,1.14926,1.14931,1.14914,1.14918,83
2019.01.02,08:36,1.14918,1.1492,1.14916,1.1492,38
2019.01.02,08:37,1.1492,1.14924,1.14914,1.14917,50
2019.01.02,08:38,1.14917,1.1492,1.14906,1.14909,29
2019.01.02,08:39,1.14909,1.14912,1.14901,1.14901,44
2019.01.02,08:40,1.14898,1.14898,1.14891,1.14896,38
2019.01.02,08:41,1.14893,1.14893,1.1488,1.14886,53
2019.01.02,08:42,1.14884,1.14897,1.14883,1.14887,44
2019.01.02,08:43,1.14886,1.14887,1.14876,1.14881,25
2019.01.02,08:44,1.14882,1.14921,1.14882,1.14907,79
2019.01.02,08:45,1.14909,1.14933,1.14907,1.14927,75
2019.01.02,08:46,1.14926,1.14926,1.14901,1.14903,57
2019.01.02,08:47,1.14899,1.14899,1.14879,1.14885,64
2019.01.02,08:48,1.14884,1.14884,1.14861,1.14865,77
2019.01.02,08:49,1.14865,1.14865,1.1484,1.14848,83
2019.01.02,08:50,1.14848,1.1489,1.14847,1.14887,83
2019.01.02,08:51,1.14886,1.14906,1.1487,1.14892,88
2019.01.02,08:52,1.14891,1.149,1.14872,1.14872,54
2019.01.02,08:53,1.14867,1.14867,1.1483,1.14832,80
2019.01.02,08:54,1.14831,1.14839,1.14827,1.14835,45
2019.01.02,08:55,1.14835,1.14846,1.14835,1.14845,35
2019.01.02,08:56,1.1485,1.1485,1.14825,1.14825,44
2019.01.02,08:57,1.14827,1.14832,1.14825,1.1483,51
2019.01.02,08:58,1.14835,1.14836,1.14822,1.14833,61
2019.01.02,08:59,1.14833,1.14857,1.14833,1.14852,55
2019.01.02,09:00,1.14851,1.14861,1.14841,1.1485,78
2019.01.02,09:01,1.14853,1.14867,1.14839,1.1484,89
2019.01.02,09:02,1.14839,1.14844,1.14828,1.1483,48
2019.01.02,09:03,1.14831,1.14887,1.14826,1.14856,108
2019.01.02,09:04,1.14859,1.14868,1.14855,1.14857,58
2019.01.02,09:05,1.14858,1.14906,1.14858,1.14897,110
2019.01.02,09:06,1.14899,1.14931,1.14898,1.14899,115
2019.01.02,09:07,1.149,1.14904,1.14896,1.14896,83
2019.01.02,09:08,1.14898,1.14902,1.1489,1.14901,60
2019.01.02,09:09,1.14902,1.14907,1.14898,1.14898,58
2019.01.02,09:10,1.14899,1.14902,1.14871,1.14876,92
2019.01.02,09:11,1.14876,1.1488,1.1487,1.14871,54
2019.01.02,09:12,1.1487,1.1487,1.1485,1.14857,85
2019.01.02,09:13,1.14856,1.14886,1.14849,1.1488,76
2019.01.02,09:14,1.14881,1.14885,1.14873,1.14875,56
2019.01.02,09:15,1.14875,1.14875,1.1482,1.14834,101
2019.01.02,09:16,1.14835,1.14892,1.14835,1.14861,88
2019.01.02,09:17,1.14862,1.14896,1.1486,1.14891,77
2019.01.02,09:18,1.14888,1.14891,1.14847,1.1485,134
2019.01.02,09:19,1.14849,1.14875,1.14849,1.14866,112
2019.01.02,09:20,1.14866,1.14891,1.14858,1.14875,81
2019.01.02,09:21,1.14876,1.14886,1.14867,1.1487,78
2019.01.02,09:22,1.1487,1.14896,1.14852,1.14855,107
2019.01.02,09:23,1.14856,1.14885,1.14856,1.14882,106
2019.01.02,09:24,1.14881,1.14882,1.14852,1.14867,80
2019.01.02,09:25,1.14869,1.14875,1.14852,1.1486,90
2019.01.02,09:26,1.1486,1.14872,1.14859,1.1487,92
2019.01.02,09:27,1.14869,1.14871,1.14836,1.14836,96
2019.01.02,09:28,1.14838,1.14845,1.14831,1.14839,73
2019.01.02,09:29,1.14839,1.14841,1.14832,1.14833,85
2019.01.02,09:30,1.14833,1.14835,1.14799,1.148,121
2019.01.02,09:31,1.14799,1.14817,1.14797,1.14807,95
2019.01.02,09:32,1.14808,1.14816,1.14808,1.1481,81
2019.01.02,09:33,1.14809,1.14809,1.14784,1.14788,68
2019.01.02,09:34,1.14787,1.14806,1.14784,1.14804,115
2019.01.02,09:35,1.14805,1.14806,1.14785,1.14797,105
2019.01.02,09:36,1.14797,1.14813,1.14789,1.14802,111
2019.01.02,09:37,1.14801,1.1483,1.14797,1.1483,90
2019.01.02,09:38,1.14829,1.14848,1.14826,1.14844,99
2019.01.02,09:39,1.14844,1.14849,1.14834,1.14846,99
2019.01.02,09:40,1.14845,1.14846,1.14835,1.14844,67
2019.01.02,09:41,1.14844,1.14847,1.14829,1.14829,55
2019.01.02,09:42,1.14825,1.14825,1.14814,1.14815,87
2019.01.02,09:43,1.14814,1.14817,1.1479,1.1479,62
2019.01.02,09:44,1.14792,1.14805,1.14787,1.14796,86
2019.01.02,09:45,1.14797,1.14805,1.1479,1.14804,68
2019.01.02,09:46,1.14805,1.14808,1.148,1.148,46
2019.01.02,09:47,1.14801,1.14818,1.14785,1.14786,105
2019.01.02,09:48,1.14784,1.14784,1.14765,1.14783,78
2019.01.02,09:49,1.14785,1.1479,1.14774,1.14778,85
2019.01.02,09:50,1.14778,1.14791,1.14777,1.14788,94
2019.01.02,09:51,1.14788,1.14795,1.14784,1.1479,68
2019.01.02,09:52,1.14788,1.14816,1.14788,1.1481,65
2019.01.02,09:53,1.1481,1.1481,1.148,1.14808,70
2019.01.02,09:54,1.14807,1.14807,1.14775,1.14776,94
2019.01.02,09:55,1.14775,1.14779,1.14739,1.1474,129
2019.01.02,09:56,1.14739,1.14764,1.14739,1.1476,78
2019.01.02,09:57,1.14761,1.14771,1.1475,1.14754,99
2019.01.02,09:58,1.14753,1.14765,1.14745,1.1475,76
2019.01.02,09:59,1.14752,1.14783,1.14734,1.14734,112
2019.01.02,10:00,1.14735,1.1478,1.14726,1.14775,196
2019.01.02,10:01,1.14772,1.14776,1.14749,1.14761,105
2019.01.02,10:02,1.1476,1.14764,1.14704,1.14704,127
2019.01.02,10:03,1.14703,1.14704,1.14674,1.1468,210
2019.01.02,10:04,1.14682,1.14709,1.14681,1.14707,130
2019.01.02,10:05,1.14703,1.1472,1.14699,1.14712,85
2019.01.02,10:06,1.1471,1.14712,1.1467,1.1467,141
2019.01.02,10:07,1.14666,1.14682,1.14662,1.14675,100
2019.01.02,10:08,1.14675,1.14677,1.14644,1.14659,128
2019.01.02,10:09,1.14659,1.14662,1.14638,1.14639,112
2019.01.02,10:10,1.14639,1.14639,1.14605,1.14623,170
2019.01.02,10:11,1.14624,1.14638,1.14624,1.14633,108
2019.01.02,10:12,1.14631,1.14634,1.14619,1.14619,134
2019.01.02,10:13,1.1462,1.14634,1.14616,1.14634,67
2019.01.02,10:14,1.14634,1.14634,1.14608,1.1462,147
2019.01.02,10:15,1.14619,1.14622,1.14608,1.14609,144
2019.01.02,10:16,1.14608,1.14609,1.14548,1.14554,178
2019.01.02,10:17,1.14557,1.14577,1.14533,1.14549,185
2019.01.02,10:18,1.1455,1.14559,1.14546,1.14554,117
2019.01.02,10:19,1.14553,1.14559,1.14495,1.14522,230
2019.01.02,10:20,1.14521,1.14545,1.14512,1.14534,191
2019.01.02,10:21,1.14535,1.1454,1.14516,1.14539,158
2019.01.02,10:22,1.1454,1.14559,1.1454,1.14552,120
2019.01.02,10:23,1.14553,1.14554,1.14524,1.14533,154
2019.01.02,10:24,1.14532,1.14543,1.14506,1.14506,168
2019.01.02,10:25,1.14506,1.14535,1.14501,1.1453,121
2019.01.02,10:26,1.14531,1.14552,1.14527,1.14542,109
2019.01.02,10:27,1.14541,1.14543,1.14529,1.1454,107
2019.01.02,10:28,1.14542,1.14557,1.14539,1.14548,116
2019.01.02,10:29,1.14546,1.14561,1.14525,1.14533,138
2019.01.02,10:30,1.14532,1.14532,1.1436,1.14404,288
2019.01.02,10:31,1.14408,1.14434,1.14407,1.14432,168
2019.01.02,10:32,1.14433,1.14436,1.14325,1.14358,292
2019.01.02,10:33,1.14358,1.1438,1.14348,1.14356,193
2019.01.02,10:34,1.14356,1.14357,1.14299,1.14313,247
2019.01.02,10:35,1.1431,1.14333,1.14288,1.14333,199
2019.01.02,10:36,1.14331,1.14358,1.14319,1.14355,121
2019.01.02,10:37,1.14355,1.14381,1.14341,1.1438,136
2019.01.02,10:38,1.14381,1.14405,1.14376,1.14387,155
2019.01.02,10:39,1.1439,1.14391,1.14349,1.14384,181
2019.01.02,10:40,1.14384,1.14413,1.14357,1.14413,192
2019.01.02,10:41,1.14413,1.14413,1.144,1.14412,149
2019.01.02,10:42,1.14413,1.14422,1.14375,1.14378,182
2019.01.02,10:43,1.14379,1.14443,1.1437,1.14424,222
2019.01.02,10:44,1.14423,1.14434,1.14408,1.14414,224
2019.01.02,10:45,1.14411,1.14439,1.14387,1.1439,213
2019.01.02,10:46,1.14389,1.14399,1.14378,1.14392,123
2019.01.02,10:47,1.14393,1.14425,1.14383,1.144,119
2019.01.02,10:48,1.14401,1.14422,1.144,1.14422,87
2019.01.02,10:49,1.14423,1.14423,1.14395,1.14403,136
2019.01.02,10:50,1.14403,1.14442,1.14401,1.14428,159
2019.01.02,10:51,1.14425,1.1443,1.14405,1.14418,136
2019.01.02,10:52,1.14417,1.14431,1.14408,1.14427,100
2019.01.02,10:53,1.14425,1.14438,1.14418,1.14431,93
2019.01.02,10:54,1.14431,1.1444,1.1441,1.14437,115
2019.01.02,10:55,1.14437,1.14466,1.14435,1.14455,102
2019.01.02,10:56,1.14455,1.14462,1.14417,1.14417,107
2019.01.02,10:57,1.14414,1.14428,1.14398,1.14425,151
2019.01.02,10:58,1.14424,1.14447,1.14412,1.14442,91
2019.01.02,10:59,1.14442,1.14484,1.14442,1.14479,168
2019.01.02,11:00,1.14479,1.14498,1.14469,1.1448,158
2019.01.02,11:01,1.1448,1.1448,1.14447,1.14448,146
2019.01.02,11:02,1.14447,1.14489,1.14446,1.14474,130
2019.01.02,11:03,1.14472,1.14475,1.1441,1.14424,153
2019.01.02,11:04,1.14425,1.14436,1.14399,1.14403,153
2019.01.02,11:05,1.14402,1.14418,1.1439,1.14396,145
2019.01.02,11:06,1.14399,1.14413,1.14384,1.14408,148
2019.01.02,11:07,1.14407,1.14414,1.14382,1.14392,188
2019.01.02,11:08,1.14392,1.14413,1.14385,1.14407,127
2019.01.02,11:09,1.14406,1.14409,1.14401,1.14409,114
2019.01.02,11:10,1.14409,1.1441,1.14399,1.14402,114
2019.01.02,11:11,1.14402,1.14413,1.14392,1.14399,116
2019.01.02,11:12,1.14398,1.14441,1.14398,1.14423,142
2019.01.02,11:13,1.14422,1.14436,1.1441,1.14413,111
2019.01.02,11:14,1.14414,1.14447,1.14408,1.14441,169
2019.01.02,11:15,1.14438,1.14439,1.14401,1.14401,111
2019.01.02,11:16,1.14401,1.14413,1.14378,1.14409,161
2019.01.02,11:17,1.14409,1.14445,1.14397,1.14445,129
2019.01.02,11:18,1.14445,1.14459,1.14439,1.14444,110
2019.01.02,11:19,1.14442,1.14463,1.14433,1.14458,124
2019.01.02,11:20,1.14459,1.14459,1.14435,1.14435,104
2019.01.02,11:21,1.14435,1.14438,1.14421,1.14428,86
2019.01.02,11:22,1.14428,1.14438,1.14392,1.14392,123
2019.01.02,11:23,1.14393,1.14403,1.14381,1.14383,92
2019.01.02,11:24,1.14382,1.14387,1.14357,1.14387,149
2019.01.02,11:25,1.14386,1.14408,1.1438,1.14407,78
2019.01.02,11:26,1.14405,1.14409,1.14381,1.14391,112
2019.01.02,11:27,1.14391,1.14403,1.14391,1.14398,113
2019.01.02,11:28,1.14399,1.14403,1.1439,1.14392,62
2019.01.02,11:29,1.14393,1.14399,1.14369,1.14373,95
2019.01.02,11:30,1.1437,1.14419,1.14362,1.14399,193
2019.01.02,11:31,1.14399,1.14405,1.14392,1.14394,58
2019.01.02,11:32,1.14393,1.14395,1.14383,1.14383,54
2019.01.02,11:33,1.14387,1.14398,1.14377,1.14389,97
2019.01.02,11:34,1.14388,1.14388,1.14356,1.14379,120
2019.01.02,11:35,1.14377,1.14403,1.14375,1.14395,102
2019.01.02,11:36,1.14394,1.144,1.14377,1.14391,102
2019.01.02,11:37,1.14391,1.14391,1.1437,1.14373,118
2019.01.02,11:38,1.14372,1.14374,1.14326,1.14338,162
2019.01.02,11:39,1.14338,1.14338,1.14264,1.14325,238
2019.01.02,11:40,1.14324,1.14339,1.14273,1.14275,172
2019.01.02,11:41,1.14279,1.14279,1.14223,1.14254,241
2019.01.02,11:42,1.14255,1.14262,1.14247,1.14248,94
2019.01.02,11:43,1.14247,1.14279,1.14244,1.14277,137
2019.01.02,11:44,1.14277,1.14284,1.14261,1.14274,105
2019.01.02,11:45,1.14272,1.14272,1.14249,1.14258,98
2019.01.02,11:46,1.1426,1.14266,1.14257,1.14257,58
2019.01.02,11:47,1.14256,1.1428,1.14251,1.14276,96
2019.01.02,11:48,1.14276,1.14293,1.14269,1.14293,105
2019.01.02,11:49,1.14292,1.14296,1.1428,1.1429,95
2019.01.02,11:50,1.14291,1.14316,1.1429,1.1431,116
2019.01.02,11:51,1.1431,1.14311,1.14287,1.14304,92
2019.01.02,11:52,1.14304,1.14311,1.14291,1.14295,105
2019.01.02,11:53,1.14292,1.14301,1.14281,1.14284,92
2019.01.02,11:54,1.14285,1.14299,1.14285,1.14299,79
2019.01.02,11:55,1.14305,1.14308,1.14291,1.143,85
2019.01.02,11:56,1.14298,1.14305,1.14283,1.14284,101
2019.01.02,11:57,1.14285,1.14316,1.14278,1.14315,108
2019.01.02,11:58,1.14314,1.14321,1.14302,1.14321,155
2019.01.02,11:59,1.1432,1.14346,1.1432,1.14341,129
2019.01.02,12:00,1.1434,1.14358,1.14331,1.14355,164
2019.01.02,12:01,1.14355,1.14367,1.14354,1.14357,118
2019.01.02,12:02,1.14357,1.14379,1.1435,1.1435,145
2019.01.02,12:03,1.14348,1.14357,1.14336,1.14344,106
2019.01.02,12:04,1.14343,1.14344,1.1433,1.14342,100
2019.01.02,12:05,1.14341,1.14354,1.14338,1.14341,160
2019.01.02,12:06,1.14341,1.14354,1.14337,1.14347,96
2019.01.02,12:07,1.14348,1.14351,1.14341,1.14345,87
2019.01.02,12:08,1.14344,1.14344,1.1433,1.14336,54
2019.01.02,12:09,1.14336,1.14358,1.1433,1.1435,83
2019.01.02,12:10,1.14351,1.14355,1.14328,1.14354,120
2019.01.02,12:11,1.14354,1.14354,1.14321,1.14321,125
2019.01.02,12:12,1.14321,1.14336,1.1432,1.14334,118
2019.01.02,12:13,1.14332,1.14367,1.14332,1.14353,83
2019.01.02,12:14,1.14353,1.14363,1.14346,1.14358,108
2019.01.02,12:15,1.14358,1.14365,1.14347,1.14349,111
2019.01.02,12:16,1.14349,1.14355,1.14331,1.14332,91
2019.01.02,12:17,1.14331,1.1437,1.14331,1.1437,113
2019.01.02,12:18,1.1437,1.1437,1.14357,1.14363,96
2019.01.02,12:19,1.14364,1.14368,1.14357,1.14357,48
2019.01.02,12:20,1.14354,1.14362,1.14351,1.14356,53
2019.01.02,12:21,1.14355,1.14374,1.14355,1.1437,53
2019.01.02,12:22,1.14373,1.14375,1.14366,1.14366,66
2019.01.02,12:23,1.14366,1.1438,1.14366,1.14371,65
2019.01.02,12:24,1.1437,1.1437,1.1435,1.14364,54
2019.01.02,12:25,1.14362,1.14364,1.1435,1.1435,64
2019.01.02,12:26,1.14351,1.14354,1.14337,1.14339,83
2019.01.02,12:27,1.14339,1.14354,1.1433,1.14331,88
2019.01.02,12:28,1.14332,1.14354,1.1433,1.14353,69
2019.01.02,12:29,1.14355,1.14379,1.14353,1.14374,101
2019.01.02,12:30,1.14372,1.14385,1.14366,1.14384,70
2019.01.02,12:31,1.14386,1.14393,1.1438,1.14381,61
2019.01.02,12:32,1.14383,1.14393,1.14369,1.1437,95
2019.01.02,12:33,1.1437,1.14383,1.14367,1.14383,57
2019.01.02,12:34,1.14384,1.14394,1.14381,1.14394,65
2019.01.02,12:35,1.14391,1.14397,1.14383,1.14387,54
2019.01.02,12:36,1.14387,1.1439,1.14364,1.14372,79
2019.01.02,12:37,1.14371,1.14372,1.14357,1.1436,47
2019.01.02,12:38,1.14361,1.1438,1.1436,1.14375,97
2019.01.02,12:39,1.14375,1.1438,1.14375,1.14379,50
2019.01.02,12:40,1.14378,1.14387,1.14377,1.14385,56
2019.01.02,12:41,1.14385,1.14405,1.14384,1.14399,56
2019.01.02,12:42,1.14398,1.14419,1.14397,1.14415,63
2019.01.02,12:43,1.14415,1.14416,1.14374,1.14379,104
2019.01.02,12:44,1.1438,1.14386,1.14377,1.14384,78
2019.01.02,12:45,1.14383,1.144,1.14379,1.14389,91
2019.01.02,12:46,1.1439,1.1439,1.14361,1.14374,112
2019.01.02,12:47,1.14374,1.14394,1.14374,1.1439,85
2019.01.02,12:48,1.14389,1.14395,1.14379,1.14379,80
2019.01.02,12:49,1.1438,1.1439,1.14379,1.1438,54
2019.01.02,12:50,1.14378,1.14387,1.1437,1.14383,98
2019.01.02,12:51,1.14383,1.1439,1.14371,1.14371,101
2019.01.02,12:52,1.14372,1.14388,1.14363,1.14388,93
2019.01.02,12:53,1.14386,1.14415,1.1438,1.14396,120
2019.01.02,12:54,1.14395,1.14395,1.14377,1.14378,66
2019.01.02,12:55,1.14378,1.14404,1.14378,1.14389,62
2019.01.02,12:56,1.14388,1.14388,1.14354,1.14362,102
2019.01.02,12:57,1.14362,1.14371,1.14354,1.14362,109
2019.01.02,12:58,1.14362,1.14363,1.14357,1.14361,94
2019.01.02,12:59,1.1436,1.1438,1.1436,1.14369,109
2019.01.02,13:00,1.14369,1.14369,1.14357,1.14361,83
2019.01.02,13:01,1.1436,1.14363,1.1435,1.14363,64
2019.01.02,13:02,1.14362,1.14363,1.14358,1.1436,60
2019.01.02,13:03,1.14359,1.14368,1.14349,1.14368,97
2019.01.02,13:04,1.14366,1.14391,1.14363,1.14375,99
2019.01.02,13:05,1.14376,1.14379,1.14368,1.14375,66
2019.01.02,13:06,1.14371,1.14373,1.14361,1.14368,72
2019.01.02,13:07,1.14368,1.14368,1.14322,1.14325,126
2019.01.02,13:08,1.14327,1.14328,1.14298,1.14299,160
2019.01.02,13:09,1.143,1.14302,1.14286,1.14294,140
2019.01.02,13:10,1.14294,1.14302,1.1428,1.1428,113
2019.01.02,13:11,1.14281,1.14285,1.14274,1.14279,87
2019.01.02,13:12,1.14279,1.1429,1.14276,1.1428,91
2019.01.02,13:13,1.1428,1.14286,1.14278,1.14281,65
2019.01.02,13:14,1.14279,1.14283,1.14255,1.14256,115
2019.01.02,13:15,1.14256,1.14261,1.14247,1.1425,85
2019.01.02,13:16,1.1425,1.14264,1.14247,1.14249,107
2019.01.02,13:17,1.14249,1.14293,1.14247,1.14293,90
2019.01.02,13:18,1.14292,1.14304,1.14275,1.14282,118
2019.01.02,13:19,1.14286,1.14296,1.14284,1.14296,50
2019.01.02,13:20,1.14299,1.14356,1.14296,1.14347,128
2019.01.02,13:21,1.14346,1.14351,1.14334,1.1435,94
2019.01.02,13:22,1.14351,1.14351,1.14337,1.14341,76
2019.01.02,13:23,1.14344,1.1435,1.14338,1.14339,63
2019.01.02,13:24,1.14338,1.14339,1.1431,1.1432,64
2019.01.02,13:25,1.14321,1.14321,1.14298,1.14301,98
2019.01.02,13:26,1.143,1.14305,1.14277,1.14279,67
2019.01.02,13:27,1.14278,1.143,1.14277,1.14298,54
2019.01.02,13:28,1.14295,1.14323,1.14293,1.1432,73
2019.01.02,13:29,1.14319,1.14334,1.14314,1.14333,84
2019.01.02,13:30,1.14334,1.14339,1.14319,1.14333,98
2019.01.02,13:31,1.14334,1.14345,1.14333,1.1434,99
2019.01.02,13:32,1.14339,1.14342,1.14337,1.1434,24
2019.01.02,13:33,1.14339,1.14352,1.14337,1.14339,51
2019.01.02,13:34,1.14342,1.14366,1.1434,1.14357,67
2019.01.02,13:35,1.14355,1.14364,1.1434,1.14359,81
2019.01.02,13:36,1.14359,1.14366,1.14333,1.14365,100
2019.01.02,13:37,1.14366,1.14369,1.1436,1.14369,43
2019.01.02,13:38,1.14369,1.14377,1.14369,1.14369,45
2019.01.02,13:39,1.1437,1.14377,1.14357,1.14365,70
2019.01.02,13:40,1.14366,1.14374,1.14342,1.14348,62
2019.01.02,13:41,1.14349,1.14351,1.14334,1.14334,67
2019.01.02,13:42,1.14335,1.14349,1.14333,1.14347,76
2019.01.02,13:43,1.14347,1.14348,1.14339,1.14341,47
2019.01.02,13:44,1.1434,1.14346,1.14339,1.14344,31
2019.01.02,13:45,1.14344,1.14344,1.14329,1.14329,62
2019.01.02,13:46,1.14329,1.14355,1.14321,1.14354,73
2019.01.02,13:47,1.14353,1.14355,1.14341,1.14341,52
2019.01.02,13:48,1.1434,1.14357,1.14339,1.14355,41
2019.01.02,13:49,1.14355,1.14365,1.14347,1.14365,62
2019.01.02,13:50,1.14364,1.14368,1.14349,1.14364,98
2019.01.02,13:51,1.14365,1.14378,1.14353,1.14363,102
2019.01.02,13:52,1.14363,1.14363,1.14348,1.14354,45
2019.01.02,13:53,1.14354,1.14364,1.14352,1.14364,37
2019.01.02,13:54,1.14364,1.14366,1.14353,1.14364,48
2019.01.02,13:55,1.14365,1.1437,1.14358,1.14364,67
2019.01.02,13:56,1.14365,1.14371,1.14359,1.14362,50
2019.01.02,13:57,1.14361,1.14365,1.1435,1.1435,46
2019.01.02,13:58,1.14349,1.14351,1.14341,1.14341,51
2019.01.02,13:59,1.1434,1.14347,1.14334,1.1434,73
2019.01.02,14:00,1.14341,1.14341,1.14297,1.14307,140
2019.01.02,14:01,1.14306,1.14315,1.14295,1.14295,70
2019.01.02,14:02,1.14294,1.14309,1.14293,1.14295,47
2019.01.02,14:03,1.14295,1.14299,1.14268,1.14269,73
2019.01.02,14:04,1.14269,1.14286,1.1426,1.14282,96
2019.01.02,14:05,1.14281,1.14285,1.14274,1.14278,61
2019.01.02,14:06,1.14279,1.14281,1.1427,1.14279,54
2019.01.02,14:07,1.14279,1.14288,1.14259,1.14266,84
2019.01.02,14:08,1.14267,1.14272,1.14251,1.14272,107
2019.01.02,14:09,1.14272,1.14283,1.14271,1.14278,62
2019.01.02,14:10,1.14278,1.14301,1.14278,1.14298,59
2019.01.02,14:11,1.14298,1.143,1.14291,1.14291,61
2019.01.02,14:12,1.1429,1.1429,1.14281,1.14283,26
2019.01.02,14:13,1.14284,1.14294,1.14284,1.14287,50
2019.01.02,14:14,1.14288,1.14295,1.14282,1.14291,43
2019.01.02,14:15,1.1429,1.1429,1.14267,1.14268,76
2019.01.02,14:16,1.14267,1.14268,1.14251,1.14254,80
2019.01.02,14:17,1.14255,1.14255,1.14231,1.14233,75
2019.01.02,14:18,1.14233,1.14243,1.14228,1.14237,66
2019.01.02,14:19,1.14238,1.14238,1.14155,1.14182,173
2019.01.02,14:20,1.14181,1.14188,1.14176,1.14184,145
2019.01.02,14:21,1.14183,1.14188,1.14161,1.14188,110
2019.01.02,14:22,1.14188,1.14203,1.14141,1.14142,132
2019.01.02,14:23,1.14141,1.14141,1.14108,1.14121,161
2019.01.02,14:24,1.1412,1.14128,1.14114,1.14124,83
2019.01.02,14:25,1.14124,1.14125,1.1409,1.14095,140
2019.01.02,14:26,1.14094,1.1412,1.14094,1.14105,89
2019.01.02,14:27,1.14105,1.14109,1.14072,1.14073,111
2019.01.02,14:28,1.14074,1.14079,1.14024,1.14048,177
2019.01.02,14:29,1.14049,1.14057,1.14031,1.14032,136
2019.01.02,14:30,1.14031,1.14049,1.14,1.14002,190
2019.01.02,14:31,1.14003,1.14022,1.13978,1.1401,233
2019.01.02,14:32,1.1401,1.14051,1.1401,1.14045,120
2019.01.02,14:33,1.14045,1.14054,1.14034,1.14042,108
2019.01.02,14:34,1.14041,1.14065,1.14041,1.14046,103
2019.01.02,14:35,1.14045,1.14068,1.14044,1.14068,99
2019.01.02,14:36,1.1407,1.14077,1.14065,1.14076,95
2019.01.02,14:37,1.14076,1.14085,1.14065,1.14074,104
2019.01.02,14:38,1.14073,1.14078,1.14068,1.14077,72
2019.01.02,14:39,1.14081,1.14087,1.14077,1.1408,74
2019.01.02,14:40,1.14082,1.14102,1.14081,1.14101,87
2019.01.02,14:41,1.14101,1.1411,1.14066,1.14071,107
2019.01.02,14:42,1.14071,1.14072,1.14044,1.14061,78
2019.01.02,14:43,1.14062,1.14067,1.1405,1.14056,46
2019.01.02,14:44,1.14055,1.14077,1.14055,1.14075,60
2019.01.02,14:45,1.14075,1.14088,1.14075,1.14088,45
2019.01.02,14:46,1.14087,1.14089,1.14082,1.14084,27
2019.01.02,14:47,1.14084,1.14085,1.14061,1.1408,72
2019.01.02,14:48,1.14081,1.14089,1.14077,1.14077,54
2019.01.02,14:49,1.14077,1.14083,1.14066,1.14083,64
2019.01.02,14:50,1.14082,1.14087,1.14073,1.14078,67
2019.01.02,14:51,1.14077,1.14077,1.14056,1.14067,73
2019.01.02,14:52,1.14067,1.14085,1.14065,1.14076,65
2019.01.02,14:53,1.14076,1.14084,1.14071,1.14082,55
2019.01.02,14:54,1.14085,1.14085,1.14071,1.14079,43
2019.01.02,14:55,1.14079,1.1408,1.14051,1.14079,75
2019.01.02,14:56,1.14079,1.1409,1.14073,1.14082,93
2019.01.02,14:57,1.14082,1.14082,1.14062,1.14064,100
2019.01.02,14:58,1.14067,1.14067,1.14035,1.14043,105
2019.01.02,14:59,1.14041,1.14058,1.14033,1.14049,112
2019.01.02,15:00,1.14051,1.14052,1.13997,1.14012,169
2019.01.02,15:01,1.14012,1.14046,1.14012,1.14046,95
2019.01.02,15:02,1.14046,1.14055,1.14039,1.14053,92
2019.01.02,15:03,1.14054,1.14056,1.14031,1.14034,91
2019.01.02,15:04,1.14032,1.14042,1.1403,1.14041,109
2019.01.02,15:05,1.14042,1.14045,1.14033,1.14039,97
2019.01.02,15:06,1.14037,1.14039,1.14015,1.14022,123
2019.01.02,15:07,1.14021,1.14025,1.14007,1.14012,114
2019.01.02,15:08,1.1401,1.1402,1.13984,1.13996,118
2019.01.02,15:09,1.13995,1.14002,1.1397,1.14002,131
2019.01.02,15:10,1.14003,1.14026,1.14001,1.1402,113
2019.01.02,15:11,1.14019,1.14022,1.13993,1.14002,103
2019.01.02,15:12,1.13999,1.14001,1.13967,1.13984,118
2019.01.02,15:13,1.13985,1.14004,1.13985,1.1399,100
2019.01.02,15:14,1.1399,1.1399,1.13967,1.13975,122
2019.01.02,15:15,1.13974,1.13981,1.13933,1.13977,159
2019.01.02,15:16,1.13978,1.14003,1.13978,1.14,110
2019.01.02,15:17,1.14,1.1402,1.14,1.14018,93
2019.01.02,15:18,1.14017,1.14027,1.14005,1.14023,115
2019.01.02,15:19,1.14024,1.14032,1.14021,1.14032,110
2019.01.02,15:20,1.14031,1.14032,1.13966,1.13966,159
2019.01.02,15:21,1.13965,1.14006,1.1396,1.13998,164
2019.01.02,15:22,1.13997,1.14,1.1398,1.13996,128
2019.01.02,15:23,1.13996,1.13996,1.13979,1.13994,101
2019.01.02,15:24,1.13995,1.13997,1.13941,1.1395,133
2019.01.02,15:25,1.13947,1.13953,1.13916,1.13922,155
2019.01.02,15:26,1.13921,1.13927,1.13877,1.13885,210
2019.01.02,15:27,1.13886,1.13886,1.13825,1.13825,217
2019.01.02,15:28,1.13824,1.13843,1.13809,1.13832,210
2019.01.02,15:29,1.13833,1.13839,1.13801,1.13812,208
2019.01.02,15:30,1.13816,1.13829,1.13778,1.1379,250
2019.01.02,15:31,1.13793,1.13824,1.13785,1.13819,194
2019.01.02,15:32,1.13822,1.13846,1.13821,1.13832,185
2019.01.02,15:33,1.13831,1.13861,1.13831,1.13857,182
2019.01.02,15:34,1.13857,1.13872,1.13851,1.13861,119
2019.01.02,15:35,1.13861,1.13866,1.1385,1.13856,87
2019.01.02,15:36,1.13856,1.13857,1.13817,1.13827,194
2019.01.02,15:37,1.13828,1.13842,1.13809,1.1383,157
2019.01.02,15:38,1.13829,1.13842,1.13828,1.13838,76
2019.01.02,15:39,1.13837,1.1384,1.13817,1.13837,111
2019.01.02,15:40,1.13839,1.1384,1.13825,1.13827,92
2019.01.02,15:41,1.13828,1.13836,1.13767,1.13788,178
2019.01.02,15:42,1.13791,1.13802,1.13791,1.13798,130
2019.01.02,15:43,1.138,1.13804,1.1379,1.13801,101
2019.01.02,15:44,1.138,1.13842,1.138,1.13813,153
2019.01.02,15:45,1.13813,1.13819,1.13789,1.13792,141
2019.01.02,15:46,1.13791,1.1381,1.13779,1.13783,152
2019.01.02,15:47,1.13782,1.13797,1.13782,1.13793,103
2019.01.02,15:48,1.13792,1.13815,1.13779,1.13815,94
2019.01.02,15:49,1.13814,1.13814,1.13715,1.13716,229
2019.01.02,15:50,1.13715,1.13769,1.13715,1.13763,198
2019.01.02,15:51,1.13762,1.13768,1.13756,1.13767,103
2019.01.02,15:52,1.1377,1.13787,1.13751,1.13756,140
2019.01.02,15:53,1.13755,1.13755,1.13675,1.13701,180
2019.01.02,15:54,1.137,1.1373,1.13686,1.13724,167
2019.01.02,15:55,1.13726,1.1373,1.13697,1.13718,143
2019.01.02,15:56,1.13718,1.13727,1.13712,1.13716,131
2019.01.02,15:57,1.13716,1.13725,1.13703,1.13716,145
2019.01.02,15:58,1.13715,1.13728,1.13692,1.13727,171
2019.01.02,15:59,1.13727,1.13734,1.13713,1.13717,171
2019.01.02,16:00,1.13717,1.1373,1.13712,1.13722,144
2019.01.02,16:01,1.13723,1.13741,1.13711,1.13723,149
2019.01.02,16:02,1.13719,1.13738,1.13685,1.13738,195
2019.01.02,16:03,1.13737,1.13754,1.13737,1.13754,124
2019.01.02,16:04,1.13753,1.13753,1.13739,1.13743,110
2019.01.02,16:05,1.13742,1.13742,1.137,1.13715,129
2019.01.02,16:06,1.13715,1.13738,1.13715,1.13735,103
2019.01.02,16:07,1.13734,1.13736,1.13696,1.13696,97
2019.01.02,16:08,1.13697,1.13733,1.13692,1.13718,143
2019.01.02,16:09,1.13717,1.13734,1.13693,1.13734,131
2019.01.02,16:10,1.13733,1.13753,1.13733,1.1375,118
2019.01.02,16:11,1.13749,1.13752,1.13721,1.13721,67
2019.01.02,16:12,1.13721,1.13748,1.13721,1.13731,97
2019.01.02,16:13,1.1373,1.13736,1.13723,1.13726,89
2019.01.02,16:14,1.13726,1.1374,1.13724,1.13738,70
2019.01.02,16:15,1.13736,1.13736,1.137,1.1372,110
2019.01.02,16:16,1.13721,1.13726,1.13683,1.13691,92
2019.01.02,16:17,1.13691,1.13699,1.13681,1.13699,86
2019.01.02,16:18,1.13699,1.13713,1.13699,1.13706,76
2019.01.02,16:19,1.13705,1.13715,1.13698,1.13702,100
2019.01.02,16:20,1.13699,1.13707,1.13638,1.13649,184
2019.01.02,16:21,1.13651,1.13721,1.13642,1.13721,152
2019.01.02,16:22,1.13721,1.13732,1.13706,1.13716,150
2019.01.02,16:23,1.13717,1.13737,1.13712,1.13736,116
2019.01.02,16:24,1.13735,1.13735,1.13691,1.13701,123
2019.01.02,16:25,1.13698,1.13716,1.13682,1.13682,151
2019.01.02,16:26,1.13677,1.13677,1.13656,1.13666,157
2019.01.02,16:27,1.13667,1.13703,1.13658,1.13687,157
2019.01.02,16:28,1.13686,1.137,1.13667,1.13676,133
2019.01.02,16:29,1.13676,1.13687,1.13668,1.13685,123
2019.01.02,16:30,1.13686,1.13687,1.13666,1.1367,165
2019.01.02,16:31,1.13676,1.1369,1.1367,1.13677,147
2019.01.02,16:32,1.13676,1.13697,1.13667,1.13693,155
2019.01.02,16:33,1.13691,1.13695,1.13661,1.13684,166
2019.01.02,16:34,1.13684,1.13701,1.13673,1.13699,159
2019.01.02,16:35,1.13699,1.13711,1.1369,1.13708,211
2019.01.02,16:36,1.13707,1.13707,1.13684,1.13693,150
2019.01.02,16:37,1.13691,1.13707,1.13687,1.13697,169
2019.01.02,16:38,1.13696,1.13698,1.13676,1.13681,136
2019.01.02,16:39,1.1368,1.13687,1.13677,1.13679,121
2019.01.02,16:40,1.13677,1.13682,1.13662,1.13678,133
2019.01.02,16:41,1.13677,1.13687,1.13677,1.13677,53
2019.01.02,16:42,1.13678,1.13687,1.13665,1.13687,76
2019.01.02,16:43,1.13686,1.13687,1.13671,1.13671,95
2019.01.02,16:44,1.13671,1.13674,1.13668,1.1367,70
2019.01.02,16:45,1.13669,1.13677,1.13657,1.13676,115
2019.01.02,16:46,1.13675,1.13675,1.13647,1.13648,147
2019.01.02,16:47,1.13647,1.13668,1.13606,1.13667,222
2019.01.02,16:48,1.13666,1.13691,1.13657,1.13686,155
2019.01.02,16:49,1.13686,1.13732,1.1368,1.13718,154
2019.01.02,16:50,1.13717,1.13721,1.13678,1.13681,146
2019.01.02,16:51,1.13682,1.13685,1.13652,1.13654,147
2019.01.02,16:52,1.13655,1.13693,1.13653,1.13673,122
2019.01.02,16:53,1.13672,1.13672,1.13657,1.13657,138
2019.01.02,16:54,1.13653,1.13654,1.13634,1.13653,124
2019.01.02,16:55,1.13653,1.13669,1.13649,1.13663,112
2019.01.02,16:56,1.13663,1.13686,1.13661,1.1368,152
2019.01.02,16:57,1.13678,1.13685,1.13652,1.13665,164
2019.01.02,16:58,1.13664,1.13664,1.13602,1.13607,197
2019.01.02,16:59,1.13607,1.13628,1.13582,1.13611,190
2019.01.02,17:00,1.13613,1.13616,1.13584,1.13612,239
2019.01.02,17:01,1.13611,1.13617,1.1358,1.13593,216
2019.01.02,17:02,1.13592,1.13637,1.13592,1.13615,211
2019.01.02,17:03,1.13618,1.13642,1.13616,1.13642,134
2019.01.02,17:04,1.13641,1.13663,1.13633,1.13658,180
2019.01.02,17:05,1.13658,1.13667,1.1364,1.1364,143
2019.01.02,17:06,1.1364,1.13668,1.13627,1.13663,134
2019.01.02,17:07,1.13663,1.1368,1.13656,1.13667,179
2019.01.02,17:08,1.1367,1.13681,1.13661,1.13674,177
2019.01.02,17:09,1.13674,1.13676,1.13653,1.13659,139
2019.01.02,17:10,1.13659,1.13665,1.13635,1.13646,136
2019.01.02,17:11,1.13649,1.13678,1.13645,1.13678,140
2019.01.02,17:12,1.13676,1.13682,1.13668,1.13672,133
2019.01.02,17:13,1.13672,1.13691,1.13668,1.13673,135
2019.01.02,17:14,1.13673,1.13697,1.13671,1.13686,158
2019.01.02,17:15,1.13687,1.13688,1.13642,1.13644,183
2019.01.02,17:16,1.13644,1.13652,1.13618,1.13648,173
2019.01.02,17:17,1.13649,1.13652,1.13636,1.13636,173
2019.01.02,17:18,1.13633,1.13639,1.13621,1.13637,141
2019.01.02,17:19,1.13637,1.13637,1.13616,1.13629,144
2019.01.02,17:20,1.13631,1.13639,1.13602,1.1361,151
2019.01.02,17:21,1.13608,1.13612,1.13552,1.13558,216
2019.01.02,17:22,1.13562,1.1359,1.1356,1.13571,196
2019.01.02,17:23,1.1357,1.13581,1.1355,1.13559,187
2019.01.02,17:24,1.13561,1.13566,1.1352,1.13528,220
2019.01.02,17:25,1.13528,1.13547,1.13526,1.13547,215
2019.01.02,17:26,1.13547,1.13571,1.13527,1.13564,228
2019.01.02,17:27,1.13566,1.13568,1.13535,1.13549,173
2019.01.02,17:28,1.13548,1.13581,1.13546,1.13577,151
2019.01.02,17:29,1.13577,1.13579,1.13549,1.13573,132
2019.01.02,17:30,1.13572,1.13584,1.13545,1.13583,175
2019.01.02,17:31,1.13582,1.13598,1.13541,1.13548,204
2019.01.02,17:32,1.13548,1.13554,1.13531,1.13551,115
2019.01.02,17:33,1.13548,1.13559,1.13526,1.13559,150
2019.01.02,17:34,1.13559,1.13567,1.1354,1.13546,155
2019.01.02,17:35,1.13545,1.13556,1.13526,1.13528,146
2019.01.02,17:36,1.13531,1.13538,1.13515,1.13522,111
2019.01.02,17:37,1.13521,1.13526,1.13507,1.13507,126
2019.01.02,17:38,1.13507,1.13526,1.1342,1.13452,220
2019.01.02,17:39,1.13451,1.13469,1.13434,1.13455,248
2019.01.02,17:40,1.13454,1.13475,1.13454,1.13472,172
2019.01.02,17:41,1.13471,1.13491,1.13455,1.13487,177
2019.01.02,17:42,1.13487,1.13497,1.13477,1.13489,143
2019.01.02,17:43,1.1349,1.13518,1.13488,1.13516,163
2019.01.02,17:44,1.13518,1.13529,1.13509,1.13517,144
2019.01.02,17:45,1.13516,1.13557,1.13516,1.13552,129
2019.01.02,17:46,1.13552,1.13555,1.13533,1.13533,127
2019.01.02,17:47,1.13532,1.13539,1.13505,1.13509,83
2019.01.02,17:48,1.1351,1.1355,1.13509,1.13536,137
2019.01.02,17:49,1.13536,1.13546,1.13525,1.1354,86
2019.01.02,17:50,1.13541,1.13559,1.13511,1.13511,96
2019.01.02,17:51,1.13513,1.13547,1.13501,1.1354,123
2019.01.02,17:52,1.13539,1.13549,1.13517,1.13547,106
2019.01.02,17:53,1.13546,1.13546,1.13505,1.13525,121
2019.01.02,17:54,1.13525,1.13532,1.13517,1.13528,107
2019.01.02,17:55,1.13529,1.13529,1.13507,1.13522,112
2019.01.02,17:56,1.13522,1.13555,1.13522,1.13551,146
2019.01.02,17:57,1.13551,1.13554,1.13518,1.13525,169
2019.01.02,17:58,1.13527,1.13576,1.13518,1.13574,176
2019.01.02,17:59,1.13575,1.13575,1.13518,1.13539,199
2019.01.02,18:00,1.13543,1.13559,1.13525,1.13542,174
2019.01.02,18:01,1.13542,1.13573,1.13542,1.13573,158
2019.01.02,18:02,1.13571,1.13604,1.13566,1.13595,150
2019.01.02,18:03,1.13595,1.13595,1.13546,1.13566,113
2019.01.02,18:04,1.13565,1.13573,1.13562,1.13573,80
2019.01.02,18:05,1.13572,1.13592,1.13572,1.13584,80
2019.01.02,18:06,1.13586,1.13605,1.13578,1.13602,98
2019.01.02,18:07,1.13604,1.13618,1.13584,1.13614,115
2019.01.02,18:08,1.13617,1.13622,1.13586,1.13593,135
2019.01.02,18:09,1.13598,1.136,1.13561,1.13573,107
2019.01.02,18:10,1.13572,1.13588,1.1357,1.13579,115
2019.01.02,18:11,1.13578,1.13613,1.13578,1.1361,137
2019.01.02,18:12,1.13612,1.13612,1.13593,1.13595,84
2019.01.02,18:13,1.13595,1.13606,1.13594,1.13602,91
2019.01.02,18:14,1.13601,1.13601,1.13579,1.13587,111
2019.01.02,18:15,1.13588,1.13591,1.13551,1.13551,104
2019.01.02,18:16,1.13551,1.13557,1.13535,1.1355,139
2019.01.02,18:17,1.13556,1.13556,1.13527,1.1353,100
2019.01.02,18:18,1.13531,1.13563,1.1353,1.13558,91
2019.01.02,18:19,1.13559,1.13571,1.13549,1.13568,91
2019.01.02,18:20,1.1357,1.13581,1.13549,1.1355,103
2019.01.02,18:21,1.13549,1.13575,1.13547,1.13574,118
2019.01.02,18:22,1.13573,1.13592,1.13568,1.13592,63
2019.01.02,18:23,1.13593,1.13599,1.13574,1.13582,77
2019.01.02,18:24,1.13578,1.13595,1.13572,1.13579,79
2019.01.02,18:25,1.13578,1.13591,1.13571,1.1359,68
2019.01.02,18:26,1.13589,1.13592,1.1358,1.13583,56
2019.01.02,18:27,1.13586,1.13591,1.13562,1.13565,86
2019.01.02,18:28,1.13565,1.1358,1.13565,1.13576,104
2019.01.02,18:29,1.13576,1.13578,1.13548,1.13552,88
2019.01.02,18:30,1.13551,1.13595,1.13551,1.13593,130
2019.01.02,18:31,1.13592,1.13592,1.13562,1.13563,94
2019.01.02,18:32,1.13563,1.13566,1.13556,1.13566,76
2019.01.02,18:33,1.13565,1.13565,1.13538,1.13555,72
2019.01.02,18:34,1.13557,1.13557,1.13536,1.13546,110
2019.01.02,18:35,1.13549,1.1355,1.13538,1.13544,108
2019.01.02,18:36,1.13544,1.13544,1.13533,1.13533,87
2019.01.02,18:37,1.13533,1.13535,1.13521,1.13521,114
2019.01.02,18:38,1.13521,1.13524,1.13505,1.13522,89
2019.01.02,18:39,1.1352,1.13522,1.13511,1.13516,83
2019.01.02,18:40,1.13519,1.13521,1.13495,1.13505,142
2019.01.02,18:41,1.13505,1.13532,1.13502,1.13521,135
2019.01.02,18:42,1.1352,1.1352,1.13501,1.13503,109
2019.01.02,18:43,1.13504,1.13506,1.13488,1.13504,85
2019.01.02,18:44,1.13505,1.13522,1.135,1.13505,76
2019.01.02,18:45,1.13506,1.13523,1.13505,1.13523,66
2019.01.02,18:46,1.13522,1.13532,1.13521,1.1353,48
2019.01.02,18:47,1.13534,1.13548,1.13534,1.13548,79
2019.01.02,18:48,1.13548,1.13563,1.1354,1.1354,115
2019.01.02,18:49,1.13539,1.13546,1.13531,1.13543,70
2019.01.02,18:50,1.13544,1.13573,1.13544,1.13572,95
2019.01.02,18:51,1.13571,1.13588,1.13555,1.1356,137
2019.01.02,18:52,1.1356,1.13583,1.13556,1.13581,122
2019.01.02,18:53,1.13582,1.13582,1.13575,1.13575,61
2019.01.02,18:54,1.13576,1.1358,1.13566,1.13571,74
2019.01.02,18:55,1.13571,1.13583,1.13571,1.13577,65
2019.01.02,18:56,1.13578,1.13582,1.13566,1.13572,96
2019.01.02,18:57,1.13572,1.13572,1.1356,1.13568,106
2019.01.02,18:58,1.13569,1.13585,1.13558,1.1356,109
2019.01.02,18:59,1.1356,1.13576,1.1356,1.13564,105
2019.01.02,19:00,1.13564,1.13569,1.13542,1.1355,112
2019.01.02,19:01,1.13551,1.13569,1.13542,1.13565,108
2019.01.02,19:02,1.13566,1.13566,1.13547,1.1355,118
2019.01.02,19:03,1.13549,1.1355,1.1354,1.1354,97
2019.01.02,19:04,1.1354,1.13546,1.13532,1.13545,116
2019.01.02,19:05,1.13546,1.13554,1.13537,1.13541,108
2019.01.02,19:06,1.13542,1.13551,1.13535,1.13546,100
2019.01.02,19:07,1.13547,1.1355,1.13535,1.13536,93
2019.01.02,19:08,1.13533,1.13543,1.13532,1.13542,56
2019.01.02,19:09,1.13543,1.13543,1.13521,1.13525,78
2019.01.02,19:10,1.13525,1.13525,1.13494,1.13502,92
2019.01.02,19:11,1.13501,1.13506,1.1347,1.1348,121
2019.01.02,19:12,1.1348,1.13494,1.13473,1.13476,101
2019.01.02,19:13,1.13477,1.13478,1.13466,1.1347,83
2019.01.02,19:14,1.1347,1.13501,1.13469,1.13498,112
2019.01.02,19:15,1.135,1.13514,1.135,1.13507,77
2019.01.02,19:16,1.13507,1.13515,1.13491,1.13495,83
2019.01.02,19:17,1.13498,1.13503,1.1349,1.13492,74
2019.01.02,19:18,1.13493,1.13495,1.13463,1.13463,78
2019.01.02,19:19,1.13464,1.13465,1.13433,1.13455,158
2019.01.02,19:20,1.13455,1.13475,1.1345,1.13455,102
2019.01.02,19:21,1.13454,1.13455,1.13442,1.13444,111
2019.01.02,19:22,1.13444,1.13448,1.13435,1.13436,121
2019.01.02,19:23,1.13436,1.13445,1.13352,1.13374,226
2019.01.02,19:24,1.13373,1.13438,1.13372,1.13437,171
2019.01.02,19:25,1.1344,1.13471,1.1344,1.13455,108
2019.01.02,19:26,1.13455,1.13481,1.13453,1.13475,137
2019.01.02,19:27,1.13475,1.13476,1.13461,1.13475,94
2019.01.02,19:28,1.13472,1.13484,1.13464,1.13465,81
2019.01.02,19:29,1.13464,1.1348,1.13459,1.1347,84
2019.01.02,19:30,1.13472,1.13486,1.13469,1.13481,103
2019.01.02,19:31,1.13482,1.13487,1.13472,1.13473,97
2019.01.02,19:32,1.13476,1.13485,1.13473,1.13477,49
2019.01.02,19:33,1.13476,1.13507,1.13476,1.13501,60
2019.01.02,19:34,1.13501,1.13504,1.13492,1.13492,64
2019.01.02,19:35,1.13493,1.13509,1.13493,1.13501,74
2019.01.02,19:36,1.13498,1.13502,1.13481,1.13485,109
2019.01.02,19:37,1.13486,1.13486,1.13455,1.13462,106
2019.01.02,19:38,1.13461,1.13464,1.13443,1.13445,80
2019.01.02,19:39,1.13446,1.13447,1.13422,1.13432,102
2019.01.02,19:40,1.13435,1.13445,1.13412,1.13413,91
2019.01.02,19:41,1.13412,1.13413,1.134,1.134,101
2019.01.02,19:42,1.13401,1.13403,1.13335,1.13339,153
2019.01.02,19:43,1.13336,1.13364,1.13336,1.13354,100
2019.01.02,19:44,1.13354,1.1337,1.13353,1.13365,83
2019.01.02,19:45,1.13364,1.13384,1.13364,1.13377,127
2019.01.02,19:46,1.13376,1.1339,1.13366,1.13366,99
2019.01.02,19:47,1.13366,1.13369,1.13333,1.13341,120
2019.01.02,19:48,1.13341,1.13342,1.13334,1.13336,86
2019.01.02,19:49,1.13335,1.13344,1.13314,1.13333,116
2019.01.02,19:50,1.13334,1.13339,1.13321,1.13337,94
2019.01.02,19:51,1.13337,1.1335,1.13331,1.13332,100
2019.01.02,19:52,1.13332,1.13335,1.13315,1.13329,89
2019.01.02,19:53,1.1333,1.13342,1.13327,1.13342,88
2019.01.02,19:54,1.13346,1.13351,1.13337,1.13338,70
2019.01.02,19:55,1.13338,1.13371,1.13338,1.13367,72
2019.01.02,19:56,1.13369,1.13377,1.1335,1.1335,105
2019.01.02,19:57,1.1335,1.13386,1.1335,1.13376,80
2019.01.02,19:58,1.13376,1.1338,1.1337,1.13375,78
2019.01.02,19:59,1.13376,1.13376,1.13347,1.13352,118
2019.01.02,20:00,1.13353,1.13362,1.13352,1.13361,113
2019.01.02,20:01,1.1336,1.1336,1.13337,1.13341,86
2019.01.02,20:02,1.13341,1.13349,1.13325,1.13327,107
2019.01.02,20:03,1.13328,1.13344,1.13324,1.13338,73
2019.01.02,20:04,1.13336,1.13337,1.13315,1.13325,84
2019.01.02,20:05,1.13324,1.13354,1.13324,1.13351,67
2019.01.02,20:06,1.13351,1.1336,1.1335,1.13355,55
2019.01.02,20:07,1.13355,1.13355,1.13337,1.1334,18
2019.01.02,20:08,1.13344,1.13355,1.13326,1.13345,115
2019.01.02,20:09,1.13345,1.13346,1.13306,1.13307,73
2019.01.02,20:10,1.13307,1.13315,1.13307,1.13315,49
2019.01.02,20:11,1.13317,1.13337,1.13315,1.13337,98
2019.01.02,20:12,1.13338,1.13338,1.13316,1.13317,48
2019.01.02,20:13,1.13316,1.13316,1.13264,1.13276,112
2019.01.02,20:14,1.13276,1.13306,1.13275,1.13305,128
2019.01.02,20:15,1.13305,1.13325,1.13305,1.13319,74
2019.01.02,20:16,1.1332,1.13343,1.1332,1.13334,76
2019.01.02,20:17,1.13335,1.13346,1.13332,1.13337,69
2019.01.02,20:18,1.13337,1.13347,1.13331,1.13337,60
2019.01.02,20:19,1.13336,1.1334,1.13319,1.13326,47
2019.01.02,20:20,1.13326,1.13337,1.13326,1.13327,35
2019.01.02,20:21,1.13328,1.13337,1.13316,1.1332,58
2019.01.02,20:22,1.1332,1.13324,1.13311,1.13314,40
2019.01.02,20:23,1.13313,1.13313,1.13297,1.13302,76
2019.01.02,20:24,1.13301,1.13306,1.13299,1.133,70
2019.01.02,20:25,1.13299,1.13301,1.13292,1.13298,44
2019.01.02,20:26,1.13297,1.13297,1.13281,1.13285,67
2019.01.02,20:27,1.13288,1.13294,1.13285,1.1329,65
2019.01.02,20:28,1.13291,1.13306,1.13287,1.133,113
2019.01.02,20:29,1.13299,1.13306,1.13298,1.13302,45
2019.01.02,20:30,1.13301,1.13302,1.13282,1.13284,80
2019.01.02,20:31,1.13285,1.13292,1.13282,1.13283,76
2019.01.02,20:32,1.13283,1.13301,1.13281,1.13298,89
2019.01.02,20:33,1.13297,1.13297,1.1329,1.13291,39
2019.01.02,20:34,1.1329,1.13292,1.13287,1.13287,31
2019.01.02,20:35,1.13287,1.13292,1.13283,1.13287,91
2019.01.02,20:36,1.13287,1.13288,1.13282,1.13284,54
2019.01.02,20:37,1.13285,1.13287,1.13273,1.13273,80
2019.01.02,20:38,1.13276,1.13286,1.13276,1.13277,82
2019.01.02,20:39,1.13277,1.13285,1.13276,1.13281,47
2019.01.02,20:40,1.1328,1.13295,1.13278,1.13293,57
2019.01.02,20:41,1.13293,1.13303,1.1328,1.13283,87
2019.01.02,20:42,1.13284,1.13295,1.13282,1.13292,81
2019.01.02,20:43,1.13291,1.13305,1.1329,1.13304,48
2019.01.02,20:44,1.13303,1.13303,1.13277,1.13278,42
2019.01.02,20:45,1.13281,1.13306,1.13277,1.13301,82
2019.01.02,20:46,1.13301,1.13304,1.13295,1.13299,60
2019.01.02,20:47,1.13298,1.13302,1.13297,1.13297,29
2019.01.02,20:48,1.13297,1.13304,1.13296,1.13302,65
2019.01.02,20:49,1.13301,1.13303,1.13296,1.13299,58
2019.01.02,20:50,1.133,1.13304,1.13293,1.13302,83
2019.01.02,20:51,1.13303,1.13307,1.133,1.13301,55
2019.01.02,20:52,1.13301,1.13307,1.13297,1.13298,60
2019.01.02,20:53,1.13299,1.13306,1.13297,1.13301,59
2019.01.02,20:54,1.13301,1.13304,1.13294,1.13301,55
2019.01.02,20:55,1.13302,1.13305,1.13299,1.133,35
2019.01.02,20:56,1.13299,1.13302,1.13296,1.13301,42
2019.01.02,20:57,1.13299,1.13301,1.13288,1.13292,80
2019.01.02,20:58,1.13291,1.13293,1.13282,1.13283,99
2019.01.02,20:59,1.13283,1.13283,1.13278,1.13279,48
2019.01.02,21:00,1.13278,1.13281,1.13272,1.13281,71
2019.01.02,21:01,1.13281,1.13301,1.13281,1.13298,74
2019.01.02,21:02,1.13297,1.13297,1.13277,1.13277,49
2019.01.02,21:03,1.13277,1.13281,1.13274,1.13278,39
2019.01.02,21:04,1.13278,1.13281,1.13273,1.1328,45
2019.01.02,21:05,1.13281,1.13281,1.13273,1.13275,35
2019.01.02,21:06,1.13273,1.13273,1.1325,1.13272,73
2019.01.02,21:07,1.13274,1.13297,1.1327,1.13297,77
2019.01.02,21:08,1.13297,1.13313,1.1329,1.1331,77
2019.01.02,21:09,1.13312,1.13318,1.13311,1.13316,43
2019.01.02,21:10,1.13316,1.13318,1.13308,1.13309,38
2019.01.02,21:11,1.13311,1.13313,1.13307,1.1331,53
2019.01.02,21:12,1.1331,1.13314,1.1331,1.13313,35
2019.01.02,21:13,1.13313,1.13318,1.13312,1.13318,31
2019.01.02,21:14,1.13316,1.13316,1.1331,1.13314,46
2019.01.02,21:15,1.13316,1.13316,1.1329,1.133,61
2019.01.02,21:16,1.13304,1.13304,1.133,1.13303,32
2019.01.02,21:17,1.13303,1.13316,1.13303,1.13316,37
2019.01.02,21:18,1.13316,1.13329,1.13315,1.13329,54
2019.01.02,21:19,1.13329,1.13329,1.13313,1.13322,63
2019.01.02,21:20,1.13321,1.13321,1.13302,1.13311,63
2019.01.02,21:21,1.13311,1.13316,1.13307,1.13311,29
2019.01.02,21:22,1.13311,1.13324,1.13307,1.13307,55
2019.01.02,21:23,1.1331,1.1331,1.13292,1.13297,66
2019.01.02,21:24,1.13302,1.1331,1.133,1.13304,68
2019.01.02,21:25,1.13304,1.13355,1.13303,1.13355,101
2019.01.02,21:26,1.13355,1.13382,1.13354,1.13381,107
2019.01.02,21:27,1.13378,1.13397,1.13378,1.13383,114
2019.01.02,21:28,1.13381,1.13385,1.13369,1.13374,82
2019.01.02,21:29,1.13375,1.1338,1.13371,1.13372,54
2019.01.02,21:30,1.13371,1.13372,1.13365,1.13368,42
2019.01.02,21:31,1.13369,1.13378,1.13368,1.13374,40
2019.01.02,21:32,1.13373,1.13378,1.13367,1.13378,56
2019.01.02,21:33,1.13377,1.13378,1.13371,1.13378,41
2019.01.02,21:34,1.13378,1.13383,1.13373,1.13378,42
2019.01.02,21:35,1.13376,1.13379,1.1337,1.13378,63
2019.01.02,21:36,1.13379,1.13382,1.13367,1.13368,59
2019.01.02,21:37,1.13371,1.13374,1.13369,1.13373,17
2019.01.02,21:38,1.13373,1.13381,1.13373,1.13375,20
2019.01.02,21:39,1.13375,1.13375,1.13369,1.13372,30
2019.01.02,21:40,1.13373,1.13373,1.13368,1.13368,26
2019.01.02,21:41,1.13369,1.13369,1.13352,1.13357,57
2019.01.02,21:42,1.13356,1.13362,1.13352,1.13361,89
2019.01.02,21:43,1.13362,1.13371,1.13362,1.13368,28
2019.01.02,21:44,1.13368,1.13384,1.13366,1.13381,71
2019.01.02,21:45,1.13381,1.13383,1.13378,1.13378,44
2019.01.02,21:46,1.13378,1.13386,1.13376,1.13382,46
2019.01.02,21:47,1.13384,1.1339,1.13382,1.13383,39
2019.01.02,21:48,1.13383,1.13389,1.13382,1.13388,48
2019.01.02,21:49,1.1339,1.13394,1.13386,1.13393,34
2019.01.02,21:50,1.13394,1.13428,1.13388,1.13405,122
2019.01.02,21:51,1.13404,1.13414,1.134,1.13406,57
2019.01.02,21:52,1.13408,1.13409,1.13371,1.13385,85
2019.01.02,21:53,1.13385,1.13413,1.13385,1.13413,70
2019.01.02,21:54,1.13412,1.13418,1.1341,1.13412,65
2019.01.02,21:55,1.13412,1.13429,1.13412,1.13429,87
2019.01.02,21:56,1.13429,1.13432,1.13417,1.13426,90
2019.01.02,21:57,1.13427,1.13431,1.13426,1.13426,71
2019.01.02,21:58,1.13427,1.13442,1.13427,1.1343,89
2019.01.02,21:59,1.1343,1.13441,1.1342,1.1344,147
2019.01.02,22:00,1.13441,1.13444,1.13428,1.13435,126
2019.01.02,22:01,1.13436,1.13442,1.13435,1.13436,55
2019.01.02,22:02,1.13437,1.13437,1.13423,1.13427,77
2019.01.02,22:03,1.13428,1.13441,1.13426,1.13435,107
2019.01.02,22:04,1.13432,1.1344,1.13425,1.1343,80
2019.01.02,22:05,1.13426,1.13436,1.13421,1.1343,84
2019.01.02,22:06,1.1343,1.13431,1.13417,1.13417,66
2019.01.02,22:07,1.13417,1.13419,1.13409,1.1341,55
2019.01.02,22:08,1.1341,1.13415,1.13405,1.13414,45
2019.01.02,22:09,1.13413,1.13431,1.13412,1.13426,91
2019.01.02,22:10,1.13425,1.13429,1.13407,1.1341,58
2019.01.02,22:11,1.13411,1.1342,1.13407,1.13417,61
2019.01.02,22:12,1.1342,1.13433,1.13417,1.1342,73
2019.01.02,22:13,1.13422,1.13423,1.13412,1.13417,46
2019.01.02,22:14,1.13418,1.13423,1.1341,1.1341,61
2019.01.02,22:15,1.13412,1.13417,1.13404,1.13405,53
2019.01.02,22:16,1.13405,1.13416,1.13405,1.13415,70
2019.01.02,22:17,1.13417,1.13431,1.13416,1.13422,119
2019.01.02,22:18,1.13422,1.13442,1.13421,1.1344,103
2019.01.02,22:19,1.13441,1.13451,1.13431,1.13431,79
2019.01.02,22:20,1.13431,1.13439,1.13431,1.13433,95
2019.01.02,22:21,1.13432,1.13433,1.13426,1.13432,109
2019.01.02,22:22,1.13432,1.13457,1.13432,1.13454,73
2019.01.02,22:23,1.13452,1.13457,1.1345,1.13451,54
2019.01.02,22:24,1.13451,1.13461,1.13451,1.13451,76
2019.01.02,22:25,1.1345,1.13456,1.13445,1.13454,51
2019.01.02,22:26,1.13454,1.13461,1.13451,1.13451,35
2019.01.02,22:27,1.13454,1.13456,1.13441,1.13448,73
2019.01.02,22:28,1.13449,1.13458,1.13446,1.1345,82
2019.01.02,22:29,1.13454,1.13454,1.13447,1.13451,58
2019.01.02,22:30,1.13452,1.13452,1.13436,1.13436,78
2019.01.02,22:31,1.13438,1.13448,1.13436,1.13442,58
2019.01.02,22:32,1.13441,1.13457,1.13441,1.13453,50
2019.01.02,22:33,1.13453,1.13457,1.13442,1.13445,72
2019.01.02,22:34,1.13445,1.13457,1.13445,1.13457,33
2019.01.02,22:35,1.13457,1.13457,1.13452,1.13455,44
2019.01.02,22:36,1.13456,1.13459,1.13455,1.13459,31
2019.01.02,22:37,1.13458,1.13468,1.13457,1.13458,61
2019.01.02,22:38,1.13458,1.13465,1.13456,1.13465,59
2019.01.02,22:39,1.13464,1.13471,1.13464,1.13471,68
2019.01.02,22:40,1.13472,1.13476,1.13461,1.13462,58
2019.01.02,22:41,1.13464,1.13471,1.13461,1.13461,65
2019.01.02,22:42,1.13462,1.13467,1.13457,1.13457,60
2019.01.02,22:43,1.13458,1.13461,1.13451,1.13452,41
2019.01.02,22:44,1.13452,1.1346,1.13451,1.13457,50
2019.01.02,22:45,1.13457,1.13464,1.13455,1.13462,51
2019.01.02,22:46,1.13462,1.13469,1.13461,1.13469,17
2019.01.02,22:47,1.1347,1.13471,1.13462,1.13462,38
2019.01.02,22:48,1.13466,1.13472,1.13462,1.1347,60
2019.01.02,22:49,1.13469,1.13476,1.13466,1.13473,62
2019.01.02,22:50,1.13476,1.13476,1.13462,1.13467,45
2019.01.02,22:51,1.13466,1.13466,1.13455,1.13456,54
2019.01.02,22:52,1.13457,1.13471,1.13457,1.13471,43
2019.01.02,22:53,1.13471,1.13473,1.13466,1.13466,39
2019.01.02,22:54,1.13467,1.13469,1.13451,1.13453,63
2019.01.02,22:55,1.13455,1.13457,1.13446,1.13453,66
2019.01.02,22:56,1.13453,1.13459,1.13451,1.13454,58
2019.01.02,22:57,1.13455,1.13465,1.1345,1.1345,54
2019.01.02,22:58,1.1345,1.13455,1.13445,1.13454,88
2019.01.02,22:59,1.13455,1.1346,1.13449,1.13457,89
2019.01.02,23:00,1.13455,1.13456,1.13443,1.13444,62
2019.01.02,23:01,1.13443,1.13443,1.13431,1.13434,50
2019.01.02,23:02,1.13435,1.13435,1.13429,1.13435,35
2019.01.02,23:03,1.13435,1.13438,1.13434,1.13438,20
2019.01.02,23:04,1.13438,1.1344,1.13411,1.13411,33
2019.01.02,23:05,1.13411,1.13415,1.13402,1.1341,67
2019.01.02,23:06,1.1341,1.13415,1.13408,1.13415,37
2019.01.02,23:07,1.13418,1.13431,1.13418,1.1343,23
2019.01.02,23:08,1.1343,1.13434,1.13428,1.13429,23
2019.01.02,23:09,1.13429,1.13448,1.13425,1.13447,37
2019.01.02,23:10,1.13447,1.13447,1.13438,1.1344,26
2019.01.02,23:11,1.1344,1.1344,1.13439,1.13439,17
2019.01.02,23:12,1.13439,1.13441,1.13435,1.13436,19
2019.01.02,23:13,1.13435,1.13436,1.13435,1.13435,3
2019.01.02,23:14,1.13437,1.13437,1.13434,1.13435,9
2019.01.02,23:15,1.13435,1.13435,1.1343,1.13431,16
2019.01.02,23:16,1.13432,1.13433,1.13421,1.13422,17
2019.01.02,23:17,1.13424,1.13424,1.13421,1.13424,15
2019.01.02,23:18,1.13422,1.13422,1.1342,1.1342,8
2019.01.02,23:19,1.13421,1.13421,1.13407,1.1341,14
2019.01.02,23:20,1.1341,1.13421,1.13407,1.1342,26
2019.01.02,23:21,1.13421,1.13425,1.13419,1.13425,24
2019.01.02,23:22,1.13425,1.13425,1.13424,1.13425,12
2019.01.02,23:23,1.13425,1.13433,1.13424,1.13431,26
2019.01.02,23:24,1.1343,1.13431,1.1343,1.13431,6
2019.01.02,23:25,1.1343,1.13431,1.1343,1.13431,6
2019.01.02,23:26,1.13431,1.13431,1.13426,1.13426,14
2019.01.02,23:27,1.13433,1.13435,1.13416,1.13416,41
2019.01.02,23:28,1.13415,1.13421,1.13411,1.13412,55
2019.01.02,23:29,1.13412,1.13419,1.13408,1.13417,46
2019.01.02,23:30,1.13417,1.13417,1.13412,1.13416,30
2019.01.02,23:31,1.13415,1.13436,1.13415,1.13433,53
2019.01.02,23:32,1.13436,1.13463,1.13436,1.13455,63
2019.01.02,23:33,1.13457,1.13469,1.13457,1.13464,75
2019.01.02,23:34,1.13464,1.13474,1.13459,1.13472,50
2019.01.02,23:35,1.13473,1.13474,1.13465,1.13466,17
2019.01.02,23:36,1.13466,1.13467,1.13434,1.13442,33
2019.01.02,23:37,1.13443,1.13465,1.13443,1.13465,77
2019.01.02,23:38,1.13465,1.13468,1.13451,1.13455,32
2019.01.02,23:39,1.13456,1.13465,1.13456,1.13461,39
2019.01.02,23:40,1.1346,1.13467,1.1346,1.13466,31
2019.01.02,23:41,1.13466,1.13472,1.13465,1.13469,20
2019.01.02,23:42,1.13467,1.13474,1.13467,1.13471,26
2019.01.02,23:43,1.13471,1.13471,1.1347,1.13471,6
2019.01.02,23:44,1.1347,1.1347,1.13451,1.13453,20
2019.01.02,23:45,1.13452,1.13456,1.13447,1.13455,47
2019.01.02,23:46,1.13454,1.1347,1.13452,1.13465,49
2019.01.02,23:47,1.13464,1.13479,1.13463,1.13476,37
2019.01.02,23:48,1.13479,1.13479,1.13466,1.13466,27
2019.01.02,23:49,1.13465,1.13467,1.13461,1.13464,26
2019.01.02,23:50,1.13464,1.13464,1.13452,1.13461,48
2019.01.02,23:51,1.13458,1.1346,1.13447,1.13448,33
2019.01.02,23:52,1.13446,1.13449,1.1344,1.13446,64
2019.01.02,23:53,1.13442,1.13444,1.13436,1.13443,42
2019.01.02,23:54,1.13442,1.13443,1.13435,1.13438,39
2019.01.02,23:55,1.13438,1.13441,1.13433,1.13434,22
2019.01.02,23:56,1.13436,1.13436,1.13431,1.13433,27
2019.01.02,23:57,1.13434,1.13435,1.13425,1.1343,28
2019.01.02,23:58,1.13428,1.13437,1.13428,1.13435,45
2019.01.02,23:59,1.13434,1.13434,1.13419,1.13419,37
2019.01.03,00:00,1.13419,1.13458,1.13418,1.13458,6
2019.01.03,00:01,1.13468,1.13468,1.13403,1.13404,23
2019.01.03,00:02,1.13407,1.1344,1.13401,1.1344,14
2019.01.03,00:03,1.1344,1.1344,1.13416,1.13416,4
2019.01.03,00:04,1.13416,1.13432,1.13415,1.13432,8
2019.01.03,00:05,1.13434,1.1344,1.13424,1.13427,13
2019.01.03,00:06,1.1343,1.1345,1.13427,1.13449,45
2019.01.03,00:07,1.1345,1.13453,1.13448,1.1345,26
2019.01.03,00:08,1.13449,1.1345,1.13441,1.13442,22
2019.01.03,00:09,1.13443,1.13447,1.13428,1.13428,15
2019.01.03,00:10,1.13433,1.13434,1.13428,1.13432,24
2019.01.03,00:11,1.13432,1.13432,1.13419,1.13431,21
2019.01.03,00:12,1.13431,1.13442,1.13431,1.13435,21
2019.01.03,00:13,1.13437,1.13443,1.13421,1.13421,23
2019.01.03,00:14,1.13423,1.13423,1.13419,1.13422,20
2019.01.03,00:15,1.13427,1.13431,1.13422,1.13429,36
2019.01.03,00:16,1.13429,1.13449,1.13429,1.1344,37
2019.01.03,00:17,1.1344,1.1344,1.1344,1.1344,24
2019.01.03,00:18,1.1344,1.13451,1.13438,1.1345,39
2019.01.03,00:19,1.1345,1.13455,1.13449,1.13449,14
2019.01.03,00:20,1.13449,1.13452,1.13449,1.13449,32
2019.01.03,00:21,1.13446,1.13458,1.1344,1.13444,30
2019.01.03,00:22,1.13443,1.13449,1.13434,1.13436,35
2019.01.03,00:23,1.13436,1.13452,1.13421,1.1345,28
2019.01.03,00:24,1.13451,1.13456,1.13327,1.13338,66
2019.01.03,00:25,1.13341,1.1338,1.13331,1.13368,146
2019.01.03,00:26,1.13367,1.13389,1.13366,1.13371,54
2019.01.03,00:27,1.1337,1.13381,1.13369,1.13369,39
2019.01.03,00:28,1.13369,1.13385,1.13314,1.13347,54
2019.01.03,00:29,1.13346,1.13378,1.13327,1.13328,61
2019.01.03,00:30,1.13328,1.13347,1.13328,1.13347,57
2019.01.03,00:31,1.13348,1.13362,1.13347,1.13357,117
2019.01.03,00:32,1.13357,1.1336,1.13346,1.13351,54
2019.01.03,00:33,1.13346,1.13357,1.13343,1.13352,86
2019.01.03,00:34,1.13351,1.1336,1.13287,1.13287,182
2019.01.03,00:35,1.13287,1.13309,1.1323,1.13255,233
2019.01.03,00:36,1.13256,1.13269,1.13222,1.13222,117
2019.01.03,00:37,1.13221,1.13255,1.13162,1.13206,78
2019.01.03,00:38,1.13208,1.13259,1.13156,1.13251,147
2019.01.03,00:39,1.13251,1.13254,1.13094,1.13094,82
2019.01.03,00:40,1.13108,1.13108,1.13108,1.13108,3
2019.01.03,00:41,1.13199,1.13199,1.13106,1.13116,11
2019.01.03,00:42,1.13134,1.13228,1.13134,1.13228,5
2019.01.03,00:43,1.13078,1.13272,1.13078,1.13224,37
2019.01.03,00:44,1.13277,1.13277,1.13093,1.13226,70
2019.01.03,00:46,1.13289,1.13309,1.13289,1.13309,3
2019.01.03,00:47,1.13277,1.1339,1.13273,1.13387,33
2019.01.03,00:48,1.13316,1.13389,1.13252,1.13292,45
2019.01.03,00:49,1.13293,1.13373,1.1323,1.13249,106
2019.01.03,00:51,1.13282,1.13293,1.13274,1.13282,24
2019.01.03,00:53,1.13261,1.13261,1.1326,1.1326,2
2019.01.03,00:55,1.13422,1.13543,1.13389,1.13488,71
2019.01.03,00:56,1.13488,1.13488,1.13395,1.13401,20
2019.01.03,00:57,1.13442,1.13442,1.13408,1.13414,16
2019.01.03,00:58,1.13325,1.13412,1.13325,1.13391,16
2019.01.03,00:59,1.13364,1.13477,1.13364,1.13395,37
2019.01.03,01:00,1.1333,1.13355,1.13253,1.13304,158
2019.01.03,01:01,1.13305,1.13366,1.13285,1.13364,217
2019.01.03,01:02,1.13365,1.13441,1.13361,1.13429,180
2019.01.03,01:03,1.13426,1.13469,1.13387,1.13466,191
2019.01.03,01:04,1.13448,1.13483,1.13421,1.13457,88
2019.01.03,01:05,1.13456,1.13475,1.1337,1.13408,215
2019.01.03,01:06,1.13415,1.13457,1.13399,1.13449,137
2019.01.03,01:07,1.13452,1.13459,1.13386,1.134,102
2019.01.03,01:08,1.13402,1.13471,1.13392,1.13458,149
2019.01.03,01:09,1.13469,1.135,1.13453,1.13482,184
2019.01.03,01:10,1.13476,1.13478,1.13444,1.13466,118
2019.01.03,01:11,1.1347,1.13475,1.13444,1.13465,68
2019.01.03,01:12,1.13462,1.13471,1.13454,1.13455,35
2019.01.03,01:13,1.13457,1.13471,1.13453,1.13456,54
2019.01.03,01:14,1.13459,1.13471,1.13452,1.13454,57
2019.01.03,01:15,1.13453,1.13456,1.13432,1.13451,65
2019.01.03,01:16,1.13447,1.13455,1.13434,1.1344,61
2019.01.03,01:17,1.13434,1.13445,1.13319,1.13364,113
2019.01.03,01:18,1.13367,1.13369,1.13348,1.13353,57
2019.01.03,01:19,1.13348,1.13355,1.13335,1.13335,52
2019.01.03,01:20,1.13336,1.13351,1.13335,1.13346,61
2019.01.03,01:21,1.13347,1.13367,1.13347,1.13357,32
2019.01.03,01:22,1.13355,1.13389,1.13354,1.13389,67
2019.01.03,01:23,1.13388,1.13394,1.13386,1.13386,21
2019.01.03,01:24,1.1339,1.13432,1.13386,1.13413,66
2019.01.03,01:25,1.13411,1.13411,1.134,1.134,29
2019.01.03,01:26,1.13402,1.13409,1.13391,1.13394,31
2019.01.03,01:27,1.13396,1.13427,1.13381,1.13415,88
2019.01.03,01:28,1.13416,1.13426,1.13388,1.13402,102
2019.01.03,01:29,1.13403,1.13406,1.1339,1.13394,42
2019.01.03,01:30,1.13393,1.13435,1.13391,1.1341,74
2019.01.03,01:31,1.1341,1.1341,1.13385,1.13393,55
2019.01.03,01:32,1.13394,1.13423,1.13389,1.13422,50
2019.01.03,01:33,1.13421,1.13425,1.13409,1.13421,49
2019.01.03,01:34,1.13424,1.13424,1.134,1.13409,78
2019.01.03,01:35,1.13409,1.13413,1.13401,1.13402,40
2019.01.03,01:36,1.13401,1.13402,1.13398,1.13399,39
2019.01.03,01:37,1.134,1.13401,1.1339,1.1339,27
2019.01.03,01:38,1.13392,1.13392,1.1335,1.13351,51
2019.01.03,01:39,1.13344,1.13344,1.13308,1.13317,85
2019.01.03,01:40,1.13316,1.13336,1.13316,1.13323,42
2019.01.03,01:41,1.13326,1.13338,1.13317,1.13325,56
2019.01.03,01:42,1.13325,1.13351,1.13325,1.1335,31
2019.01.03,01:43,1.13353,1.13358,1.13327,1.13344,61
2019.01.03,01:44,1.13345,1.13345,1.13333,1.13344,42
2019.01.03,01:45,1.13346,1.13346,1.13337,1.1334,37
2019.01.03,01:46,1.13341,1.13342,1.13318,1.13319,79
2019.01.03,01:47,1.1332,1.13322,1.13291,1.13295,75
2019.01.03,01:48,1.13294,1.133,1.13286,1.13287,71
2019.01.03,01:49,1.13287,1.13298,1.13252,1.13252,92
2019.01.03,01:50,1.13253,1.13275,1.13253,1.13272,52
2019.01.03,01:51,1.13269,1.1327,1.13198,1.13198,108
2019.01.03,01:52,1.13199,1.132,1.1309,1.1316,217
2019.01.03,01:53,1.1316,1.13165,1.13101,1.13142,74
2019.01.03,01:54,1.13141,1.1315,1.13139,1.13141,49
2019.01.03,01:55,1.13142,1.13148,1.13132,1.13144,73
2019.01.03,01:56,1.13143,1.13238,1.13143,1.13228,90
2019.01.03,01:57,1.13227,1.13227,1.13194,1.13201,79
2019.01.03,01:58,1.132,1.13205,1.13155,1.13161,55
2019.01.03,01:59,1.13162,1.13178,1.1311,1.13122,104
2019.01.03,02:00,1.13121,1.1318,1.13099,1.1318,142
2019.01.03,02:01,1.1318,1.13269,1.13172,1.13266,126
2019.01.03,02:02,1.13267,1.13347,1.13267,1.13347,179
2019.01.03,02:03,1.13352,1.13373,1.13336,1.13336,125
2019.01.03,02:04,1.1333,1.1333,1.1325,1.13278,110
2019.01.03,02:05,1.13278,1.13303,1.1326,1.13288,125
2019.01.03,02:06,1.13294,1.13319,1.13288,1.13315,74
2019.01.03,02:07,1.13316,1.13319,1.13301,1.13306,47
2019.01.03,02:08,1.13307,1.1333,1.13307,1.1331,45
2019.01.03,02:09,1.1331,1.1332,1.13307,1.13317,49
2019.01.03,02:10,1.13316,1.13319,1.133,1.13303,46
2019.01.03,02:11,1.13303,1.13311,1.13302,1.13311,57
2019.01.03,02:12,1.1331,1.13311,1.13291,1.13298,40
2019.01.03,02:13,1.13298,1.13346,1.13298,1.13345,76
2019.01.03,02:14,1.13349,1.13371,1.13345,1.13365,54
2019.01.03,02:15,1.13364,1.13396,1.13362,1.13368,111
2019.01.03,02:16,1.13369,1.13386,1.13369,1.13386,40
2019.01.03,02:17,1.13383,1.13384,1.1337,1.13376,42
2019.01.03,02:18,1.13377,1.13378,1.13365,1.13372,37
2019.01.03,02:19,1.1337,1.13384,1.1337,1.13377,35
2019.01.03,02:20,1.13376,1.13384,1.13376,1.1338,29
2019.01.03,02:21,1.1338,1.1338,1.13349,1.13352,56
2019.01.03,02:22,1.13352,1.13371,1.13348,1.13366,65
2019.01.03,02:23,1.13366,1.13374,1.13365,1.13374,27
2019.01.03,02:24,1.13375,1.13403,1.13375,1.13401,69
2019.01.03,02:25,1.134,1.13424,1.13394,1.13424,84
2019.01.03,02:26,1.13423,1.13423,1.13376,1.13376,71
2019.01.03,02:27,1.13376,1.13405,1.13355,1.13389,160
2019.01.03,02:28,1.13389,1.13425,1.13383,1.13402,99
2019.01.03,02:29,1.13402,1.13416,1.13402,1.13416,54
2019.01.03,02:30,1.13416,1.13417,1.13388,1.1341,70
2019.01.03,02:31,1.13408,1.13408,1.13397,1.13401,55
2019.01.03,02:32,1.13401,1.13422,1.13399,1.13405,71
2019.01.03,02:33,1.13407,1.13421,1.13407,1.13419,69
2019.01.03,02:34,1.13418,1.13419,1.13414,1.13417,53
2019.01.03,02:35,1.13416,1.13426,1.13414,1.13426,43
2019.01.03,02:36,1.13425,1.1343,1.13407,1.13421,128
2019.01.03,02:37,1.13422,1.13428,1.13415,1.13415,64
2019.01.03,02:38,1.13413,1.13415,1.13405,1.13409,94
2019.01.03,02:39,1.13408,1.13408,1.13383,1.13395,76
2019.01.03,02:40,1.13397,1.13397,1.13377,1.1338,78
2019.01.03,02:41,1.13382,1.134,1.13382,1.134,75
2019.01.03,02:42,1.13399,1.13407,1.13394,1.13394,39
2019.01.03,02:43,1.13393,1.13393,1.1337,1.13391,85
2019.01.03,02:44,1.13392,1.13409,1.1339,1.13391,103
2019.01.03,02:45,1.1339,1.13413,1.13387,1.13409,103
2019.01.03,02:46,1.13409,1.13432,1.13407,1.1343,80
2019.01.03,02:47,1.13431,1.13461,1.1343,1.13451,140
2019.01.03,02:48,1.1345,1.1345,1.13431,1.13441,98
2019.01.03,02:49,1.13441,1.13446,1.13423,1.1344,115
2019.01.03,02:50,1.13441,1.13442,1.13432,1.13437,78
2019.01.03,02:51,1.13437,1.13448,1.13425,1.13448,55
2019.01.03,02:52,1.13449,1.13467,1.13449,1.13464,43
2019.01.03,02:53,1.13466,1.13466,1.13453,1.13457,51
2019.01.03,02:54,1.13456,1.13457,1.13449,1.13452,31
2019.01.03,02:55,1.13451,1.13461,1.1345,1.1345,66
2019.01.03,02:56,1.1345,1.13452,1.13446,1.13452,38
2019.01.03,02:57,1.13449,1.13449,1.13433,1.13433,40
2019.01.03,02:58,1.13431,1.13431,1.13397,1.13399,138
2019.01.03,02:59,1.13399,1.13401,1.13385,1.13398,102
2019.01.03,03:00,1.13398,1.13411,1.13397,1.1341,92
2019.01.03,03:01,1.13411,1.13437,1.13411,1.13427,103
2019.01.03,03:02,1.13426,1.13426,1.1341,1.1342,73
2019.01.03,03:03,1.1342,1.13425,1.13399,1.13408,92
2019.01.03,03:04,1.13408,1.13419,1.13406,1.13418,56
2019.01.03,03:05,1.13418,1.13427,1.13418,1.13427,72
2019.01.03,03:06,1.13427,1.13444,1.13426,1.13438,83
2019.01.03,03:07,1.13438,1.13457,1.13434,1.13456,75
2019.01.03,03:08,1.13457,1.13457,1.13449,1.13455,73
2019.01.03,03:09,1.13455,1.13461,1.13444,1.13444,59
2019.01.03,03:10,1.13445,1.13475,1.13434,1.13458,123
2019.01.03,03:11,1.13457,1.13459,1.13449,1.13454,77
2019.01.03,03:12,1.13455,1.13471,1.13451,1.13464,76
2019.01.03,03:13,1.13464,1.13472,1.13463,1.1347,67
2019.01.03,03:14,1.1347,1.1347,1.13467,1.1347,27
2019.01.03,03:15,1.13469,1.13478,1.13465,1.13476,71
2019.01.03,03:16,1.13474,1.13474,1.13447,1.13463,70
2019.01.03,03:17,1.13462,1.13463,1.13445,1.13448,63
2019.01.03,03:18,1.13447,1.13466,1.13436,1.13465,95
2019.01.03,03:19,1.13466,1.1347,1.13457,1.13467,58
2019.01.03,03:20,1.13469,1.1347,1.1344,1.1344,56
2019.01.03,03:21,1.13442,1.13458,1.13439,1.13457,75
2019.01.03,03:22,1.13457,1.13461,1.13439,1.1344,42
2019.01.03,03:23,1.13437,1.1344,1.13417,1.13438,104
2019.01.03,03:24,1.13438,1.13466,1.13431,1.13449,126
2019.01.03,03:25,1.13448,1.13453,1.13444,1.13444,87
2019.01.03,03:26,1.13446,1.13459,1.13444,1.13453,51
2019.01.03,03:27,1.13454,1.1346,1.13446,1.13452,56
2019.01.03,03:28,1.13456,1.1346,1.13452,1.1346,27
2019.01.03,03:29,1.1346,1.13482,1.13457,1.13477,54
2019.01.03,03:30,1.13481,1.13487,1.1348,1.13482,80
2019.01.03,03:31,1.13489,1.13512,1.13489,1.13507,117
2019.01.03,03:32,1.13507,1.13507,1.13469,1.13472,101
2019.01.03,03:33,1.13474,1.13506,1.13474,1.13506,66
2019.01.03,03:34,1.13505,1.13514,1.135,1.13513,52
2019.01.03,03:35,1.13513,1.13527,1.13507,1.1351,76
2019.01.03,03:36,1.1351,1.13525,1.13502,1.1352,88
2019.01.03,03:37,1.1352,1.13525,1.13495,1.13521,104
2019.01.03,03:38,1.1352,1.13523,1.13505,1.13507,44
2019.01.03,03:39,1.13506,1.13507,1.13471,1.13477,77
2019.01.03,03:40,1.13479,1.13484,1.13459,1.13461,64
2019.01.03,03:41,1.1346,1.13461,1.13432,1.13448,80
2019.01.03,03:42,1.13448,1.13479,1.13438,1.13466,90
2019.01.03,03:43,1.13466,1.13484,1.13466,1.13477,101
2019.01.03,03:44,1.13477,1.13482,1.13473,1.13476,52
2019.01.03,03:45,1.13476,1.13501,1.13475,1.1349,64
2019.01.03,03:46,1.13489,1.13489,1.1348,1.13487,62
2019.01.03,03:47,1.13488,1.135,1.13466,1.13466,63
2019.01.03,03:48,1.13468,1.13476,1.13455,1.13465,102
2019.01.03,03:49,1.13466,1.13468,1.13461,1.13467,34
2019.01.03,03:50,1.13466,1.13467,1.13449,1.13449,55
2019.01.03,03:51,1.1345,1.13456,1.13445,1.13455,47
2019.01.03,03:52,1.13454,1.13471,1.13452,1.13469,70
2019.01.03,03:53,1.13469,1.13497,1.13467,1.1349,72
2019.01.03,03:54,1.13489,1.13505,1.13488,1.13503,79
2019.01.03,03:55,1.13503,1.13503,1.13485,1.13485,68
2019.01.03,03:56,1.13485,1.13497,1.13469,1.13474,97
2019.01.03,03:57,1.13475,1.13491,1.13475,1.13483,89
2019.01.03,03:58,1.13483,1.13486,1.13479,1.1348,34
2019.01.03,03:59,1.1348,1.13487,1.1348,1.13485,40
2019.01.03,04:00,1.13484,1.13494,1.13476,1.13491,74
2019.01.03,04:01,1.13494,1.13497,1.13493,1.13495,28
2019.01.03,04:02,1.13494,1.13496,1.13487,1.1349,36
2019.01.03,04:03,1.13491,1.13498,1.13484,1.13488,50
2019.01.03,04:04,1.1349,1.13495,1.13488,1.1349,50
2019.01.03,04:05,1.13491,1.13504,1.13485,1.13494,77
2019.01.03,04:06,1.13494,1.13494,1.13474,1.13484,66
2019.01.03,04:07,1.13483,1.13485,1.1348,1.1348,22
2019.01.03,04:08,1.13479,1.13501,1.13479,1.13485,64
2019.01.03,04:09,1.13483,1.13485,1.13472,1.13477,31
2019.01.03,04:10,1.13476,1.13491,1.13476,1.13491,63
2019.01.03,04:11,1.13496,1.13496,1.13474,1.13495,65
2019.01.03,04:12,1.13494,1.13495,1.1348,1.13486,57
2019.01.03,04:13,1.13487,1.1349,1.1348,1.1349,28
2019.01.03,04:14,1.1349,1.13491,1.13475,1.13475,51
2019.01.03,04:15,1.13475,1.13475,1.13464,1.13465,28
2019.01.03,04:16,1.13464,1.13467,1.13464,1.13464,20
2019.01.03,04:17,1.13465,1.1347,1.13463,1.1347,18
2019.01.03,04:18,1.13472,1.13476,1.13469,1.13469,34
2019.01.03,04:19,1.13469,1.13471,1.13461,1.13471,46
2019.01.03,04:20,1.13474,1.13512,1.13467,1.13512,57
2019.01.03,04:21,1.13512,1.13512,1.135,1.13501,28
2019.01.03,04:22,1.13502,1.13503,1.135,1.13502,18
2019.01.03,04:23,1.13501,1.13501,1.13481,1.13496,54
2019.01.03,04:24,1.13496,1.13511,1.13494,1.13509,34
2019.01.03,04:25,1.13509,1.13523,1.13507,1.13523,53
2019.01.03,04:26,1.13523,1.13539,1.13521,1.13533,54
2019.01.03,04:27,1.13534,1.13548,1.13533,1.13543,52
2019.01.03,04:28,1.13544,1.1355,1.13532,1.13546,66
2019.01.03,04:29,1.13548,1.13554,1.13548,1.13551,46
2019.01.03,04:30,1.13551,1.13565,1.13545,1.1356,114
2019.01.03,04:31,1.13565,1.13576,1.13558,1.13564,99
2019.01.03,04:32,1.13565,1.1357,1.13556,1.1356,66
2019.01.03,04:33,1.1356,1.13562,1.13547,1.13557,60
2019.01.03,04:34,1.13559,1.13571,1.13554,1.13563,71
2019.01.03,04:35,1.13563,1.13571,1.13561,1.13571,81
2019.01.03,04:36,1.13571,1.13585,1.13571,1.13582,116
2019.01.03,04:37,1.13581,1.13594,1.13573,1.13575,119
2019.01.03,04:38,1.13574,1.13575,1.13558,1.13571,100
2019.01.03,04:39,1.13572,1.13582,1.13568,1.13582,53
2019.01.03,04:40,1.13581,1.13589,1.13579,1.13582,79
2019.01.03,04:41,1.13583,1.13584,1.13565,1.13574,124
2019.01.03,04:42,1.13575,1.13585,1.13562,1.13582,93
2019.01.03,04:43,1.13583,1.13583,1.13573,1.13582,51
2019.01.03,04:44,1.13582,1.13587,1.1358,1.13582,45
2019.01.03,04:45,1.13582,1.13592,1.13579,1.1359,44
2019.01.03,04:46,1.1359,1.13611,1.13583,1.1361,63
2019.01.03,04:47,1.13611,1.13615,1.1359,1.1361,196
2019.01.03,04:48,1.1361,1.1361,1.13598,1.13602,82
2019.01.03,04:49,1.13602,1.13603,1.13592,1.13597,83
2019.01.03,04:50,1.13597,1.13602,1.13596,1.13599,44
2019.01.03,04:51,1.136,1.13602,1.13577,1.13587,113
2019.01.03,04:52,1.13585,1.13587,1.13575,1.13587,75
2019.01.03,04:53,1.13587,1.13593,1.13575,1.13575,81
2019.01.03,04:54,1.13575,1.13597,1.13571,1.13589,88
2019.01.03,04:55,1.13588,1.13596,1.1358,1.1358,61
2019.01.03,04:56,1.13582,1.13582,1.13569,1.1358,79
2019.01.03,04:57,1.13581,1.13584,1.13573,1.13582,56
2019.01.03,04:58,1.13583,1.13585,1.13571,1.13576,60
2019.01.03,04:59,1.13577,1.13587,1.13576,1.13583,54
2019.01.03,05:00,1.13582,1.13583,1.13569,1.13577,64
2019.01.03,05:01,1.13577,1.13581,1.13571,1.13581,36
2019.01.03,05:02,1.13582,1.13589,1.13581,1.13582,54
2019.01.03,05:03,1.13582,1.13585,1.13572,1.13577,80
2019.01.03,05:04,1.13576,1.13581,1.13571,1.13577,60
2019.01.03,05:05,1.13577,1.13577,1.13569,1.13575,34
2019.01.03,05:06,1.13576,1.1359,1.13576,1.13586,34
2019.01.03,05:07,1.13587,1.13592,1.13586,1.13587,13
2019.01.03,05:08,1.13587,1.13597,1.13584,1.13587,24
2019.01.03,05:09,1.13587,1.13597,1.13586,1.13592,31
2019.01.03,05:10,1.13594,1.13601,1.13592,1.13595,49
2019.01.03,05:11,1.13596,1.13611,1.13595,1.13607,67
2019.01.03,05:12,1.13607,1.13609,1.13602,1.13607,35
2019.01.03,05:13,1.13608,1.13616,1.13606,1.13614,42
2019.01.03,05:14,1.13613,1.13623,1.13613,1.1362,89
2019.01.03,05:15,1.13619,1.1362,1.13614,1.13616,47
2019.01.03,05:16,1.13616,1.13627,1.13616,1.1362,59
2019.01.03,05:17,1.13621,1.13645,1.13619,1.13629,110
2019.01.03,05:18,1.13629,1.13643,1.13629,1.13642,45
2019.01.03,05:19,1.1364,1.13643,1.13629,1.13643,33
2019.01.03,05:20,1.13642,1.13646,1.13635,1.13635,71
2019.01.03,05:21,1.13637,1.13639,1.13633,1.13633,30
2019.01.03,05:22,1.13634,1.13638,1.13633,1.13633,25
2019.01.03,05:23,1.13632,1.13648,1.13632,1.13644,56
2019.01.03,05:24,1.13645,1.13662,1.13643,1.13655,92
2019.01.03,05:25,1.13655,1.13676,1.13655,1.1367,90
2019.01.03,05:26,1.1367,1.13679,1.13665,1.13667,71
2019.01.03,05:27,1.13667,1.13682,1.13667,1.13681,49
2019.01.03,05:28,1.13681,1.13699,1.13675,1.13688,82
2019.01.03,05:29,1.13687,1.13687,1.13675,1.13684,83
2019.01.03,05:30,1.13684,1.1369,1.13678,1.13684,60
2019.01.03,05:31,1.13683,1.13684,1.13666,1.13674,94
2019.01.03,05:32,1.13676,1.13684,1.13669,1.13684,60
2019.01.03,05:33,1.13684,1.13687,1.13672,1.13683,96
2019.01.03,05:34,1.13682,1.13698,1.1368,1.13693,104
2019.01.03,05:35,1.13692,1.13698,1.13688,1.13694,64
2019.01.03,05:36,1.13694,1.13698,1.13684,1.1369,61
2019.01.03,05:37,1.13691,1.13703,1.13688,1.13699,102
2019.01.03,05:38,1.13699,1.13708,1.13694,1.13703,71
2019.01.03,05:39,1.13703,1.13715,1.13703,1.13709,59
2019.01.03,05:40,1.13711,1.13715,1.13708,1.13708,46
2019.01.03,05:41,1.13708,1.13715,1.13708,1.13715,35
2019.01.03,05:42,1.13714,1.13714,1.13706,1.13708,40
2019.01.03,05:43,1.13707,1.13712,1.13705,1.13707,54
2019.01.03,05:44,1.13706,1.13706,1.13682,1.1369,59
2019.01.03,05:45,1.13691,1.13693,1.13673,1.13676,67
2019.01.03,05:46,1.13676,1.13678,1.13667,1.13674,66
2019.01.03,05:47,1.13674,1.13678,1.13672,1.13672,15
2019.01.03,05:48,1.13673,1.13673,1.13656,1.13658,24
2019.01.03,05:49,1.13658,1.13664,1.13654,1.13655,45
2019.01.03,05:50,1.13656,1.13658,1.13656,1.13657,11
2019.01.03,05:51,1.13654,1.13657,1.13651,1.13655,43
2019.01.03,05:52,1.13653,1.13656,1.13647,1.13647,41
2019.01.03,05:53,1.13647,1.13654,1.13638,1.13647,59
2019.01.03,05:54,1.13645,1.13645,1.13635,1.13638,42
2019.01.03,05:55,1.13638,1.13649,1.13636,1.13645,37
2019.01.03,05:56,1.13644,1.13649,1.13639,1.13644,47
2019.01.03,05:57,1.13643,1.13652,1.13643,1.13648,26
2019.01.03,05:58,1.13647,1.1365,1.13643,1.13644,26
2019.01.03,05:59,1.13643,1.13654,1.13641,1.13647,42
2019.01.03,06:00,1.13645,1.13645,1.13632,1.13636,49
2019.01.03,06:01,1.13635,1.13641,1.13633,1.13637,34
2019.01.03,06:02,1.13638,1.13638,1.13633,1.13635,31
2019.01.03,06:03,1.13634,1.13634,1.13623,1.13627,38
2019.01.03,06:04,1.13626,1.13626,1.13618,1.13625,35
2019.01.03,06:05,1.13626,1.13631,1.13612,1.13612,59
2019.01.03,06:06,1.13613,1.13624,1.13612,1.13623,33
2019.01.03,06:07,1.13622,1.13629,1.1361,1.13628,50
2019.01.03,06:08,1.13628,1.13628,1.13617,1.13618,34
2019.01.03,06:09,1.13619,1.13619,1.13614,1.13619,22
2019.01.03,06:10,1.13621,1.13623,1.13618,1.13618,13
2019.01.03,06:11,1.13614,1.13629,1.13604,1.13622,69
2019.01.03,06:12,1.13622,1.13641,1.13619,1.13638,37
2019.01.03,06:13,1.13636,1.13637,1.13627,1.13633,19
2019.01.03,06:14,1.13634,1.13639,1.13634,1.13639,20
2019.01.03,06:15,1.13639,1.13647,1.13637,1.1364,43
2019.01.03,06:16,1.13638,1.1364,1.13638,1.13638,17
2019.01.03,06:17,1.13638,1.13646,1.13632,1.13639,39
2019.01.03,06:18,1.13639,1.13646,1.13639,1.13643,15
2019.01.03,06:19,1.13644,1.13648,1.13643,1.13648,10
2019.01.03,06:20,1.13645,1.13648,1.13643,1.13647,20
2019.01.03,06:21,1.13646,1.13647,1.13642,1.13642,38
2019.01.03,06:22,1.13643,1.13643,1.13642,1.13643,6
2019.01.03,06:23,1.13644,1.13644,1.13638,1.13638,16
2019.01.03,06:24,1.13639,1.13645,1.13639,1.13643,11
2019.01.03,06:25,1.13649,1.13659,1.13649,1.13657,20
2019.01.03,06:26,1.13659,1.13659,1.13651,1.13653,12
2019.01.03,06:27,1.13653,1.13659,1.13653,1.13653,22
2019.01.03,06:28,1.13652,1.13653,1.13648,1.13648,8
2019.01.03,06:29,1.13646,1.13648,1.1363,1.13637,46
2019.01.03,06:30,1.13638,1.13642,1.13637,1.1364,28
2019.01.03,06:31,1.1364,1.13642,1.13636,1.13638,41
2019.01.03,06:32,1.13638,1.13647,1.13638,1.13638,29
2019.01.03,06:33,1.13639,1.13646,1.13639,1.13643,23
2019.01.03,06:34,1.13645,1.13645,1.13642,1.13643,25
2019.01.03,06:35,1.13643,1.13643,1.13642,1.13643,16
2019.01.03,06:36,1.13642,1.13649,1.13642,1.13649,41
2019.01.03,06:37,1.13649,1.13649,1.13646,1.13648,18
2019.01.03,06:38,1.13646,1.13648,1.13644,1.13644,26
2019.01.03,06:39,1.13647,1.13666,1.13647,1.13665,33
2019.01.03,06:40,1.13666,1.1367,1.13648,1.13648,56
2019.01.03,06:41,1.13649,1.1366,1.13648,1.13659,33
2019.01.03,06:42,1.13659,1.13668,1.13658,1.13658,18
2019.01.03,06:43,1.13658,1.13658,1.13652,1.13658,13
2019.01.03,06:44,1.13657,1.13658,1.13655,1.13658,16
2019.01.03,06:45,1.13662,1.13667,1.13662,1.13664,12
2019.01.03,06:46,1.13664,1.13664,1.13653,1.13659,20
2019.01.03,06:47,1.13658,1.13662,1.13656,1.13662,26
2019.01.03,06:48,1.13661,1.13668,1.13659,1.13668,19
2019.01.03,06:49,1.13669,1.13679,1.13651,1.13653,73
2019.01.03,06:50,1.13657,1.1366,1.13652,1.13659,33
2019.01.03,06:51,1.13658,1.13659,1.13653,1.13654,32
2019.01.03,06:52,1.13654,1.1366,1.13654,1.13655,20
2019.01.03,06:53,1.13655,1.13657,1.13652,1.13654,22
2019.01.03,06:54,1.13654,1.13667,1.13654,1.13659,36
2019.01.03,06:55,1.13662,1.13674,1.13662,1.13672,30
2019.01.03,06:56,1.13671,1.13671,1.13664,1.13666,18
2019.01.03,06:57,1.13665,1.13665,1.13661,1.13661,22
2019.01.03,06:58,1.13659,1.13659,1.13653,1.13653,35
2019.01.03,06:59,1.13654,1.13674,1.13652,1.13673,46
2019.01.03,07:00,1.13673,1.13681,1.13658,1.1368,116
2019.01.03,07:01,1.13679,1.13697,1.13679,1.13696,102
2019.01.03,07:02,1.13696,1.13698,1.1369,1.13694,56
2019.01.03,07:03,1.13694,1.13694,1.13685,1.13685,32
2019.01.03,07:04,1.13687,1.13691,1.13684,1.13685,44
2019.01.03,07:05,1.13689,1.13692,1.13686,1.13686,36
2019.01.03,07:06,1.13688,1.13696,1.13688,1.13695,41
2019.01.03,07:07,1.13696,1.13696,1.13682,1.13682,30
2019.01.03,07:08,1.1368,1.13684,1.13679,1.13684,14
2019.01.03,07:09,1.13683,1.13684,1.13678,1.13679,35
2019.01.03,07:10,1.13679,1.13679,1.13675,1.13678,23
2019.01.03,07:11,1.13679,1.13684,1.13678,1.13679,28
2019.01.03,07:12,1.1368,1.13682,1.1367,1.1367,52
2019.01.03,07:13,1.13671,1.13675,1.1367,1.13673,14
2019.01.03,07:14,1.13674,1.13675,1.13668,1.13673,35
2019.01.03,07:15,1.13674,1.13678,1.1367,1.13675,36
2019.01.03,07:16,1.13674,1.13683,1.13674,1.13683,22
2019.01.03,07:17,1.13682,1.13698,1.13675,1.13689,60
2019.01.03,07:18,1.13691,1.13691,1.13681,1.13689,45
2019.01.03,07:19,1.13688,1.13694,1.13682,1.13685,73
2019.01.03,07:20,1.13685,1.13694,1.13684,1.13692,62
2019.01.03,07:21,1.13691,1.13694,1.13681,1.13683,60
2019.01.03,07:22,1.13683,1.13683,1.13672,1.13683,37
2019.01.03,07:23,1.13687,1.13693,1.13681,1.13685,49
2019.01.03,07:24,1.13683,1.13683,1.13662,1.13663,65
2019.01.03,07:25,1.13663,1.13674,1.1366,1.13662,71
2019.01.03,07:26,1.13664,1.13672,1.13661,1.13665,86
2019.01.03,07:27,1.13665,1.13665,1.1363,1.13633,115
2019.01.03,07:28,1.13633,1.13634,1.13614,1.13618,108
2019.01.03,07:29,1.13617,1.13632,1.13617,1.13624,87
2019.01.03,07:30,1.13626,1.13635,1.13624,1.13633,83
2019.01.03,07:31,1.13633,1.13634,1.13622,1.13633,64
2019.01.03,07:32,1.13634,1.13639,1.1361,1.13614,96
2019.01.03,07:33,1.13614,1.13632,1.13612,1.13628,74
2019.01.03,07:34,1.13627,1.13649,1.13627,1.13642,96
2019.01.03,07:35,1.13642,1.13645,1.13633,1.13635,93
2019.01.03,07:36,1.13634,1.13635,1.1363,1.13634,61
2019.01.03,07:37,1.13632,1.13643,1.13629,1.13641,53
2019.01.03,07:38,1.13642,1.13642,1.1362,1.13623,143
2019.01.03,07:39,1.13621,1.13628,1.13617,1.13619,87
2019.01.03,07:40,1.13618,1.13628,1.13613,1.13628,61
2019.01.03,07:41,1.13625,1.13625,1.13608,1.13608,42
2019.01.03,07:42,1.13609,1.13613,1.13602,1.13608,37
2019.01.03,07:43,1.13607,1.13607,1.13592,1.13593,65
2019.01.03,07:44,1.13593,1.13603,1.13589,1.13598,40
2019.01.03,07:45,1.13598,1.136,1.13573,1.13574,65
2019.01.03,07:46,1.13573,1.13589,1.13573,1.13584,78
2019.01.03,07:47,1.13584,1.13594,1.13583,1.13594,57
2019.01.03,07:48,1.13593,1.13595,1.13571,1.13576,52
2019.01.03,07:49,1.13576,1.13584,1.1357,1.13584,90
2019.01.03,07:50,1.13585,1.13585,1.1358,1.13584,45
2019.01.03,07:51,1.13585,1.13604,1.13584,1.13604,38
2019.01.03,07:52,1.13604,1.13605,1.136,1.13604,24
2019.01.03,07:53,1.13604,1.13612,1.13602,1.13604,35
2019.01.03,07:54,1.13604,1.13605,1.13588,1.13589,61
2019.01.03,07:55,1.13589,1.13599,1.13584,1.13594,68
2019.01.03,07:56,1.13592,1.136,1.13585,1.13593,57
2019.01.03,07:57,1.13595,1.1361,1.13595,1.13601,49
2019.01.03,07:58,1.136,1.13611,1.136,1.13601,49
2019.01.03,07:59,1.13602,1.13611,1.13602,1.1361,68
2019.01.03,08:00,1.13609,1.13625,1.13607,1.13623,76
2019.01.03,08:01,1.13623,1.1363,1.13621,1.13626,71
2019.01.03,08:02,1.13627,1.13635,1.13614,1.13619,56
2019.01.03,08:03,1.13618,1.13624,1.1361,1.1361,58
2019.01.03,08:04,1.13611,1.13614,1.13603,1.13608,43
2019.01.03,08:05,1.13608,1.13608,1.13604,1.13604,23
2019.01.03,08:06,1.13603,1.1361,1.13585,1.13594,48
2019.01.03,08:07,1.13594,1.13603,1.13594,1.13602,49
2019.01.03,08:08,1.13603,1.13604,1.13598,1.13604,57
2019.01.03,08:09,1.13603,1.13604,1.1356,1.13562,100
2019.01.03,08:10,1.13562,1.13579,1.13555,1.13561,123
2019.01.03,08:11,1.13562,1.1357,1.13548,1.13568,84
2019.01.03,08:12,1.13568,1.13571,1.13559,1.1356,40
2019.01.03,08:13,1.13561,1.13576,1.13561,1.13576,59
2019.01.03,08:14,1.13575,1.13592,1.13575,1.13589,51
2019.01.03,08:15,1.13588,1.13601,1.13584,1.13585,81
2019.01.03,08:16,1.13584,1.13587,1.1357,1.13574,67
2019.01.03,08:17,1.13575,1.13598,1.13575,1.13597,78
2019.01.03,08:18,1.13599,1.13609,1.13589,1.1359,54
2019.01.03,08:19,1.13589,1.13594,1.13573,1.13573,33
2019.01.03,08:20,1.13572,1.1359,1.13569,1.13588,82
2019.01.03,08:21,1.13588,1.13626,1.13586,1.13615,100
2019.01.03,08:22,1.13615,1.13635,1.1361,1.1363,68
2019.01.03,08:23,1.1363,1.13637,1.13625,1.1363,64
2019.01.03,08:24,1.1363,1.1364,1.13623,1.13625,66
2019.01.03,08:25,1.13625,1.13627,1.13611,1.13621,69
2019.01.03,08:26,1.13618,1.13623,1.136,1.13623,58
2019.01.03,08:27,1.13624,1.13642,1.13624,1.13642,67
2019.01.03,08:28,1.1364,1.13656,1.13638,1.13641,73
2019.01.03,08:29,1.13641,1.13645,1.13639,1.13641,35
2019.01.03,08:30,1.13643,1.13647,1.13641,1.13644,70
2019.01.03,08:31,1.13642,1.1365,1.13635,1.13648,47
2019.01.03,08:32,1.13649,1.13661,1.13647,1.1366,65
2019.01.03,08:33,1.1366,1.13667,1.13653,1.13653,80
2019.01.03,08:34,1.13653,1.13659,1.13646,1.13655,73
2019.01.03,08:35,1.13655,1.1366,1.13648,1.13649,50
2019.01.03,08:36,1.13648,1.13653,1.1363,1.13636,81
2019.01.03,08:37,1.13635,1.13646,1.1363,1.13631,74
2019.01.03,08:38,1.13633,1.13668,1.1363,1.13666,101
2019.01.03,08:39,1.13666,1.13669,1.13657,1.1366,33
2019.01.03,08:40,1.1366,1.13673,1.13658,1.13668,54
2019.01.03,08:41,1.13668,1.1367,1.13658,1.13667,46
2019.01.03,08:42,1.13668,1.13673,1.13668,1.13672,44
2019.01.03,08:43,1.13671,1.13683,1.13671,1.13675,60
2019.01.03,08:44,1.13674,1.13679,1.13673,1.13675,30
2019.01.03,08:45,1.13676,1.13681,1.13675,1.13676,40
2019.01.03,08:46,1.13676,1.13678,1.13672,1.13677,36
2019.01.03,08:47,1.13676,1.13676,1.1367,1.1367,27
2019.01.03,08:48,1.13667,1.13667,1.13655,1.13657,38
2019.01.03,08:49,1.13657,1.13662,1.13653,1.13654,37
2019.01.03,08:50,1.13654,1.13654,1.13649,1.13652,27
2019.01.03,08:51,1.13652,1.13652,1.13633,1.13633,41
2019.01.03,08:52,1.13632,1.13661,1.13627,1.13656,46
2019.01.03,08:53,1.13666,1.13714,1.13666,1.13713,83
2019.01.03,08:54,1.13714,1.13766,1.13714,1.13734,145
2019.01.03,08:55,1.13735,1.13756,1.13728,1.13752,119
2019.01.03,08:56,1.13751,1.13751,1.13737,1.13744,124
2019.01.03,08:57,1.13744,1.1375,1.13738,1.1374,112
2019.01.03,08:58,1.1374,1.13742,1.13723,1.13725,79
2019.01.03,08:59,1.13724,1.13726,1.13714,1.1372,59
2019.01.03,09:00,1.1372,1.13732,1.1369,1.13695,163
2019.01.03,09:01,1.13694,1.13769,1.13694,1.13751,169
2019.01.03,09:02,1.13752,1.13752,1.13707,1.13728,148
2019.01.03,09:03,1.13729,1.13742,1.13726,1.13735,63
2019.01.03,09:04,1.13735,1.13741,1.13727,1.13741,99
2019.01.03,09:05,1.13741,1.13753,1.13738,1.13743,168
2019.01.03,09:06,1.13742,1.13752,1.13732,1.13741,160
2019.01.03,09:07,1.13742,1.13747,1.1374,1.13741,92
2019.01.03,09:08,1.1374,1.13752,1.1374,1.1375,50
2019.01.03,09:09,1.13748,1.13748,1.13703,1.13705,99
2019.01.03,09:10,1.13705,1.13707,1.13658,1.13658,78
2019.01.03,09:11,1.13659,1.13686,1.13659,1.13675,93
2019.01.03,09:12,1.13674,1.13689,1.13669,1.13674,121
2019.01.03,09:13,1.13674,1.13679,1.1367,1.13671,76
2019.01.03,09:14,1.13671,1.13688,1.1367,1.13681,87
2019.01.03,09:15,1.13682,1.13711,1.13682,1.137,142
2019.01.03,09:16,1.13702,1.13707,1.13695,1.13705,104
2019.01.03,09:17,1.13705,1.13705,1.13669,1.13681,101
2019.01.03,09:18,1.1368,1.13699,1.1368,1.13688,66
2019.01.03,09:19,1.13689,1.13698,1.13676,1.13685,92
2019.01.03,09:20,1.13685,1.13695,1.13665,1.13665,59
2019.01.03,09:21,1.13667,1.13679,1.13619,1.13679,175
2019.01.03,09:22,1.13679,1.13699,1.13677,1.13694,126
2019.01.03,09:23,1.13693,1.13699,1.13668,1.13697,147
2019.01.03,09:24,1.13697,1.13697,1.13672,1.13693,117
2019.01.03,09:25,1.13694,1.13695,1.13684,1.13689,90
2019.01.03,09:26,1.13691,1.13703,1.13684,1.13697,88
2019.01.03,09:27,1.13695,1.13701,1.13685,1.13701,47
2019.01.03,09:28,1.13697,1.13717,1.13689,1.13717,108
2019.01.03,09:29,1.13717,1.13725,1.13711,1.13723,105
2019.01.03,09:30,1.13721,1.13744,1.13718,1.13735,145
2019.01.03,09:31,1.13735,1.13742,1.13719,1.13729,144
2019.01.03,09:32,1.13731,1.13735,1.13715,1.13724,128
2019.01.03,09:33,1.13724,1.13729,1.13717,1.13719,92
2019.01.03,09:34,1.13719,1.13734,1.13719,1.13726,114
2019.01.03,09:35,1.13726,1.1373,1.13699,1.13704,104
2019.01.03,09:36,1.13705,1.13705,1.13688,1.13698,68
2019.01.03,09:37,1.13698,1.13714,1.13692,1.13708,106
2019.01.03,09:38,1.13708,1.1373,1.13708,1.1372,119
2019.01.03,09:39,1.13719,1.13724,1.13708,1.13719,119
2019.01.03,09:40,1.13719,1.13725,1.13701,1.13707,99
2019.01.03,09:41,1.13707,1.13718,1.13689,1.13693,126
2019.01.03,09:42,1.13693,1.13699,1.1368,1.1369,144
2019.01.03,09:43,1.13692,1.13734,1.13689,1.13734,203
2019.01.03,09:44,1.13738,1.13744,1.13721,1.13728,141
2019.01.03,09:45,1.13728,1.13733,1.13727,1.1373,77
2019.01.03,09:46,1.13729,1.13744,1.13728,1.13741,92
2019.01.03,09:47,1.1374,1.13763,1.1374,1.1376,119
2019.01.03,09:48,1.1376,1.13764,1.13723,1.13742,124
2019.01.03,09:49,1.13741,1.13741,1.13694,1.13707,118
2019.01.03,09:50,1.13709,1.13721,1.137,1.13703,106
2019.01.03,09:51,1.13703,1.13704,1.13634,1.13635,152
2019.01.03,09:52,1.13635,1.13659,1.13618,1.13639,153
2019.01.03,09:53,1.13639,1.13645,1.13621,1.13645,147
2019.01.03,09:54,1.13645,1.13652,1.13642,1.13643,112
2019.01.03,09:55,1.13645,1.13646,1.13632,1.13637,119
2019.01.03,09:56,1.13636,1.13642,1.13632,1.13637,100
2019.01.03,09:57,1.13636,1.13667,1.13617,1.13666,168
2019.01.03,09:58,1.13667,1.13671,1.13651,1.1366,93
2019.01.03,09:59,1.1366,1.13697,1.1366,1.13696,137
2019.01.03,10:00,1.13696,1.13721,1.13672,1.13721,165
2019.01.03,10:01,1.13719,1.13761,1.13717,1.13721,250
2019.01.03,10:02,1.13721,1.13732,1.13621,1.13624,243
2019.01.03,10:03,1.13623,1.1366,1.13608,1.13637,242
2019.01.03,10:04,1.13641,1.13646,1.1362,1.13637,143
2019.01.03,10:05,1.13636,1.13641,1.13616,1.13617,168
2019.01.03,10:06,1.13617,1.13618,1.13539,1.13549,271
2019.01.03,10:07,1.1355,1.13635,1.1355,1.13632,212
2019.01.03,10:08,1.13635,1.1368,1.13626,1.1366,187
2019.01.03,10:09,1.13663,1.1367,1.1361,1.1362,186
2019.01.03,10:10,1.13619,1.13661,1.13619,1.13657,142
2019.01.03,10:11,1.13658,1.13659,1.13585,1.13585,193
2019.01.03,10:12,1.13587,1.13611,1.13574,1.1358,202
2019.01.03,10:13,1.13578,1.13579,1.13559,1.13569,185
2019.01.03,10:14,1.13568,1.13598,1.13548,1.13585,187
2019.01.03,10:15,1.13583,1.13637,1.1356,1.13637,190
2019.01.03,10:16,1.13637,1.13637,1.13606,1.13629,168
2019.01.03,10:17,1.13629,1.13653,1.13618,1.13626,181
2019.01.03,10:18,1.13628,1.13647,1.13622,1.13635,165
2019.01.03,10:19,1.13635,1.13666,1.13635,1.13656,107
2019.01.03,10:20,1.13657,1.13703,1.13655,1.13693,133
2019.01.03,10:21,1.13691,1.1371,1.13675,1.13694,233
2019.01.03,10:22,1.13693,1.13736,1.13691,1.13711,199
2019.01.03,10:23,1.13718,1.13745,1.13714,1.13731,148
2019.01.03,10:24,1.13729,1.1374,1.13717,1.13728,155
2019.01.03,10:25,1.13727,1.13734,1.13675,1.13688,188
2019.01.03,10:26,1.13687,1.1372,1.13687,1.1372,156
2019.01.03,10:27,1.13722,1.13722,1.13694,1.13696,89
2019.01.03,10:28,1.13695,1.13726,1.13695,1.13715,114
2019.01.03,10:29,1.13714,1.13791,1.13714,1.13781,189
2019.01.03,10:30,1.13785,1.13837,1.13777,1.13778,210
2019.01.03,10:31,1.13779,1.1381,1.13779,1.13805,166
2019.01.03,10:32,1.13804,1.13829,1.13802,1.13802,151
2019.01.03,10:33,1.13806,1.13808,1.13765,1.13765,135
2019.01.03,10:34,1.13767,1.13771,1.13725,1.13729,192
2019.01.03,10:35,1.1373,1.13755,1.13728,1.1373,195
2019.01.03,10:36,1.13728,1.13746,1.13718,1.1374,170
2019.01.03,10:37,1.1374,1.13758,1.13734,1.13745,128
2019.01.03,10:38,1.13745,1.13746,1.13706,1.13711,92
2019.01.03,10:39,1.13711,1.13766,1.1371,1.13752,117
2019.01.03,10:40,1.13751,1.13762,1.13741,1.13756,90
2019.01.03,10:41,1.13757,1.13773,1.13755,1.13768,138
2019.01.03,10:42,1.13768,1.13791,1.13745,1.13791,146
2019.01.03,10:43,1.13792,1.138,1.13748,1.1375,150
2019.01.03,10:44,1.1375,1.13804,1.13749,1.1379,134
2019.01.03,10:45,1.1379,1.13799,1.13778,1.13793,97
2019.01.03,10:46,1.13795,1.13796,1.13783,1.13796,100
2019.01.03,10:47,1.13795,1.13806,1.1379,1.13796,87
2019.01.03,10:48,1.13797,1.13814,1.13793,1.13806,126
2019.01.03,10:49,1.13806,1.13821,1.13796,1.13809,104
2019.01.03,10:50,1.1381,1.1381,1.13797,1.138,101
2019.01.03,10:51,1.138,1.138,1.13771,1.13773,104
2019.01.03,10:52,1.13774,1.13795,1.13765,1.13772,125
2019.01.03,10:53,1.13771,1.13775,1.13759,1.13765,92
2019.01.03,10:54,1.13769,1.13796,1.13769,1.13783,100
2019.01.03,10:55,1.13783,1.13798,1.13776,1.1378,140
2019.01.03,10:56,1.1378,1.13838,1.1378,1.13831,158
2019.01.03,10:57,1.13827,1.1383,1.13804,1.13808,106
2019.01.03,10:58,1.13808,1.13812,1.13776,1.13786,134
2019.01.03,10:59,1.13786,1.13817,1.13786,1.138,155
2019.01.03,11:00,1.13798,1.13801,1.13773,1.13778,137
2019.01.03,11:01,1.13779,1.1379,1.13775,1.13781,146
2019.01.03,11:02,1.13782,1.13782,1.13768,1.13778,72
2019.01.03,11:03,1.13775,1.138,1.13775,1.138,78
2019.01.03,11:04,1.13802,1.13802,1.13782,1.13794,120
2019.01.03,11:05,1.13796,1.13796,1.13767,1.13787,133
2019.01.03,11:06,1.13789,1.1379,1.13767,1.13771,110
2019.01.03,11:07,1.1377,1.13778,1.13729,1.13736,120
2019.01.03,11:08,1.13736,1.13765,1.13734,1.13745,131
2019.01.03,11:09,1.13746,1.13765,1.13745,1.13762,105
2019.01.03,11:10,1.1376,1.13767,1.13751,1.13764,111
2019.01.03,11:11,1.13765,1.1381,1.13765,1.13806,119
2019.01.03,11:12,1.13807,1.13826,1.13805,1.1382,106
2019.01.03,11:13,1.13819,1.13825,1.13802,1.13807,120
2019.01.03,11:14,1.13803,1.13806,1.13789,1.13804,119
2019.01.03,11:15,1.13805,1.1381,1.13776,1.13789,114
2019.01.03,11:16,1.1379,1.13823,1.13785,1.13792,159
2019.01.03,11:17,1.13791,1.13791,1.13765,1.13769,116
2019.01.03,11:18,1.1377,1.13781,1.13754,1.13767,99
2019.01.03,11:19,1.13767,1.13779,1.13758,1.13758,89
2019.01.03,11:20,1.13758,1.13766,1.13755,1.13758,101
2019.01.03,11:21,1.13758,1.13773,1.13746,1.13763,135
2019.01.03,11:22,1.13763,1.13779,1.13758,1.13779,95
2019.01.03,11:23,1.13778,1.13815,1.13778,1.13806,131
2019.01.03,11:24,1.13807,1.13819,1.138,1.13809,153
2019.01.03,11:25,1.13809,1.13813,1.13793,1.13809,84
2019.01.03,11:26,1.13809,1.13821,1.13804,1.1381,83
2019.01.03,11:27,1.13811,1.13815,1.13799,1.13799,51
2019.01.03,11:28,1.138,1.138,1.13789,1.13795,62
2019.01.03,11:29,1.13795,1.13795,1.13789,1.13789,47
2019.01.03,11:30,1.13789,1.13795,1.13785,1.13789,56
2019.01.03,11:31,1.13787,1.13787,1.13758,1.13769,74
2019.01.03,11:32,1.13768,1.13784,1.13768,1.13775,41
2019.01.03,11:33,1.13775,1.1378,1.13743,1.13751,123
2019.01.03,11:34,1.13751,1.13774,1.13749,1.1377,95
2019.01.03,11:35,1.1377,1.13805,1.1377,1.13798,120
2019.01.03,11:36,1.13799,1.13804,1.13784,1.1379,89
2019.01.03,11:37,1.1379,1.13808,1.13788,1.13805,81
2019.01.03,11:38,1.13804,1.13822,1.13797,1.13809,113
2019.01.03,11:39,1.13809,1.1381,1.1377,1.13776,115
2019.01.03,11:40,1.13778,1.1379,1.13771,1.1379,132
2019.01.03,11:41,1.13792,1.13808,1.13789,1.13805,76
2019.01.03,11:42,1.13805,1.1382,1.13803,1.13819,64
2019.01.03,11:43,1.13819,1.13829,1.13811,1.13828,95
2019.01.03,11:44,1.13829,1.13841,1.1382,1.13824,96
2019.01.03,11:45,1.13825,1.13836,1.1382,1.13829,83
2019.01.03,11:46,1.13829,1.1383,1.13819,1.13825,80
2019.01.03,11:47,1.13824,1.13832,1.13814,1.13814,77
2019.01.03,11:48,1.13815,1.13828,1.13815,1.13826,111
2019.01.03,11:49,1.13825,1.13827,1.13799,1.13808,86
2019.01.03,11:50,1.13806,1.1381,1.13803,1.13803,52
2019.01.03,11:51,1.13804,1.13815,1.13798,1.13798,91
2019.01.03,11:52,1.13798,1.138,1.13787,1.13795,46
2019.01.03,11:53,1.13792,1.138,1.1377,1.13782,102
2019.01.03,11:54,1.13784,1.13785,1.13764,1.13766,135
2019.01.03,11:55,1.13765,1.13778,1.13755,1.13775,121
2019.01.03,11:56,1.13775,1.13775,1.13749,1.1375,70
2019.01.03,11:57,1.1375,1.13783,1.13749,1.13779,83
2019.01.03,11:58,1.1378,1.13782,1.13762,1.1377,61
2019.01.03,11:59,1.13769,1.13782,1.13753,1.13758,107
2019.01.03,12:00,1.13757,1.13762,1.13743,1.13761,66
2019.01.03,12:01,1.1376,1.1377,1.1376,1.13765,56
2019.01.03,12:02,1.13765,1.13795,1.13765,1.13784,68
2019.01.03,12:03,1.13783,1.1379,1.13781,1.13784,96
2019.01.03,12:04,1.13785,1.13785,1.1374,1.13757,103
2019.01.03,12:05,1.13752,1.13757,1.13726,1.13726,150
2019.01.03,12:06,1.13726,1.13732,1.13689,1.13698,226
2019.01.03,12:07,1.13697,1.1371,1.13659,1.13659,217
2019.01.03,12:08,1.13659,1.1368,1.13654,1.13674,158
2019.01.03,12:09,1.13674,1.13691,1.13671,1.13673,136
2019.01.03,12:10,1.13673,1.13707,1.13663,1.13701,150
2019.01.03,12:11,1.13701,1.1371,1.13697,1.13705,100
2019.01.03,12:12,1.13705,1.13716,1.13699,1.13699,101
2019.01.03,12:13,1.13699,1.13699,1.13687,1.1369,85
2019.01.03,12:14,1.13691,1.13705,1.13689,1.13697,95
2019.01.03,12:15,1.13698,1.13718,1.13694,1.13715,81
2019.01.03,12:16,1.13716,1.13722,1.13709,1.13712,74
2019.01.03,12:17,1.1371,1.13715,1.13699,1.13704,83
2019.01.03,12:18,1.13701,1.13703,1.13681,1.13701,76
2019.01.03,12:19,1.13699,1.13705,1.13688,1.13694,65
2019.01.03,12:20,1.13695,1.137,1.13677,1.13679,60
2019.01.03,12:21,1.13677,1.13682,1.13677,1.13679,49
2019.01.03,12:22,1.13679,1.1369,1.13674,1.1368,65
2019.01.03,12:23,1.13681,1.13695,1.13678,1.13694,55
2019.01.03,12:24,1.13694,1.13697,1.13674,1.13696,91
2019.01.03,12:25,1.13695,1.1372,1.13694,1.13701,103
2019.01.03,12:26,1.13701,1.13706,1.13674,1.13674,105
2019.01.03,12:27,1.13674,1.13685,1.13672,1.13681,114
2019.01.03,12:28,1.13683,1.13699,1.13679,1.13684,115
2019.01.03,12:29,1.13683,1.1371,1.13683,1.1371,94
2019.01.03,12:30,1.13711,1.1372,1.13702,1.13715,91
2019.01.03,12:31,1.13714,1.1374,1.13714,1.13735,68
2019.01.03,12:32,1.13734,1.13735,1.13708,1.1371,87
2019.01.03,12:33,1.13711,1.13711,1.13664,1.13664,82
2019.01.03,12:34,1.13663,1.1367,1.13635,1.13639,106
2019.01.03,12:35,1.13638,1.13667,1.13638,1.13654,104
2019.01.03,12:36,1.13657,1.13685,1.13657,1.13679,95
2019.01.03,12:37,1.1368,1.13695,1.13679,1.13685,95
2019.01.03,12:38,1.13687,1.1369,1.13669,1.13679,64
2019.01.03,12:39,1.13682,1.13712,1.13682,1.13709,91
2019.01.03,12:40,1.1371,1.13728,1.13707,1.1371,116
2019.01.03,12:41,1.13708,1.13712,1.13697,1.1371,90
2019.01.03,12:42,1.13709,1.13715,1.13704,1.13708,40
2019.01.03,12:43,1.13706,1.13709,1.13704,1.13704,32
2019.01.03,12:44,1.13705,1.13718,1.13699,1.13699,81
2019.01.03,12:45,1.137,1.13728,1.137,1.13721,73
2019.01.03,12:46,1.13722,1.13732,1.13713,1.13719,148
2019.01.03,12:47,1.1372,1.13743,1.1372,1.13738,105
2019.01.03,12:48,1.13737,1.13742,1.13727,1.13738,95
2019.01.03,12:49,1.13739,1.13742,1.13714,1.13718,93
2019.01.03,12:50,1.13717,1.13717,1.13693,1.13695,110
2019.01.03,12:51,1.13694,1.13694,1.13663,1.13688,104
2019.01.03,12:52,1.13686,1.13708,1.13686,1.13706,57
2019.01.03,12:53,1.13708,1.13728,1.13708,1.13727,96
2019.01.03,12:54,1.13728,1.13731,1.13678,1.13685,105
2019.01.03,12:55,1.13685,1.1371,1.13683,1.13708,72
2019.01.03,12:56,1.13709,1.13718,1.13685,1.13703,95
2019.01.03,12:57,1.13703,1.13706,1.13685,1.13704,64
2019.01.03,12:58,1.13704,1.13713,1.137,1.137,64
2019.01.03,12:59,1.13701,1.13701,1.13678,1.13683,103
2019.01.03,13:00,1.13683,1.13708,1.1368,1.13704,110
2019.01.03,13:01,1.13703,1.13717,1.137,1.13704,88
2019.01.03,13:02,1.13705,1.13707,1.13687,1.13695,94
2019.01.03,13:03,1.13694,1.13699,1.13673,1.13683,65
2019.01.03,13:04,1.13683,1.13685,1.13653,1.13658,92
2019.01.03,13:05,1.13658,1.13658,1.13626,1.13634,134
2019.01.03,13:06,1.13633,1.13639,1.1363,1.13639,55
2019.01.03,13:07,1.13638,1.13638,1.13612,1.13617,96
2019.01.03,13:08,1.13618,1.13637,1.13553,1.1357,162
2019.01.03,13:09,1.13572,1.13586,1.13539,1.13545,177
2019.01.03,13:10,1.13544,1.13562,1.13517,1.13528,171
2019.01.03,13:11,1.13529,1.13553,1.13511,1.13523,178
2019.01.03,13:12,1.13523,1.13538,1.13522,1.13522,107
2019.01.03,13:13,1.13523,1.13539,1.13517,1.13535,86
2019.01.03,13:14,1.13537,1.1357,1.13537,1.13565,136
2019.01.03,13:15,1.13567,1.1359,1.13564,1.13589,125
2019.01.03,13:16,1.13588,1.13613,1.13576,1.13594,182
2019.01.03,13:17,1.13595,1.13623,1.13595,1.13613,130
2019.01.03,13:18,1.13612,1.13618,1.13603,1.13611,104
2019.01.03,13:19,1.13609,1.13609,1.13584,1.13598,100
2019.01.03,13:20,1.13597,1.13607,1.13584,1.13606,78
2019.01.03,13:21,1.13605,1.13605,1.13539,1.13546,160
2019.01.03,13:22,1.13548,1.13559,1.13545,1.13551,113
2019.01.03,13:23,1.1355,1.13553,1.13535,1.13545,111
2019.01.03,13:24,1.13547,1.13551,1.13534,1.13537,121
2019.01.03,13:25,1.13539,1.1354,1.13523,1.1353,95
2019.01.03,13:26,1.13529,1.13545,1.13514,1.13514,63
2019.01.03,13:27,1.13519,1.13526,1.13511,1.13519,71
2019.01.03,13:28,1.1352,1.13536,1.1352,1.13535,46
2019.01.03,13:29,1.13535,1.13549,1.13534,1.13545,45
2019.01.03,13:30,1.13547,1.13571,1.13546,1.1356,98
2019.01.03,13:31,1.13561,1.1358,1.13559,1.13566,83
2019.01.03,13:32,1.13567,1.13589,1.13567,1.13575,75
2019.01.03,13:33,1.13574,1.13583,1.13566,1.13577,76
2019.01.03,13:34,1.13577,1.13584,1.13571,1.13584,78
2019.01.03,13:35,1.13586,1.13594,1.13581,1.13583,79
2019.01.03,13:36,1.13581,1.13583,1.13579,1.1358,49
2019.01.03,13:37,1.1358,1.13594,1.1358,1.13594,63
2019.01.03,13:38,1.13596,1.13598,1.13579,1.13583,68
2019.01.03,13:39,1.13583,1.13583,1.13556,1.13557,97
2019.01.03,13:40,1.13559,1.13562,1.1353,1.1354,126
2019.01.03,13:41,1.13542,1.13552,1.13504,1.13513,94
2019.01.03,13:42,1.13514,1.13519,1.135,1.135,61
2019.01.03,13:43,1.135,1.13506,1.13492,1.13499,97
2019.01.03,13:44,1.13499,1.13509,1.13496,1.13496,35
2019.01.03,13:45,1.13495,1.135,1.13475,1.13494,71
2019.01.03,13:46,1.13497,1.13514,1.13489,1.135,80
2019.01.03,13:47,1.13501,1.13502,1.13461,1.13461,121
2019.01.03,13:48,1.13461,1.13482,1.1346,1.13474,108
2019.01.03,13:49,1.13475,1.1348,1.13429,1.13432,97
2019.01.03,13:50,1.1343,1.13458,1.13428,1.13444,124
2019.01.03,13:51,1.13445,1.13449,1.13425,1.13426,116
2019.01.03,13:52,1.13426,1.13439,1.13409,1.13424,97
2019.01.03,13:53,1.13425,1.13438,1.13424,1.1343,86
2019.01.03,13:54,1.13429,1.1344,1.13429,1.13439,66
2019.01.03,13:55,1.1344,1.13455,1.13435,1.13439,131
2019.01.03,13:56,1.1344,1.13448,1.13436,1.13437,60
2019.01.03,13:57,1.13436,1.13439,1.13404,1.13406,75
2019.01.03,13:58,1.13405,1.13412,1.13404,1.13409,52
2019.01.03,13:59,1.1341,1.13435,1.1341,1.13414,95
2019.01.03,14:00,1.13415,1.13435,1.13411,1.13415,90
2019.01.03,14:01,1.13415,1.13415,1.134,1.13404,50
2019.01.03,14:02,1.13404,1.13432,1.13396,1.1343,82
2019.01.03,14:03,1.1343,1.1345,1.13425,1.13433,115
2019.01.03,14:04,1.13434,1.13443,1.13431,1.13436,92
2019.01.03,14:05,1.13435,1.13437,1.13432,1.13433,109
2019.01.03,14:06,1.13434,1.13456,1.13431,1.13454,69
2019.01.03,14:07,1.13454,1.13459,1.1345,1.1345,67
2019.01.03,14:08,1.13446,1.13459,1.13436,1.13455,103
2019.01.03,14:09,1.13454,1.13456,1.13441,1.13442,70
2019.01.03,14:10,1.13441,1.13459,1.13441,1.13451,70
2019.01.03,14:11,1.1345,1.13468,1.1345,1.13461,83
2019.01.03,14:12,1.13462,1.13474,1.13458,1.13471,63
2019.01.03,14:13,1.13471,1.1348,1.13447,1.1345,88
2019.01.03,14:14,1.1345,1.1345,1.13431,1.13435,79
2019.01.03,14:15,1.13436,1.13443,1.13431,1.13431,70
2019.01.03,14:16,1.13436,1.13446,1.13424,1.13446,77
2019.01.03,14:17,1.13446,1.13452,1.13441,1.1345,76
2019.01.03,14:18,1.1345,1.13458,1.1343,1.13438,86
2019.01.03,14:19,1.1344,1.13455,1.1344,1.13451,61
2019.01.03,14:20,1.1345,1.13471,1.13447,1.13471,65
2019.01.03,14:21,1.13472,1.13475,1.13458,1.13458,52
2019.01.03,14:22,1.13461,1.13463,1.13448,1.13461,65
2019.01.03,14:23,1.13461,1.13476,1.13461,1.13476,30
2019.01.03,14:24,1.13476,1.13492,1.13463,1.13486,87
2019.01.03,14:25,1.13483,1.13483,1.13449,1.13475,90
2019.01.03,14:26,1.13473,1.13485,1.13467,1.13476,78
2019.01.03,14:27,1.13475,1.13484,1.13475,1.13479,55
2019.01.03,14:28,1.13478,1.13478,1.13468,1.13471,25
2019.01.03,14:29,1.13471,1.13489,1.13471,1.13482,69
2019.01.03,14:30,1.1348,1.13499,1.13477,1.1349,91
2019.01.03,14:31,1.13491,1.13496,1.13472,1.13487,91
2019.01.03,14:32,1.13486,1.13517,1.13482,1.13517,118
2019.01.03,14:33,1.13519,1.13519,1.13485,1.13485,110
2019.01.03,14:34,1.13484,1.13491,1.1348,1.13487,104
2019.01.03,14:35,1.13487,1.13506,1.13486,1.13501,63
2019.01.03,14:36,1.13505,1.1352,1.13501,1.13513,98
2019.01.03,14:37,1.13512,1.13522,1.13509,1.13522,44
2019.01.03,14:38,1.13522,1.13527,1.13501,1.13514,83
2019.01.03,14:39,1.13515,1.13532,1.13515,1.13531,62
2019.01.03,14:40,1.13531,1.13536,1.13524,1.13533,55
2019.01.03,14:41,1.13533,1.13554,1.1353,1.13549,63
2019.01.03,14:42,1.13547,1.13551,1.13537,1.13541,52
2019.01.03,14:43,1.13541,1.13542,1.13529,1.13532,36
2019.01.03,14:44,1.13529,1.13537,1.13529,1.13533,38
2019.01.03,14:45,1.13533,1.13535,1.1351,1.13517,61
2019.01.03,14:46,1.13518,1.13528,1.13511,1.13512,67
2019.01.03,14:47,1.13509,1.13522,1.13507,1.1351,71
2019.01.03,14:48,1.13509,1.13518,1.13506,1.13507,37
2019.01.03,14:49,1.13508,1.13512,1.13483,1.13486,98
2019.01.03,14:50,1.13485,1.13488,1.13475,1.13481,44
2019.01.03,14:51,1.13481,1.13502,1.13481,1.13502,58
2019.01.03,14:52,1.13502,1.13537,1.13502,1.13537,58
2019.01.03,14:53,1.13533,1.13543,1.13532,1.13541,53
2019.01.03,14:54,1.13541,1.13547,1.13537,1.13547,58
2019.01.03,14:55,1.13549,1.1355,1.13493,1.13494,100
2019.01.03,14:56,1.13494,1.13499,1.13471,1.13481,142
2019.01.03,14:57,1.13477,1.13477,1.13442,1.13457,120
2019.01.03,14:58,1.13451,1.13466,1.13434,1.13434,129
2019.01.03,14:59,1.13433,1.1345,1.13431,1.13434,130
2019.01.03,15:00,1.13434,1.13452,1.13434,1.13447,122
2019.01.03,15:01,1.13446,1.13475,1.13446,1.13469,117
2019.01.03,15:02,1.13469,1.13502,1.13467,1.13487,96
2019.01.03,15:03,1.1349,1.13495,1.13462,1.13494,107
2019.01.03,15:04,1.13495,1.13495,1.13447,1.13471,112
2019.01.03,15:05,1.1347,1.13481,1.1346,1.13476,118
2019.01.03,15:06,1.13472,1.13481,1.13466,1.13474,93
2019.01.03,15:07,1.13472,1.13475,1.13461,1.13464,79
2019.01.03,15:08,1.13465,1.13472,1.13457,1.13461,65
2019.01.03,15:09,1.13461,1.13476,1.13461,1.13473,92
2019.01.03,15:10,1.13475,1.13477,1.13456,1.13466,74
2019.01.03,15:11,1.13466,1.13472,1.1346,1.13461,51
2019.01.03,15:12,1.13461,1.13465,1.13447,1.13447,47
2019.01.03,15:13,1.13446,1.13459,1.13435,1.13437,109
2019.01.03,15:14,1.13435,1.13493,1.13435,1.1347,147
2019.01.03,15:15,1.13473,1.13473,1.13392,1.13439,327
2019.01.03,15:16,1.13438,1.13444,1.13421,1.13426,170
2019.01.03,15:17,1.13425,1.13448,1.13418,1.13447,143
2019.01.03,15:18,1.13446,1.13449,1.13376,1.13415,223
2019.01.03,15:19,1.13414,1.13418,1.13376,1.13401,212
2019.01.03,15:20,1.13404,1.13426,1.13396,1.13426,215
2019.01.03,15:21,1.13427,1.13438,1.1341,1.13436,184
2019.01.03,15:22,1.13435,1.13462,1.13425,1.13429,207
2019.01.03,15:23,1.13428,1.13468,1.13428,1.13466,161
2019.01.03,15:24,1.13467,1.13477,1.13454,1.13465,145
2019.01.03,15:25,1.13466,1.13493,1.13466,1.13492,163
2019.01.03,15:26,1.13492,1.13537,1.13492,1.13523,192
2019.01.03,15:27,1.13524,1.13524,1.13502,1.1351,93
2019.01.03,15:28,1.13508,1.13541,1.13501,1.13532,74
2019.01.03,15:29,1.13533,1.13534,1.13491,1.13504,122
2019.01.03,15:30,1.13502,1.13536,1.13501,1.13536,113
2019.01.03,15:31,1.13536,1.13578,1.13536,1.13572,136
2019.01.03,15:32,1.13572,1.13581,1.13542,1.13581,125
2019.01.03,15:33,1.13579,1.13579,1.13541,1.13561,161
2019.01.03,15:34,1.13563,1.13575,1.1353,1.13548,162
2019.01.03,15:35,1.13549,1.13554,1.13534,1.13536,177
2019.01.03,15:36,1.13534,1.1357,1.13522,1.13553,144
2019.01.03,15:37,1.13554,1.13581,1.13554,1.1358,113
2019.01.03,15:38,1.1358,1.13593,1.13567,1.13567,91
2019.01.03,15:39,1.13567,1.1359,1.13565,1.13587,133
2019.01.03,15:40,1.13586,1.13608,1.13578,1.13602,161
2019.01.03,15:41,1.13602,1.13649,1.13594,1.13631,193
2019.01.03,15:42,1.13631,1.13634,1.13597,1.136,116
2019.01.03,15:43,1.13599,1.13621,1.13599,1.13619,83
2019.01.03,15:44,1.13615,1.13615,1.13571,1.13573,116
2019.01.03,15:45,1.13572,1.13611,1.13568,1.13595,105
2019.01.03,15:46,1.13594,1.13608,1.13575,1.13575,76
2019.01.03,15:47,1.13575,1.13591,1.13565,1.13586,95
2019.01.03,15:48,1.13585,1.13605,1.13583,1.13605,51
2019.01.03,15:49,1.13606,1.13624,1.13601,1.13618,80
2019.01.03,15:50,1.13618,1.13618,1.1359,1.136,108
2019.01.03,15:51,1.13599,1.13619,1.13577,1.13619,143
2019.01.03,15:52,1.1362,1.13634,1.13605,1.1363,113
2019.01.03,15:53,1.1363,1.13655,1.1363,1.1364,112
2019.01.03,15:54,1.1364,1.13644,1.13629,1.13633,95
2019.01.03,15:55,1.13633,1.13655,1.1363,1.13641,118
2019.01.03,15:56,1.13641,1.1366,1.13635,1.13635,104
2019.01.03,15:57,1.13635,1.13649,1.13631,1.13648,71
2019.01.03,15:58,1.13647,1.1365,1.13627,1.13638,93
2019.01.03,15:59,1.13638,1.13669,1.13638,1.13654,141
2019.01.03,16:00,1.13653,1.13694,1.13651,1.13691,159
2019.01.03,16:01,1.13691,1.13693,1.13679,1.13691,97
2019.01.03,16:02,1.13691,1.13698,1.13684,1.13686,101
2019.01.03,16:03,1.13689,1.13698,1.13682,1.13685,100
2019.01.03,16:04,1.13686,1.13704,1.13684,1.1369,110
2019.01.03,16:05,1.13693,1.13706,1.13685,1.13687,111
2019.01.03,16:06,1.13687,1.1369,1.13649,1.13654,150
2019.01.03,16:07,1.13651,1.13669,1.13647,1.13669,90
2019.01.03,16:08,1.13666,1.13671,1.1365,1.13671,85
2019.01.03,16:09,1.1367,1.1368,1.13667,1.1367,81
2019.01.03,16:10,1.13671,1.13689,1.13659,1.1368,86
2019.01.03,16:11,1.1368,1.13697,1.13678,1.13685,106
2019.01.03,16:12,1.13685,1.13697,1.13675,1.13676,96
2019.01.03,16:13,1.13676,1.13685,1.1365,1.13654,126
2019.01.03,16:14,1.13658,1.13682,1.13658,1.13682,114
2019.01.03,16:15,1.13681,1.13681,1.13659,1.13663,91
2019.01.03,16:16,1.13663,1.13672,1.13659,1.13665,67
2019.01.03,16:17,1.13664,1.13697,1.13649,1.13694,97
2019.01.03,16:18,1.13691,1.13704,1.13677,1.13678,75
2019.01.03,16:19,1.1368,1.13712,1.1368,1.13705,89
2019.01.03,16:20,1.13705,1.13724,1.13705,1.13714,87
2019.01.03,16:21,1.13713,1.13714,1.1369,1.13693,108
2019.01.03,16:22,1.13693,1.13701,1.13685,1.13685,92
2019.01.03,16:23,1.13688,1.13689,1.13657,1.13657,89
2019.01.03,16:24,1.13662,1.13673,1.13648,1.13662,119
2019.01.03,16:25,1.13663,1.13672,1.13646,1.13658,121
2019.01.03,16:26,1.13658,1.1368,1.13637,1.13643,125
2019.01.03,16:27,1.13642,1.13646,1.13628,1.13643,148
2019.01.03,16:28,1.13642,1.13663,1.13631,1.13663,149
2019.01.03,16:29,1.13663,1.13669,1.13647,1.13658,116
2019.01.03,16:30,1.1366,1.13666,1.1365,1.1366,161
2019.01.03,16:31,1.1366,1.13668,1.13638,1.13651,154
2019.01.03,16:32,1.1365,1.13678,1.1365,1.13673,125
2019.01.03,16:33,1.13673,1.13681,1.13653,1.13664,167
2019.01.03,16:34,1.13663,1.13681,1.13655,1.13669,165
2019.01.03,16:35,1.13669,1.13704,1.13668,1.13673,165
2019.01.03,16:36,1.13673,1.13678,1.13645,1.13654,123
2019.01.03,16:37,1.13654,1.13681,1.13653,1.13657,113
2019.01.03,16:38,1.1366,1.13667,1.13641,1.13665,166
2019.01.03,16:39,1.13664,1.13671,1.13651,1.13669,160
2019.01.03,16:40,1.13668,1.13677,1.13653,1.13657,138
2019.01.03,16:41,1.13658,1.13676,1.13654,1.13662,143
2019.01.03,16:42,1.13662,1.13675,1.13658,1.13674,141
2019.01.03,16:43,1.13671,1.13671,1.13639,1.13641,140
2019.01.03,16:44,1.13643,1.13664,1.13635,1.13657,153
2019.01.03,16:45,1.13656,1.13657,1.13625,1.13626,128
2019.01.03,16:46,1.13627,1.13644,1.13614,1.13644,101
2019.01.03,16:47,1.13646,1.13688,1.13646,1.1367,111
2019.01.03,16:48,1.13668,1.13671,1.13651,1.13651,116
2019.01.03,16:49,1.13651,1.13653,1.1364,1.1365,101
2019.01.03,16:50,1.1365,1.13651,1.13638,1.13638,132
2019.01.03,16:51,1.13641,1.13662,1.13639,1.13655,107
2019.01.03,16:52,1.13655,1.13678,1.13627,1.13629,102
2019.01.03,16:53,1.1363,1.13651,1.13629,1.13645,70
2019.01.03,16:54,1.13646,1.13657,1.13644,1.13645,50
2019.01.03,16:55,1.13644,1.13644,1.1362,1.13634,98
2019.01.03,16:56,1.13633,1.13634,1.13622,1.13628,79
2019.01.03,16:57,1.13627,1.13637,1.13624,1.13635,72
2019.01.03,16:58,1.13634,1.13659,1.1363,1.13653,83
2019.01.03,16:59,1.13652,1.13654,1.13634,1.1365,165
2019.01.03,17:00,1.13723,1.13885,1.13723,1.13837,467
2019.01.03,17:01,1.13835,1.13882,1.13835,1.13857,308
2019.01.03,17:02,1.13862,1.13945,1.13855,1.13945,265
2019.01.03,17:03,1.13946,1.13971,1.13912,1.13925,326
2019.01.03,17:04,1.13926,1.14006,1.13906,1.13962,296
2019.01.03,17:05,1.13957,1.13961,1.1391,1.1393,337
2019.01.03,17:06,1.1393,1.13945,1.13921,1.13931,229
2019.01.03,17:07,1.13931,1.14008,1.1393,1.13993,295
2019.01.03,17:08,1.13994,1.14046,1.13974,1.1402,318
2019.01.03,17:09,1.14016,1.1402,1.13946,1.13979,302
2019.01.03,17:10,1.13981,1.13982,1.13927,1.13941,248
2019.01.03,17:11,1.13941,1.13965,1.13925,1.13964,193
2019.01.03,17:12,1.13965,1.14002,1.13955,1.14002,190
2019.01.03,17:13,1.14007,1.14042,1.13994,1.14017,306
2019.01.03,17:14,1.14017,1.14057,1.14015,1.14015,248
2019.01.03,17:15,1.14016,1.14037,1.1398,1.14024,265
2019.01.03,17:16,1.14026,1.14071,1.14023,1.14061,192
2019.01.03,17:17,1.1406,1.14075,1.14035,1.14037,224
2019.01.03,17:18,1.14036,1.14058,1.14021,1.14021,219
2019.01.03,17:19,1.14022,1.14044,1.14021,1.14037,208
2019.01.03,17:20,1.14038,1.14093,1.14036,1.14086,206
2019.01.03,17:21,1.14086,1.14086,1.14038,1.14048,202
2019.01.03,17:22,1.1405,1.14052,1.14031,1.14034,180
2019.01.03,17:23,1.14034,1.14036,1.14004,1.14025,187
2019.01.03,17:24,1.14026,1.14044,1.13978,1.13978,174
2019.01.03,17:25,1.1398,1.13993,1.13951,1.1397,324
2019.01.03,17:26,1.13971,1.13979,1.1391,1.13913,354
2019.01.03,17:27,1.13914,1.13963,1.13906,1.13952,281
2019.01.03,17:28,1.13956,1.13993,1.13927,1.13935,221
2019.01.03,17:29,1.13935,1.13947,1.1392,1.13928,152
2019.01.03,17:30,1.13928,1.13945,1.13912,1.13941,194
2019.01.03,17:31,1.13943,1.13975,1.13937,1.13972,174
2019.01.03,17:32,1.13975,1.14002,1.13971,1.13985,179
2019.01.03,17:33,1.13984,1.13991,1.13928,1.13971,223
2019.01.03,17:34,1.13974,1.1398,1.13966,1.13974,200
2019.01.03,17:35,1.13975,1.14007,1.13965,1.13995,192
2019.01.03,17:36,1.13996,1.13996,1.13941,1.13961,221
2019.01.03,17:37,1.13957,1.13968,1.13946,1.13965,224
2019.01.03,17:38,1.13967,1.14007,1.13964,1.14007,215
2019.01.03,17:39,1.1401,1.14028,1.13994,1.13998,214
2019.01.03,17:40,1.14,1.14036,1.13977,1.13996,218
2019.01.03,17:41,1.13996,1.14004,1.13972,1.13978,238
2019.01.03,17:42,1.13977,1.13987,1.13956,1.13973,191
2019.01.03,17:43,1.13971,1.14003,1.13953,1.13996,196
2019.01.03,17:44,1.13997,1.14047,1.13993,1.1403,241
2019.01.03,17:45,1.14027,1.14027,1.13961,1.13965,188
2019.01.03,17:46,1.13966,1.1398,1.13946,1.13947,209
2019.01.03,17:47,1.13947,1.13966,1.13944,1.13955,183
2019.01.03,17:48,1.13955,1.1396,1.13925,1.13948,228
2019.01.03,17:49,1.13953,1.13981,1.1395,1.13981,193
2019.01.03,17:50,1.13985,1.14026,1.13964,1.13975,211
2019.01.03,17:51,1.13969,1.13983,1.13936,1.13943,242
2019.01.03,17:52,1.13944,1.13967,1.13926,1.13941,184
2019.01.03,17:53,1.13939,1.13978,1.13936,1.13963,234
2019.01.03,17:54,1.13964,1.13981,1.13944,1.13952,288
2019.01.03,17:55,1.13954,1.13954,1.13903,1.13903,197
2019.01.03,17:56,1.13902,1.13917,1.13866,1.13879,277
2019.01.03,17:57,1.13879,1.13896,1.13852,1.13858,250
2019.01.03,17:58,1.13859,1.13952,1.13859,1.13928,325
2019.01.03,17:59,1.13926,1.13944,1.13916,1.13927,238
2019.01.03,18:00,1.13927,1.13943,1.1391,1.13925,282
2019.01.03,18:01,1.13924,1.13926,1.13884,1.13921,280
2019.01.03,18:02,1.13919,1.13919,1.13872,1.13898,243
2019.01.03,18:03,1.13898,1.13898,1.1387,1.13875,160
2019.01.03,18:04,1.13879,1.13913,1.13879,1.13912,168
2019.01.03,18:05,1.13912,1.13932,1.1389,1.13931,193
2019.01.03,18:06,1.13927,1.13935,1.139,1.13901,172
2019.01.03,18:07,1.139,1.13911,1.13881,1.13881,169
2019.01.03,18:08,1.13881,1.13925,1.13881,1.13924,160
2019.01.03,18:09,1.13925,1.13941,1.13918,1.13938,139
2019.01.03,18:10,1.13937,1.13964,1.13937,1.13958,169
2019.01.03,18:11,1.13958,1.13959,1.13912,1.13935,192
2019.01.03,18:12,1.13937,1.13937,1.13905,1.13919,153
2019.01.03,18:13,1.13922,1.13923,1.13891,1.1391,153
2019.01.03,18:14,1.13912,1.13944,1.139,1.13944,150
2019.01.03,18:15,1.13944,1.13965,1.13934,1.13965,152
2019.01.03,18:16,1.13966,1.13967,1.13943,1.1395,173
2019.01.03,18:17,1.1395,1.13967,1.13942,1.13958,167
2019.01.03,18:18,1.1396,1.13974,1.13955,1.13967,138
2019.01.03,18:19,1.13967,1.13988,1.13967,1.13985,125
2019.01.03,18:20,1.13985,1.1399,1.13971,1.13986,196
2019.01.03,18:21,1.13987,1.14026,1.13986,1.14021,218
2019.01.03,18:22,1.14018,1.14103,1.14008,1.141,347
2019.01.03,18:23,1.14096,1.14109,1.1406,1.14074,296
2019.01.03,18:24,1.1407,1.14082,1.14047,1.14047,181
2019.01.03,18:25,1.14049,1.14051,1.14027,1.14037,218
2019.01.03,18:26,1.14035,1.1404,1.13994,1.14007,205
2019.01.03,18:27,1.14007,1.14013,1.13999,1.14008,144
2019.01.03,18:28,1.1401,1.14034,1.14006,1.14034,175
2019.01.03,18:29,1.14033,1.14065,1.14033,1.14065,138
2019.01.03,18:30,1.14064,1.14068,1.14035,1.14041,169
2019.01.03,18:31,1.14041,1.14042,1.13998,1.14017,192
2019.01.03,18:32,1.14018,1.14036,1.14005,1.14027,192
2019.01.03,18:33,1.14028,1.14047,1.1402,1.14038,170
2019.01.03,18:34,1.14037,1.14038,1.14014,1.14029,157
2019.01.03,18:35,1.14031,1.14031,1.13981,1.13987,152
2019.01.03,18:36,1.13985,1.14005,1.13971,1.13986,138
2019.01.03,18:37,1.13986,1.13993,1.13967,1.13967,174
2019.01.03,18:38,1.13967,1.13983,1.13948,1.13976,160
2019.01.03,18:39,1.13977,1.13989,1.13964,1.13975,185
2019.01.03,18:40,1.13975,1.13992,1.13947,1.13985,201
2019.01.03,18:41,1.13985,1.1399,1.13956,1.13968,159
2019.01.03,18:42,1.13967,1.13968,1.13923,1.13934,165
2019.01.03,18:43,1.13935,1.13937,1.13902,1.13921,199
2019.01.03,18:44,1.1392,1.13939,1.13878,1.13927,319
2019.01.03,18:45,1.13928,1.1393,1.13915,1.13918,161
2019.01.03,18:46,1.13919,1.13945,1.13919,1.13937,158
2019.01.03,18:47,1.13937,1.13943,1.13925,1.13939,163
2019.01.03,18:48,1.13935,1.13942,1.13924,1.13931,165
2019.01.03,18:49,1.13935,1.13957,1.13925,1.13957,213
2019.01.03,18:50,1.13959,1.13998,1.13954,1.13998,210
2019.01.03,18:51,1.13997,1.14018,1.13986,1.14018,214
2019.01.03,18:52,1.1402,1.14029,1.14014,1.14022,171
2019.01.03,18:53,1.14021,1.14025,1.14009,1.14023,138
2019.01.03,18:54,1.14024,1.14046,1.14021,1.14022,163
2019.01.03,18:55,1.14024,1.14032,1.14009,1.14017,131
2019.01.03,18:56,1.14017,1.1402,1.14009,1.14019,131
2019.01.03,18:57,1.14019,1.14019,1.14,1.14009,135
2019.01.03,18:58,1.14012,1.14035,1.14003,1.14008,155
2019.01.03,18:59,1.14007,1.14009,1.13982,1.13983,140
2019.01.03,19:00,1.13983,1.13987,1.13956,1.13956,186
2019.01.03,19:01,1.13957,1.13967,1.13956,1.13956,104
2019.01.03,19:02,1.13958,1.13959,1.13932,1.13947,169
2019.01.03,19:03,1.13951,1.13972,1.13948,1.13963,185
2019.01.03,19:04,1.13964,1.13983,1.1396,1.13968,170
2019.01.03,19:05,1.13968,1.1402,1.13968,1.1402,146
2019.01.03,19:06,1.1402,1.1403,1.14015,1.14029,81
2019.01.03,19:07,1.1403,1.14043,1.14016,1.1402,138
2019.01.03,19:08,1.14019,1.1404,1.14016,1.14019,106
2019.01.03,19:09,1.14019,1.14041,1.14012,1.14022,150
2019.01.03,19:10,1.14024,1.14035,1.14005,1.14006,133
2019.01.03,19:11,1.14004,1.14011,1.13986,1.1399,189
2019.01.03,19:12,1.13989,1.14004,1.13981,1.13989,166
2019.01.03,19:13,1.13989,1.13993,1.13979,1.13989,130
2019.01.03,19:14,1.13988,1.13993,1.13961,1.13962,131
2019.01.03,19:15,1.13963,1.13967,1.13949,1.13954,117
2019.01.03,19:16,1.13954,1.13988,1.1395,1.13988,146
2019.01.03,19:17,1.13987,1.14015,1.13984,1.13989,167
2019.01.03,19:18,1.1399,1.14009,1.1399,1.14008,101
2019.01.03,19:19,1.14014,1.14017,1.1398,1.13989,144
2019.01.03,19:20,1.1399,1.14014,1.13984,1.14003,118
2019.01.03,19:21,1.14001,1.14025,1.1398,1.1401,113
2019.01.03,19:22,1.14008,1.14029,1.14003,1.14021,104
2019.01.03,19:23,1.14023,1.14029,1.14017,1.14025,121
2019.01.03,19:24,1.14026,1.14027,1.14,1.14002,93
2019.01.03,19:25,1.14,1.14007,1.14,1.14,67
2019.01.03,19:26,1.14001,1.14015,1.14,1.1401,75
2019.01.03,19:27,1.14012,1.14017,1.14002,1.14017,55
2019.01.03,19:28,1.14016,1.14023,1.14008,1.14019,86
2019.01.03,19:29,1.14023,1.14029,1.14004,1.14014,124
2019.01.03,19:30,1.14012,1.14036,1.13999,1.14022,197
2019.01.03,19:31,1.14022,1.14034,1.14006,1.14034,159
2019.01.03,19:32,1.14033,1.14034,1.14024,1.14027,105
2019.01.03,19:33,1.14026,1.14058,1.14025,1.14029,134
2019.01.03,19:34,1.14028,1.14039,1.14021,1.1403,76
2019.01.03,19:35,1.14032,1.14045,1.14031,1.1404,99
2019.01.03,19:36,1.14039,1.14045,1.14009,1.1401,146
2019.01.03,19:37,1.14009,1.14021,1.14004,1.14021,99
2019.01.03,19:38,1.14021,1.14026,1.14014,1.14014,81
2019.01.03,19:39,1.14013,1.14015,1.13994,1.14004,89
2019.01.03,19:40,1.14003,1.14024,1.14,1.14018,85
2019.01.03,19:41,1.14018,1.14027,1.14014,1.14024,67
2019.01.03,19:42,1.14023,1.14037,1.1402,1.14029,67
2019.01.03,19:43,1.14029,1.14029,1.14019,1.1402,81
2019.01.03,19:44,1.14019,1.1402,1.14009,1.14011,68
2019.01.03,19:45,1.14011,1.14028,1.14011,1.14026,73
2019.01.03,19:46,1.14027,1.14033,1.14,1.14002,79
2019.01.03,19:47,1.14002,1.1402,1.14001,1.14002,68
2019.01.03,19:48,1.14003,1.14003,1.13972,1.13985,117
2019.01.03,19:49,1.13985,1.13994,1.13982,1.13985,61
2019.01.03,19:50,1.13983,1.1399,1.13982,1.13986,61
2019.01.03,19:51,1.13987,1.13991,1.13969,1.13969,84
2019.01.03,19:52,1.13965,1.13982,1.13962,1.13974,97
2019.01.03,19:53,1.13973,1.13973,1.13968,1.1397,57
2019.01.03,19:54,1.13972,1.13991,1.13972,1.13984,83
2019.01.03,19:55,1.13983,1.13985,1.13968,1.1397,72
2019.01.03,19:56,1.13968,1.1397,1.13953,1.13957,114
2019.01.03,19:57,1.13959,1.13967,1.13959,1.13963,111
2019.01.03,19:58,1.13961,1.13982,1.13955,1.13981,83
2019.01.03,19:59,1.13978,1.13995,1.13974,1.13987,136
2019.01.03,20:00,1.13984,1.13989,1.13963,1.13974,137
2019.01.03,20:01,1.13971,1.13998,1.13969,1.13997,113
2019.01.03,20:02,1.13995,1.13998,1.13989,1.1399,86
2019.01.03,20:03,1.13992,1.14012,1.13988,1.14007,94
2019.01.03,20:04,1.14007,1.14019,1.14002,1.14019,100
2019.01.03,20:05,1.14019,1.14049,1.14011,1.14042,128
2019.01.03,20:06,1.14041,1.14053,1.14041,1.14044,132
2019.01.03,20:07,1.14045,1.14048,1.14038,1.14038,86
2019.01.03,20:08,1.14034,1.14049,1.1403,1.14046,81
2019.01.03,20:09,1.14047,1.14057,1.14047,1.14049,58
2019.01.03,20:10,1.14048,1.1405,1.1402,1.1402,106
2019.01.03,20:11,1.14021,1.14024,1.14013,1.14016,70
2019.01.03,20:12,1.14017,1.14025,1.14004,1.14019,107
2019.01.03,20:13,1.14019,1.14019,1.13985,1.13989,68
2019.01.03,20:14,1.1399,1.13998,1.13981,1.13995,94
2019.01.03,20:15,1.13996,1.14008,1.13995,1.14007,80
2019.01.03,20:16,1.14005,1.14008,1.13982,1.13987,94
2019.01.03,20:17,1.13988,1.14037,1.13988,1.14037,146
2019.01.03,20:18,1.14036,1.14039,1.14027,1.14032,97
2019.01.03,20:19,1.14032,1.14036,1.14022,1.14033,120
2019.01.03,20:20,1.14034,1.14048,1.14031,1.14041,96
2019.01.03,20:21,1.14041,1.14046,1.14035,1.14041,83
2019.01.03,20:22,1.14042,1.14051,1.14023,1.14024,97
2019.01.03,20:23,1.14024,1.14025,1.14006,1.14016,102
2019.01.03,20:24,1.14018,1.14021,1.14008,1.14014,72
2019.01.03,20:25,1.14018,1.14034,1.14017,1.14033,61
2019.01.03,20:26,1.14034,1.14039,1.14028,1.14035,59
2019.01.03,20:27,1.14034,1.1405,1.14034,1.1405,60
2019.01.03,20:28,1.1405,1.14067,1.14049,1.14064,91
2019.01.03,20:29,1.14064,1.14064,1.14038,1.14038,56
2019.01.03,20:30,1.14037,1.14038,1.14022,1.14029,65
2019.01.03,20:31,1.14028,1.14031,1.14022,1.14027,61
2019.01.03,20:32,1.14025,1.14028,1.14013,1.1402,73
2019.01.03,20:33,1.14019,1.14029,1.14018,1.14021,83
2019.01.03,20:34,1.14021,1.14053,1.14021,1.1405,87
2019.01.03,20:35,1.14048,1.14049,1.14012,1.14014,87
2019.01.03,20:36,1.14015,1.14016,1.14004,1.14008,66
2019.01.03,20:37,1.14009,1.14024,1.14008,1.14013,73
2019.01.03,20:38,1.14014,1.14017,1.14004,1.14008,64
2019.01.03,20:39,1.14009,1.1401,1.13981,1.13989,89
2019.01.03,20:40,1.13992,1.14004,1.13991,1.14001,68
2019.01.03,20:41,1.13997,1.13999,1.13993,1.13993,41
2019.01.03,20:42,1.13993,1.13995,1.13987,1.13987,40
2019.01.03,20:43,1.13989,1.13995,1.13977,1.13994,82
2019.01.03,20:44,1.13991,1.13995,1.13985,1.13995,67
2019.01.03,20:45,1.13994,1.14003,1.13991,1.14,65
2019.01.03,20:46,1.14003,1.1403,1.14001,1.14028,94
2019.01.03,20:47,1.14027,1.14035,1.14022,1.1403,54
2019.01.03,20:48,1.14031,1.14033,1.14024,1.1403,59
2019.01.03,20:49,1.14031,1.14032,1.14013,1.14015,63
2019.01.03,20:50,1.14016,1.14019,1.13993,1.13998,69
2019.01.03,20:51,1.13997,1.1401,1.13996,1.14006,47
2019.01.03,20:52,1.14008,1.1401,1.13992,1.13993,75
2019.01.03,20:53,1.13994,1.14006,1.13993,1.14005,54
2019.01.03,20:54,1.14005,1.1401,1.13998,1.13999,56
2019.01.03,20:55,1.14003,1.14011,1.14,1.1401,65
2019.01.03,20:56,1.14011,1.14015,1.14005,1.14014,56
2019.01.03,20:57,1.14015,1.14037,1.14005,1.14031,77
2019.01.03,20:58,1.1403,1.14034,1.14024,1.14024,81
2019.01.03,20:59,1.14025,1.14025,1.14003,1.14007,89
2019.01.03,21:00,1.14008,1.14023,1.14001,1.14004,91
2019.01.03,21:01,1.14004,1.14012,1.13994,1.14003,92
2019.01.03,21:02,1.14003,1.14018,1.14003,1.14013,130
2019.01.03,21:03,1.14014,1.14024,1.14009,1.14021,71
2019.01.03,21:04,1.14021,1.14027,1.14016,1.14026,49
2019.01.03,21:05,1.14028,1.14039,1.1402,1.14037,82
2019.01.03,21:06,1.14036,1.14036,1.14025,1.14035,40
2019.01.03,21:07,1.14035,1.14039,1.14031,1.14036,32
2019.01.03,21:08,1.14035,1.14038,1.14022,1.14035,58
2019.01.03,21:09,1.14036,1.14039,1.14021,1.14021,52
2019.01.03,21:10,1.14023,1.14035,1.14014,1.14015,59
2019.01.03,21:11,1.14014,1.14022,1.14003,1.14003,50
2019.01.03,21:12,1.14001,1.14009,1.13996,1.14003,71
2019.01.03,21:13,1.14003,1.14006,1.14,1.14002,40
2019.01.03,21:14,1.14003,1.14004,1.13978,1.13978,73
2019.01.03,21:15,1.13979,1.13981,1.13971,1.13978,69
2019.01.03,21:16,1.13978,1.13997,1.13976,1.13995,54
2019.01.03,21:17,1.13994,1.14007,1.13989,1.13996,79
2019.01.03,21:18,1.13994,1.13999,1.13992,1.13998,44
2019.01.03,21:19,1.13999,1.14012,1.13999,1.14002,73
2019.01.03,21:20,1.14003,1.14003,1.1399,1.13996,59
2019.01.03,21:21,1.13997,1.14003,1.13991,1.13993,48
2019.01.03,21:22,1.13993,1.13993,1.13988,1.13989,38
2019.01.03,21:23,1.13989,1.13992,1.13984,1.13986,57
2019.01.03,21:24,1.13984,1.1399,1.13984,1.13988,39
2019.01.03,21:25,1.13988,1.13998,1.13988,1.13992,75
2019.01.03,21:26,1.13993,1.13996,1.13985,1.13992,56
2019.01.03,21:27,1.13992,1.13995,1.1399,1.13994,43
2019.01.03,21:28,1.13993,1.13994,1.13981,1.13983,28
2019.01.03,21:29,1.13982,1.13987,1.13982,1.13984,44
2019.01.03,21:30,1.13988,1.13993,1.13985,1.13986,28
2019.01.03,21:31,1.13987,1.13996,1.13987,1.13994,30
2019.01.03,21:32,1.14001,1.14006,1.13998,1.14005,31
2019.01.03,21:33,1.14005,1.14006,1.13993,1.13993,28
2019.01.03,21:34,1.13995,1.13996,1.13983,1.13984,28
2019.01.03,21:35,1.13983,1.13986,1.13927,1.13932,101
2019.01.03,21:36,1.13931,1.13932,1.13908,1.13908,137
2019.01.03,21:37,1.13906,1.13945,1.13904,1.13945,133
2019.01.03,21:38,1.13946,1.13947,1.13937,1.13947,102
2019.01.03,21:39,1.13947,1.13947,1.13905,1.13905,98
2019.01.03,21:40,1.13905,1.13913,1.13897,1.13913,111
2019.01.03,21:41,1.13914,1.13917,1.13903,1.1391,58
2019.01.03,21:42,1.13913,1.13925,1.13902,1.13904,74
2019.01.03,21:43,1.13903,1.13907,1.1383,1.13888,176
2019.01.03,21:44,1.13887,1.13902,1.13885,1.13902,77
2019.01.03,21:45,1.13902,1.13908,1.13888,1.13895,84
2019.01.03,21:46,1.13898,1.13902,1.13895,1.139,78
2019.01.03,21:47,1.13903,1.13919,1.13901,1.13913,67
2019.01.03,21:48,1.13914,1.1392,1.13912,1.13916,59
2019.01.03,21:49,1.13915,1.13946,1.13915,1.13941,86
2019.01.03,21:50,1.13942,1.13951,1.13933,1.13942,121
2019.01.03,21:51,1.13941,1.13949,1.13938,1.13949,85
2019.01.03,21:52,1.13949,1.13954,1.13944,1.13944,57
2019.01.03,21:53,1.13944,1.1395,1.13923,1.13929,76
2019.01.03,21:54,1.13928,1.13937,1.13919,1.13923,88
2019.01.03,21:55,1.13923,1.13945,1.1392,1.13921,94
2019.01.03,21:56,1.13922,1.13944,1.13922,1.13941,129
2019.01.03,21:57,1.13938,1.13945,1.13933,1.13937,55
2019.01.03,21:58,1.13936,1.1395,1.13906,1.13906,91
2019.01.03,21:59,1.13906,1.13924,1.13895,1.13914,207
2019.01.03,22:00,1.13913,1.13915,1.13897,1.13915,112
2019.01.03,22:01,1.13917,1.13944,1.13917,1.13938,112
2019.01.03,22:02,1.13941,1.13948,1.1394,1.13945,94
2019.01.03,22:03,1.13945,1.13948,1.13937,1.13945,81
2019.01.03,22:04,1.13946,1.1396,1.13941,1.13954,55
2019.01.03,22:05,1.13951,1.13967,1.1395,1.13957,104
2019.01.03,22:06,1.13955,1.13958,1.13947,1.13949,70
2019.01.03,22:07,1.13949,1.13993,1.13945,1.13989,212
2019.01.03,22:08,1.13992,1.13995,1.13978,1.13984,154
2019.01.03,22:09,1.13984,1.13997,1.1398,1.13982,160
2019.01.03,22:10,1.13982,1.13996,1.13981,1.13989,109
2019.01.03,22:11,1.1399,1.13998,1.13977,1.13977,113
2019.01.03,22:12,1.13976,1.13979,1.13951,1.13951,84
2019.01.03,22:13,1.1395,1.13962,1.13941,1.13962,84
2019.01.03,22:14,1.13962,1.13974,1.13962,1.13974,97
2019.01.03,22:15,1.13976,1.13979,1.1396,1.1397,88
2019.01.03,22:16,1.1397,1.13975,1.13963,1.1397,104
2019.01.03,22:17,1.13968,1.13971,1.13966,1.13968,26
2019.01.03,22:18,1.13968,1.13981,1.13966,1.13971,73
2019.01.03,22:19,1.13972,1.13982,1.1397,1.1398,80
2019.01.03,22:20,1.13979,1.1398,1.13964,1.1397,104
2019.01.03,22:21,1.1397,1.13985,1.13959,1.13984,94
2019.01.03,22:22,1.13984,1.1399,1.13981,1.13984,77
2019.01.03,22:23,1.13985,1.13994,1.13977,1.13987,85
2019.01.03,22:24,1.13989,1.13999,1.13986,1.13998,85
2019.01.03,22:25,1.14001,1.14003,1.13991,1.13991,61
2019.01.03,22:26,1.13992,1.14009,1.13985,1.14009,84
2019.01.03,22:27,1.14011,1.14014,1.14001,1.14014,72
2019.01.03,22:28,1.14013,1.14014,1.13995,1.13998,132
2019.01.03,22:29,1.13999,1.14002,1.13991,1.13997,114
2019.01.03,22:30,1.13997,1.13998,1.1399,1.1399,63
2019.01.03,22:31,1.13991,1.13993,1.1397,1.13982,93
2019.01.03,22:32,1.1398,1.1398,1.13967,1.13973,122
2019.01.03,22:33,1.13973,1.13975,1.13967,1.13969,63
2019.01.03,22:34,1.13971,1.13976,1.1397,1.13972,83
2019.01.03,22:35,1.13972,1.13978,1.13954,1.13961,109
2019.01.03,22:36,1.13961,1.13969,1.13947,1.13968,111
2019.01.03,22:37,1.13967,1.13979,1.13958,1.13978,109
2019.01.03,22:38,1.13979,1.13989,1.13974,1.13987,79
2019.01.03,22:39,1.13987,1.13991,1.13982,1.13988,65
2019.01.03,22:40,1.13989,1.13989,1.13973,1.13981,107
2019.01.03,22:41,1.13981,1.13982,1.13972,1.13978,56
2019.01.03,22:42,1.13978,1.1398,1.13971,1.13972,52
2019.01.03,22:43,1.13971,1.13972,1.1396,1.13964,50
2019.01.03,22:44,1.13963,1.13964,1.13947,1.1395,56
2019.01.03,22:45,1.13949,1.13966,1.13948,1.13964,60
2019.01.03,22:46,1.13965,1.13972,1.13965,1.1397,69
2019.01.03,22:47,1.13971,1.13988,1.13971,1.13982,60
2019.01.03,22:48,1.13982,1.13994,1.13982,1.13985,65
2019.01.03,22:49,1.13985,1.1399,1.1398,1.13985,47
2019.01.03,22:50,1.13986,1.1399,1.13977,1.13985,68
2019.01.03,22:51,1.13986,1.13988,1.13985,1.13986,39
2019.01.03,22:52,1.13987,1.13989,1.13985,1.13987,48
2019.01.03,22:53,1.13985,1.1399,1.13985,1.13987,22
2019.01.03,22:54,1.13987,1.13994,1.13983,1.13991,48
2019.01.03,22:55,1.13991,1.13995,1.13978,1.13994,76
2019.01.03,22:56,1.13994,1.14012,1.13986,1.14006,97
2019.01.03,22:57,1.14006,1.14006,1.13991,1.14,105
2019.01.03,22:58,1.14001,1.14001,1.13994,1.13997,62
2019.01.03,22:59,1.13997,1.14009,1.13978,1.13979,108
2019.01.03,23:00,1.13979,1.13979,1.1396,1.13966,119
2019.01.03,23:01,1.13967,1.13981,1.13967,1.13979,63
2019.01.03,23:02,1.1398,1.13988,1.13975,1.13984,66
2019.01.03,23:03,1.13985,1.13986,1.13982,1.13985,36
2019.01.03,23:04,1.13984,1.13993,1.13982,1.13982,28
2019.01.03,23:05,1.13981,1.13986,1.13981,1.13984,15
2019.01.03,23:06,1.13985,1.13986,1.13984,1.13985,16
2019.01.03,23:07,1.13984,1.13985,1.13981,1.13983,18
2019.01.03,23:08,1.13982,1.13984,1.13975,1.13977,35
2019.01.03,23:09,1.13975,1.13979,1.13975,1.13977,19
2019.01.03,23:10,1.13976,1.13981,1.13975,1.13976,33
2019.01.03,23:11,1.13976,1.13982,1.13976,1.13982,19
2019.01.03,23:12,1.13983,1.13983,1.13981,1.13981,14
2019.01.03,23:13,1.13982,1.13982,1.13981,1.13981,13
2019.01.03,23:14,1.13981,1.13983,1.13976,1.13978,25
2019.01.03,23:15,1.13978,1.13985,1.13978,1.13985,16
2019.01.03,23:16,1.13984,1.13987,1.13984,1.13986,18
2019.01.03,23:17,1.13986,1.13987,1.13985,1.13985,20
2019.01.03,23:18,1.13984,1.13987,1.13984,1.13985,12
2019.01.03,23:19,1.13986,1.13987,1.13985,1.13986,17
2019.01.03,23:20,1.13986,1.13988,1.13985,1.13986,17
2019.01.03,23:21,1.13985,1.13991,1.13985,1.13988,24
2019.01.03,23:22,1.13988,1.1399,1.13985,1.13988,26
2019.01.03,23:23,1.13989,1.1399,1.13986,1.13987,11
2019.01.03,23:24,1.13989,1.13994,1.13989,1.13994,12
2019.01.03,23:25,1.13991,1.13996,1.1399,1.1399,10
2019.01.03,23:26,1.13989,1.13989,1.13988,1.13988,8
2019.01.03,23:27,1.13988,1.13993,1.13986,1.13988,16
2019.01.03,23:28,1.13988,1.13988,1.13988,1.13988,2
2019.01.03,23:29,1.13988,1.13996,1.13985,1.13992,37
2019.01.03,23:30,1.13993,1.13995,1.13981,1.13981,61
2019.01.03,23:31,1.1398,1.13983,1.13975,1.13976,24
2019.01.03,23:32,1.13976,1.13982,1.13974,1.1398,43
2019.01.03,23:33,1.13979,1.13979,1.13969,1.13974,65
2019.01.03,23:34,1.13977,1.13977,1.1397,1.13971,35
2019.01.03,23:35,1.1397,1.13972,1.1396,1.13964,45
2019.01.03,23:36,1.13964,1.1397,1.13964,1.13965,31
2019.01.03,23:37,1.13966,1.13967,1.13955,1.13958,26
2019.01.03,23:38,1.13956,1.13961,1.13948,1.13958,35
2019.01.03,23:39,1.1396,1.13965,1.13958,1.13965,26
2019.01.03,23:40,1.13965,1.13969,1.13964,1.13969,41
2019.01.03,23:41,1.13968,1.13972,1.13967,1.13968,22
2019.01.03,23:42,1.13971,1.13971,1.13955,1.13959,35
2019.01.03,23:43,1.13957,1.13965,1.13955,1.13961,34
2019.01.03,23:44,1.13963,1.13967,1.13963,1.13963,28
2019.01.03,23:45,1.13962,1.13962,1.13954,1.13959,20
2019.01.03,23:46,1.13963,1.13968,1.13962,1.13962,21
2019.01.03,23:47,1.13963,1.13967,1.13957,1.13962,41
2019.01.03,23:48,1.13963,1.1397,1.13961,1.13964,34
2019.01.03,23:49,1.13963,1.13963,1.13952,1.13954,60
2019.01.03,23:50,1.13953,1.13957,1.13942,1.13953,40
2019.01.03,23:51,1.13954,1.13954,1.13951,1.13953,58
2019.01.03,23:52,1.13952,1.13952,1.13937,1.13938,64
2019.01.03,23:53,1.13939,1.13942,1.13938,1.13938,26
2019.01.03,23:54,1.13936,1.1394,1.13934,1.13938,18
2019.01.03,23:55,1.13941,1.13945,1.13939,1.13945,23
2019.01.03,23:56,1.13944,1.13946,1.13944,1.13944,7
2019.01.03,23:59,1.13934,1.13938,1.13921,1.13921,42
2019.01.04,00:00,1.13921,1.13921,1.13921,1.13921,1
2019.01.04,00:01,1.13921,1.13921,1.13921,1.13921,2
2019.01.04,00:02,1.13921,1.13923,1.13921,1.13923,2
2019.01.04,00:03,1.13923,1.13923,1.13923,1.13923,1
2019.01.04,00:05,1.13922,1.13926,1.13922,1.13923,9
2019.01.04,00:06,1.13923,1.13924,1.13923,1.13923,11
2019.01.04,00:07,1.13923,1.13925,1.13923,1.13923,24
2019.01.04,00:08,1.13924,1.13924,1.13923,1.13923,2
2019.01.04,00:10,1.13858,1.13885,1.13848,1.13885,41
2019.01.04,00:11,1.13885,1.13913,1.13878,1.13902,22
2019.01.04,00:12,1.13901,1.13903,1.13897,1.13901,22
2019.01.04,00:13,1.139,1.13905,1.13898,1.139,44
2019.01.04,00:14,1.13898,1.139,1.13896,1.13896,21
2019.01.04,00:15,1.13895,1.13898,1.13894,1.13894,26
2019.01.04,00:16,1.13895,1.13899,1.13893,1.13893,35
2019.01.04,00:17,1.13893,1.13893,1.13877,1.13878,17
2019.01.04,00:18,1.13875,1.13906,1.13875,1.13905,34
2019.01.04,00:19,1.13903,1.13908,1.13903,1.13907,18
2019.01.04,00:20,1.13906,1.13909,1.13893,1.13893,24
2019.01.04,00:21,1.13893,1.13893,1.13873,1.13886,44
2019.01.04,00:22,1.13888,1.13949,1.13886,1.13922,55
2019.01.04,00:23,1.13922,1.13953,1.13887,1.13908,55
2019.01.04,00:24,1.13935,1.13935,1.13891,1.13904,35
2019.01.04,00:25,1.13904,1.13917,1.13904,1.1391,34
2019.01.04,00:26,1.1391,1.13915,1.13906,1.13911,17
2019.01.04,00:27,1.13911,1.1392,1.1391,1.13913,32
2019.01.04,00:28,1.13913,1.13969,1.13913,1.1394,50
2019.01.04,00:29,1.13937,1.1396,1.13937,1.13958,44
2019.01.04,00:30,1.13943,1.13945,1.13873,1.13909,43
2019.01.04,00:31,1.13909,1.1392,1.13907,1.1392,27
2019.01.04,00:32,1.13919,1.13921,1.13907,1.13912,25
2019.01.04,00:33,1.13912,1.13918,1.13906,1.13917,35
2019.01.04,00:34,1.13916,1.13918,1.13908,1.13916,25
2019.01.04,00:35,1.13914,1.13979,1.13914,1.13923,178
2019.01.04,00:36,1.13923,1.13931,1.13913,1.13929,252
2019.01.04,00:37,1.13924,1.13945,1.13919,1.13933,212
2019.01.04,00:38,1.1393,1.13935,1.13928,1.13929,172
2019.01.04,00:39,1.13928,1.13932,1.13928,1.13929,149
2019.01.04,00:40,1.13929,1.13933,1.13929,1.13933,14
2019.01.04,00:41,1.13932,1.13948,1.13932,1.13934,39
2019.01.04,00:42,1.13934,1.13934,1.13934,1.13934,20
2019.01.04,00:43,1.13934,1.13936,1.13933,1.13933,9
2019.01.04,00:44,1.13933,1.13933,1.13931,1.13933,4
2019.01.04,00:45,1.13931,1.13933,1.13929,1.13933,6
2019.01.04,00:46,1.13933,1.13933,1.1393,1.13933,7
2019.01.04,00:47,1.13933,1.13935,1.13929,1.13934,17
2019.01.04,00:48,1.13935,1.13935,1.1393,1.13934,22
2019.01.04,00:49,1.13933,1.13935,1.13933,1.13935,10
2019.01.04,00:50,1.13935,1.13935,1.13935,1.13935,1
2019.01.04,00:51,1.13933,1.13934,1.13931,1.13932,16
2019.01.04,00:52,1.13931,1.13931,1.1393,1.1393,9
2019.01.04,00:53,1.1393,1.13931,1.1393,1.13931,6
2019.01.04,00:54,1.1393,1.13931,1.1393,1.1393,6
2019.01.04,00:55,1.13932,1.13933,1.13931,1.13933,12
2019.01.04,00:56,1.13932,1.13934,1.13931,1.13933,10
2019.01.04,00:57,1.13934,1.13934,1.13932,1.13933,6
2019.01.04,00:58,1.13932,1.13935,1.13932,1.13933,4
2019.01.04,00:59,1.13932,1.13932,1.13931,1.13931,4
2019.01.04,01:00,1.13927,1.1394,1.13927,1.13933,111
2019.01.04,01:01,1.13933,1.13937,1.13932,1.13935,64
2019.01.04,01:02,1.13936,1.13939,1.13933,1.13935,26
2019.01.04,01:03,1.13935,1.13942,1.13934,1.13939,20
2019.01.04,01:04,1.13942,1.13944,1.13942,1.13944,9
2019.01.04,01:05,1.13945,1.13951,1.13941,1.13948,50
2019.01.04,01:06,1.13947,1.13947,1.13941,1.13942,61
2019.01.04,01:07,1.13943,1.13946,1.13941,1.13942,48
2019.01.04,01:08,1.13943,1.13946,1.13933,1.13933,53
2019.01.04,01:09,1.13934,1.13937,1.13932,1.13933,35
2019.01.04,01:10,1.13932,1.13933,1.13913,1.1392,200
2019.01.04,01:11,1.13919,1.1392,1.13915,1.13918,46
2019.01.04,01:12,1.13917,1.13917,1.13898,1.13898,62
2019.01.04,01:13,1.13898,1.13905,1.13895,1.13899,109
2019.01.04,01:14,1.139,1.13915,1.139,1.13908,121
2019.01.04,01:15,1.13911,1.13921,1.13911,1.13916,35
2019.01.04,01:16,1.13915,1.13916,1.13913,1.13915,22
2019.01.04,01:17,1.13915,1.13917,1.13913,1.13915,30
2019.01.04,01:18,1.13914,1.13958,1.13912,1.13947,57
2019.01.04,01:19,1.13947,1.13948,1.13928,1.13944,65
2019.01.04,01:20,1.13943,1.13949,1.13937,1.13944,48
2019.01.04,01:21,1.13943,1.13944,1.13939,1.1394,59
2019.01.04,01:22,1.13944,1.13951,1.13943,1.1395,93
2019.01.04,01:23,1.1395,1.13952,1.13948,1.13951,32
2019.01.04,01:24,1.13952,1.13955,1.13923,1.13935,77
2019.01.04,01:25,1.13935,1.13939,1.13919,1.13933,72
2019.01.04,01:26,1.13933,1.13937,1.13929,1.13929,44
2019.01.04,01:27,1.13929,1.13934,1.13928,1.13933,30
2019.01.04,01:28,1.13932,1.13935,1.13932,1.13935,23
2019.01.04,01:29,1.13935,1.13939,1.13933,1.13939,30
2019.01.04,01:30,1.1394,1.1394,1.13938,1.13938,13
2019.01.04,01:31,1.1394,1.13942,1.1394,1.13941,8
2019.01.04,01:32,1.13941,1.13941,1.13939,1.13941,13
2019.01.04,01:33,1.13941,1.13949,1.13939,1.13939,22
2019.01.04,01:34,1.13938,1.13941,1.13931,1.13938,66
2019.01.04,01:35,1.13939,1.13946,1.13935,1.13945,24
2019.01.04,01:36,1.13945,1.13952,1.13945,1.13951,33
2019.01.04,01:37,1.13951,1.1396,1.1395,1.13959,52
2019.01.04,01:38,1.13958,1.13963,1.13954,1.13957,36
2019.01.04,01:39,1.13959,1.13962,1.13958,1.13961,17
2019.01.04,01:40,1.1396,1.13961,1.13959,1.1396,10
2019.01.04,01:41,1.13962,1.13965,1.13957,1.13957,34
2019.01.04,01:42,1.13955,1.13956,1.13953,1.13953,18
2019.01.04,01:43,1.13955,1.13957,1.13951,1.13952,20
2019.01.04,01:44,1.13952,1.13952,1.13935,1.13936,28
2019.01.04,01:45,1.13935,1.13945,1.13935,1.13941,50
2019.01.04,01:46,1.13938,1.13941,1.13932,1.13932,32
2019.01.04,01:47,1.13932,1.13939,1.13932,1.13938,31
2019.01.04,01:48,1.13935,1.13935,1.13932,1.13933,8
2019.01.04,01:49,1.13933,1.13933,1.13933,1.13933,2
2019.01.04,01:50,1.13934,1.13938,1.13933,1.13937,13
2019.01.04,01:51,1.13939,1.13939,1.13928,1.13928,11
2019.01.04,01:52,1.13925,1.13927,1.13923,1.13924,32
2019.01.04,01:53,1.13924,1.13929,1.13918,1.13921,48
2019.01.04,01:54,1.1392,1.13921,1.13913,1.13913,21
2019.01.04,01:55,1.13913,1.13918,1.13898,1.13903,35
2019.01.04,01:56,1.13903,1.13906,1.13903,1.13906,12
2019.01.04,01:57,1.13907,1.13908,1.13906,1.13906,9
2019.01.04,01:58,1.13905,1.13907,1.13904,1.13906,13
2019.01.04,01:59,1.13907,1.13907,1.13898,1.13903,32
2019.01.04,02:00,1.13904,1.13914,1.13893,1.13914,99
2019.01.04,02:01,1.13916,1.13931,1.13915,1.13924,115
2019.01.04,02:02,1.13924,1.1393,1.13916,1.13924,133
2019.01.04,02:03,1.13924,1.13927,1.13908,1.13908,110
2019.01.04,02:04,1.13907,1.13913,1.13902,1.13905,93
2019.01.04,02:05,1.13905,1.13936,1.13904,1.13933,103
2019.01.04,02:06,1.13934,1.13959,1.13933,1.1394,106
2019.01.04,02:07,1.13939,1.13943,1.13932,1.1394,86
2019.01.04,02:08,1.13939,1.13946,1.13938,1.13945,23
2019.01.04,02:09,1.13945,1.13948,1.1394,1.13946,80
2019.01.04,02:10,1.13945,1.13949,1.13943,1.13944,45
2019.01.04,02:11,1.13943,1.13944,1.13912,1.13923,107
2019.01.04,02:12,1.13925,1.13935,1.13917,1.1393,64
2019.01.04,02:13,1.1393,1.1393,1.13914,1.13921,56
2019.01.04,02:14,1.13922,1.13929,1.13919,1.13926,67
2019.01.04,02:15,1.13925,1.13931,1.13917,1.13924,86
2019.01.04,02:16,1.13925,1.13943,1.13924,1.13938,87
2019.01.04,02:17,1.13937,1.13949,1.13936,1.13948,66
2019.01.04,02:18,1.13949,1.13949,1.13938,1.13939,53
2019.01.04,02:19,1.13941,1.13944,1.13932,1.13943,61
2019.01.04,02:20,1.13944,1.13956,1.13943,1.13956,53
2019.01.04,02:21,1.13955,1.13961,1.13953,1.13959,49
2019.01.04,02:22,1.1396,1.1396,1.13948,1.13952,48
2019.01.04,02:23,1.13952,1.13972,1.13952,1.13966,53
2019.01.04,02:24,1.13967,1.13968,1.13958,1.13964,63
2019.01.04,02:25,1.13965,1.13971,1.13965,1.13967,41
2019.01.04,02:26,1.13968,1.13977,1.13966,1.13969,68
2019.01.04,02:27,1.13969,1.13973,1.13968,1.13969,31
2019.01.04,02:28,1.13968,1.13972,1.13968,1.13972,6
2019.01.04,02:29,1.13972,1.13973,1.13968,1.13969,22
2019.01.04,02:30,1.1397,1.13975,1.13967,1.13973,32
2019.01.04,02:31,1.13973,1.13973,1.1396,1.13967,34
2019.01.04,02:32,1.13967,1.13969,1.13963,1.13966,46
2019.01.04,02:33,1.13967,1.13975,1.13967,1.13973,76
2019.01.04,02:34,1.13974,1.13982,1.1397,1.13972,44
2019.01.04,02:35,1.13973,1.13984,1.13971,1.13984,61
2019.01.04,02:36,1.13983,1.13984,1.13977,1.13982,27
2019.01.04,02:37,1.13983,1.13986,1.13977,1.13983,62
2019.01.04,02:38,1.13981,1.13987,1.13975,1.13985,36
2019.01.04,02:39,1.13984,1.13986,1.13982,1.13985,45
2019.01.04,02:40,1.13984,1.13992,1.13981,1.13986,73
2019.01.04,02:41,1.13986,1.13991,1.13982,1.1399,60
2019.01.04,02:42,1.13989,1.13989,1.13981,1.13982,49
2019.01.04,02:43,1.13983,1.13991,1.1398,1.13991,30
2019.01.04,02:44,1.13992,1.14002,1.13991,1.14001,19
2019.01.04,02:45,1.14,1.14003,1.13995,1.13999,54
2019.01.04,02:46,1.13999,1.14004,1.13997,1.14003,53
2019.01.04,02:47,1.14002,1.14002,1.13996,1.14,38
2019.01.04,02:48,1.14,1.14001,1.13999,1.14001,46
2019.01.04,02:49,1.14001,1.14008,1.14001,1.14007,42
2019.01.04,02:50,1.14008,1.14013,1.14008,1.14012,27
2019.01.04,02:51,1.14012,1.14015,1.14011,1.14011,18
2019.01.04,02:52,1.14011,1.14013,1.14009,1.14013,25
2019.01.04,02:53,1.14012,1.14013,1.1401,1.14012,22
2019.01.04,02:54,1.14013,1.14017,1.14008,1.14014,72
2019.01.04,02:55,1.14015,1.14026,1.14014,1.14017,64
2019.01.04,02:56,1.14017,1.14026,1.14016,1.14024,55
2019.01.04,02:57,1.14024,1.14046,1.14022,1.14044,59
2019.01.04,02:58,1.14045,1.14046,1.14034,1.1404,77
2019.01.04,02:59,1.1404,1.14056,1.14039,1.14052,73
2019.01.04,03:00,1.14052,1.14064,1.14047,1.14064,96
2019.01.04,03:01,1.14067,1.14092,1.14067,1.14088,75
2019.01.04,03:02,1.14087,1.14116,1.1408,1.14094,83
2019.01.04,03:03,1.14094,1.1411,1.14089,1.14089,71
2019.01.04,03:04,1.14089,1.14089,1.14073,1.14081,57
2019.01.04,03:05,1.14081,1.14081,1.14059,1.1406,72
2019.01.04,03:06,1.14059,1.14061,1.14052,1.14059,47
2019.01.04,03:07,1.14059,1.14059,1.14054,1.14059,20
2019.01.04,03:08,1.14059,1.1406,1.14055,1.14055,47
2019.01.04,03:09,1.14055,1.14062,1.14047,1.14062,57
2019.01.04,03:10,1.14062,1.14067,1.1406,1.14063,67
2019.01.04,03:11,1.14065,1.14072,1.14065,1.14068,45
2019.01.04,03:12,1.14068,1.14068,1.1406,1.14061,51
2019.01.04,03:13,1.1406,1.14063,1.14053,1.14057,38
2019.01.04,03:14,1.14058,1.14058,1.14043,1.14043,60
2019.01.04,03:15,1.14043,1.14048,1.14042,1.14044,45
2019.01.04,03:16,1.14044,1.14051,1.14044,1.14048,32
2019.01.04,03:17,1.14048,1.14054,1.14044,1.14051,77
2019.01.04,03:18,1.14054,1.1406,1.14054,1.1406,28
2019.01.04,03:19,1.14059,1.1406,1.14054,1.14055,27
2019.01.04,03:20,1.14055,1.14062,1.14047,1.14057,69
2019.01.04,03:21,1.14057,1.14059,1.14053,1.14058,47
2019.01.04,03:22,1.14058,1.14058,1.14051,1.14055,54
2019.01.04,03:23,1.14054,1.1406,1.14051,1.1406,39
2019.01.04,03:24,1.1406,1.14066,1.14059,1.14066,50
2019.01.04,03:25,1.14066,1.1408,1.14064,1.14079,54
2019.01.04,03:26,1.14079,1.14083,1.14068,1.14082,61
2019.01.04,03:27,1.14083,1.14085,1.14081,1.14082,39
2019.01.04,03:28,1.14083,1.14087,1.14082,1.14085,36
2019.01.04,03:29,1.14085,1.14091,1.14084,1.14089,50
2019.01.04,03:30,1.1409,1.14093,1.14087,1.14091,64
2019.01.04,03:31,1.1409,1.14091,1.14077,1.14078,71
2019.01.04,03:32,1.14078,1.14098,1.14074,1.14097,59
2019.01.04,03:33,1.14097,1.14101,1.14094,1.141,68
2019.01.04,03:34,1.141,1.14105,1.14094,1.14095,38
2019.01.04,03:35,1.14097,1.14097,1.14087,1.1409,46
2019.01.04,03:36,1.1409,1.14095,1.14084,1.14084,63
2019.01.04,03:37,1.14083,1.14088,1.14072,1.14072,77
2019.01.04,03:38,1.14073,1.14078,1.14071,1.14074,43
2019.01.04,03:39,1.14075,1.14075,1.14071,1.14072,45
2019.01.04,03:40,1.14072,1.14081,1.1407,1.14078,67
2019.01.04,03:41,1.14079,1.1408,1.14076,1.14077,39
2019.01.04,03:42,1.14077,1.14077,1.14071,1.14071,33
2019.01.04,03:43,1.14072,1.14075,1.1407,1.14072,15
2019.01.04,03:44,1.14071,1.14071,1.14065,1.14065,20
2019.01.04,03:45,1.14065,1.14068,1.1406,1.14063,43
2019.01.04,03:46,1.14066,1.14075,1.14066,1.1407,54
2019.01.04,03:47,1.14071,1.14086,1.14066,1.14075,94
2019.01.04,03:48,1.14075,1.14075,1.14056,1.14063,128
2019.01.04,03:49,1.14062,1.14066,1.14054,1.14066,64
2019.01.04,03:50,1.14069,1.14069,1.14055,1.14061,88
2019.01.04,03:51,1.1406,1.1406,1.14048,1.1405,71
2019.01.04,03:52,1.14049,1.14049,1.1404,1.1404,97
2019.01.04,03:53,1.1404,1.14047,1.14039,1.14042,64
2019.01.04,03:54,1.14042,1.14052,1.14034,1.14034,98
2019.01.04,03:55,1.14034,1.14039,1.14028,1.14029,70
2019.01.04,03:56,1.14029,1.1404,1.14029,1.14035,36
2019.01.04,03:57,1.14035,1.14036,1.14031,1.14035,44
2019.01.04,03:58,1.14036,1.14043,1.14035,1.14043,36
2019.01.04,03:59,1.14042,1.14044,1.1404,1.14041,35
2019.01.04,04:00,1.14042,1.14042,1.14041,1.14041,13
2019.01.04,04:01,1.14042,1.14042,1.14035,1.14037,38
2019.01.04,04:02,1.14037,1.14044,1.14037,1.14041,22
2019.01.04,04:03,1.14042,1.14042,1.1404,1.1404,26
2019.01.04,04:04,1.1404,1.14042,1.14035,1.14035,27
2019.01.04,04:05,1.14035,1.14039,1.14033,1.14037,29
2019.01.04,04:06,1.14037,1.14037,1.14035,1.14036,7
2019.01.04,04:07,1.14036,1.14036,1.14025,1.14027,36
2019.01.04,04:08,1.14027,1.1403,1.14025,1.14027,87
2019.01.04,04:09,1.14027,1.14032,1.14026,1.14029,62
2019.01.04,04:10,1.1403,1.14035,1.14027,1.14035,20
2019.01.04,04:11,1.14035,1.14039,1.14033,1.14037,25
2019.01.04,04:12,1.14035,1.14061,1.14034,1.14061,35
2019.01.04,04:13,1.14061,1.14063,1.14058,1.14063,22
2019.01.04,04:14,1.14063,1.14069,1.1406,1.14061,34
2019.01.04,04:15,1.14061,1.14061,1.14055,1.14055,20
2019.01.04,04:16,1.14057,1.14057,1.14055,1.14055,15
2019.01.04,04:17,1.14055,1.14057,1.14054,1.14057,9
2019.01.04,04:18,1.14057,1.14068,1.14057,1.14068,24
2019.01.04,04:19,1.14068,1.14069,1.14068,1.14068,14
2019.01.04,04:20,1.14067,1.14067,1.14064,1.14067,27
2019.01.04,04:21,1.1407,1.14077,1.14068,1.14074,36
2019.01.04,04:22,1.14074,1.14075,1.14067,1.14068,67
2019.01.04,04:23,1.14069,1.14075,1.14066,1.14071,45
2019.01.04,04:24,1.1407,1.14073,1.14056,1.14056,50
2019.01.04,04:25,1.14057,1.14057,1.14051,1.14051,56
2019.01.04,04:26,1.14051,1.14051,1.14045,1.14047,35
2019.01.04,04:27,1.14046,1.1405,1.14029,1.1404,66
2019.01.04,04:28,1.14039,1.14039,1.14021,1.14025,94
2019.01.04,04:29,1.14025,1.1403,1.14019,1.1402,53
2019.01.04,04:30,1.14019,1.14019,1.14007,1.14011,70
2019.01.04,04:31,1.14012,1.14018,1.1401,1.14011,39
2019.01.04,04:32,1.14011,1.14014,1.14002,1.14005,72
2019.01.04,04:33,1.14006,1.14008,1.14002,1.14007,31
2019.01.04,04:34,1.14007,1.14012,1.14002,1.14011,21
2019.01.04,04:35,1.14011,1.14012,1.14001,1.14006,51
2019.01.04,04:36,1.14007,1.14021,1.14007,1.1402,44
2019.01.04,04:37,1.14019,1.14022,1.14019,1.14022,36
2019.01.04,04:38,1.14021,1.14023,1.14019,1.14021,30
2019.01.04,04:39,1.14021,1.14023,1.14012,1.14013,36
2019.01.04,04:40,1.14012,1.14014,1.14005,1.14006,50
2019.01.04,04:41,1.14006,1.14009,1.14003,1.14006,32
2019.01.04,04:42,1.14005,1.14005,1.13999,1.14,35
2019.01.04,04:43,1.14001,1.14002,1.13997,1.14001,31
2019.01.04,04:44,1.14001,1.14005,1.14001,1.14001,33
2019.01.04,04:45,1.14001,1.14002,1.13998,1.14001,14
2019.01.04,04:46,1.14001,1.14003,1.13995,1.14001,29
2019.01.04,04:47,1.14001,1.14001,1.13995,1.14001,31
2019.01.04,04:48,1.14,1.14001,1.13995,1.13996,14
2019.01.04,04:49,1.13997,1.14002,1.13995,1.13998,59
2019.01.04,04:50,1.13997,1.14006,1.13994,1.14006,33
2019.01.04,04:51,1.14006,1.14006,1.14004,1.14005,16
2019.01.04,04:52,1.14006,1.14006,1.13996,1.13998,31
2019.01.04,04:53,1.13997,1.14001,1.13997,1.14,22
2019.01.04,04:54,1.14002,1.14002,1.13997,1.14002,29
2019.01.04,04:55,1.14001,1.14002,1.13995,1.13997,30
2019.01.04,04:56,1.13997,1.14001,1.13995,1.13997,30
2019.01.04,04:57,1.13996,1.13997,1.1398,1.13986,65
2019.01.04,04:58,1.13987,1.13987,1.13976,1.13979,28
2019.01.04,04:59,1.13979,1.13986,1.13975,1.13977,56
2019.01.04,05:00,1.13975,1.13976,1.13967,1.13972,64
2019.01.04,05:01,1.13973,1.13973,1.13964,1.13965,86
2019.01.04,05:02,1.13965,1.13968,1.13956,1.13956,55
2019.01.04,05:03,1.13957,1.13961,1.13942,1.13946,65
2019.01.04,05:04,1.13945,1.13948,1.13937,1.13938,63
2019.01.04,05:05,1.13939,1.1394,1.13928,1.13937,44
2019.01.04,05:06,1.13939,1.1394,1.13918,1.13927,70
2019.01.04,05:07,1.13927,1.13933,1.13917,1.13931,68
2019.01.04,05:08,1.13933,1.13936,1.13933,1.13935,12
2019.01.04,05:09,1.13936,1.13936,1.13926,1.13926,39
2019.01.04,05:10,1.13927,1.13927,1.13901,1.13904,51
2019.01.04,05:11,1.13904,1.13905,1.139,1.13904,47
2019.01.04,05:12,1.13904,1.13905,1.13895,1.13895,67
2019.01.04,05:13,1.13893,1.13893,1.13882,1.13889,76
2019.01.04,05:14,1.13888,1.13895,1.13882,1.13882,45
2019.01.04,05:15,1.13882,1.13906,1.13881,1.13902,101
2019.01.04,05:16,1.13901,1.13913,1.13901,1.13913,71
2019.01.04,05:17,1.13913,1.13913,1.13906,1.13912,31
2019.01.04,05:18,1.13912,1.13921,1.13909,1.13917,44
2019.01.04,05:19,1.13917,1.13922,1.13913,1.13913,47
2019.01.04,05:20,1.13913,1.13922,1.13912,1.13921,40
2019.01.04,05:21,1.13922,1.13922,1.13911,1.13911,45
2019.01.04,05:22,1.13914,1.13932,1.13911,1.13932,51
2019.01.04,05:23,1.13931,1.13942,1.13926,1.13941,59
2019.01.04,05:24,1.13942,1.13952,1.13938,1.13943,57
2019.01.04,05:25,1.13944,1.13948,1.13937,1.13948,52
2019.01.04,05:26,1.13947,1.13952,1.13946,1.13952,37
2019.01.04,05:27,1.13951,1.13956,1.13951,1.13952,51
2019.01.04,05:28,1.13949,1.13951,1.13937,1.13937,92
2019.01.04,05:29,1.13937,1.13947,1.13937,1.13945,43
2019.01.04,05:30,1.13946,1.13948,1.13932,1.13948,71
2019.01.04,05:31,1.13947,1.13953,1.1394,1.13943,57
2019.01.04,05:32,1.13943,1.13963,1.13943,1.13962,28
2019.01.04,05:33,1.13962,1.13964,1.13955,1.13961,72
2019.01.04,05:34,1.1396,1.13967,1.13955,1.13959,52
2019.01.04,05:35,1.13958,1.13968,1.13949,1.13963,86
2019.01.04,05:36,1.13962,1.13967,1.1396,1.13962,53
2019.01.04,05:37,1.13962,1.13963,1.13957,1.13962,41
2019.01.04,05:38,1.13962,1.13962,1.13957,1.13961,50
2019.01.04,05:39,1.1396,1.13962,1.13957,1.13961,20
2019.01.04,05:40,1.13962,1.13962,1.13956,1.13957,35
2019.01.04,05:41,1.13957,1.13957,1.13945,1.1395,54
2019.01.04,05:42,1.1395,1.13951,1.13946,1.13949,38
2019.01.04,05:43,1.1395,1.1395,1.13945,1.13945,17
2019.01.04,05:44,1.13945,1.13947,1.13943,1.13943,31
2019.01.04,05:45,1.13944,1.13947,1.13944,1.13946,25
2019.01.04,05:46,1.13945,1.13956,1.13945,1.13954,43
2019.01.04,05:47,1.13954,1.13955,1.13952,1.13954,33
2019.01.04,05:48,1.13954,1.13955,1.13949,1.13951,41
2019.01.04,05:49,1.1395,1.13956,1.13949,1.13954,43
2019.01.04,05:50,1.13954,1.13963,1.13952,1.13962,26
2019.01.04,05:51,1.13962,1.13972,1.13961,1.13971,42
2019.01.04,05:52,1.13971,1.13982,1.13971,1.1398,45
2019.01.04,05:53,1.13981,1.13981,1.13974,1.13975,39
2019.01.04,05:54,1.13975,1.13987,1.13975,1.13983,36
2019.01.04,05:55,1.13981,1.13981,1.13978,1.13979,26
2019.01.04,05:56,1.13977,1.13983,1.13973,1.13977,38
2019.01.04,05:57,1.13978,1.1398,1.13972,1.13972,35
2019.01.04,05:58,1.13971,1.13984,1.13971,1.13979,30
2019.01.04,05:59,1.1398,1.13982,1.13977,1.13981,36
2019.01.04,06:00,1.1398,1.13987,1.13977,1.13982,45
2019.01.04,06:01,1.13982,1.13982,1.1397,1.13976,42
2019.01.04,06:02,1.13975,1.13975,1.13965,1.13967,47
2019.01.04,06:03,1.13966,1.13971,1.13966,1.1397,31
2019.01.04,06:04,1.1397,1.1397,1.13961,1.13967,48
2019.01.04,06:05,1.13966,1.13981,1.13966,1.13976,45
2019.01.04,06:06,1.13976,1.13976,1.13964,1.13966,71
2019.01.04,06:07,1.13966,1.13982,1.13966,1.13973,69
2019.01.04,06:08,1.13973,1.13973,1.13955,1.13966,59
2019.01.04,06:09,1.13969,1.13969,1.13957,1.13966,48
2019.01.04,06:10,1.13967,1.13968,1.1396,1.13961,35
2019.01.04,06:11,1.13961,1.13961,1.13955,1.13955,35
2019.01.04,06:12,1.13955,1.13956,1.13946,1.13951,60
2019.01.04,06:13,1.13951,1.13951,1.13945,1.13945,25
2019.01.04,06:14,1.13944,1.13945,1.13934,1.13934,39
2019.01.04,06:15,1.13938,1.13938,1.13925,1.13925,44
2019.01.04,06:16,1.13924,1.13925,1.13906,1.13906,50
2019.01.04,06:17,1.13906,1.13909,1.13901,1.13904,34
2019.01.04,06:18,1.13902,1.13909,1.13901,1.13908,33
2019.01.04,06:19,1.13907,1.13909,1.13903,1.13906,25
2019.01.04,06:20,1.13907,1.13917,1.13906,1.13916,42
2019.01.04,06:21,1.13916,1.1393,1.13916,1.13922,34
2019.01.04,06:22,1.13924,1.13924,1.13916,1.13924,29
2019.01.04,06:23,1.13925,1.13929,1.13921,1.13928,23
2019.01.04,06:24,1.1393,1.13931,1.13926,1.13926,36
2019.01.04,06:25,1.13926,1.13927,1.1392,1.13925,34
2019.01.04,06:26,1.13922,1.13927,1.13916,1.13926,31
2019.01.04,06:27,1.13926,1.13927,1.13926,1.13927,5
2019.01.04,06:28,1.13926,1.13927,1.13926,1.13926,4
2019.01.04,06:29,1.13927,1.13927,1.13926,1.13927,11
2019.01.04,06:30,1.13926,1.13931,1.13922,1.13925,27
2019.01.04,06:31,1.13925,1.13926,1.1391,1.13923,38
2019.01.04,06:32,1.13925,1.13941,1.13923,1.13941,39
2019.01.04,06:33,1.13941,1.13941,1.13932,1.13934,39
2019.01.04,06:34,1.13935,1.1394,1.13935,1.1394,26
2019.01.04,06:35,1.1394,1.13941,1.13936,1.13936,33
2019.01.04,06:36,1.13936,1.1394,1.13934,1.13938,35
2019.01.04,06:37,1.13938,1.13941,1.13936,1.13936,21
2019.01.04,06:38,1.13937,1.13942,1.13936,1.1394,23
2019.01.04,06:39,1.1394,1.13941,1.13936,1.13941,30
2019.01.04,06:40,1.1394,1.13943,1.13936,1.13943,30
2019.01.04,06:41,1.13942,1.13947,1.13937,1.13947,40
2019.01.04,06:42,1.13946,1.13946,1.13938,1.1394,24
2019.01.04,06:43,1.1394,1.13943,1.13938,1.13942,48
2019.01.04,06:44,1.13943,1.13947,1.13939,1.13943,57
2019.01.04,06:45,1.13942,1.13946,1.13941,1.13942,27
2019.01.04,06:46,1.13942,1.13947,1.13942,1.13946,27
2019.01.04,06:47,1.13944,1.13946,1.13943,1.13945,17
2019.01.04,06:48,1.13948,1.13952,1.13946,1.13952,50
2019.01.04,06:49,1.13951,1.13956,1.1395,1.13955,47
2019.01.04,06:50,1.13953,1.1396,1.13948,1.13959,46
2019.01.04,06:51,1.1396,1.1396,1.13955,1.13955,17
2019.01.04,06:52,1.13954,1.13955,1.13946,1.13946,17
2019.01.04,06:53,1.13946,1.13946,1.13942,1.13944,18
2019.01.04,06:54,1.13945,1.13945,1.13942,1.13945,17
2019.01.04,06:55,1.13945,1.1395,1.13945,1.13949,16
2019.01.04,06:56,1.13949,1.13956,1.13949,1.13952,35
2019.01.04,06:57,1.13952,1.13952,1.13944,1.13946,23
2019.01.04,06:58,1.13946,1.13947,1.13943,1.13945,28
2019.01.04,06:59,1.13945,1.1395,1.13941,1.13942,34
2019.01.04,07:00,1.13941,1.13941,1.13935,1.13936,10
2019.01.04,07:01,1.13933,1.13945,1.13932,1.13941,33
2019.01.04,07:02,1.13941,1.13944,1.13939,1.1394,28
2019.01.04,07:03,1.13941,1.13943,1.1393,1.1393,28
2019.01.04,07:04,1.1393,1.13933,1.13927,1.13932,27
2019.01.04,07:05,1.13932,1.13933,1.13927,1.13927,19
2019.01.04,07:06,1.13927,1.13931,1.13926,1.1393,10
2019.01.04,07:07,1.1393,1.13935,1.1393,1.13935,19
2019.01.04,07:08,1.13934,1.1394,1.13934,1.13936,17
2019.01.04,07:09,1.13937,1.13941,1.13931,1.13931,37
2019.01.04,07:10,1.1393,1.1393,1.13927,1.1393,15
2019.01.04,07:11,1.1393,1.13935,1.13926,1.13932,22
2019.01.04,07:12,1.13932,1.13938,1.1393,1.13937,15
2019.01.04,07:13,1.13937,1.13941,1.13936,1.13936,20
2019.01.04,07:14,1.13937,1.13943,1.13937,1.13942,17
2019.01.04,07:15,1.13942,1.13942,1.13928,1.1393,38
2019.01.04,07:16,1.1393,1.13933,1.1393,1.13932,25
2019.01.04,07:17,1.13932,1.13937,1.13927,1.13936,42
2019.01.04,07:18,1.13936,1.13943,1.13936,1.13943,29
2019.01.04,07:19,1.13942,1.13942,1.13937,1.13937,13
2019.01.04,07:20,1.13937,1.1394,1.13937,1.13938,13
2019.01.04,07:21,1.13936,1.1394,1.13935,1.13936,35
2019.01.04,07:22,1.13939,1.1395,1.13936,1.1395,36
2019.01.04,07:23,1.13948,1.13948,1.13946,1.13946,12
2019.01.04,07:24,1.13947,1.1396,1.13946,1.13959,42
2019.01.04,07:25,1.13959,1.13959,1.13948,1.13952,27
2019.01.04,07:26,1.1395,1.13951,1.13944,1.13946,32
2019.01.04,07:27,1.13949,1.13951,1.13947,1.1395,25
2019.01.04,07:28,1.1395,1.1395,1.13947,1.13947,15
2019.01.04,07:29,1.13946,1.13956,1.13942,1.1395,57
2019.01.04,07:30,1.1395,1.13954,1.13947,1.13954,31
2019.01.04,07:31,1.13955,1.13961,1.13952,1.13958,44
2019.01.04,07:32,1.13958,1.13959,1.13951,1.13951,52
2019.01.04,07:33,1.13951,1.13969,1.13951,1.13962,45
2019.01.04,07:34,1.13961,1.13969,1.13959,1.13968,54
2019.01.04,07:35,1.13967,1.13977,1.13967,1.13977,22
2019.01.04,07:36,1.13978,1.13978,1.13977,1.13977,4
2019.01.04,07:37,1.13978,1.13983,1.13969,1.13971,45
2019.01.04,07:38,1.13972,1.13977,1.13971,1.13977,20
2019.01.04,07:39,1.13976,1.13977,1.13967,1.13972,43
2019.01.04,07:40,1.13971,1.13971,1.13945,1.13946,45
2019.01.04,07:41,1.13946,1.1396,1.13945,1.13957,48
2019.01.04,07:42,1.13957,1.13961,1.13955,1.1396,35
2019.01.04,07:43,1.13959,1.13963,1.13956,1.13963,52
2019.01.04,07:44,1.1396,1.13967,1.1396,1.13965,31
2019.01.04,07:45,1.13964,1.13965,1.13956,1.13959,54
2019.01.04,07:46,1.13959,1.13966,1.13957,1.13964,31
2019.01.04,07:47,1.13964,1.13964,1.13955,1.1396,17
2019.01.04,07:48,1.1396,1.1396,1.13951,1.13953,24
2019.01.04,07:49,1.13952,1.13953,1.13948,1.13948,38
2019.01.04,07:50,1.13951,1.13951,1.13935,1.13936,56
2019.01.04,07:51,1.13939,1.13939,1.13932,1.13932,36
2019.01.04,07:52,1.13933,1.13933,1.13911,1.13914,67
2019.01.04,07:53,1.13913,1.13926,1.13913,1.13923,39
2019.01.04,07:54,1.13924,1.13924,1.13903,1.13905,36
2019.01.04,07:55,1.13904,1.13906,1.13893,1.139,61
2019.01.04,07:56,1.13902,1.13906,1.13898,1.139,19
2019.01.04,07:57,1.139,1.13906,1.13896,1.13903,30
2019.01.04,07:58,1.13905,1.13907,1.139,1.139,34
2019.01.04,07:59,1.139,1.13903,1.139,1.139,22
2019.01.04,08:00,1.139,1.13903,1.13891,1.13897,54
2019.01.04,08:01,1.13897,1.13898,1.13876,1.13876,63
2019.01.04,08:02,1.13875,1.13886,1.13875,1.13885,36
2019.01.04,08:03,1.13886,1.13886,1.13885,1.13886,10
2019.01.04,08:04,1.13886,1.13887,1.13877,1.13879,24
2019.01.04,08:05,1.13881,1.13886,1.13881,1.13886,27
2019.01.04,08:06,1.13883,1.13896,1.13883,1.13896,27
2019.01.04,08:07,1.13896,1.13903,1.13895,1.13897,48
2019.01.04,08:08,1.13897,1.1391,1.13897,1.13902,34
2019.01.04,08:09,1.13901,1.13903,1.13895,1.13899,37
2019.01.04,08:10,1.13899,1.13907,1.13899,1.13907,17
2019.01.04,08:11,1.13907,1.13912,1.13905,1.13909,31
2019.01.04,08:12,1.1391,1.13912,1.13891,1.13895,41
2019.01.04,08:13,1.13896,1.13896,1.13881,1.13886,48
2019.01.04,08:14,1.13886,1.13887,1.13875,1.13875,35
2019.01.04,08:15,1.13875,1.13875,1.13861,1.13867,54
2019.01.04,08:16,1.13867,1.13886,1.13867,1.13877,71
2019.01.04,08:17,1.13877,1.13896,1.13873,1.13891,67
2019.01.04,08:18,1.13892,1.13892,1.13878,1.1389,41
2019.01.04,08:19,1.1389,1.13892,1.13886,1.13891,37
2019.01.04,08:20,1.13891,1.13891,1.13885,1.13891,28
2019.01.04,08:21,1.13891,1.13896,1.1389,1.13892,27
2019.01.04,08:22,1.13892,1.13893,1.13886,1.13892,55
2019.01.04,08:23,1.13892,1.13896,1.13887,1.13892,48
2019.01.04,08:24,1.13892,1.13892,1.13885,1.13886,50
2019.01.04,08:25,1.13885,1.13891,1.13885,1.13888,38
2019.01.04,08:26,1.13888,1.13892,1.13887,1.1389,34
2019.01.04,08:27,1.13891,1.13892,1.13884,1.13885,25
2019.01.04,08:28,1.13885,1.13887,1.13877,1.13885,35
2019.01.04,08:29,1.13885,1.13889,1.13878,1.13881,26
2019.01.04,08:30,1.13882,1.13882,1.1387,1.13875,39
2019.01.04,08:31,1.13878,1.13884,1.13878,1.13881,22
2019.01.04,08:32,1.13881,1.13882,1.1387,1.13873,33
2019.01.04,08:33,1.13872,1.13872,1.13845,1.13854,57
2019.01.04,08:34,1.13855,1.13861,1.13833,1.13861,77
2019.01.04,08:35,1.13862,1.13877,1.13862,1.13874,41
2019.01.04,08:36,1.13874,1.13878,1.13864,1.13865,36
2019.01.04,08:37,1.13864,1.13874,1.13864,1.13867,36
2019.01.04,08:38,1.1387,1.13872,1.13866,1.13871,29
2019.01.04,08:39,1.13871,1.13876,1.13871,1.13876,28
2019.01.04,08:40,1.13874,1.13876,1.13873,1.13876,28
2019.01.04,08:41,1.13876,1.13886,1.13876,1.13886,25
2019.01.04,08:42,1.13887,1.13891,1.13881,1.13884,31
2019.01.04,08:43,1.13885,1.13888,1.13883,1.13886,39
2019.01.04,08:44,1.13885,1.13888,1.13844,1.13845,52
2019.01.04,08:45,1.13845,1.13861,1.13845,1.1386,40
2019.01.04,08:46,1.13858,1.13886,1.13856,1.13883,48
2019.01.04,08:47,1.13882,1.13883,1.1388,1.13882,20
2019.01.04,08:48,1.13883,1.13883,1.13881,1.13882,9
2019.01.04,08:49,1.13875,1.13879,1.13872,1.13879,33
2019.01.04,08:50,1.13879,1.13887,1.13879,1.13886,29
2019.01.04,08:51,1.13885,1.13885,1.13877,1.13878,25
2019.01.04,08:52,1.13879,1.13885,1.13879,1.13885,16
2019.01.04,08:53,1.13886,1.1391,1.13886,1.13908,41
2019.01.04,08:54,1.13909,1.13935,1.13907,1.13932,67
2019.01.04,08:55,1.13931,1.13934,1.13927,1.1393,43
2019.01.04,08:56,1.1393,1.1393,1.13915,1.13921,26
2019.01.04,08:57,1.13919,1.1394,1.13915,1.13932,60
2019.01.04,08:58,1.13934,1.13935,1.13931,1.13933,33
2019.01.04,08:59,1.13932,1.13937,1.13928,1.13935,45
2019.01.04,09:00,1.13933,1.13935,1.13925,1.13926,60
2019.01.04,09:01,1.13927,1.13928,1.13925,1.13926,18
2019.01.04,09:02,1.13927,1.13933,1.13926,1.13927,47
2019.01.04,09:03,1.13929,1.13945,1.13928,1.13945,69
2019.01.04,09:04,1.13946,1.13961,1.13943,1.13947,79
2019.01.04,09:05,1.13948,1.1395,1.13938,1.13938,31
2019.01.04,09:06,1.13939,1.13959,1.13939,1.13959,53
2019.01.04,09:07,1.13959,1.13962,1.13944,1.13949,79
2019.01.04,09:08,1.1395,1.13963,1.13945,1.13957,70
2019.01.04,09:09,1.13957,1.13963,1.13947,1.13947,59
2019.01.04,09:10,1.13947,1.13959,1.13946,1.13956,45
2019.01.04,09:11,1.13957,1.13962,1.13952,1.13956,53
2019.01.04,09:12,1.13953,1.13953,1.13921,1.13942,110
2019.01.04,09:13,1.13944,1.13976,1.13941,1.13976,45
2019.01.04,09:14,1.13976,1.13979,1.1396,1.13973,104
2019.01.04,09:15,1.13976,1.14004,1.13974,1.13988,146
2019.01.04,09:16,1.13988,1.13996,1.13983,1.13992,95
2019.01.04,09:17,1.13996,1.14016,1.13996,1.14003,116
2019.01.04,09:18,1.14003,1.14017,1.14001,1.14003,88
2019.01.04,09:19,1.14004,1.14008,1.14,1.14003,76
2019.01.04,09:20,1.14004,1.14007,1.13985,1.13992,99
2019.01.04,09:21,1.13991,1.13998,1.13979,1.13984,73
2019.01.04,09:22,1.13984,1.14013,1.13984,1.13996,115
2019.01.04,09:23,1.13994,1.14022,1.13988,1.14022,115
2019.01.04,09:24,1.14021,1.14022,1.14012,1.14018,58
2019.01.04,09:25,1.14019,1.14019,1.14008,1.14019,76
2019.01.04,09:26,1.14018,1.14025,1.14016,1.14022,75
2019.01.04,09:27,1.14021,1.14025,1.14009,1.1402,75
2019.01.04,09:28,1.14019,1.1402,1.14006,1.14008,78
2019.01.04,09:29,1.1401,1.14026,1.14009,1.14024,81
2019.01.04,09:30,1.14024,1.14041,1.14022,1.14034,99
2019.01.04,09:31,1.14034,1.14034,1.14023,1.14025,94
2019.01.04,09:32,1.14026,1.14038,1.14009,1.14021,101
2019.01.04,09:33,1.14023,1.14045,1.1402,1.14043,96
2019.01.04,09:34,1.14042,1.14047,1.14023,1.14035,85
2019.01.04,09:35,1.14034,1.14052,1.14034,1.14052,85
2019.01.04,09:36,1.14053,1.14056,1.14032,1.14044,125
2019.01.04,09:37,1.14043,1.14046,1.14017,1.14021,146
2019.01.04,09:38,1.1402,1.14028,1.14013,1.14025,145
2019.01.04,09:39,1.14024,1.14029,1.14016,1.14027,104
2019.01.04,09:40,1.14025,1.14027,1.14008,1.14011,96
2019.01.04,09:41,1.14011,1.14029,1.14006,1.14023,76
2019.01.04,09:42,1.14024,1.14026,1.14,1.14026,84
2019.01.04,09:43,1.14027,1.14029,1.14012,1.14012,91
2019.01.04,09:44,1.14014,1.1402,1.14011,1.14012,77
2019.01.04,09:45,1.14011,1.14013,1.14001,1.14001,71
2019.01.04,09:46,1.14002,1.1401,1.14002,1.14003,32
2019.01.04,09:47,1.14004,1.14005,1.1398,1.13984,72
2019.01.04,09:48,1.13983,1.14005,1.13978,1.14004,72
2019.01.04,09:49,1.14003,1.14003,1.13997,1.13998,50
2019.01.04,09:50,1.13998,1.14011,1.13993,1.14007,77
2019.01.04,09:51,1.14007,1.14007,1.13997,1.14,75
2019.01.04,09:52,1.14,1.14018,1.14,1.14018,95
2019.01.04,09:53,1.1402,1.14043,1.14017,1.14037,64
2019.01.04,09:54,1.14037,1.1404,1.14025,1.14026,103
2019.01.04,09:55,1.14025,1.1404,1.14025,1.14035,63
2019.01.04,09:56,1.14036,1.14043,1.14026,1.14043,84
2019.01.04,09:57,1.14043,1.14054,1.14031,1.14034,86
2019.01.04,09:58,1.14033,1.14099,1.1403,1.14093,139
2019.01.04,09:59,1.14093,1.14093,1.14063,1.14075,128
2019.01.04,10:00,1.14075,1.14103,1.14072,1.14077,178
2019.01.04,10:01,1.14075,1.14092,1.1406,1.14062,113
2019.01.04,10:02,1.14063,1.14065,1.14054,1.14061,91
2019.01.04,10:03,1.14061,1.14075,1.14053,1.1407,86
2019.01.04,10:04,1.1407,1.14071,1.14054,1.14059,106
2019.01.04,10:05,1.14059,1.1409,1.14057,1.14089,100
2019.01.04,10:06,1.14089,1.14093,1.14068,1.14071,108
2019.01.04,10:07,1.14071,1.14073,1.14052,1.14053,105
2019.01.04,10:08,1.14054,1.14076,1.14054,1.14072,96
2019.01.04,10:09,1.14073,1.14105,1.14073,1.14093,147
2019.01.04,10:10,1.14092,1.14098,1.14074,1.14084,85
2019.01.04,10:11,1.14084,1.14117,1.14076,1.14109,171
2019.01.04,10:12,1.14108,1.1411,1.14089,1.14092,111
2019.01.04,10:13,1.14092,1.14116,1.14089,1.14113,62
2019.01.04,10:14,1.14113,1.14168,1.14113,1.14145,183
2019.01.04,10:15,1.14144,1.14144,1.14134,1.14134,76
2019.01.04,10:16,1.14133,1.14133,1.141,1.1411,143
2019.01.04,10:17,1.1411,1.14122,1.14106,1.14115,70
2019.01.04,10:18,1.14113,1.14122,1.14091,1.14104,111
2019.01.04,10:19,1.14106,1.14112,1.14091,1.14091,98
2019.01.04,10:20,1.14092,1.14097,1.14091,1.14096,62
2019.01.04,10:21,1.14095,1.14102,1.14092,1.14097,38
2019.01.04,10:22,1.14097,1.14111,1.14087,1.14111,85
2019.01.04,10:23,1.1411,1.14114,1.14105,1.14107,45
2019.01.04,10:24,1.14107,1.14107,1.14102,1.14104,21
2019.01.04,10:25,1.14104,1.14108,1.14083,1.14083,49
2019.01.04,10:26,1.14084,1.14092,1.14082,1.14082,54
2019.01.04,10:27,1.14085,1.14087,1.1407,1.14071,50
2019.01.04,10:28,1.14071,1.14082,1.14069,1.14077,51
2019.01.04,10:29,1.14078,1.14078,1.14047,1.14055,104
2019.01.04,10:30,1.14055,1.14063,1.14051,1.14057,70
2019.01.04,10:31,1.14057,1.14057,1.14024,1.1403,72
2019.01.04,10:32,1.14029,1.14067,1.14029,1.14065,71
2019.01.04,10:33,1.14063,1.14063,1.14045,1.14045,50
2019.01.04,10:34,1.14046,1.14066,1.14046,1.14066,58
2019.01.04,10:35,1.14066,1.14101,1.14056,1.1409,100
2019.01.04,10:36,1.14088,1.14106,1.1408,1.14101,110
2019.01.04,10:37,1.141,1.14106,1.14094,1.14096,72
2019.01.04,10:38,1.14097,1.14098,1.14087,1.14091,58
2019.01.04,10:39,1.1409,1.14097,1.14077,1.14097,93
2019.01.04,10:40,1.14097,1.14116,1.14092,1.14107,128
2019.01.04,10:41,1.14108,1.1413,1.14108,1.14121,114
2019.01.04,10:42,1.1412,1.14124,1.14103,1.14115,62
2019.01.04,10:43,1.14115,1.14119,1.14095,1.14116,98
2019.01.04,10:44,1.14115,1.14117,1.14078,1.1409,115
2019.01.04,10:45,1.14092,1.14119,1.14092,1.14115,146
2019.01.04,10:46,1.14119,1.14133,1.14095,1.14095,93
2019.01.04,10:47,1.14096,1.14132,1.14095,1.14129,99
2019.01.04,10:48,1.14129,1.1413,1.14104,1.14109,102
2019.01.04,10:49,1.1411,1.14128,1.14109,1.1412,134
2019.01.04,10:50,1.14119,1.14124,1.14102,1.14115,142
2019.01.04,10:51,1.14114,1.14115,1.14111,1.14115,32
2019.01.04,10:52,1.14115,1.14119,1.14111,1.14112,14
2019.01.04,10:53,1.14115,1.14124,1.14115,1.14122,46
2019.01.04,10:54,1.14121,1.14123,1.14109,1.14117,64
2019.01.04,10:55,1.14116,1.14118,1.14063,1.14064,145
2019.01.04,10:56,1.14067,1.14086,1.14066,1.14083,70
2019.01.04,10:57,1.14086,1.14088,1.1406,1.14063,116
2019.01.04,10:58,1.14062,1.14073,1.14055,1.1407,149
2019.01.04,10:59,1.14072,1.14108,1.14068,1.14081,131
2019.01.04,11:00,1.1408,1.14089,1.14053,1.14068,122
2019.01.04,11:01,1.14068,1.14105,1.14068,1.14104,157
2019.01.04,11:02,1.14106,1.14117,1.14101,1.14104,129
2019.01.04,11:03,1.14105,1.14109,1.14094,1.141,62
2019.01.04,11:04,1.14099,1.14102,1.14089,1.14094,88
2019.01.04,11:05,1.14095,1.14101,1.14089,1.14089,60
2019.01.04,11:06,1.14091,1.14104,1.14091,1.14103,45
2019.01.04,11:07,1.14103,1.14105,1.14097,1.14102,53
2019.01.04,11:08,1.14103,1.14111,1.14095,1.14109,61
2019.01.04,11:09,1.1411,1.14138,1.14108,1.14134,86
2019.01.04,11:10,1.14134,1.14142,1.14134,1.14138,72
2019.01.04,11:11,1.14137,1.14163,1.14137,1.14138,86
2019.01.04,11:12,1.14138,1.14138,1.14113,1.14117,87
2019.01.04,11:13,1.14118,1.14125,1.14101,1.14107,85
2019.01.04,11:14,1.14108,1.14127,1.14107,1.14127,68
2019.01.04,11:15,1.14126,1.14127,1.14111,1.14112,85
2019.01.04,11:16,1.14111,1.14124,1.14105,1.14123,91
2019.01.04,11:17,1.14123,1.14128,1.14119,1.14119,44
2019.01.04,11:18,1.14119,1.14138,1.14115,1.14138,99
2019.01.04,11:19,1.14141,1.14146,1.1413,1.14135,65
2019.01.04,11:20,1.14136,1.14162,1.14134,1.14162,58
2019.01.04,11:21,1.14163,1.14174,1.14156,1.14167,91
2019.01.04,11:22,1.14165,1.14191,1.14154,1.14183,170
2019.01.04,11:23,1.14189,1.14191,1.14155,1.14157,205
2019.01.04,11:24,1.14158,1.14168,1.14144,1.14145,142
2019.01.04,11:25,1.14145,1.14153,1.14135,1.14146,172
2019.01.04,11:26,1.14147,1.14151,1.14144,1.14149,84
2019.01.04,11:27,1.14149,1.14154,1.14131,1.14134,86
2019.01.04,11:28,1.14134,1.14139,1.14123,1.14124,67
2019.01.04,11:29,1.14126,1.14131,1.14117,1.14131,98
2019.01.04,11:30,1.1413,1.14146,1.14128,1.14142,106
2019.01.04,11:31,1.14142,1.14148,1.14136,1.14145,58
2019.01.04,11:32,1.14144,1.14163,1.14141,1.14143,101
2019.01.04,11:33,1.14144,1.14147,1.14135,1.14138,78
2019.01.04,11:34,1.14137,1.14137,1.14107,1.14107,100
2019.01.04,11:35,1.1411,1.14115,1.141,1.14107,72
2019.01.04,11:36,1.14109,1.14111,1.14097,1.14097,72
2019.01.04,11:37,1.14097,1.14099,1.14093,1.14095,45
2019.01.04,11:38,1.14095,1.14103,1.14092,1.14093,72
2019.01.04,11:39,1.14092,1.14099,1.14083,1.14083,93
2019.01.04,11:40,1.14083,1.14086,1.14073,1.14077,88
2019.01.04,11:41,1.14078,1.14119,1.14072,1.14102,83
2019.01.04,11:42,1.141,1.14105,1.14092,1.14095,71
2019.01.04,11:43,1.14096,1.14099,1.14073,1.14097,79
2019.01.04,11:44,1.14097,1.14099,1.14077,1.14089,117
2019.01.04,11:45,1.14089,1.14089,1.14074,1.14075,75
2019.01.04,11:46,1.14075,1.14095,1.14075,1.14093,91
2019.01.04,11:47,1.14093,1.14094,1.14083,1.14084,51
2019.01.04,11:48,1.14084,1.14084,1.14064,1.14066,58
2019.01.04,11:49,1.14066,1.14081,1.14055,1.14079,85
2019.01.04,11:50,1.14079,1.14079,1.14064,1.14074,61
2019.01.04,11:51,1.14075,1.14076,1.14062,1.14064,71
2019.01.04,11:52,1.14065,1.14068,1.14043,1.1405,73
2019.01.04,11:53,1.14053,1.14055,1.14048,1.14054,32
2019.01.04,11:54,1.14052,1.14055,1.14038,1.14053,73
2019.01.04,11:55,1.14053,1.14053,1.14031,1.14044,75
2019.01.04,11:56,1.14043,1.14049,1.1404,1.14045,47
2019.01.04,11:57,1.14045,1.14047,1.14035,1.14035,64
2019.01.04,11:58,1.14035,1.14038,1.14025,1.14029,106
2019.01.04,11:59,1.1403,1.14043,1.14024,1.14026,101
2019.01.04,12:00,1.14026,1.14043,1.13975,1.13978,208
2019.01.04,12:01,1.13979,1.14006,1.13979,1.14,123
2019.01.04,12:02,1.14002,1.14007,1.13999,1.13999,76
2019.01.04,12:03,1.14,1.14003,1.13976,1.13984,140
2019.01.04,12:04,1.13985,1.13989,1.13951,1.13951,144
2019.01.04,12:05,1.13953,1.13983,1.13947,1.13981,98
2019.01.04,12:06,1.13981,1.14004,1.1398,1.14004,85
2019.01.04,12:07,1.14003,1.14022,1.14003,1.14013,94
2019.01.04,12:08,1.14013,1.14029,1.14009,1.14029,127
2019.01.04,12:09,1.14028,1.14039,1.14023,1.14038,85
2019.01.04,12:10,1.14039,1.14039,1.14012,1.14019,96
2019.01.04,12:11,1.1402,1.14029,1.1401,1.14012,53
2019.01.04,12:12,1.14013,1.14019,1.14002,1.14016,73
2019.01.04,12:13,1.14015,1.14015,1.14003,1.14006,74
2019.01.04,12:14,1.14007,1.14035,1.13991,1.14027,141
2019.01.04,12:15,1.14028,1.14047,1.14025,1.14031,134
2019.01.04,12:16,1.14032,1.14035,1.1401,1.14014,96
2019.01.04,12:17,1.14015,1.14018,1.14004,1.14014,64
2019.01.04,12:18,1.14013,1.14013,1.13989,1.13993,84
2019.01.04,12:19,1.13995,1.14009,1.13989,1.13998,119
2019.01.04,12:20,1.13998,1.14013,1.13996,1.14007,81
2019.01.04,12:21,1.14009,1.14018,1.14009,1.14012,59
2019.01.04,12:22,1.14012,1.14034,1.14006,1.14034,53
2019.01.04,12:23,1.14035,1.14038,1.14024,1.14027,55
2019.01.04,12:24,1.14026,1.14029,1.14024,1.14024,36
2019.01.04,12:25,1.14024,1.14041,1.14019,1.14019,107
2019.01.04,12:26,1.1402,1.14039,1.14019,1.14029,86
2019.01.04,12:27,1.14026,1.14029,1.14014,1.14027,108
2019.01.04,12:28,1.14028,1.14041,1.14022,1.14029,93
2019.01.04,12:29,1.14029,1.14039,1.14021,1.14038,95
2019.01.04,12:30,1.14037,1.14039,1.14026,1.14039,127
2019.01.04,12:31,1.14039,1.14068,1.14039,1.14062,104
2019.01.04,12:32,1.14062,1.14086,1.14056,1.14084,118
2019.01.04,12:33,1.14083,1.14085,1.14064,1.14064,90
2019.01.04,12:34,1.14063,1.14064,1.14043,1.14043,56
2019.01.04,12:35,1.14044,1.1405,1.1404,1.14044,55
2019.01.04,12:36,1.14043,1.14044,1.14034,1.14035,41
2019.01.04,12:37,1.14034,1.14042,1.14033,1.14039,44
2019.01.04,12:38,1.14038,1.14045,1.14014,1.14015,61
2019.01.04,12:39,1.14014,1.14019,1.14005,1.14016,63
2019.01.04,12:40,1.14015,1.14045,1.14014,1.14034,89
2019.01.04,12:41,1.14036,1.14068,1.14034,1.1406,78
2019.01.04,12:42,1.14059,1.14061,1.14045,1.14046,68
2019.01.04,12:43,1.14045,1.14058,1.14044,1.14044,35
2019.01.04,12:44,1.14044,1.14045,1.14035,1.14038,31
2019.01.04,12:45,1.14038,1.1404,1.14029,1.14029,32
2019.01.04,12:46,1.14029,1.14029,1.14004,1.14005,38
2019.01.04,12:47,1.14003,1.14009,1.13997,1.13998,39
2019.01.04,12:48,1.13999,1.14006,1.13994,1.14002,55
2019.01.04,12:49,1.14003,1.14003,1.1399,1.13996,82
2019.01.04,12:50,1.13997,1.14009,1.13994,1.14004,69
2019.01.04,12:51,1.14004,1.14004,1.13994,1.13998,46
2019.01.04,12:52,1.13997,1.14001,1.13995,1.13999,59
2019.01.04,12:53,1.14002,1.14027,1.14002,1.14023,92
2019.01.04,12:54,1.14023,1.14023,1.14011,1.14016,79
2019.01.04,12:55,1.14017,1.1402,1.14013,1.14017,62
2019.01.04,12:56,1.14018,1.14028,1.14015,1.14023,60
2019.01.04,12:57,1.14022,1.14023,1.14016,1.14022,59
2019.01.04,12:58,1.14023,1.14031,1.14017,1.1403,50
2019.01.04,12:59,1.1403,1.14049,1.1403,1.14043,89
2019.01.04,13:00,1.14042,1.1405,1.1404,1.1405,46
2019.01.04,13:01,1.14053,1.14055,1.14031,1.14032,56
2019.01.04,13:02,1.14033,1.14038,1.14028,1.14034,73
2019.01.04,13:03,1.14035,1.14038,1.1403,1.14036,37
2019.01.04,13:04,1.14036,1.14052,1.14036,1.1405,52
2019.01.04,13:05,1.14048,1.14048,1.14036,1.14045,62
2019.01.04,13:06,1.14045,1.14068,1.14044,1.14065,57
2019.01.04,13:07,1.14067,1.14077,1.14064,1.14071,62
2019.01.04,13:08,1.14071,1.14075,1.14068,1.1407,57
2019.01.04,13:09,1.14069,1.14073,1.14066,1.14068,44
2019.01.04,13:10,1.14067,1.14073,1.14057,1.1406,77
2019.01.04,13:11,1.14059,1.14063,1.14056,1.14057,64
2019.01.04,13:12,1.14058,1.14067,1.14057,1.14065,39
2019.01.04,13:13,1.14068,1.14078,1.14068,1.1407,69
2019.01.04,13:14,1.1407,1.14073,1.14067,1.14069,33
2019.01.04,13:15,1.1407,1.14084,1.14069,1.14077,65
2019.01.04,13:16,1.14078,1.14087,1.14069,1.1408,63
2019.01.04,13:17,1.14079,1.14098,1.14077,1.14094,84
2019.01.04,13:18,1.14093,1.14097,1.14087,1.1409,49
2019.01.04,13:19,1.14089,1.14094,1.14088,1.14091,44
2019.01.04,13:20,1.1409,1.14094,1.14086,1.14086,59
2019.01.04,13:21,1.14087,1.1409,1.14082,1.14087,62
2019.01.04,13:22,1.14086,1.14118,1.14086,1.14113,73
2019.01.04,13:23,1.14113,1.14127,1.14111,1.14127,43
2019.01.04,13:24,1.14123,1.14143,1.14122,1.14133,98
2019.01.04,13:25,1.14134,1.14139,1.1413,1.14134,65
2019.01.04,13:26,1.14134,1.14134,1.14124,1.14124,71
2019.01.04,13:27,1.14123,1.14125,1.1412,1.1412,24
2019.01.04,13:28,1.14121,1.14132,1.1412,1.14121,42
2019.01.04,13:29,1.14121,1.14125,1.14107,1.14109,73
2019.01.04,13:30,1.14108,1.14111,1.14099,1.141,66
2019.01.04,13:31,1.14105,1.1412,1.141,1.14109,76
2019.01.04,13:32,1.14108,1.14123,1.14108,1.1412,53
2019.01.04,13:33,1.1412,1.14133,1.14119,1.14126,71
2019.01.04,13:34,1.14125,1.14139,1.14125,1.14137,69
2019.01.04,13:35,1.14138,1.14138,1.14125,1.14132,56
2019.01.04,13:36,1.14131,1.14137,1.1413,1.14132,50
2019.01.04,13:37,1.14132,1.14142,1.14132,1.14136,37
2019.01.04,13:38,1.14137,1.14145,1.14136,1.14145,42
2019.01.04,13:39,1.14144,1.14154,1.14138,1.1414,94
2019.01.04,13:40,1.14141,1.14142,1.14137,1.14141,60
2019.01.04,13:41,1.14141,1.14142,1.14138,1.1414,51
2019.01.04,13:42,1.14141,1.14148,1.14141,1.14143,50
2019.01.04,13:43,1.14144,1.14147,1.14138,1.14141,46
2019.01.04,13:44,1.14142,1.14145,1.14137,1.14145,55
2019.01.04,13:45,1.14145,1.14148,1.14143,1.14145,29
2019.01.04,13:46,1.14147,1.14148,1.14138,1.1414,59
2019.01.04,13:47,1.14139,1.14142,1.14139,1.14139,34
2019.01.04,13:48,1.1414,1.14147,1.14138,1.14142,77
2019.01.04,13:49,1.14142,1.14154,1.14139,1.14145,70
2019.01.04,13:50,1.14145,1.14157,1.14144,1.14153,52
2019.01.04,13:51,1.14152,1.14154,1.14144,1.14151,59
2019.01.04,13:52,1.14151,1.14151,1.14128,1.14129,49
2019.01.04,13:53,1.14131,1.14131,1.14121,1.14124,82
2019.01.04,13:54,1.14123,1.14125,1.14105,1.14109,46
2019.01.04,13:55,1.14109,1.14121,1.14109,1.14114,39
2019.01.04,13:56,1.14115,1.14124,1.14115,1.14123,31
2019.01.04,13:57,1.14122,1.14127,1.14113,1.14114,54
2019.01.04,13:58,1.14114,1.14123,1.14113,1.1412,58
2019.01.04,13:59,1.14121,1.14123,1.14115,1.14116,50
2019.01.04,14:00,1.14115,1.14118,1.14086,1.14088,108
2019.01.04,14:01,1.14088,1.14094,1.14084,1.1409,76
2019.01.04,14:02,1.1409,1.14107,1.1409,1.14107,50
2019.01.04,14:03,1.14107,1.14111,1.14098,1.14103,80
2019.01.04,14:04,1.14104,1.1411,1.14104,1.14105,44
2019.01.04,14:05,1.14104,1.14107,1.14095,1.14101,53
2019.01.04,14:06,1.14102,1.14106,1.141,1.14104,20
2019.01.04,14:07,1.14103,1.14118,1.14103,1.14118,46
2019.01.04,14:08,1.14118,1.14118,1.14108,1.14109,55
2019.01.04,14:09,1.14112,1.14114,1.14089,1.14108,82
2019.01.04,14:10,1.14108,1.14112,1.14107,1.14109,38
2019.01.04,14:11,1.14108,1.14109,1.14085,1.14087,42
2019.01.04,14:12,1.14086,1.14091,1.14074,1.14079,71
2019.01.04,14:13,1.1408,1.14083,1.14046,1.14069,77
2019.01.04,14:14,1.14068,1.14071,1.14063,1.14066,83
2019.01.04,14:15,1.14067,1.14074,1.14064,1.14069,71
2019.01.04,14:16,1.14068,1.14072,1.14068,1.14069,34
2019.01.04,14:17,1.1407,1.14071,1.14068,1.14069,16
2019.01.04,14:18,1.14069,1.14078,1.14067,1.14069,45
2019.01.04,14:19,1.1407,1.14079,1.14069,1.14078,65
2019.01.04,14:20,1.14078,1.14079,1.14074,1.14076,71
2019.01.04,14:21,1.14077,1.14078,1.14062,1.14065,41
2019.01.04,14:22,1.14065,1.14075,1.14063,1.14063,82
2019.01.04,14:23,1.14065,1.14078,1.14064,1.14067,62
2019.01.04,14:24,1.14067,1.14068,1.14057,1.1406,62
2019.01.04,14:25,1.14059,1.14069,1.14056,1.14069,60
2019.01.04,14:26,1.14069,1.14079,1.14068,1.14078,74
2019.01.04,14:27,1.14078,1.14082,1.14075,1.14079,72
2019.01.04,14:28,1.14078,1.14109,1.14075,1.14109,95
2019.01.04,14:29,1.14109,1.14123,1.14093,1.14121,139
2019.01.04,14:30,1.1412,1.14139,1.14113,1.14127,103
2019.01.04,14:31,1.14126,1.14128,1.14118,1.14125,78
2019.01.04,14:32,1.14125,1.14128,1.14124,1.14125,41
2019.01.04,14:33,1.14125,1.14138,1.14124,1.14138,51
2019.01.04,14:34,1.14139,1.14139,1.14115,1.14116,58
2019.01.04,14:35,1.14118,1.14136,1.14109,1.14115,97
2019.01.04,14:36,1.14115,1.14119,1.14108,1.1411,36
2019.01.04,14:37,1.1411,1.14129,1.1411,1.14125,56
2019.01.04,14:38,1.14125,1.14132,1.14125,1.1413,37
2019.01.04,14:39,1.1413,1.14131,1.14124,1.14124,25
2019.01.04,14:40,1.14122,1.1413,1.1412,1.14128,49
2019.01.04,14:41,1.14129,1.14133,1.14127,1.1413,44
2019.01.04,14:42,1.1413,1.1413,1.14127,1.14128,27
2019.01.04,14:43,1.14131,1.14131,1.14127,1.1413,30
2019.01.04,14:44,1.1413,1.14138,1.14127,1.14137,36
2019.01.04,14:45,1.14136,1.14139,1.14127,1.14139,44
2019.01.04,14:46,1.14139,1.14139,1.14096,1.14098,94
2019.01.04,14:47,1.14098,1.14098,1.14082,1.14084,75
2019.01.04,14:48,1.14084,1.14087,1.14076,1.1408,57
2019.01.04,14:49,1.1408,1.1409,1.14077,1.14085,70
2019.01.04,14:50,1.14083,1.14085,1.14079,1.14083,60
2019.01.04,14:51,1.14085,1.14085,1.14069,1.1407,40
2019.01.04,14:52,1.14069,1.14073,1.14069,1.14069,19
2019.01.04,14:53,1.14068,1.1408,1.14068,1.14072,52
2019.01.04,14:54,1.14074,1.14074,1.14071,1.14072,39
2019.01.04,14:55,1.14072,1.14072,1.14048,1.14053,73
2019.01.04,14:56,1.14054,1.14073,1.14054,1.14072,93
2019.01.04,14:57,1.14071,1.14089,1.14071,1.14077,91
2019.01.04,14:58,1.14076,1.14082,1.14061,1.14062,86
2019.01.04,14:59,1.14062,1.14069,1.14052,1.14061,63
2019.01.04,15:00,1.14062,1.14069,1.14051,1.14069,129
2019.01.04,15:01,1.14068,1.14068,1.14047,1.1405,109
2019.01.04,15:02,1.14051,1.14064,1.14051,1.14062,70
2019.01.04,15:03,1.14063,1.14078,1.14063,1.14066,73
2019.01.04,15:04,1.14066,1.14074,1.14059,1.1406,61
2019.01.04,15:05,1.14058,1.1406,1.1404,1.14047,73
2019.01.04,15:06,1.14048,1.14051,1.14035,1.14035,96
2019.01.04,15:07,1.14034,1.14046,1.14025,1.14039,87
2019.01.04,15:08,1.1404,1.14042,1.14032,1.14035,43
2019.01.04,15:09,1.14035,1.14038,1.1403,1.14035,64
2019.01.04,15:10,1.14033,1.14046,1.14032,1.14032,75
2019.01.04,15:11,1.14034,1.14035,1.14025,1.14027,50
2019.01.04,15:12,1.14028,1.14041,1.14025,1.14041,48
2019.01.04,15:13,1.14038,1.14045,1.14036,1.14037,63
2019.01.04,15:14,1.14036,1.14039,1.14027,1.14029,57
2019.01.04,15:15,1.14029,1.14031,1.14018,1.1403,83
2019.01.04,15:16,1.14032,1.14035,1.14022,1.14035,79
2019.01.04,15:17,1.14033,1.14038,1.14032,1.14035,61
2019.01.04,15:18,1.14036,1.14036,1.14002,1.14003,99
2019.01.04,15:19,1.14002,1.14004,1.1398,1.14001,153
2019.01.04,15:20,1.14,1.14017,1.13985,1.1401,163
2019.01.04,15:21,1.14008,1.14011,1.13994,1.14003,105
2019.01.04,15:22,1.14002,1.14005,1.13997,1.13998,74
2019.01.04,15:23,1.13999,1.14007,1.13993,1.13994,57
2019.01.04,15:24,1.13993,1.13994,1.13966,1.13986,115
2019.01.04,15:25,1.13985,1.13991,1.13966,1.13966,96
2019.01.04,15:26,1.13968,1.13972,1.13957,1.13957,58
2019.01.04,15:27,1.13956,1.13988,1.13956,1.13975,79
2019.01.04,15:28,1.13976,1.13991,1.13974,1.13989,100
2019.01.04,15:29,1.1399,1.14049,1.13982,1.14028,228
2019.01.04,15:30,1.14028,1.14028,1.13638,1.1376,524
2019.01.04,15:31,1.13762,1.13834,1.13729,1.13807,416
2019.01.04,15:32,1.13806,1.13905,1.13804,1.13861,372
2019.01.04,15:33,1.1386,1.13861,1.13768,1.13818,360
2019.01.04,15:34,1.13818,1.13908,1.13818,1.1385,324
2019.01.04,15:35,1.1385,1.13866,1.13801,1.13803,283
2019.01.04,15:36,1.13803,1.13803,1.13738,1.13747,318
2019.01.04,15:37,1.1375,1.1379,1.1372,1.13758,331
2019.01.04,15:38,1.13755,1.13791,1.1374,1.13763,271
2019.01.04,15:39,1.13764,1.13794,1.13748,1.13758,227
2019.01.04,15:40,1.1376,1.13824,1.13754,1.13804,231
2019.01.04,15:41,1.13802,1.13809,1.1375,1.13763,235
2019.01.04,15:42,1.13761,1.13822,1.13752,1.13779,235
2019.01.04,15:43,1.13783,1.13798,1.1377,1.13778,168
2019.01.04,15:44,1.13781,1.138,1.13754,1.13754,205
2019.01.04,15:45,1.13753,1.13761,1.13722,1.13739,249
2019.01.04,15:46,1.1374,1.13745,1.13684,1.13712,228
2019.01.04,15:47,1.13713,1.13735,1.13694,1.13716,262
2019.01.04,15:48,1.13715,1.13733,1.13685,1.137,214
2019.01.04,15:49,1.13701,1.13737,1.137,1.13715,219
2019.01.04,15:50,1.13715,1.13719,1.13686,1.13689,223
2019.01.04,15:51,1.13686,1.13701,1.13645,1.13674,249
2019.01.04,15:52,1.13674,1.13695,1.13667,1.13693,170
2019.01.04,15:53,1.13692,1.13705,1.13679,1.13685,140
2019.01.04,15:54,1.13684,1.13707,1.13673,1.13699,168
2019.01.04,15:55,1.13698,1.13698,1.13663,1.13674,166
2019.01.04,15:56,1.13674,1.13716,1.13674,1.13714,218
2019.01.04,15:57,1.13715,1.13718,1.13685,1.13695,154
2019.01.04,15:58,1.13698,1.13724,1.13697,1.13724,161
2019.01.04,15:59,1.13722,1.13729,1.1371,1.1371,112
2019.01.04,16:00,1.13707,1.13707,1.13635,1.13644,236
2019.01.04,16:01,1.13644,1.13668,1.13634,1.13659,196
2019.01.04,16:02,1.1366,1.13705,1.13641,1.13705,172
2019.01.04,16:03,1.13704,1.13728,1.13686,1.13719,190
2019.01.04,16:04,1.1372,1.13729,1.13705,1.13708,157
2019.01.04,16:05,1.13706,1.13712,1.1367,1.13675,198
2019.01.04,16:06,1.13674,1.13677,1.13646,1.13666,193
2019.01.04,16:07,1.13669,1.1369,1.13639,1.13655,181
2019.01.04,16:08,1.13651,1.13657,1.13636,1.13655,193
2019.01.04,16:09,1.13653,1.13654,1.13616,1.1363,162
2019.01.04,16:10,1.1363,1.13639,1.13605,1.13616,182
2019.01.04,16:11,1.13619,1.13633,1.136,1.13631,150
2019.01.04,16:12,1.13631,1.1366,1.13624,1.13651,201
2019.01.04,16:13,1.13651,1.13674,1.13644,1.1366,171
2019.01.04,16:14,1.1366,1.13663,1.13643,1.13657,143
2019.01.04,16:15,1.13658,1.13663,1.13636,1.13651,172
2019.01.04,16:16,1.13651,1.13676,1.13651,1.13659,155
2019.01.04,16:17,1.1366,1.1366,1.13639,1.13649,150
2019.01.04,16:18,1.13649,1.1365,1.1361,1.13621,132
2019.01.04,16:19,1.13623,1.1365,1.13623,1.13631,144
2019.01.04,16:20,1.13631,1.13636,1.13621,1.13635,124
2019.01.04,16:21,1.13632,1.13632,1.13609,1.13619,104
2019.01.04,16:22,1.1362,1.13636,1.13601,1.13608,233
2019.01.04,16:23,1.13611,1.13626,1.13561,1.13565,244
2019.01.04,16:24,1.13564,1.13592,1.13557,1.13586,158
2019.01.04,16:25,1.13587,1.13616,1.13585,1.13616,186
2019.01.04,16:26,1.13617,1.13622,1.13596,1.13602,188
2019.01.04,16:27,1.136,1.13612,1.1357,1.13595,169
2019.01.04,16:28,1.13592,1.13592,1.13561,1.13561,159
2019.01.04,16:29,1.13559,1.13574,1.13555,1.13572,127
2019.01.04,16:30,1.13571,1.13572,1.13513,1.13525,207
2019.01.04,16:31,1.13529,1.13535,1.13514,1.13527,166
2019.01.04,16:32,1.13531,1.13587,1.13531,1.13564,235
2019.01.04,16:33,1.13563,1.13566,1.13529,1.1353,173
2019.01.04,16:34,1.13529,1.1353,1.13505,1.1352,171
2019.01.04,16:35,1.1352,1.13528,1.13514,1.13525,117
2019.01.04,16:36,1.13523,1.13526,1.13509,1.13509,123
2019.01.04,16:37,1.13509,1.1354,1.13508,1.13525,145
2019.01.04,16:38,1.13525,1.1354,1.13519,1.13539,126
2019.01.04,16:39,1.13547,1.13547,1.13526,1.13542,130
2019.01.04,16:40,1.13541,1.13572,1.13527,1.13571,156
2019.01.04,16:41,1.1357,1.13571,1.13545,1.1355,135
2019.01.04,16:42,1.13551,1.13552,1.13533,1.13537,120
2019.01.04,16:43,1.13538,1.13547,1.13537,1.1354,76
2019.01.04,16:44,1.13537,1.13545,1.13529,1.13533,102
2019.01.04,16:45,1.13531,1.13533,1.13502,1.13505,198
2019.01.04,16:46,1.13505,1.13511,1.13478,1.13483,162
2019.01.04,16:47,1.13485,1.13516,1.13484,1.13512,172
2019.01.04,16:48,1.13512,1.13512,1.13487,1.13495,123
2019.01.04,16:49,1.13495,1.13498,1.13481,1.13487,149
2019.01.04,16:50,1.13486,1.13508,1.13482,1.13506,134
2019.01.04,16:51,1.13506,1.13512,1.13496,1.13496,126
2019.01.04,16:52,1.13497,1.13497,1.13479,1.13483,89
2019.01.04,16:53,1.13483,1.13486,1.13476,1.13479,128
2019.01.04,16:54,1.13479,1.13491,1.13462,1.1349,153
2019.01.04,16:55,1.1349,1.13514,1.1349,1.13503,193
2019.01.04,16:56,1.13505,1.1354,1.13497,1.13534,182
2019.01.04,16:57,1.13533,1.13538,1.13527,1.13527,134
2019.01.04,16:58,1.13528,1.13529,1.13506,1.13523,147
2019.01.04,16:59,1.13521,1.13537,1.13506,1.13535,119
2019.01.04,17:00,1.13534,1.13557,1.13515,1.13518,246
2019.01.04,17:01,1.13517,1.13546,1.13511,1.13535,157
2019.01.04,17:02,1.13535,1.13535,1.135,1.13517,142
2019.01.04,17:03,1.13515,1.13522,1.13513,1.13517,140
2019.01.04,17:04,1.13517,1.13526,1.13498,1.13515,138
2019.01.04,17:05,1.13515,1.1352,1.13492,1.13505,118
2019.01.04,17:06,1.13506,1.13508,1.13491,1.13504,135
2019.01.04,17:07,1.13503,1.13507,1.13493,1.13499,102
2019.01.04,17:08,1.13497,1.13498,1.13487,1.13495,77
2019.01.04,17:09,1.13495,1.13503,1.13493,1.13503,104
2019.01.04,17:10,1.13502,1.13506,1.13493,1.13493,74
2019.01.04,17:11,1.13491,1.13505,1.13484,1.135,81
2019.01.04,17:12,1.13499,1.135,1.13476,1.13497,91
2019.01.04,17:13,1.13496,1.13521,1.13489,1.13521,87
2019.01.04,17:14,1.13521,1.13547,1.13518,1.13535,140
2019.01.04,17:15,1.13537,1.13564,1.13529,1.13564,127
2019.01.04,17:16,1.13563,1.13563,1.1352,1.13547,166
2019.01.04,17:17,1.13548,1.13549,1.13522,1.13522,117
2019.01.04,17:18,1.13523,1.13542,1.13504,1.13526,182
2019.01.04,17:19,1.13527,1.13555,1.13508,1.13518,176
2019.01.04,17:20,1.13518,1.13545,1.13458,1.13532,279
2019.01.04,17:21,1.13532,1.13625,1.13526,1.13596,251
2019.01.04,17:22,1.13595,1.13719,1.13593,1.13709,388
2019.01.04,17:23,1.13708,1.13711,1.13654,1.13708,343
2019.01.04,17:24,1.13707,1.13844,1.13707,1.13831,389
2019.01.04,17:25,1.13834,1.13963,1.13834,1.13882,490
2019.01.04,17:26,1.13882,1.13913,1.13867,1.13886,389
2019.01.04,17:27,1.13887,1.13891,1.1382,1.13839,348
2019.01.04,17:28,1.13841,1.139,1.13841,1.13877,305
2019.01.04,17:29,1.13876,1.1393,1.13875,1.13926,306
2019.01.04,17:30,1.1393,1.13963,1.13921,1.1396,373
2019.01.04,17:31,1.1396,1.14,1.1396,1.13976,342
2019.01.04,17:32,1.13978,1.14,1.13953,1.13998,338
2019.01.04,17:33,1.13997,1.14004,1.13975,1.13988,237
2019.01.04,17:34,1.13989,1.14035,1.13958,1.14035,289
2019.01.04,17:35,1.14036,1.14069,1.14011,1.14026,305
2019.01.04,17:36,1.14021,1.14021,1.13953,1.13962,315
2019.01.04,17:37,1.13959,1.1396,1.13921,1.1393,266
2019.01.04,17:38,1.13928,1.13967,1.13912,1.13964,287
2019.01.04,17:39,1.13962,1.13962,1.1393,1.13955,218
2019.01.04,17:40,1.13954,1.13987,1.13941,1.13956,262
2019.01.04,17:41,1.13958,1.13995,1.13955,1.13991,143
2019.01.04,17:42,1.1399,1.1399,1.13951,1.13954,206
2019.01.04,17:43,1.13954,1.13956,1.13923,1.13925,157
2019.01.04,17:44,1.13924,1.13941,1.13904,1.13904,158
2019.01.04,17:45,1.13902,1.13909,1.13878,1.1388,207
2019.01.04,17:46,1.13882,1.13906,1.13873,1.13887,192
2019.01.04,17:47,1.1389,1.1389,1.13869,1.13875,179
2019.01.04,17:48,1.13874,1.13914,1.13871,1.13882,177
2019.01.04,17:49,1.13882,1.13923,1.13876,1.13923,176
2019.01.04,17:50,1.13921,1.13995,1.13906,1.13995,250
2019.01.04,17:51,1.13994,1.14053,1.13991,1.14034,310
2019.01.04,17:52,1.14032,1.14035,1.14014,1.1402,200
2019.01.04,17:53,1.14019,1.14057,1.14005,1.1401,222
2019.01.04,17:54,1.14007,1.14055,1.13999,1.1405,213
2019.01.04,17:55,1.1405,1.14101,1.1405,1.14085,297
2019.01.04,17:56,1.14085,1.14085,1.1404,1.14057,218
2019.01.04,17:57,1.14058,1.14107,1.14048,1.1406,274
2019.01.04,17:58,1.1406,1.14085,1.14045,1.14083,276
2019.01.04,17:59,1.14082,1.14107,1.14067,1.14105,294
2019.01.04,18:00,1.14106,1.14115,1.14085,1.14088,330
2019.01.04,18:01,1.14091,1.14148,1.1409,1.14144,291
2019.01.04,18:02,1.14142,1.14171,1.14083,1.14168,283
2019.01.04,18:03,1.14169,1.14174,1.1407,1.14081,281
2019.01.04,18:04,1.1408,1.14095,1.14056,1.14071,219
2019.01.04,18:05,1.14072,1.14101,1.14066,1.14077,211
2019.01.04,18:06,1.14077,1.14087,1.14061,1.14072,137
2019.01.04,18:07,1.14074,1.1409,1.14067,1.1409,122
2019.01.04,18:08,1.14089,1.1412,1.1408,1.14095,182
2019.01.04,18:09,1.14095,1.14124,1.14094,1.14116,193
2019.01.04,18:10,1.14117,1.14132,1.14089,1.14113,207
2019.01.04,18:11,1.14113,1.14116,1.14098,1.14108,189
2019.01.04,18:12,1.14108,1.14143,1.14108,1.1412,171
2019.01.04,18:13,1.14119,1.14124,1.14062,1.14073,200
2019.01.04,18:14,1.14073,1.14076,1.14052,1.14064,170
2019.01.04,18:15,1.14064,1.14084,1.14057,1.14064,192
2019.01.04,18:16,1.14064,1.14091,1.14041,1.14078,136
2019.01.04,18:17,1.14081,1.14108,1.14078,1.14105,122
2019.01.04,18:18,1.14105,1.14105,1.14073,1.14092,128
2019.01.04,18:19,1.14092,1.14098,1.14067,1.14073,125
2019.01.04,18:20,1.14072,1.14098,1.1407,1.14083,127
2019.01.04,18:21,1.14084,1.14109,1.14075,1.14108,110
2019.01.04,18:22,1.14107,1.1412,1.14083,1.1409,116
2019.01.04,18:23,1.14089,1.14101,1.14079,1.1408,108
2019.01.04,18:24,1.1408,1.14103,1.14079,1.14099,106
2019.01.04,18:25,1.14098,1.14103,1.14087,1.14098,79
2019.01.04,18:26,1.14097,1.14098,1.14044,1.14047,136
2019.01.04,18:27,1.14047,1.14058,1.14032,1.14038,161
2019.01.04,18:28,1.14037,1.1404,1.14003,1.14009,162
2019.01.04,18:29,1.1401,1.14021,1.14004,1.14008,125
2019.01.04,18:30,1.14009,1.14021,1.14005,1.14019,143
2019.01.04,18:31,1.14019,1.14019,1.13996,1.14017,135
2019.01.04,18:32,1.14019,1.14059,1.14019,1.14053,126
2019.01.04,18:33,1.14051,1.14074,1.14049,1.14074,137
2019.01.04,18:34,1.14075,1.14086,1.14067,1.14079,119
2019.01.04,18:35,1.14082,1.14084,1.14073,1.14074,81
2019.01.04,18:36,1.14073,1.14077,1.14062,1.14067,79
2019.01.04,18:37,1.14065,1.14098,1.14065,1.14094,106
2019.01.04,18:38,1.14097,1.14106,1.14096,1.14106,85
2019.01.04,18:39,1.14107,1.1415,1.14107,1.14148,147
2019.01.04,18:40,1.14146,1.14178,1.14138,1.14154,165
2019.01.04,18:41,1.14153,1.14163,1.14132,1.14132,148
2019.01.04,18:42,1.14135,1.14143,1.14124,1.14127,136
2019.01.04,18:43,1.14125,1.14147,1.14125,1.14143,134
2019.01.04,18:44,1.14146,1.14147,1.14124,1.14145,137
2019.01.04,18:45,1.14145,1.14148,1.14128,1.14135,117
2019.01.04,18:46,1.14134,1.1417,1.14134,1.14165,136
2019.01.04,18:47,1.14167,1.14177,1.14153,1.14158,143
2019.01.04,18:48,1.14157,1.14158,1.14113,1.14118,105
2019.01.04,18:49,1.14117,1.14122,1.14087,1.1409,111
2019.01.04,18:50,1.14089,1.14121,1.14087,1.1412,81
2019.01.04,18:51,1.14119,1.14119,1.14098,1.1411,85
2019.01.04,18:52,1.1411,1.14124,1.14109,1.14121,93
2019.01.04,18:53,1.14122,1.14127,1.14104,1.14117,91
2019.01.04,18:54,1.14116,1.14158,1.14113,1.14156,116
2019.01.04,18:55,1.14157,1.14163,1.14128,1.14135,128
2019.01.04,18:56,1.14135,1.14135,1.14098,1.14099,80
2019.01.04,18:57,1.14099,1.14123,1.14099,1.14123,94
2019.01.04,18:58,1.14124,1.14136,1.14097,1.14102,89
2019.01.04,18:59,1.14102,1.14108,1.14085,1.1409,99
2019.01.04,19:00,1.14091,1.14105,1.14086,1.14089,125
2019.01.04,19:01,1.1409,1.14092,1.14076,1.14087,109
2019.01.04,19:02,1.14087,1.14097,1.14082,1.14087,96
2019.01.04,19:03,1.14085,1.14087,1.14065,1.14078,82
2019.01.04,19:04,1.14078,1.14107,1.14078,1.14103,79
2019.01.04,19:05,1.14103,1.14118,1.14103,1.14113,69
2019.01.04,19:06,1.14113,1.14116,1.14062,1.14064,117
2019.01.04,19:07,1.14062,1.14077,1.14054,1.14055,83
2019.01.04,19:08,1.14054,1.14085,1.14054,1.14078,88
2019.01.04,19:09,1.14078,1.14081,1.14052,1.14055,99
2019.01.04,19:10,1.14056,1.14064,1.14043,1.14043,69
2019.01.04,19:11,1.14042,1.14042,1.14005,1.14008,123
2019.01.04,19:12,1.14009,1.14021,1.13998,1.14014,96
2019.01.04,19:13,1.14014,1.14014,1.13968,1.13987,133
2019.01.04,19:14,1.13987,1.14006,1.13978,1.14003,99
2019.01.04,19:15,1.14005,1.14023,1.13991,1.14009,117
2019.01.04,19:16,1.1401,1.14014,1.13965,1.13977,143
2019.01.04,19:17,1.13977,1.13994,1.13966,1.13987,95
2019.01.04,19:18,1.13987,1.13996,1.13955,1.13961,94
2019.01.04,19:19,1.13959,1.13967,1.13932,1.13947,163
2019.01.04,19:20,1.13949,1.1397,1.13941,1.13966,86
2019.01.04,19:21,1.13966,1.13989,1.13964,1.13976,60
2019.01.04,19:22,1.13974,1.13996,1.13974,1.13992,74
2019.01.04,19:23,1.1399,1.14003,1.1398,1.14002,95
2019.01.04,19:24,1.14002,1.14016,1.13973,1.13982,117
2019.01.04,19:25,1.13982,1.13993,1.13966,1.13984,90
2019.01.04,19:26,1.13984,1.14001,1.13984,1.14001,82
2019.01.04,19:27,1.14002,1.14014,1.13988,1.13989,70
2019.01.04,19:28,1.1399,1.13991,1.13975,1.13979,76
2019.01.04,19:29,1.13978,1.13981,1.13971,1.13972,80
2019.01.04,19:30,1.13972,1.13994,1.13972,1.13988,95
2019.01.04,19:31,1.13989,1.13998,1.13984,1.13985,77
2019.01.04,19:32,1.13984,1.13999,1.13978,1.13997,75
2019.01.04,19:33,1.13997,1.14005,1.13988,1.13992,75
2019.01.04,19:34,1.1399,1.1399,1.13965,1.13985,63
2019.01.04,19:35,1.13984,1.14019,1.13984,1.14019,43
2019.01.04,19:36,1.14021,1.14029,1.14015,1.14026,47
2019.01.04,19:37,1.14027,1.1405,1.14027,1.14038,67
2019.01.04,19:38,1.14038,1.14038,1.13992,1.13999,84
2019.01.04,19:39,1.13999,1.14008,1.13994,1.14001,72
2019.01.04,19:40,1.14002,1.14024,1.14002,1.14017,81
2019.01.04,19:41,1.14019,1.14049,1.14019,1.14049,95
2019.01.04,19:42,1.1405,1.14051,1.14033,1.14046,71
2019.01.04,19:43,1.14046,1.1406,1.14045,1.14057,69
2019.01.04,19:44,1.14057,1.14064,1.14049,1.1406,82
2019.01.04,19:45,1.14059,1.1406,1.14039,1.14049,81
2019.01.04,19:46,1.14049,1.14067,1.14045,1.14066,77
2019.01.04,19:47,1.14067,1.14078,1.14039,1.14039,141
2019.01.04,19:48,1.14038,1.14038,1.13993,1.1401,105
2019.01.04,19:49,1.1401,1.14019,1.14006,1.14014,95
2019.01.04,19:50,1.14017,1.14022,1.1399,1.14022,121
2019.01.04,19:51,1.14026,1.1406,1.14026,1.14055,91
2019.01.04,19:52,1.14051,1.14062,1.1404,1.14043,80
2019.01.04,19:53,1.14044,1.14047,1.14035,1.14042,62
2019.01.04,19:54,1.14044,1.14064,1.14027,1.14062,129
2019.01.04,19:55,1.14063,1.14064,1.1405,1.14055,115
2019.01.04,19:56,1.14054,1.14054,1.14022,1.14041,116
2019.01.04,19:57,1.14038,1.14041,1.14028,1.14028,86
2019.01.04,19:58,1.1403,1.14054,1.1403,1.14049,77
2019.01.04,19:59,1.1405,1.14055,1.14026,1.14054,87
2019.01.04,20:00,1.14051,1.14053,1.14037,1.14041,128
2019.01.04,20:01,1.14043,1.14047,1.1403,1.14035,93
2019.01.04,20:02,1.14038,1.14043,1.14026,1.14041,101
2019.01.04,20:03,1.14043,1.1405,1.14037,1.1405,51
2019.01.04,20:04,1.14051,1.14062,1.14046,1.14061,68
2019.01.04,20:05,1.14057,1.14077,1.14057,1.14067,97
2019.01.04,20:06,1.14067,1.14067,1.1405,1.1406,60
2019.01.04,20:07,1.1406,1.14062,1.14046,1.14046,63
2019.01.04,20:08,1.14046,1.1405,1.14042,1.14042,53
2019.01.04,20:09,1.14044,1.14062,1.14041,1.14062,45
2019.01.04,20:10,1.14062,1.14081,1.14061,1.1408,57
2019.01.04,20:11,1.1408,1.14094,1.14072,1.14094,71
2019.01.04,20:12,1.14095,1.14095,1.1407,1.14079,90
2019.01.04,20:13,1.1408,1.14084,1.14071,1.14079,48
2019.01.04,20:14,1.1408,1.14084,1.14063,1.1408,59
2019.01.04,20:15,1.1408,1.14102,1.1408,1.14087,72
2019.01.04,20:16,1.14088,1.14094,1.14079,1.14091,50
2019.01.04,20:17,1.14091,1.14106,1.14085,1.14106,62
2019.01.04,20:18,1.14107,1.14107,1.14075,1.1408,65
2019.01.04,20:19,1.14077,1.14095,1.14071,1.14086,56
2019.01.04,20:20,1.14086,1.14102,1.14085,1.14092,69
2019.01.04,20:21,1.14093,1.14105,1.1409,1.14099,55
2019.01.04,20:22,1.141,1.14102,1.14079,1.14085,38
2019.01.04,20:23,1.14084,1.14087,1.14075,1.14079,53
2019.01.04,20:24,1.14078,1.14085,1.14076,1.14084,32
2019.01.04,20:25,1.14081,1.14081,1.1407,1.14076,22
2019.01.04,20:26,1.14076,1.14082,1.14072,1.1408,44
2019.01.04,20:27,1.14081,1.14088,1.14071,1.14071,28
2019.01.04,20:28,1.1407,1.14075,1.14063,1.14068,45
2019.01.04,20:29,1.14069,1.14083,1.14069,1.14071,50
2019.01.04,20:30,1.14071,1.14087,1.14071,1.14076,77
2019.01.04,20:31,1.14076,1.14082,1.1407,1.14071,27
2019.01.04,20:32,1.14071,1.14071,1.14056,1.14064,78
2019.01.04,20:33,1.14065,1.14076,1.14056,1.14061,57
2019.01.04,20:34,1.1406,1.14065,1.14051,1.14055,43
2019.01.04,20:35,1.14055,1.14068,1.14055,1.14063,31
2019.01.04,20:36,1.14063,1.14064,1.14055,1.1406,41
2019.01.04,20:37,1.14061,1.14077,1.14056,1.14074,65
2019.01.04,20:38,1.14075,1.14075,1.1406,1.14064,30
2019.01.04,20:39,1.14063,1.14077,1.14062,1.14074,42
2019.01.04,20:40,1.14074,1.14075,1.14061,1.14069,67
2019.01.04,20:41,1.1407,1.14095,1.1407,1.14094,69
2019.01.04,20:42,1.14094,1.14094,1.1407,1.14078,79
2019.01.04,20:43,1.14076,1.14088,1.14074,1.14086,91
2019.01.04,20:44,1.14085,1.14096,1.14083,1.1409,76
2019.01.04,20:45,1.14091,1.14097,1.14089,1.14093,53
2019.01.04,20:46,1.14096,1.14097,1.14076,1.14083,57
2019.01.04,20:47,1.14084,1.14098,1.14084,1.14089,74
2019.01.04,20:48,1.14088,1.1409,1.1406,1.1406,73
2019.01.04,20:49,1.14057,1.14064,1.1405,1.14061,45
2019.01.04,20:50,1.14061,1.14074,1.14059,1.14066,59
2019.01.04,20:51,1.14065,1.14065,1.14053,1.14058,63
2019.01.04,20:52,1.14059,1.14062,1.14054,1.14054,51
2019.01.04,20:53,1.14053,1.14054,1.14041,1.14054,74
2019.01.04,20:54,1.14054,1.14063,1.14052,1.14056,64
2019.01.04,20:55,1.14056,1.14059,1.14047,1.14051,79
2019.01.04,20:56,1.14052,1.14076,1.14049,1.14076,81
2019.01.04,20:57,1.14076,1.14087,1.14059,1.14059,73
2019.01.04,20:58,1.14056,1.14057,1.1404,1.14043,78
2019.01.04,20:59,1.14043,1.14059,1.14038,1.14038,119
2019.01.04,21:00,1.14036,1.14036,1.1401,1.1401,114
2019.01.04,21:01,1.14013,1.14022,1.13972,1.13974,137
2019.01.04,21:02,1.13976,1.13984,1.13965,1.13984,130
2019.01.04,21:03,1.13983,1.13986,1.13954,1.13969,122
2019.01.04,21:04,1.13971,1.13986,1.13967,1.13972,98
2019.01.04,21:05,1.13974,1.13985,1.13962,1.13983,100
2019.01.04,21:06,1.13984,1.13993,1.13977,1.13978,132
2019.01.04,21:07,1.13976,1.14012,1.13972,1.1399,177
2019.01.04,21:08,1.1399,1.14011,1.1399,1.14004,100
2019.01.04,21:09,1.14003,1.14006,1.13992,1.13999,100
2019.01.04,21:10,1.13999,1.14005,1.13995,1.14004,46
2019.01.04,21:11,1.14005,1.14014,1.13999,1.13999,89
2019.01.04,21:12,1.13999,1.13999,1.13979,1.13981,99
2019.01.04,21:13,1.13981,1.13997,1.13981,1.13994,88
2019.01.04,21:14,1.13994,1.14009,1.13994,1.14001,67
2019.01.04,21:15,1.14,1.14,1.13982,1.13985,120
2019.01.04,21:16,1.13985,1.14006,1.13985,1.14006,91
2019.01.04,21:17,1.14007,1.14022,1.14007,1.14019,78
2019.01.04,21:18,1.1402,1.1402,1.14006,1.14009,46
2019.01.04,21:19,1.1401,1.14011,1.13996,1.14002,102
2019.01.04,21:20,1.14003,1.14005,1.13991,1.14001,91
2019.01.04,21:21,1.14002,1.14008,1.14002,1.14007,43
2019.01.04,21:22,1.14006,1.14014,1.14,1.14007,74
2019.01.04,21:23,1.14007,1.14007,1.13996,1.14005,78
2019.01.04,21:24,1.14005,1.14015,1.13998,1.14014,57
2019.01.04,21:25,1.14014,1.14025,1.13992,1.14013,109
2019.01.04,21:26,1.14014,1.14034,1.13995,1.14004,102
2019.01.04,21:27,1.14003,1.14003,1.13984,1.13988,71
2019.01.04,21:28,1.13986,1.14,1.1398,1.13996,79
2019.01.04,21:29,1.13995,1.14007,1.1399,1.13994,80
2019.01.04,21:30,1.13998,1.14003,1.13993,1.13997,95
2019.01.04,21:31,1.13995,1.13995,1.13981,1.1399,73
2019.01.04,21:32,1.13989,1.14009,1.13988,1.14009,41
2019.01.04,21:33,1.14009,1.14018,1.14006,1.14008,58
2019.01.04,21:34,1.14007,1.14019,1.14005,1.14012,97
2019.01.04,21:35,1.14014,1.1402,1.14005,1.14008,86
2019.01.04,21:36,1.14007,1.14009,1.13999,1.14009,81
2019.01.04,21:37,1.14006,1.14029,1.14,1.14024,90
2019.01.04,21:38,1.14025,1.14026,1.14014,1.14018,56
2019.01.04,21:39,1.14019,1.1402,1.1401,1.14016,75
2019.01.04,21:40,1.14016,1.14016,1.13994,1.13996,82
2019.01.04,21:41,1.13999,1.14004,1.13984,1.13994,58
2019.01.04,21:42,1.13994,1.13994,1.1397,1.13974,59
2019.01.04,21:43,1.13975,1.13985,1.13971,1.13975,78
2019.01.04,21:44,1.13973,1.13973,1.13957,1.13965,71
2019.01.04,21:45,1.13967,1.13972,1.13964,1.13972,39
2019.01.04,21:46,1.13971,1.13986,1.13969,1.13985,76
2019.01.04,21:47,1.13984,1.14001,1.13981,1.13981,114
2019.01.04,21:48,1.1398,1.13985,1.13974,1.13979,49
2019.01.04,21:49,1.13979,1.13995,1.13975,1.13992,80
2019.01.04,21:50,1.13991,1.13991,1.13975,1.13975,73
2019.01.04,21:51,1.13974,1.13975,1.13959,1.13959,108
2019.01.04,21:52,1.1396,1.13961,1.13953,1.13957,67
2019.01.04,21:53,1.13957,1.1396,1.1394,1.13951,75
2019.01.04,21:54,1.13953,1.13967,1.1395,1.13964,55
2019.01.04,21:55,1.13965,1.13979,1.13954,1.13957,101
2019.01.04,21:56,1.13956,1.13969,1.13949,1.13963,80
2019.01.04,21:57,1.13962,1.13985,1.13961,1.13985,63
2019.01.04,21:58,1.13984,1.13995,1.13976,1.13979,124
2019.01.04,21:59,1.13979,1.14002,1.13976,1.14,178
2019.01.04,22:00,1.14,1.14009,1.13984,1.1399,147
2019.01.04,22:01,1.1399,1.13995,1.13986,1.1399,94
2019.01.04,22:02,1.13991,1.13995,1.1398,1.13989,59
2019.01.04,22:03,1.13985,1.13997,1.13984,1.1399,86
2019.01.04,22:04,1.1399,1.13994,1.13987,1.1399,59
2019.01.04,22:05,1.13989,1.13992,1.13984,1.13985,26
2019.01.04,22:06,1.13984,1.13994,1.13984,1.13989,32
2019.01.04,22:07,1.1399,1.14006,1.13989,1.14004,46
2019.01.04,22:08,1.14004,1.14016,1.14004,1.14015,45
2019.01.04,22:09,1.14014,1.14029,1.14014,1.14029,40
2019.01.04,22:10,1.14027,1.14037,1.14025,1.14033,54
2019.01.04,22:11,1.14033,1.14035,1.14028,1.14028,34
2019.01.04,22:12,1.14026,1.14034,1.14023,1.14028,26
2019.01.04,22:13,1.14028,1.14035,1.14023,1.14023,38
2019.01.04,22:14,1.14023,1.14037,1.14023,1.14033,24
2019.01.04,22:15,1.14033,1.14034,1.14028,1.14028,40
2019.01.04,22:16,1.14029,1.14039,1.14027,1.14039,52
2019.01.04,22:17,1.14038,1.14043,1.14029,1.14032,70
2019.01.04,22:18,1.14033,1.14039,1.14032,1.14034,48
2019.01.04,22:19,1.14037,1.14039,1.14032,1.14038,42
2019.01.04,22:20,1.14034,1.14038,1.14005,1.14007,79
2019.01.04,22:21,1.14007,1.1402,1.14004,1.14009,86
2019.01.04,22:22,1.1401,1.14015,1.13998,1.14,87
2019.01.04,22:23,1.14002,1.1401,1.13999,1.1401,87
2019.01.04,22:24,1.1401,1.14014,1.14006,1.14007,32
2019.01.04,22:25,1.14008,1.14013,1.14,1.14013,77
2019.01.04,22:26,1.14015,1.14015,1.14003,1.14005,72
2019.01.04,22:27,1.14006,1.14016,1.13999,1.14015,52
2019.01.04,22:28,1.14016,1.14024,1.14016,1.14018,27
2019.01.04,22:29,1.14019,1.14024,1.14015,1.14018,28
2019.01.04,22:30,1.14015,1.14017,1.14009,1.14016,59
2019.01.04,22:31,1.14016,1.14017,1.14007,1.14009,48
2019.01.04,22:32,1.14009,1.14024,1.14006,1.14019,48
2019.01.04,22:33,1.14016,1.14023,1.14015,1.14019,37
2019.01.04,22:34,1.14021,1.14025,1.14015,1.14019,39
2019.01.04,22:35,1.14019,1.14024,1.14019,1.14024,32
2019.01.04,22:36,1.14025,1.14028,1.14022,1.14024,22
2019.01.04,22:37,1.14024,1.14025,1.14019,1.14024,35
2019.01.04,22:38,1.14023,1.14028,1.14018,1.14021,51
2019.01.04,22:39,1.1402,1.14024,1.14013,1.14013,44
2019.01.04,22:40,1.14015,1.14015,1.14009,1.1401,29
2019.01.04,22:41,1.14014,1.14018,1.14008,1.14009,22
2019.01.04,22:42,1.14008,1.1401,1.14005,1.14005,38
2019.01.04,22:43,1.14005,1.14008,1.14002,1.14008,32
2019.01.04,22:44,1.14007,1.14008,1.14001,1.14001,27
2019.01.04,22:45,1.14,1.14002,1.13988,1.13988,58
2019.01.04,22:46,1.13988,1.13992,1.13983,1.13983,37
2019.01.04,22:47,1.13984,1.13984,1.13975,1.1398,43
2019.01.04,22:48,1.13983,1.13984,1.13969,1.13969,30
2019.01.04,22:49,1.13968,1.13975,1.13963,1.13964,39
2019.01.04,22:50,1.13964,1.13967,1.13958,1.13965,48
2019.01.04,22:51,1.13964,1.13967,1.13961,1.13964,34
2019.01.04,22:52,1.13962,1.13965,1.1396,1.13964,11
2019.01.04,22:53,1.13966,1.1397,1.13964,1.13969,23
2019.01.04,22:54,1.13969,1.13979,1.13968,1.13973,39
2019.01.04,22:55,1.13974,1.13975,1.13964,1.13965,19
2019.01.04,22:56,1.13965,1.13966,1.13959,1.13964,16
2019.01.04,22:57,1.13965,1.13971,1.13963,1.1397,47
2019.01.04,22:58,1.13969,1.13998,1.13969,1.13993,99
2019.01.04,22:59,1.13994,1.14033,1.13994,1.14033,130
2019.01.04,23:00,1.14033,1.14034,1.14025,1.14028,55
2019.01.04,23:01,1.14028,1.14028,1.14018,1.14019,54
2019.01.04,23:02,1.14018,1.14019,1.1401,1.1401,23
2019.01.04,23:03,1.14009,1.1401,1.14009,1.14009,3
2019.01.04,23:04,1.1401,1.1401,1.14003,1.14005,16
2019.01.04,23:05,1.14006,1.14009,1.13997,1.13998,39
2019.01.04,23:06,1.13998,1.13999,1.13983,1.13983,45
2019.01.04,23:07,1.13983,1.13992,1.13974,1.13974,41
2019.01.04,23:08,1.13975,1.13975,1.13959,1.1396,32
2019.01.04,23:09,1.13962,1.13971,1.13962,1.1397,22
2019.01.04,23:10,1.13972,1.13988,1.13972,1.13985,32
2019.01.04,23:11,1.13988,1.13993,1.13988,1.13989,12
2019.01.04,23:12,1.13988,1.13992,1.13984,1.13985,11
2019.01.04,23:13,1.13988,1.13992,1.13981,1.1399,22
2019.01.04,23:14,1.13994,1.13994,1.13978,1.13979,30
2019.01.04,23:15,1.1398,1.13985,1.1398,1.13985,18
2019.01.04,23:16,1.13984,1.13993,1.13983,1.1399,23
2019.01.04,23:17,1.1399,1.13992,1.13988,1.13992,19
2019.01.04,23:18,1.13989,1.13993,1.13987,1.13989,28
2019.01.04,23:19,1.1399,1.13992,1.13987,1.13989,26
2019.01.04,23:20,1.13989,1.13989,1.13988,1.13989,9
2019.01.04,23:21,1.13988,1.1399,1.13985,1.13987,29
2019.01.04,23:22,1.13987,1.1399,1.13986,1.13988,9
2019.01.04,23:23,1.13991,1.13991,1.13987,1.13988,6
2019.01.04,23:24,1.13987,1.13988,1.13984,1.13988,8
2019.01.04,23:25,1.13988,1.13989,1.13987,1.13988,10
2019.01.04,23:26,1.13988,1.1399,1.13987,1.13987,12
2019.01.04,23:27,1.13988,1.13989,1.13987,1.13987,11
2019.01.04,23:28,1.13987,1.1399,1.13974,1.13974,21
2019.01.04,23:29,1.13975,1.13984,1.13973,1.13979,46
2019.01.04,23:30,1.13977,1.13984,1.13976,1.13984,31
2019.01.04,23:31,1.13983,1.13993,1.13983,1.13991,19
2019.01.04,23:32,1.13989,1.13998,1.13988,1.13989,29
2019.01.04,23:33,1.13988,1.13999,1.13988,1.13998,29
2019.01.04,23:34,1.13997,1.13999,1.13994,1.13994,36
2019.01.04,23:35,1.13994,1.13994,1.13987,1.13987,26
2019.01.04,23:36,1.13988,1.13989,1.13982,1.13982,15
2019.01.04,23:37,1.13983,1.13988,1.13978,1.13987,26
2019.01.04,23:38,1.13987,1.13993,1.13983,1.13987,26
2019.01.04,23:39,1.13988,1.13989,1.13982,1.13987,25
2019.01.04,23:40,1.13984,1.13987,1.13983,1.13984,14
2019.01.04,23:41,1.13983,1.13989,1.13983,1.13983,16
2019.01.04,23:42,1.1398,1.1398,1.13971,1.13972,23
2019.01.04,23:43,1.1397,1.1397,1.13967,1.13967,7
2019.01.04,23:44,1.13972,1.13972,1.13962,1.13963,22
2019.01.04,23:45,1.13965,1.13969,1.13962,1.13969,39
2019.01.04,23:46,1.13968,1.1397,1.13967,1.13967,9
2019.01.04,23:47,1.13968,1.13987,1.13967,1.13981,112
2019.01.04,23:48,1.13977,1.1398,1.13967,1.13975,17
2019.01.04,23:49,1.13975,1.13979,1.13971,1.13971,26
2019.01.04,23:50,1.13972,1.13974,1.13952,1.13962,42
2019.01.04,23:51,1.13963,1.13966,1.13946,1.13953,64
2019.01.04,23:52,1.13955,1.13958,1.13953,1.13957,31
2019.01.04,23:53,1.13957,1.13957,1.13947,1.13948,29
2019.01.04,23:54,1.13949,1.13959,1.13949,1.13956,30
2019.01.04,23:55,1.13956,1.13968,1.13955,1.13965,39
2019.01.04,23:56,1.13965,1.13968,1.13963,1.13966,12
2019.01.07,00:00,1.13948,1.13948,1.13946,1.13946,2
2019.01.07,00:01,1.13952,1.13953,1.13952,1.13953,3
2019.01.07,00:02,1.13953,1.13953,1.13953,1.13953,2
2019.01.07,00:03,1.13953,1.13958,1.13949,1.13949,9
2019.01.07,00:04,1.13949,1.13952,1.13949,1.13952,5
2019.01.07,00:05,1.13951,1.13966,1.13949,1.13949,21
2019.01.07,00:06,1.13949,1.13966,1.13949,1.13965,24
2019.01.07,00:07,1.13964,1.1397,1.13961,1.13968,29
2019.01.07,00:08,1.13967,1.1397,1.13967,1.13968,14
2019.01.07,00:09,1.13969,1.13969,1.13965,1.13965,10
2019.01.07,00:10,1.13966,1.13966,1.13964,1.13966,11
2019.01.07,00:11,1.13964,1.13967,1.13959,1.13967,23
2019.01.07,00:12,1.13969,1.13994,1.13969,1.13983,41
2019.01.07,00:13,1.13983,1.14009,1.1398,1.13987,41
2019.01.07,00:14,1.13987,1.13987,1.13981,1.13981,27
2019.01.07,00:15,1.13981,1.13993,1.13978,1.13978,31
2019.01.07,00:16,1.13978,1.13999,1.13978,1.13992,33
2019.01.07,00:17,1.13991,1.13995,1.13991,1.13995,15
2019.01.07,00:18,1.13995,1.13995,1.13987,1.1399,18
2019.01.07,00:19,1.13991,1.13993,1.13991,1.13993,9
2019.01.07,00:20,1.13992,1.13996,1.1399,1.13996,24
2019.01.07,00:21,1.13995,1.14005,1.13994,1.14001,23
2019.01.07,00:22,1.14,1.14015,1.13995,1.14,17
2019.01.07,00:23,1.14001,1.14001,1.13976,1.13991,17
2019.01.07,00:24,1.13991,1.14018,1.13975,1.14004,21
2019.01.07,00:25,1.14005,1.14007,1.13997,1.14004,17
2019.01.07,00:26,1.14007,1.14013,1.14002,1.14012,22
2019.01.07,00:27,1.14013,1.14014,1.14008,1.14013,10
2019.01.07,00:28,1.14014,1.14014,1.13992,1.13992,10
2019.01.07,00:29,1.13993,1.13999,1.13991,1.13996,11
2019.01.07,00:30,1.13997,1.14011,1.13996,1.13999,25
2019.01.07,00:31,1.13998,1.13999,1.13996,1.13996,11
2019.01.07,00:32,1.13996,1.14006,1.13996,1.14006,8
2019.01.07,00:33,1.14007,1.14015,1.14006,1.14013,15
2019.01.07,00:34,1.14013,1.14013,1.14012,1.14012,13
2019.01.07,00:35,1.14012,1.14012,1.14003,1.14006,24
2019.01.07,00:36,1.14005,1.14018,1.14005,1.14012,39
2019.01.07,00:37,1.14012,1.14012,1.14009,1.1401,18
2019.01.07,00:38,1.14011,1.14017,1.14011,1.14013,12
2019.01.07,00:39,1.14016,1.14022,1.14014,1.14014,21
2019.01.07,00:40,1.14013,1.14014,1.14013,1.14013,5
2019.01.07,00:41,1.14014,1.14014,1.14012,1.14012,2
2019.01.07,00:42,1.14013,1.14031,1.14013,1.14026,19
2019.01.07,00:43,1.14025,1.14026,1.14025,1.14025,3
2019.01.07,00:44,1.14026,1.14031,1.14026,1.14026,3
2019.01.07,00:45,1.1403,1.1403,1.14023,1.14024,11
2019.01.07,00:46,1.14025,1.14025,1.14025,1.14025,1
2019.01.07,00:47,1.14024,1.14024,1.14023,1.14023,6
2019.01.07,00:48,1.14022,1.14022,1.1402,1.1402,14
2019.01.07,00:49,1.14022,1.14022,1.1402,1.1402,20
2019.01.07,00:50,1.1402,1.14021,1.1402,1.14021,7
2019.01.07,00:51,1.14021,1.14026,1.14021,1.14025,6
2019.01.07,00:52,1.14026,1.14026,1.14022,1.14022,13
2019.01.07,00:53,1.14022,1.14022,1.1402,1.1402,13
2019.01.07,00:54,1.1402,1.14023,1.14015,1.14017,29
2019.01.07,00:55,1.14022,1.14037,1.14022,1.14032,25
2019.01.07,00:56,1.14033,1.14038,1.14033,1.14034,18
2019.01.07,00:57,1.14033,1.14034,1.14025,1.14025,11
2019.01.07,00:58,1.14026,1.14052,1.14024,1.14043,23
2019.01.07,00:59,1.14044,1.14058,1.14043,1.14046,14
2019.01.07,01:00,1.14046,1.14086,1.14046,1.1407,86
2019.01.07,01:01,1.14078,1.14098,1.1407,1.14089,187
2019.01.07,01:02,1.14089,1.1411,1.14083,1.14102,99
2019.01.07,01:03,1.14104,1.14122,1.14082,1.14084,122
2019.01.07,01:04,1.14085,1.14109,1.14082,1.14093,114
2019.01.07,01:05,1.14095,1.14123,1.14086,1.14123,72
2019.01.07,01:06,1.14122,1.14122,1.14097,1.14104,80
2019.01.07,01:07,1.14104,1.1411,1.14096,1.1411,31
2019.01.07,01:08,1.1411,1.14119,1.1411,1.14115,35
2019.01.07,01:09,1.14115,1.14115,1.14111,1.14111,23
2019.01.07,01:10,1.14111,1.14111,1.1409,1.14096,64
2019.01.07,01:11,1.14099,1.14108,1.14094,1.14095,62
2019.01.07,01:12,1.14094,1.14098,1.14093,1.14096,36
2019.01.07,01:13,1.14096,1.14097,1.14093,1.14095,31
2019.01.07,01:14,1.14096,1.14096,1.14093,1.14095,26
2019.01.07,01:15,1.14096,1.14096,1.14092,1.14092,28
2019.01.07,01:16,1.14092,1.14095,1.14086,1.14092,33
2019.01.07,01:17,1.14091,1.14091,1.14084,1.14087,47
2019.01.07,01:18,1.14088,1.14092,1.14086,1.14088,26
2019.01.07,01:19,1.14088,1.14088,1.14085,1.14085,14
2019.01.07,01:20,1.14087,1.14087,1.14081,1.14082,50
2019.01.07,01:21,1.14083,1.14086,1.14082,1.14086,8
2019.01.07,01:22,1.14085,1.14088,1.14081,1.14082,34
2019.01.07,01:23,1.14081,1.14083,1.14077,1.1408,35
2019.01.07,01:24,1.1408,1.14082,1.1408,1.14081,22
2019.01.07,01:25,1.14082,1.14085,1.14081,1.14083,32
2019.01.07,01:26,1.14083,1.14084,1.14077,1.1408,53
2019.01.07,01:27,1.14079,1.14079,1.14077,1.14077,14
2019.01.07,01:28,1.14078,1.14082,1.14076,1.14077,34
2019.01.07,01:29,1.14077,1.14078,1.14072,1.14076,37
2019.01.07,01:30,1.14075,1.14077,1.14072,1.14073,47
2019.01.07,01:31,1.14073,1.14081,1.14072,1.1408,43
2019.01.07,01:32,1.14079,1.14085,1.14076,1.14085,28
2019.01.07,01:33,1.14086,1.14088,1.14079,1.1408,32
2019.01.07,01:34,1.1408,1.14082,1.1408,1.1408,11
2019.01.07,01:35,1.1408,1.14096,1.14074,1.14092,51
2019.01.07,01:36,1.14092,1.14099,1.14092,1.14095,21
2019.01.07,01:37,1.14095,1.14095,1.14082,1.14084,42
2019.01.07,01:38,1.14085,1.14089,1.14074,1.14077,41
2019.01.07,01:39,1.14076,1.14079,1.14073,1.14077,46
2019.01.07,01:40,1.14078,1.14081,1.14076,1.14077,21
2019.01.07,01:41,1.14077,1.14078,1.14075,1.14077,23
2019.01.07,01:42,1.14077,1.14081,1.14077,1.14081,26
2019.01.07,01:43,1.14085,1.14086,1.14082,1.14086,35
2019.01.07,01:44,1.14085,1.14095,1.14084,1.14086,35
2019.01.07,01:45,1.14085,1.14096,1.14084,1.14095,46
2019.01.07,01:46,1.14097,1.14097,1.14083,1.14085,53
2019.01.07,01:47,1.14085,1.14093,1.14083,1.14087,53
2019.01.07,01:48,1.14087,1.14096,1.14087,1.14094,44
2019.01.07,01:49,1.14093,1.14097,1.14088,1.14097,66
2019.01.07,01:50,1.14096,1.14103,1.14096,1.14103,52
2019.01.07,01:51,1.14103,1.14112,1.14103,1.14112,50
2019.01.07,01:52,1.1412,1.1413,1.14115,1.14126,61
2019.01.07,01:53,1.14125,1.14125,1.14114,1.14117,34
2019.01.07,01:54,1.14115,1.14115,1.14106,1.14112,52
2019.01.07,01:55,1.14112,1.14121,1.14112,1.14113,21
2019.01.07,01:56,1.14113,1.14113,1.14102,1.14104,35
2019.01.07,01:57,1.14104,1.14107,1.14103,1.14106,12
2019.01.07,01:58,1.14105,1.14105,1.14097,1.14103,50
2019.01.07,01:59,1.14102,1.14103,1.14101,1.14103,34
2019.01.07,02:00,1.14103,1.14103,1.14098,1.141,63
2019.01.07,02:01,1.14102,1.14104,1.14092,1.14098,99
2019.01.07,02:02,1.14098,1.14111,1.14097,1.14108,55
2019.01.07,02:03,1.14107,1.14111,1.14103,1.14103,49
2019.01.07,02:04,1.14103,1.14103,1.14093,1.14096,52
2019.01.07,02:05,1.14094,1.14095,1.14081,1.14081,43
2019.01.07,02:06,1.14078,1.14078,1.14063,1.14077,83
2019.01.07,02:07,1.14076,1.14083,1.14076,1.14081,46
2019.01.07,02:08,1.1408,1.14082,1.14078,1.14082,40
2019.01.07,02:09,1.1408,1.14082,1.14077,1.14081,25
2019.01.07,02:10,1.14079,1.14088,1.14079,1.14082,50
2019.01.07,02:11,1.14082,1.14084,1.14081,1.14083,32
2019.01.07,02:12,1.14084,1.14088,1.14083,1.14087,30
2019.01.07,02:13,1.14086,1.14089,1.14082,1.14087,35
2019.01.07,02:14,1.14087,1.14087,1.14082,1.14082,49
2019.01.07,02:15,1.14083,1.14083,1.14072,1.14072,27
2019.01.07,02:16,1.14073,1.14073,1.14064,1.14065,41
2019.01.07,02:17,1.14064,1.1407,1.14064,1.14069,31
2019.01.07,02:18,1.1407,1.1407,1.14065,1.14065,26
2019.01.07,02:19,1.14063,1.14064,1.14061,1.14062,40
2019.01.07,02:20,1.14062,1.14074,1.14062,1.14073,36
2019.01.07,02:21,1.14073,1.14078,1.14072,1.14078,21
2019.01.07,02:22,1.14077,1.14078,1.14072,1.14078,40
2019.01.07,02:23,1.14078,1.14078,1.14067,1.14068,55
2019.01.07,02:24,1.14067,1.14069,1.14064,1.14069,28
2019.01.07,02:25,1.14069,1.1407,1.14057,1.14057,23
2019.01.07,02:26,1.14057,1.14058,1.14046,1.14057,52
2019.01.07,02:27,1.14057,1.14057,1.14047,1.14047,39
2019.01.07,02:28,1.14047,1.14051,1.14047,1.1405,33
2019.01.07,02:29,1.1405,1.14059,1.1405,1.14058,11
2019.01.07,02:30,1.14057,1.14072,1.14057,1.14065,45
2019.01.07,02:31,1.14065,1.14067,1.14064,1.14064,29
2019.01.07,02:32,1.14065,1.14095,1.14064,1.14092,67
2019.01.07,02:33,1.14093,1.14102,1.14092,1.14099,52
2019.01.07,02:34,1.14099,1.14106,1.14097,1.14104,45
2019.01.07,02:35,1.14104,1.14104,1.14086,1.14086,61
2019.01.07,02:36,1.14087,1.14095,1.14082,1.14091,56
2019.01.07,02:37,1.1409,1.14102,1.1409,1.14101,75
2019.01.07,02:38,1.14102,1.14119,1.14102,1.14118,59
2019.01.07,02:39,1.14118,1.14119,1.14112,1.14115,51
2019.01.07,02:40,1.14118,1.14125,1.14116,1.14124,32
2019.01.07,02:41,1.14123,1.14124,1.14113,1.14114,33
2019.01.07,02:42,1.14115,1.14118,1.14114,1.14114,44
2019.01.07,02:43,1.14113,1.14117,1.14104,1.14106,39
2019.01.07,02:44,1.14106,1.14107,1.14104,1.14107,21
2019.01.07,02:45,1.14107,1.14111,1.14104,1.14109,23
2019.01.07,02:46,1.1411,1.14125,1.14107,1.1412,44
2019.01.07,02:47,1.14118,1.14128,1.14117,1.14118,35
2019.01.07,02:48,1.14117,1.1413,1.14117,1.14125,36
2019.01.07,02:49,1.14125,1.14125,1.14118,1.14118,28
2019.01.07,02:50,1.14117,1.1412,1.14116,1.14118,27
2019.01.07,02:51,1.14117,1.14117,1.14114,1.14115,15
2019.01.07,02:52,1.14114,1.14125,1.14114,1.14125,32
2019.01.07,02:53,1.14125,1.14131,1.14117,1.14117,48
2019.01.07,02:54,1.14118,1.14134,1.14114,1.14127,73
2019.01.07,02:55,1.14128,1.14128,1.14105,1.14105,63
2019.01.07,02:56,1.14107,1.14108,1.14102,1.14104,21
2019.01.07,02:57,1.14104,1.14105,1.14101,1.14103,27
2019.01.07,02:58,1.14104,1.14104,1.14097,1.14098,21
2019.01.07,02:59,1.14097,1.14101,1.14093,1.14093,28
2019.01.07,03:00,1.14094,1.14097,1.1409,1.14097,47
2019.01.07,03:01,1.14096,1.14097,1.1409,1.14093,53
2019.01.07,03:02,1.14092,1.14099,1.14088,1.14097,52
2019.01.07,03:03,1.14097,1.14097,1.14088,1.14088,60
2019.01.07,03:04,1.14088,1.14093,1.14088,1.14092,39
2019.01.07,03:05,1.14092,1.14098,1.14092,1.14094,40
2019.01.07,03:06,1.14096,1.14096,1.14092,1.14092,18
2019.01.07,03:07,1.14092,1.14093,1.14088,1.14088,21
2019.01.07,03:08,1.14088,1.14094,1.14088,1.14089,28
2019.01.07,03:09,1.14089,1.1409,1.14088,1.14089,21
2019.01.07,03:10,1.1409,1.1409,1.14084,1.14087,27
2019.01.07,03:11,1.14087,1.14089,1.14084,1.14087,40
2019.01.07,03:12,1.14087,1.14087,1.14085,1.14087,20
2019.01.07,03:13,1.14086,1.14088,1.14084,1.14085,12
2019.01.07,03:14,1.14086,1.14086,1.14083,1.14084,18
2019.01.07,03:15,1.14083,1.14083,1.14081,1.14081,12
2019.01.07,03:16,1.14082,1.14085,1.14079,1.14085,53
2019.01.07,03:17,1.14083,1.14087,1.14082,1.14084,27
2019.01.07,03:18,1.14085,1.14085,1.14082,1.14084,35
2019.01.07,03:19,1.14085,1.14085,1.14082,1.14082,15
2019.01.07,03:20,1.14082,1.14087,1.14082,1.14087,20
2019.01.07,03:21,1.14087,1.14095,1.14086,1.14093,18
2019.01.07,03:22,1.14092,1.14097,1.14092,1.14094,24
2019.01.07,03:23,1.14095,1.14098,1.14094,1.14098,35
2019.01.07,03:24,1.14097,1.141,1.14097,1.14098,34
2019.01.07,03:25,1.141,1.14106,1.14098,1.14106,46
2019.01.07,03:26,1.14106,1.14108,1.14103,1.14103,45
2019.01.07,03:27,1.14104,1.14108,1.14102,1.14107,39
2019.01.07,03:28,1.14107,1.14112,1.14107,1.14112,18
2019.01.07,03:29,1.14112,1.14117,1.14107,1.14112,38
2019.01.07,03:30,1.14112,1.14114,1.14102,1.14103,41
2019.01.07,03:31,1.14104,1.14117,1.14103,1.14114,30
2019.01.07,03:32,1.14116,1.14127,1.14116,1.14125,17
2019.01.07,03:33,1.14125,1.14125,1.14125,1.14125,9
2019.01.07,03:34,1.14125,1.14131,1.14123,1.1413,65
2019.01.07,03:35,1.1413,1.14135,1.1413,1.14132,48
2019.01.07,03:36,1.14131,1.14137,1.14131,1.14134,28
2019.01.07,03:37,1.14135,1.14135,1.14125,1.14129,52
2019.01.07,03:38,1.14127,1.14127,1.14122,1.14123,18
2019.01.07,03:39,1.14121,1.14127,1.14118,1.14126,34
2019.01.07,03:40,1.14126,1.14128,1.14125,1.14127,29
2019.01.07,03:41,1.14128,1.14129,1.14127,1.14127,15
2019.01.07,03:42,1.14128,1.14138,1.14127,1.14136,52
2019.01.07,03:43,1.14137,1.1417,1.14136,1.14166,116
2019.01.07,03:44,1.14167,1.14205,1.14167,1.14197,135
2019.01.07,03:45,1.14198,1.14221,1.14195,1.14215,116
2019.01.07,03:46,1.14214,1.1422,1.14213,1.14215,36
2019.01.07,03:47,1.14215,1.14225,1.14215,1.14223,54
2019.01.07,03:48,1.14224,1.14225,1.14218,1.14218,46
2019.01.07,03:49,1.14219,1.1423,1.14217,1.1422,78
2019.01.07,03:50,1.14219,1.14229,1.14218,1.14224,62
2019.01.07,03:51,1.14224,1.14229,1.14222,1.14229,30
2019.01.07,03:52,1.14227,1.14228,1.14213,1.14214,40
2019.01.07,03:53,1.14215,1.14217,1.14203,1.14209,58
2019.01.07,03:54,1.14208,1.14211,1.14201,1.14205,63
2019.01.07,03:55,1.14206,1.14208,1.14203,1.14204,52
2019.01.07,03:56,1.14203,1.14205,1.14194,1.14194,22
2019.01.07,03:57,1.14194,1.14195,1.14192,1.14193,20
2019.01.07,03:58,1.14195,1.14202,1.14193,1.142,30
2019.01.07,03:59,1.14197,1.14213,1.14197,1.14213,38
2019.01.07,04:00,1.14213,1.14213,1.14197,1.14199,32
2019.01.07,04:01,1.14198,1.14208,1.14197,1.142,62
2019.01.07,04:02,1.142,1.14209,1.142,1.14202,47
2019.01.07,04:03,1.14201,1.14201,1.14196,1.14198,44
2019.01.07,04:04,1.14197,1.14199,1.14193,1.14194,40
2019.01.07,04:05,1.14195,1.14197,1.14194,1.14195,52
2019.01.07,04:06,1.14193,1.14195,1.14189,1.14189,29
2019.01.07,04:07,1.1419,1.14191,1.14183,1.14184,32
2019.01.07,04:08,1.14184,1.14193,1.14183,1.14192,36
2019.01.07,04:09,1.14192,1.14198,1.14191,1.14197,32
2019.01.07,04:10,1.14198,1.14199,1.14192,1.14197,36
2019.01.07,04:11,1.14197,1.14199,1.14194,1.14196,33
2019.01.07,04:12,1.14195,1.14196,1.14186,1.14188,47
2019.01.07,04:13,1.1419,1.1419,1.14174,1.14176,41
2019.01.07,04:14,1.14174,1.14177,1.14172,1.14173,57
2019.01.07,04:15,1.14172,1.14187,1.14171,1.14187,12
2019.01.07,04:16,1.14187,1.14195,1.14187,1.14192,25
2019.01.07,04:17,1.14193,1.14195,1.14182,1.14185,24
2019.01.07,04:18,1.14186,1.14194,1.14186,1.14193,33
2019.01.07,04:19,1.14194,1.14197,1.14194,1.14197,19
2019.01.07,04:20,1.14195,1.14196,1.14195,1.14195,12
2019.01.07,04:21,1.14195,1.14195,1.14191,1.14192,28
2019.01.07,04:22,1.14193,1.14195,1.1419,1.1419,16
2019.01.07,04:23,1.1419,1.14198,1.1419,1.14195,46
2019.01.07,04:24,1.14196,1.14197,1.14193,1.14194,14
2019.01.07,04:25,1.14195,1.14195,1.14194,1.14195,21
2019.01.07,04:26,1.14195,1.14196,1.14193,1.14195,17
2019.01.07,04:27,1.14196,1.14197,1.14195,1.14195,23
2019.01.07,04:28,1.14195,1.14197,1.14194,1.14196,27
2019.01.07,04:29,1.14195,1.14197,1.14193,1.14195,30
2019.01.07,04:30,1.14195,1.14195,1.14192,1.14195,20
2019.01.07,04:31,1.14194,1.14213,1.14194,1.14207,83
2019.01.07,04:32,1.14207,1.14223,1.14207,1.14223,37
2019.01.07,04:33,1.14223,1.14224,1.1422,1.14223,57
2019.01.07,04:34,1.14222,1.14223,1.14215,1.1422,53
2019.01.07,04:35,1.14221,1.14221,1.14217,1.14219,29
2019.01.07,04:36,1.14218,1.14218,1.14214,1.14215,20
2019.01.07,04:37,1.14214,1.14217,1.14208,1.14208,23
2019.01.07,04:38,1.14208,1.1422,1.14208,1.14218,29
2019.01.07,04:39,1.14217,1.14218,1.1421,1.1421,52
2019.01.07,04:40,1.1421,1.1421,1.14207,1.14208,25
2019.01.07,04:41,1.14209,1.14209,1.14202,1.14208,39
2019.01.07,04:42,1.14207,1.14207,1.14206,1.14207,13
2019.01.07,04:43,1.14207,1.14208,1.14205,1.14206,25
2019.01.07,04:44,1.14206,1.14209,1.14206,1.14207,24
2019.01.07,04:45,1.14207,1.14209,1.14205,1.14208,21
2019.01.07,04:46,1.14208,1.14219,1.14208,1.14215,32
2019.01.07,04:47,1.14216,1.14219,1.14216,1.14219,16
2019.01.07,04:48,1.14219,1.14219,1.14212,1.14215,29
2019.01.07,04:49,1.14214,1.14214,1.14206,1.14207,18
2019.01.07,04:50,1.14206,1.1421,1.14206,1.14208,28
2019.01.07,04:51,1.14208,1.14209,1.14206,1.14207,16
2019.01.07,04:52,1.14209,1.14209,1.14203,1.14207,32
2019.01.07,04:53,1.14207,1.1421,1.14206,1.14207,24
2019.01.07,04:54,1.14209,1.1421,1.14206,1.14207,18
2019.01.07,04:55,1.14206,1.14207,1.14202,1.14202,30
2019.01.07,04:56,1.14202,1.14205,1.14201,1.14202,13
2019.01.07,04:57,1.14202,1.14204,1.14195,1.14196,50
2019.01.07,04:58,1.14197,1.14197,1.14192,1.14196,37
2019.01.07,04:59,1.14197,1.14204,1.14197,1.14201,24
2019.01.07,05:00,1.14201,1.14201,1.14181,1.14184,48
2019.01.07,05:01,1.14182,1.14182,1.14177,1.1418,38
2019.01.07,05:02,1.1418,1.14183,1.14177,1.1418,38
2019.01.07,05:03,1.14179,1.14179,1.14175,1.14177,26
2019.01.07,05:04,1.14177,1.14177,1.14171,1.14172,26
2019.01.07,05:05,1.14172,1.14172,1.14164,1.14168,35
2019.01.07,05:06,1.14168,1.14172,1.14166,1.14166,23
2019.01.07,05:07,1.14167,1.14181,1.14166,1.14177,40
2019.01.07,05:08,1.14177,1.14198,1.14176,1.14192,70
2019.01.07,05:09,1.1419,1.14192,1.14187,1.14191,51
2019.01.07,05:10,1.1419,1.14192,1.14187,1.14187,28
2019.01.07,05:11,1.14187,1.14187,1.14187,1.14187,11
2019.01.07,05:12,1.14187,1.14192,1.14187,1.14187,26
2019.01.07,05:13,1.14188,1.14197,1.14188,1.14197,30
2019.01.07,05:14,1.14197,1.14202,1.14197,1.14198,12
2019.01.07,05:15,1.14199,1.14201,1.14197,1.14197,31
2019.01.07,05:16,1.14197,1.14199,1.14197,1.14199,21
2019.01.07,05:17,1.14198,1.14203,1.14195,1.14203,35
2019.01.07,05:18,1.14202,1.14208,1.14202,1.14208,43
2019.01.07,05:19,1.14209,1.14217,1.14207,1.14211,62
2019.01.07,05:20,1.1421,1.14213,1.14206,1.14212,59
2019.01.07,05:21,1.14211,1.14216,1.14211,1.14215,32
2019.01.07,05:22,1.14216,1.1422,1.14215,1.14218,28
2019.01.07,05:23,1.14217,1.14223,1.14214,1.14223,39
2019.01.07,05:24,1.14223,1.14223,1.14215,1.14216,28
2019.01.07,05:25,1.14216,1.14219,1.14212,1.14217,19
2019.01.07,05:26,1.14218,1.14219,1.14212,1.14212,26
2019.01.07,05:27,1.14212,1.14212,1.14206,1.14206,33
2019.01.07,05:28,1.14206,1.14211,1.14206,1.14209,28
2019.01.07,05:29,1.14213,1.14213,1.14206,1.14211,17
2019.01.07,05:30,1.14212,1.14217,1.14211,1.14216,21
2019.01.07,05:31,1.14216,1.14221,1.14216,1.14217,26
2019.01.07,05:32,1.14217,1.14219,1.14216,1.14217,22
2019.01.07,05:33,1.14217,1.14217,1.14213,1.14213,11
2019.01.07,05:34,1.14212,1.14215,1.14207,1.14209,33
2019.01.07,05:35,1.14208,1.14212,1.14207,1.14211,25
2019.01.07,05:36,1.14212,1.14217,1.14212,1.14216,18
2019.01.07,05:37,1.14217,1.14219,1.14217,1.14217,9
2019.01.07,05:38,1.14217,1.14229,1.14217,1.14222,38
2019.01.07,05:39,1.14222,1.14225,1.14221,1.14225,6
2019.01.07,05:40,1.14221,1.14222,1.14218,1.14218,18
2019.01.07,05:41,1.14218,1.14221,1.14216,1.14217,24
2019.01.07,05:42,1.14218,1.14223,1.14218,1.14222,22
2019.01.07,05:43,1.14224,1.14224,1.14212,1.14214,25
2019.01.07,05:44,1.14214,1.14217,1.14212,1.14216,36
2019.01.07,05:45,1.14215,1.14215,1.14207,1.14207,24
2019.01.07,05:46,1.14208,1.14212,1.14207,1.14211,17
2019.01.07,05:47,1.14212,1.14212,1.14211,1.14212,10
2019.01.07,05:48,1.14212,1.14212,1.14207,1.14209,31
2019.01.07,05:49,1.14209,1.14219,1.14204,1.14218,48
2019.01.07,05:50,1.14218,1.14232,1.14217,1.14232,33
2019.01.07,05:51,1.14244,1.1425,1.14232,1.1424,66
2019.01.07,05:52,1.14242,1.14251,1.14237,1.14237,80
2019.01.07,05:53,1.14238,1.14242,1.14236,1.14241,28
2019.01.07,05:54,1.14242,1.14254,1.1424,1.14252,72
2019.01.07,05:55,1.14251,1.14251,1.14237,1.14237,41
2019.01.07,05:56,1.14238,1.14241,1.14237,1.14239,28
2019.01.07,05:57,1.1424,1.14241,1.14234,1.14235,54
2019.01.07,05:58,1.14235,1.14236,1.14231,1.14235,26
2019.01.07,05:59,1.14234,1.14235,1.14225,1.14226,28
2019.01.07,06:00,1.14228,1.14231,1.14217,1.1423,38
2019.01.07,06:01,1.14232,1.14233,1.14226,1.14226,35
2019.01.07,06:02,1.14228,1.14237,1.14227,1.14235,67
2019.01.07,06:03,1.14234,1.14239,1.14232,1.14237,31
2019.01.07,06:04,1.14236,1.14242,1.14233,1.14241,47
2019.01.07,06:05,1.14242,1.14299,1.14242,1.14294,135
2019.01.07,06:06,1.14291,1.143,1.14284,1.14286,97
2019.01.07,06:07,1.14285,1.14296,1.14282,1.14286,72
2019.01.07,06:08,1.14286,1.14295,1.14278,1.14287,42
2019.01.07,06:09,1.14286,1.14287,1.14274,1.14274,73
2019.01.07,06:10,1.14274,1.14274,1.14263,1.1427,38
2019.01.07,06:11,1.1427,1.1428,1.14258,1.14272,69
2019.01.07,06:12,1.14271,1.14297,1.14271,1.14291,68
2019.01.07,06:13,1.14286,1.14291,1.14274,1.14286,161
2019.01.07,06:14,1.14285,1.14299,1.14282,1.14298,52
2019.01.07,06:15,1.14298,1.14299,1.14283,1.14292,47
2019.01.07,06:16,1.14292,1.14294,1.14289,1.14292,19
2019.01.07,06:17,1.14292,1.14292,1.14281,1.14282,41
2019.01.07,06:18,1.14282,1.14282,1.14272,1.14276,37
2019.01.07,06:19,1.14277,1.14282,1.14276,1.1428,40
2019.01.07,06:20,1.14281,1.14281,1.1427,1.14273,46
2019.01.07,06:21,1.14274,1.14281,1.14273,1.14276,27
2019.01.07,06:22,1.14275,1.14281,1.14273,1.14276,26
2019.01.07,06:23,1.14276,1.14278,1.14276,1.14277,17
2019.01.07,06:24,1.14277,1.14286,1.14276,1.14282,27
2019.01.07,06:25,1.14283,1.14287,1.14281,1.14282,26
2019.01.07,06:26,1.14283,1.14287,1.14281,1.14281,20
2019.01.07,06:27,1.14282,1.14284,1.14281,1.14283,15
2019.01.07,06:28,1.14284,1.14284,1.14277,1.1428,20
2019.01.07,06:29,1.14281,1.14282,1.14277,1.14278,35
2019.01.07,06:30,1.14277,1.14284,1.14277,1.1428,36
2019.01.07,06:31,1.14281,1.14284,1.14275,1.1428,26
2019.01.07,06:32,1.14279,1.14282,1.14275,1.14282,23
2019.01.07,06:33,1.14281,1.14285,1.14277,1.14279,25
2019.01.07,06:34,1.14281,1.14285,1.14277,1.14278,42
2019.01.07,06:35,1.14278,1.14278,1.14277,1.14277,10
2019.01.07,06:36,1.14276,1.14276,1.14271,1.14275,38
2019.01.07,06:37,1.14275,1.14276,1.14273,1.14275,11
2019.01.07,06:38,1.14276,1.14286,1.14276,1.14281,23
2019.01.07,06:39,1.14279,1.14279,1.14267,1.14269,39
2019.01.07,06:40,1.14269,1.14275,1.14268,1.14271,37
2019.01.07,06:41,1.14272,1.14273,1.14265,1.14273,29
2019.01.07,06:42,1.14274,1.14275,1.14272,1.14273,21
2019.01.07,06:43,1.14272,1.14274,1.14269,1.1427,40
2019.01.07,06:44,1.14269,1.14269,1.14253,1.14258,53
2019.01.07,06:45,1.14259,1.14265,1.14253,1.14253,32
2019.01.07,06:46,1.14255,1.14255,1.14245,1.14251,36
2019.01.07,06:47,1.14249,1.14255,1.14247,1.1425,32
2019.01.07,06:48,1.14251,1.14256,1.14234,1.14234,48
2019.01.07,06:49,1.14235,1.14245,1.1423,1.14231,44
2019.01.07,06:50,1.14231,1.14235,1.14231,1.14235,18
2019.01.07,06:51,1.14234,1.1424,1.14229,1.1423,43
2019.01.07,06:52,1.14231,1.14236,1.14226,1.14227,31
2019.01.07,06:53,1.14229,1.14241,1.14229,1.14241,33
2019.01.07,06:54,1.1424,1.14245,1.14232,1.14233,33
2019.01.07,06:55,1.14235,1.14237,1.14228,1.14231,36
2019.01.07,06:56,1.14232,1.14232,1.14226,1.14231,25
2019.01.07,06:57,1.1423,1.14236,1.14227,1.14227,29
2019.01.07,06:58,1.14227,1.14227,1.14214,1.14216,68
2019.01.07,06:59,1.14215,1.14215,1.14202,1.14205,92
2019.01.07,07:00,1.14204,1.14207,1.14201,1.14201,43
2019.01.07,07:01,1.14201,1.14206,1.14201,1.14206,26
2019.01.07,07:02,1.14206,1.14216,1.14202,1.14206,52
2019.01.07,07:03,1.14207,1.1422,1.14207,1.14218,33
2019.01.07,07:04,1.14219,1.14219,1.14215,1.14217,27
2019.01.07,07:05,1.1422,1.14224,1.14215,1.14224,46
2019.01.07,07:06,1.14225,1.14225,1.14217,1.14218,22
2019.01.07,07:07,1.14218,1.14222,1.14215,1.14215,27
2019.01.07,07:08,1.14215,1.14225,1.14212,1.14224,49
2019.01.07,07:09,1.14222,1.14233,1.14222,1.1423,37
2019.01.07,07:10,1.14231,1.14232,1.14227,1.14228,12
2019.01.07,07:11,1.14227,1.14233,1.14227,1.1423,20
2019.01.07,07:12,1.14229,1.14233,1.14229,1.14231,21
2019.01.07,07:13,1.14231,1.14233,1.1423,1.14233,15
2019.01.07,07:14,1.14231,1.14238,1.1423,1.14238,26
2019.01.07,07:15,1.14237,1.14239,1.14236,1.14238,18
2019.01.07,07:16,1.14237,1.14237,1.14234,1.14234,29
2019.01.07,07:17,1.14235,1.14238,1.14232,1.14234,25
2019.01.07,07:18,1.14235,1.14242,1.14234,1.14241,33
2019.01.07,07:19,1.14238,1.1424,1.1423,1.14231,28
2019.01.07,07:20,1.1423,1.14233,1.14229,1.14232,12
2019.01.07,07:21,1.14231,1.14232,1.14229,1.14229,9
2019.01.07,07:22,1.14229,1.14238,1.14227,1.14237,23
2019.01.07,07:23,1.14239,1.14247,1.14237,1.14247,20
2019.01.07,07:24,1.14244,1.14244,1.14237,1.14243,34
2019.01.07,07:25,1.14244,1.14247,1.14242,1.14242,41
2019.01.07,07:26,1.14241,1.14242,1.14237,1.1424,21
2019.01.07,07:27,1.1424,1.14241,1.14235,1.14235,23
2019.01.07,07:28,1.14235,1.14235,1.14226,1.1423,28
2019.01.07,07:29,1.14231,1.14236,1.14231,1.14233,23
2019.01.07,07:30,1.14232,1.14236,1.14227,1.14227,35
2019.01.07,07:31,1.14227,1.14229,1.14226,1.14226,17
2019.01.07,07:32,1.14226,1.14229,1.14225,1.14227,24
2019.01.07,07:33,1.14227,1.14231,1.14227,1.14227,8
2019.01.07,07:34,1.14232,1.14233,1.1423,1.1423,15
2019.01.07,07:35,1.14228,1.14228,1.14222,1.14224,18
2019.01.07,07:36,1.14225,1.14231,1.14222,1.14229,49
2019.01.07,07:37,1.1423,1.14235,1.14228,1.14228,38
2019.01.07,07:38,1.1423,1.1424,1.1423,1.14237,30
2019.01.07,07:39,1.14236,1.14237,1.14233,1.14233,34
2019.01.07,07:40,1.14235,1.14237,1.14226,1.1423,37
2019.01.07,07:41,1.1423,1.14233,1.14227,1.14229,31
2019.01.07,07:42,1.1423,1.1423,1.14228,1.14228,18
2019.01.07,07:43,1.14229,1.1423,1.14224,1.14225,28
2019.01.07,07:44,1.14224,1.14224,1.14219,1.14219,16
2019.01.07,07:45,1.14217,1.14219,1.14213,1.14216,18
2019.01.07,07:46,1.14217,1.14219,1.14216,1.14217,21
2019.01.07,07:47,1.14216,1.14217,1.14205,1.1421,47
2019.01.07,07:48,1.1421,1.1421,1.14208,1.14208,9
2019.01.07,07:49,1.14206,1.14206,1.14203,1.14205,7
2019.01.07,07:50,1.14206,1.14212,1.14206,1.14209,21
2019.01.07,07:51,1.1421,1.14216,1.14209,1.1421,51
2019.01.07,07:52,1.1421,1.14219,1.14209,1.14219,16
2019.01.07,07:53,1.1422,1.14227,1.14219,1.14223,34
2019.01.07,07:54,1.14225,1.14236,1.14225,1.14232,39
2019.01.07,07:55,1.1423,1.14234,1.14222,1.14224,50
2019.01.07,07:56,1.14224,1.14233,1.14215,1.14232,45
2019.01.07,07:57,1.14231,1.14231,1.14227,1.1423,27
2019.01.07,07:58,1.14229,1.14234,1.14228,1.14233,18
2019.01.07,07:59,1.14233,1.14237,1.14232,1.14234,47
2019.01.07,08:00,1.14233,1.14233,1.14225,1.1423,28
2019.01.07,08:01,1.1423,1.14239,1.14225,1.14236,46
2019.01.07,08:02,1.14235,1.14237,1.14217,1.14219,36
2019.01.07,08:03,1.14219,1.14222,1.14217,1.14222,33
2019.01.07,08:04,1.14221,1.14221,1.14206,1.14207,23
2019.01.07,08:05,1.14205,1.14207,1.14186,1.14189,40
2019.01.07,08:06,1.14188,1.14193,1.14182,1.14187,34
2019.01.07,08:07,1.14188,1.14188,1.14159,1.14172,87
2019.01.07,08:08,1.14171,1.14174,1.14164,1.14167,57
2019.01.07,08:09,1.14166,1.14168,1.14157,1.14162,79
2019.01.07,08:10,1.14166,1.14166,1.14158,1.14159,62
2019.01.07,08:11,1.14158,1.1416,1.14154,1.14159,60
2019.01.07,08:12,1.14159,1.14171,1.14159,1.14168,59
2019.01.07,08:13,1.14169,1.14179,1.14168,1.14179,59
2019.01.07,08:14,1.14178,1.1419,1.14175,1.14183,62
2019.01.07,08:15,1.14184,1.14189,1.14177,1.14188,119
2019.01.07,08:16,1.14187,1.14199,1.14187,1.14193,70
2019.01.07,08:17,1.14193,1.142,1.14193,1.14199,34
2019.01.07,08:18,1.14199,1.1422,1.14199,1.14214,68
2019.01.07,08:19,1.14213,1.14241,1.1421,1.1423,54
2019.01.07,08:20,1.14229,1.14259,1.14229,1.14251,61
2019.01.07,08:21,1.14251,1.14251,1.14243,1.14245,53
2019.01.07,08:22,1.14247,1.14252,1.14247,1.14249,34
2019.01.07,08:23,1.14248,1.14248,1.1423,1.14243,57
2019.01.07,08:24,1.14241,1.14245,1.14239,1.14244,25
2019.01.07,08:25,1.14245,1.14259,1.14243,1.14257,39
2019.01.07,08:26,1.14257,1.14264,1.14256,1.1426,40
2019.01.07,08:27,1.14261,1.14267,1.14257,1.1426,39
2019.01.07,08:28,1.14258,1.14258,1.14252,1.14257,22
2019.01.07,08:29,1.14257,1.14259,1.14255,1.14255,14
2019.01.07,08:30,1.14255,1.1426,1.14252,1.14255,37
2019.01.07,08:31,1.14254,1.14272,1.14252,1.14269,48
2019.01.07,08:32,1.14268,1.1427,1.14258,1.14269,37
2019.01.07,08:33,1.14268,1.1427,1.14268,1.14269,16
2019.01.07,08:34,1.14269,1.1427,1.14267,1.1427,20
2019.01.07,08:35,1.1427,1.14271,1.14262,1.14267,37
2019.01.07,08:36,1.14267,1.14272,1.14267,1.14267,32
2019.01.07,08:37,1.14268,1.1427,1.14256,1.14256,25
2019.01.07,08:38,1.14256,1.14258,1.14246,1.14246,61
2019.01.07,08:39,1.14244,1.14244,1.14232,1.14235,19
2019.01.07,08:40,1.14239,1.14242,1.14229,1.14232,28
2019.01.07,08:41,1.14231,1.14233,1.14227,1.14227,25
2019.01.07,08:42,1.14231,1.14231,1.14224,1.14227,38
2019.01.07,08:43,1.14224,1.14227,1.14223,1.14227,25
2019.01.07,08:44,1.14227,1.14227,1.14217,1.14217,25
2019.01.07,08:45,1.14215,1.14215,1.14198,1.142,53
2019.01.07,08:46,1.14202,1.1421,1.142,1.14204,46
2019.01.07,08:47,1.14202,1.14202,1.14198,1.14202,24
2019.01.07,08:48,1.14199,1.14207,1.14197,1.14197,31
2019.01.07,08:49,1.14197,1.14198,1.14166,1.14181,98
2019.01.07,08:50,1.14182,1.14182,1.14168,1.1417,77
2019.01.07,08:51,1.14169,1.14171,1.14161,1.14161,53
2019.01.07,08:52,1.14161,1.14165,1.14157,1.14162,39
2019.01.07,08:53,1.14161,1.14165,1.14157,1.14159,39
2019.01.07,08:54,1.14159,1.14164,1.14152,1.14153,22
2019.01.07,08:55,1.14153,1.14156,1.14142,1.14145,49
2019.01.07,08:56,1.14146,1.14172,1.14146,1.14172,55
2019.01.07,08:57,1.14175,1.14177,1.14168,1.14171,32
2019.01.07,08:58,1.14171,1.14171,1.14159,1.14162,28
2019.01.07,08:59,1.14165,1.14166,1.1416,1.14165,32
2019.01.07,09:00,1.14165,1.1417,1.14101,1.14108,172
2019.01.07,09:01,1.14108,1.1418,1.14105,1.1418,123
2019.01.07,09:02,1.1418,1.14188,1.14167,1.14172,113
2019.01.07,09:03,1.14173,1.14192,1.14173,1.14191,67
2019.01.07,09:04,1.14188,1.14194,1.14177,1.14177,41
2019.01.07,09:05,1.14177,1.14187,1.14168,1.14172,71
2019.01.07,09:06,1.14175,1.1419,1.14174,1.14189,64
2019.01.07,09:07,1.1419,1.14196,1.14185,1.14188,89
2019.01.07,09:08,1.1419,1.1419,1.14178,1.14183,115
2019.01.07,09:09,1.14183,1.14191,1.14174,1.14191,71
2019.01.07,09:10,1.14193,1.14203,1.14189,1.14198,68
2019.01.07,09:11,1.14198,1.14221,1.14198,1.14213,101
2019.01.07,09:12,1.14213,1.14213,1.14192,1.14193,74
2019.01.07,09:13,1.14193,1.14196,1.14188,1.14193,38
2019.01.07,09:14,1.14194,1.14198,1.14163,1.14173,79
2019.01.07,09:15,1.14172,1.14174,1.14135,1.14139,130
2019.01.07,09:16,1.14138,1.14154,1.14132,1.14153,51
2019.01.07,09:17,1.14151,1.14158,1.14137,1.14147,70
2019.01.07,09:18,1.14147,1.14154,1.1414,1.1414,72
2019.01.07,09:19,1.1414,1.14158,1.14131,1.14158,112
2019.01.07,09:20,1.14163,1.14165,1.14141,1.14154,83
2019.01.07,09:21,1.14153,1.14163,1.14136,1.14144,67
2019.01.07,09:22,1.14145,1.14147,1.14134,1.1414,56
2019.01.07,09:23,1.1414,1.14152,1.14139,1.14149,62
2019.01.07,09:24,1.14149,1.14154,1.14122,1.14139,69
2019.01.07,09:25,1.1414,1.14144,1.14127,1.14131,87
2019.01.07,09:26,1.1413,1.14137,1.14117,1.14125,73
2019.01.07,09:27,1.14125,1.14134,1.14118,1.14133,94
2019.01.07,09:28,1.14133,1.14134,1.14112,1.14115,87
2019.01.07,09:29,1.14114,1.14128,1.14114,1.14124,72
2019.01.07,09:30,1.14123,1.14148,1.14123,1.14143,109
2019.01.07,09:31,1.14144,1.14145,1.14129,1.14142,67
2019.01.07,09:32,1.14143,1.14146,1.14136,1.14145,62
2019.01.07,09:33,1.14145,1.14155,1.14139,1.14153,86
2019.01.07,09:34,1.14154,1.14157,1.14133,1.14133,66
2019.01.07,09:35,1.14135,1.14154,1.14135,1.14154,47
2019.01.07,09:36,1.14154,1.14158,1.14149,1.14154,62
2019.01.07,09:37,1.14155,1.14171,1.14155,1.1417,48
2019.01.07,09:38,1.14167,1.1418,1.14164,1.14176,77
2019.01.07,09:39,1.14177,1.14183,1.14173,1.14173,71
2019.01.07,09:40,1.14173,1.14187,1.14166,1.1418,131
2019.01.07,09:41,1.14178,1.14195,1.14178,1.1419,75
2019.01.07,09:42,1.1419,1.14191,1.1418,1.14183,80
2019.01.07,09:43,1.14181,1.14185,1.14171,1.14179,80
2019.01.07,09:44,1.1418,1.14197,1.14179,1.14183,83
2019.01.07,09:45,1.14182,1.14184,1.1417,1.1417,95
2019.01.07,09:46,1.14173,1.14182,1.14169,1.14173,101
2019.01.07,09:47,1.14174,1.14187,1.14159,1.14183,76
2019.01.07,09:48,1.14179,1.14198,1.14173,1.14196,71
2019.01.07,09:49,1.14196,1.14238,1.14195,1.14237,128
2019.01.07,09:50,1.14237,1.14237,1.14224,1.14235,80
2019.01.07,09:51,1.14234,1.1425,1.14234,1.14248,68
2019.01.07,09:52,1.14249,1.14285,1.14247,1.14285,98
2019.01.07,09:53,1.14289,1.14326,1.14289,1.14323,147
2019.01.07,09:54,1.14323,1.14328,1.14303,1.14306,136
2019.01.07,09:55,1.14306,1.14326,1.14306,1.14323,85
2019.01.07,09:56,1.14322,1.14329,1.14316,1.14316,52
2019.01.07,09:57,1.14317,1.14321,1.14295,1.14301,87
2019.01.07,09:58,1.14302,1.14371,1.14302,1.14369,172
2019.01.07,09:59,1.14368,1.1439,1.14358,1.14366,170
2019.01.07,10:00,1.14367,1.144,1.14362,1.14375,193
2019.01.07,10:01,1.14376,1.14376,1.14361,1.14366,129
2019.01.07,10:02,1.14362,1.14381,1.14361,1.14372,147
2019.01.07,10:03,1.14371,1.14402,1.14363,1.14384,180
2019.01.07,10:04,1.14383,1.14392,1.14363,1.1437,125
2019.01.07,10:05,1.14371,1.14381,1.14356,1.14363,104
2019.01.07,10:06,1.14364,1.14378,1.14355,1.14356,146
2019.01.07,10:07,1.14356,1.14367,1.14351,1.14356,101
2019.01.07,10:08,1.14355,1.1436,1.1434,1.14351,138
2019.01.07,10:09,1.14352,1.14364,1.1435,1.14364,85
2019.01.07,10:10,1.14366,1.14367,1.14345,1.14358,102
2019.01.07,10:11,1.14359,1.14362,1.14341,1.14357,96
2019.01.07,10:12,1.14357,1.14369,1.14342,1.14346,107
2019.01.07,10:13,1.14346,1.14361,1.14346,1.14355,108
2019.01.07,10:14,1.14356,1.14373,1.1435,1.14351,64
2019.01.07,10:15,1.14352,1.14352,1.14336,1.14338,110
2019.01.07,10:16,1.14338,1.14361,1.14338,1.14361,112
2019.01.07,10:17,1.1436,1.14361,1.14344,1.1435,109
2019.01.07,10:18,1.1435,1.14355,1.14341,1.14347,85
2019.01.07,10:19,1.14348,1.14354,1.14333,1.14336,96
2019.01.07,10:20,1.14337,1.14339,1.14322,1.14332,77
2019.01.07,10:21,1.14336,1.14362,1.14332,1.14351,95
2019.01.07,10:22,1.1435,1.14357,1.1433,1.14331,66
2019.01.07,10:23,1.14332,1.14362,1.14332,1.14353,100
2019.01.07,10:24,1.14353,1.14373,1.14351,1.14372,82
2019.01.07,10:25,1.14371,1.14378,1.14367,1.14376,102
2019.01.07,10:26,1.14374,1.14375,1.14347,1.14351,96
2019.01.07,10:27,1.14353,1.14356,1.14347,1.14351,87
2019.01.07,10:28,1.14352,1.14352,1.14334,1.14346,96
2019.01.07,10:29,1.14345,1.14362,1.14345,1.14354,71
2019.01.07,10:30,1.14352,1.14374,1.14347,1.1437,90
2019.01.07,10:31,1.14371,1.14373,1.14352,1.1436,95
2019.01.07,10:32,1.14359,1.14366,1.14352,1.14366,58
2019.01.07,10:33,1.14365,1.14369,1.14353,1.14355,50
2019.01.07,10:34,1.14353,1.14362,1.14349,1.1436,43
2019.01.07,10:35,1.14361,1.14372,1.14357,1.14366,89
2019.01.07,10:36,1.14368,1.14378,1.1436,1.14365,62
2019.01.07,10:37,1.14367,1.14379,1.14366,1.14379,62
2019.01.07,10:38,1.14378,1.14378,1.14372,1.14374,52
2019.01.07,10:39,1.14374,1.14374,1.14364,1.1437,33
2019.01.07,10:40,1.1437,1.14371,1.14364,1.14369,29
2019.01.07,10:41,1.14366,1.14388,1.14363,1.14379,76
2019.01.07,10:42,1.14378,1.14378,1.1436,1.14363,65
2019.01.07,10:43,1.14362,1.14362,1.14334,1.14343,57
2019.01.07,10:44,1.14345,1.14347,1.14316,1.1433,89
2019.01.07,10:45,1.14331,1.14336,1.14321,1.14321,69
2019.01.07,10:46,1.14322,1.1433,1.143,1.14301,88
2019.01.07,10:47,1.143,1.14308,1.14291,1.14291,121
2019.01.07,10:48,1.14288,1.14289,1.14284,1.14284,65
2019.01.07,10:49,1.14284,1.14304,1.14283,1.14294,69
2019.01.07,10:50,1.14295,1.14308,1.14295,1.14298,71
2019.01.07,10:51,1.14298,1.14316,1.14296,1.14315,101
2019.01.07,10:52,1.14316,1.14317,1.14301,1.14303,61
2019.01.07,10:53,1.14304,1.14304,1.14297,1.14301,39
2019.01.07,10:54,1.14296,1.14297,1.14281,1.14294,59
2019.01.07,10:55,1.14293,1.14309,1.14293,1.14301,98
2019.01.07,10:56,1.14302,1.14309,1.14295,1.14303,116
2019.01.07,10:57,1.14304,1.14308,1.14294,1.14303,80
2019.01.07,10:58,1.14304,1.14329,1.14302,1.1432,87
2019.01.07,10:59,1.14323,1.14323,1.14303,1.14313,111
2019.01.07,11:00,1.14313,1.14317,1.14293,1.14311,81
2019.01.07,11:01,1.1431,1.14325,1.14305,1.14325,103
2019.01.07,11:02,1.14325,1.14363,1.14325,1.14352,81
2019.01.07,11:03,1.14351,1.14379,1.14351,1.14375,82
2019.01.07,11:04,1.14375,1.14375,1.14354,1.14355,74
2019.01.07,11:05,1.14355,1.14363,1.14346,1.14356,55
2019.01.07,11:06,1.14358,1.14371,1.14357,1.1437,52
2019.01.07,11:07,1.1437,1.14379,1.14367,1.14379,52
2019.01.07,11:08,1.14381,1.14425,1.14381,1.14419,131
2019.01.07,11:09,1.14418,1.14423,1.14409,1.14409,71
2019.01.07,11:10,1.14409,1.1442,1.14409,1.14415,67
2019.01.07,11:11,1.14413,1.14427,1.14413,1.14427,72
2019.01.07,11:12,1.14428,1.14434,1.14419,1.14424,81
2019.01.07,11:13,1.14426,1.14438,1.14419,1.14427,71
2019.01.07,11:14,1.14426,1.14459,1.14426,1.1445,92
2019.01.07,11:15,1.1445,1.14453,1.14428,1.14436,92
2019.01.07,11:16,1.14435,1.14436,1.14414,1.14427,63
2019.01.07,11:17,1.14425,1.14427,1.14413,1.14426,70
2019.01.07,11:18,1.14425,1.14438,1.14424,1.14438,36
2019.01.07,11:19,1.14437,1.14447,1.14431,1.14435,64
2019.01.07,11:20,1.14438,1.1444,1.14424,1.14439,86
2019.01.07,11:21,1.14441,1.14461,1.14439,1.14456,90
2019.01.07,11:22,1.14456,1.14478,1.14456,1.14466,114
2019.01.07,11:23,1.14466,1.14467,1.14457,1.14458,53
2019.01.07,11:24,1.14457,1.14463,1.14442,1.14443,65
2019.01.07,11:25,1.14444,1.14444,1.14437,1.14443,49
2019.01.07,11:26,1.14444,1.14445,1.14423,1.14427,69
2019.01.07,11:27,1.14428,1.14444,1.14426,1.14433,58
2019.01.07,11:28,1.14432,1.14464,1.14432,1.14461,52
2019.01.07,11:29,1.14461,1.14461,1.14448,1.1445,68
2019.01.07,11:30,1.14449,1.14461,1.14448,1.14456,67
2019.01.07,11:31,1.14456,1.14456,1.14426,1.14433,79
2019.01.07,11:32,1.14427,1.14437,1.14427,1.14437,66
2019.01.07,11:33,1.14436,1.14449,1.14429,1.14433,80
2019.01.07,11:34,1.14434,1.14446,1.14433,1.14439,56
2019.01.07,11:35,1.14439,1.14439,1.14428,1.14433,55
2019.01.07,11:36,1.14432,1.14436,1.14423,1.14432,82
2019.01.07,11:37,1.14431,1.14436,1.14426,1.14427,70
2019.01.07,11:38,1.14427,1.14432,1.14413,1.14419,79
2019.01.07,11:39,1.14418,1.14426,1.14418,1.14426,80
2019.01.07,11:40,1.14426,1.14426,1.14406,1.14407,56
2019.01.07,11:41,1.14408,1.14421,1.14408,1.14421,55
2019.01.07,11:42,1.14421,1.14425,1.14412,1.14424,51
2019.01.07,11:43,1.14425,1.14448,1.14425,1.14442,99
2019.01.07,11:44,1.14442,1.14446,1.1443,1.14445,134
2019.01.07,11:45,1.14444,1.14451,1.14443,1.14444,79
2019.01.07,11:46,1.14444,1.14445,1.14434,1.14436,49
2019.01.07,11:47,1.14437,1.1444,1.14435,1.14435,47
2019.01.07,11:48,1.14434,1.14467,1.14432,1.14457,73
2019.01.07,11:49,1.14457,1.1446,1.14437,1.14456,94
2019.01.07,11:50,1.14455,1.14456,1.14432,1.14432,78
2019.01.07,11:51,1.14432,1.14452,1.14432,1.14446,85
2019.01.07,11:52,1.14449,1.14449,1.14436,1.14436,77
2019.01.07,11:53,1.14435,1.14449,1.14434,1.14438,56
2019.01.07,11:54,1.14439,1.14439,1.14428,1.14432,42
2019.01.07,11:55,1.14432,1.14453,1.14432,1.14452,54
2019.01.07,11:56,1.14454,1.14458,1.14426,1.14431,80
2019.01.07,11:57,1.1443,1.1443,1.14413,1.14413,43
2019.01.07,11:58,1.14413,1.14417,1.14406,1.14406,48
2019.01.07,11:59,1.14406,1.14412,1.144,1.14412,66
2019.01.07,12:00,1.14414,1.14433,1.14414,1.14429,58
2019.01.07,12:01,1.1443,1.14438,1.1443,1.14434,50
2019.01.07,12:02,1.14435,1.14452,1.14435,1.14452,83
2019.01.07,12:03,1.14451,1.14451,1.14434,1.1444,89
2019.01.07,12:04,1.1444,1.14445,1.14427,1.1443,42
2019.01.07,12:05,1.14431,1.14437,1.14429,1.14432,55
2019.01.07,12:06,1.14432,1.14433,1.14416,1.14417,75
2019.01.07,12:07,1.14417,1.14418,1.1441,1.14412,57
2019.01.07,12:08,1.14411,1.14427,1.1441,1.14419,60
2019.01.07,12:09,1.1442,1.14429,1.1442,1.14422,74
2019.01.07,12:10,1.14422,1.14422,1.14401,1.14407,47
2019.01.07,12:11,1.14409,1.1441,1.14387,1.14391,65
2019.01.07,12:12,1.14392,1.14396,1.1438,1.14381,54
2019.01.07,12:13,1.1438,1.14391,1.14379,1.14387,92
2019.01.07,12:14,1.14386,1.14397,1.14386,1.14393,45
2019.01.07,12:15,1.14391,1.144,1.14388,1.14399,51
2019.01.07,12:16,1.14401,1.14403,1.14386,1.1439,82
2019.01.07,12:17,1.1439,1.14392,1.14373,1.14378,72
2019.01.07,12:18,1.14376,1.14384,1.14371,1.14382,42
2019.01.07,12:19,1.14381,1.14387,1.1438,1.14386,42
2019.01.07,12:20,1.14386,1.14386,1.14378,1.14385,32
2019.01.07,12:21,1.14386,1.14386,1.14373,1.14377,45
2019.01.07,12:22,1.14376,1.14384,1.14376,1.14379,55
2019.01.07,12:23,1.14381,1.14392,1.14381,1.14385,44
2019.01.07,12:24,1.14385,1.14395,1.14373,1.14395,59
2019.01.07,12:25,1.14394,1.14394,1.14383,1.14388,42
2019.01.07,12:26,1.1439,1.14396,1.14388,1.14392,68
2019.01.07,12:27,1.14392,1.14398,1.14391,1.14392,50
2019.01.07,12:28,1.14391,1.14397,1.14387,1.14394,66
2019.01.07,12:29,1.14393,1.14414,1.14393,1.14413,77
2019.01.07,12:30,1.14413,1.14414,1.14387,1.14389,89
2019.01.07,12:31,1.14388,1.14394,1.14382,1.14393,48
2019.01.07,12:32,1.14392,1.14399,1.14392,1.14397,47
2019.01.07,12:33,1.14396,1.14411,1.14395,1.14408,57
2019.01.07,12:34,1.14408,1.14416,1.14403,1.14413,79
2019.01.07,12:35,1.14413,1.14414,1.14406,1.14407,39
2019.01.07,12:36,1.14408,1.14413,1.14401,1.14412,50
2019.01.07,12:37,1.14412,1.14412,1.14392,1.14395,77
2019.01.07,12:38,1.14394,1.14394,1.14382,1.14389,49
2019.01.07,12:39,1.1439,1.1439,1.14368,1.14373,59
2019.01.07,12:40,1.14375,1.14387,1.14375,1.14384,73
2019.01.07,12:41,1.14385,1.14387,1.14377,1.14378,71
2019.01.07,12:42,1.1438,1.14381,1.1435,1.14365,86
2019.01.07,12:43,1.14362,1.14382,1.1436,1.14378,80
2019.01.07,12:44,1.14379,1.14388,1.14376,1.14385,48
2019.01.07,12:45,1.14385,1.14393,1.14383,1.14385,57
2019.01.07,12:46,1.14386,1.14386,1.14368,1.14373,63
2019.01.07,12:47,1.14375,1.14375,1.14356,1.14358,48
2019.01.07,12:48,1.14357,1.14374,1.14356,1.14373,38
2019.01.07,12:49,1.14373,1.14397,1.14372,1.14394,58
2019.01.07,12:50,1.14393,1.14397,1.14383,1.14385,21
2019.01.07,12:51,1.14386,1.14391,1.1438,1.14385,50
2019.01.07,12:52,1.14384,1.14392,1.14368,1.14368,75
2019.01.07,12:53,1.14367,1.14371,1.14357,1.14369,52
2019.01.07,12:54,1.14368,1.1437,1.14353,1.14364,97
2019.01.07,12:55,1.14365,1.14372,1.14363,1.14364,64
2019.01.07,12:56,1.14363,1.14384,1.14363,1.14383,57
2019.01.07,12:57,1.14384,1.14386,1.14365,1.14369,25
2019.01.07,12:58,1.1437,1.14387,1.14368,1.14385,45
2019.01.07,12:59,1.14387,1.14388,1.14367,1.14386,50
2019.01.07,13:00,1.14387,1.144,1.14387,1.14392,52
2019.01.07,13:01,1.14388,1.14388,1.14374,1.14378,40
2019.01.07,13:02,1.14377,1.14379,1.14367,1.14374,46
2019.01.07,13:03,1.14376,1.144,1.14376,1.14391,38
2019.01.07,13:04,1.14392,1.14398,1.14387,1.14388,49
2019.01.07,13:05,1.14388,1.14389,1.14366,1.14374,59
2019.01.07,13:06,1.14374,1.14381,1.14368,1.14379,45
2019.01.07,13:07,1.1438,1.14399,1.14379,1.14386,79
2019.01.07,13:08,1.14385,1.14385,1.14367,1.14378,52
2019.01.07,13:09,1.14378,1.14378,1.14367,1.14373,45
2019.01.07,13:10,1.14372,1.14383,1.1437,1.14379,61
2019.01.07,13:11,1.1438,1.1438,1.14372,1.14372,19
2019.01.07,13:12,1.14373,1.14381,1.14373,1.14376,36
2019.01.07,13:13,1.14375,1.1438,1.14375,1.14376,25
2019.01.07,13:14,1.14375,1.14376,1.14372,1.14374,24
2019.01.07,13:15,1.14372,1.14372,1.14364,1.14368,50
2019.01.07,13:16,1.14368,1.14379,1.14365,1.14377,52
2019.01.07,13:17,1.14376,1.14376,1.14369,1.14372,39
2019.01.07,13:18,1.14373,1.14387,1.14372,1.14387,51
2019.01.07,13:19,1.14387,1.14398,1.14378,1.14386,70
2019.01.07,13:20,1.14387,1.14389,1.14379,1.1438,41
2019.01.07,13:21,1.14381,1.14385,1.14376,1.14379,42
2019.01.07,13:22,1.14378,1.14393,1.14375,1.14393,54
2019.01.07,13:23,1.14394,1.14394,1.14382,1.14388,33
2019.01.07,13:24,1.14391,1.14393,1.14383,1.14388,39
2019.01.07,13:25,1.14389,1.14389,1.1438,1.1438,37
2019.01.07,13:26,1.14382,1.14387,1.1438,1.14382,37
2019.01.07,13:27,1.14381,1.14382,1.14361,1.14364,48
2019.01.07,13:28,1.14363,1.14379,1.14363,1.14379,49
2019.01.07,13:29,1.1438,1.14393,1.14379,1.14381,29
2019.01.07,13:30,1.14381,1.14381,1.14371,1.14376,31
2019.01.07,13:31,1.14374,1.14374,1.14366,1.14369,28
2019.01.07,13:32,1.14372,1.14373,1.14367,1.14368,54
2019.01.07,13:33,1.14371,1.14373,1.14362,1.14364,37
2019.01.07,13:34,1.14363,1.14364,1.14354,1.14356,60
2019.01.07,13:35,1.14355,1.1436,1.14333,1.14334,55
2019.01.07,13:36,1.14334,1.1435,1.14334,1.14348,63
2019.01.07,13:37,1.14349,1.14349,1.14337,1.14343,33
2019.01.07,13:38,1.14343,1.14369,1.14343,1.14367,56
2019.01.07,13:39,1.14368,1.14378,1.14361,1.14373,49
2019.01.07,13:40,1.14373,1.14374,1.14362,1.14373,54
2019.01.07,13:41,1.14371,1.14374,1.14356,1.14363,54
2019.01.07,13:42,1.14362,1.14368,1.14362,1.14364,34
2019.01.07,13:43,1.14365,1.14373,1.14357,1.14372,67
2019.01.07,13:44,1.14371,1.14392,1.14368,1.14392,44
2019.01.07,13:45,1.14391,1.14397,1.14386,1.14392,76
2019.01.07,13:46,1.14392,1.14396,1.14384,1.14385,43
2019.01.07,13:47,1.14385,1.14402,1.14383,1.14398,69
2019.01.07,13:48,1.14398,1.14399,1.14371,1.14373,65
2019.01.07,13:49,1.14373,1.14393,1.1437,1.14393,44
2019.01.07,13:50,1.14394,1.14399,1.1439,1.14399,48
2019.01.07,13:51,1.14398,1.14405,1.14397,1.14397,81
2019.01.07,13:52,1.14397,1.14423,1.14397,1.14418,55
2019.01.07,13:53,1.14418,1.14427,1.1441,1.14424,56
2019.01.07,13:54,1.14424,1.14437,1.14424,1.14436,59
2019.01.07,13:55,1.14437,1.14441,1.1443,1.14438,64
2019.01.07,13:56,1.14438,1.14441,1.1441,1.1441,93
2019.01.07,13:57,1.14409,1.14425,1.14408,1.14419,70
2019.01.07,13:58,1.1442,1.14422,1.14414,1.14418,54
2019.01.07,13:59,1.14418,1.14422,1.14402,1.14405,92
2019.01.07,14:00,1.14405,1.14428,1.14402,1.14411,69
2019.01.07,14:01,1.14412,1.14423,1.14396,1.14396,84
2019.01.07,14:02,1.14398,1.14433,1.14397,1.14433,89
2019.01.07,14:03,1.14433,1.14442,1.14431,1.14432,65
2019.01.07,14:04,1.14433,1.14452,1.14433,1.14451,57
2019.01.07,14:05,1.1445,1.14456,1.14447,1.14451,38
2019.01.07,14:06,1.1445,1.1445,1.14407,1.14408,105
2019.01.07,14:07,1.14411,1.14412,1.14397,1.14397,64
2019.01.07,14:08,1.14396,1.14399,1.14382,1.14382,62
2019.01.07,14:09,1.14382,1.144,1.14382,1.14391,70
2019.01.07,14:10,1.14389,1.14419,1.14388,1.14419,56
2019.01.07,14:11,1.14417,1.14422,1.14416,1.1442,33
2019.01.07,14:12,1.1442,1.14433,1.1442,1.14424,42
2019.01.07,14:13,1.14424,1.14444,1.14422,1.14427,69
2019.01.07,14:14,1.14428,1.14453,1.14428,1.14453,48
2019.01.07,14:15,1.14451,1.14457,1.14444,1.14452,61
2019.01.07,14:16,1.14452,1.14452,1.14435,1.14451,54
2019.01.07,14:17,1.14451,1.14455,1.14442,1.14451,48
2019.01.07,14:18,1.14451,1.14451,1.14446,1.14447,36
2019.01.07,14:19,1.1445,1.14457,1.14443,1.14447,66
2019.01.07,14:20,1.14446,1.14456,1.14446,1.14456,26
2019.01.07,14:21,1.14457,1.14457,1.14441,1.14445,70
2019.01.07,14:22,1.14445,1.14449,1.14437,1.14447,56
2019.01.07,14:23,1.14447,1.14447,1.14436,1.14437,37
2019.01.07,14:24,1.14439,1.14439,1.1442,1.14421,43
2019.01.07,14:25,1.1442,1.14422,1.1441,1.14421,71
2019.01.07,14:26,1.14423,1.14425,1.14407,1.14412,51
2019.01.07,14:27,1.14413,1.14426,1.14412,1.14425,44
2019.01.07,14:28,1.14425,1.14427,1.14417,1.14424,59
2019.01.07,14:29,1.14425,1.14449,1.14425,1.14443,51
2019.01.07,14:30,1.14444,1.14464,1.14436,1.14458,78
2019.01.07,14:31,1.14458,1.1446,1.14448,1.14451,49
2019.01.07,14:32,1.14453,1.14462,1.14453,1.14461,61
2019.01.07,14:33,1.1446,1.14465,1.14455,1.14456,67
2019.01.07,14:34,1.14456,1.14456,1.14435,1.14448,69
2019.01.07,14:35,1.14447,1.14451,1.14441,1.14447,52
2019.01.07,14:36,1.14448,1.14459,1.14447,1.14459,76
2019.01.07,14:37,1.1446,1.14474,1.14451,1.14451,93
2019.01.07,14:38,1.1445,1.1445,1.14411,1.14415,82
2019.01.07,14:39,1.14416,1.14424,1.14411,1.14419,95
2019.01.07,14:40,1.14418,1.14418,1.14401,1.14401,66
2019.01.07,14:41,1.14401,1.14404,1.14396,1.14399,74
2019.01.07,14:42,1.144,1.1442,1.14393,1.14413,79
2019.01.07,14:43,1.14414,1.14432,1.14414,1.1443,49
2019.01.07,14:44,1.1443,1.14432,1.14421,1.14427,82
2019.01.07,14:45,1.14426,1.14429,1.14395,1.14398,97
2019.01.07,14:46,1.144,1.14421,1.144,1.14417,63
2019.01.07,14:47,1.1442,1.14434,1.1442,1.14433,56
2019.01.07,14:48,1.14436,1.14446,1.1443,1.14442,63
2019.01.07,14:49,1.14441,1.14446,1.14431,1.14437,67
2019.01.07,14:50,1.14436,1.14453,1.14436,1.14452,62
2019.01.07,14:51,1.14456,1.14456,1.14437,1.14442,65
2019.01.07,14:52,1.14442,1.14447,1.14437,1.14442,66
2019.01.07,14:53,1.14442,1.14468,1.14442,1.14465,81
2019.01.07,14:54,1.14464,1.14467,1.14452,1.14456,75
2019.01.07,14:55,1.14454,1.14456,1.14432,1.14438,103
2019.01.07,14:56,1.14439,1.14441,1.14404,1.14406,134
2019.01.07,14:57,1.14407,1.1441,1.14382,1.14389,128
2019.01.07,14:58,1.14385,1.1439,1.14374,1.14375,118
2019.01.07,14:59,1.14376,1.144,1.14368,1.14398,142
2019.01.07,15:00,1.14401,1.14428,1.14397,1.14417,110
2019.01.07,15:01,1.1442,1.14448,1.14417,1.14447,100
2019.01.07,15:02,1.14448,1.1445,1.14436,1.14443,75
2019.01.07,15:03,1.14444,1.14446,1.14411,1.14419,75
2019.01.07,15:04,1.14418,1.14438,1.14416,1.14437,71
2019.01.07,15:05,1.14437,1.14448,1.14427,1.14441,83
2019.01.07,15:06,1.14442,1.14451,1.14441,1.14451,43
2019.01.07,15:07,1.1445,1.1445,1.14436,1.14442,74
2019.01.07,15:08,1.14441,1.1445,1.14434,1.14439,51
2019.01.07,15:09,1.14439,1.14447,1.14436,1.14436,62
2019.01.07,15:10,1.14441,1.14451,1.14429,1.1444,80
2019.01.07,15:11,1.14444,1.14444,1.14412,1.14422,112
2019.01.07,15:12,1.14422,1.14425,1.14406,1.1441,59
2019.01.07,15:13,1.14413,1.14438,1.1441,1.14422,72
2019.01.07,15:14,1.14421,1.14452,1.14421,1.14449,92
2019.01.07,15:15,1.14449,1.14451,1.14426,1.14448,134
2019.01.07,15:16,1.1445,1.14462,1.14446,1.14452,80
2019.01.07,15:17,1.14451,1.14464,1.14449,1.14459,82
2019.01.07,15:18,1.14458,1.14458,1.14438,1.14438,95
2019.01.07,15:19,1.14439,1.14483,1.14435,1.14475,120
2019.01.07,15:20,1.14473,1.14501,1.14465,1.145,143
2019.01.07,15:21,1.14501,1.14505,1.14486,1.14502,137
2019.01.07,15:22,1.14501,1.14501,1.14492,1.14496,84
2019.01.07,15:23,1.14497,1.14499,1.14488,1.1449,108
2019.01.07,15:24,1.14489,1.14492,1.14475,1.14486,96
2019.01.07,15:25,1.14485,1.14499,1.1448,1.14493,90
2019.01.07,15:26,1.14493,1.14498,1.14487,1.14493,71
2019.01.07,15:27,1.14494,1.14494,1.14465,1.14475,122
2019.01.07,15:28,1.14477,1.14501,1.14475,1.14497,71
2019.01.07,15:29,1.14498,1.14527,1.14497,1.14515,138
2019.01.07,15:30,1.14514,1.14522,1.14506,1.14518,108
2019.01.07,15:31,1.14517,1.14519,1.14501,1.14515,105
2019.01.07,15:32,1.14515,1.14525,1.14491,1.14491,89
2019.01.07,15:33,1.14493,1.14499,1.14482,1.14489,90
2019.01.07,15:34,1.14488,1.14491,1.14473,1.14488,99
2019.01.07,15:35,1.14486,1.14489,1.14482,1.14486,62
2019.01.07,15:36,1.14485,1.145,1.1448,1.14494,92
2019.01.07,15:37,1.14494,1.14496,1.14477,1.14483,56
2019.01.07,15:38,1.14484,1.1451,1.14483,1.1451,90
2019.01.07,15:39,1.14508,1.14529,1.14507,1.14529,82
2019.01.07,15:40,1.1453,1.14545,1.14516,1.14541,85
2019.01.07,15:41,1.14541,1.14542,1.1453,1.14542,72
2019.01.07,15:42,1.14541,1.14541,1.14529,1.14531,84
2019.01.07,15:43,1.14532,1.14557,1.14532,1.14553,109
2019.01.07,15:44,1.14552,1.14561,1.14545,1.14545,84
2019.01.07,15:45,1.14544,1.14544,1.14516,1.14518,70
2019.01.07,15:46,1.14517,1.14536,1.14512,1.14536,82
2019.01.07,15:47,1.14535,1.14537,1.14516,1.14516,57
2019.01.07,15:48,1.14517,1.14523,1.14508,1.14511,73
2019.01.07,15:49,1.14509,1.14511,1.14498,1.1451,102
2019.01.07,15:50,1.14509,1.14509,1.14499,1.14505,97
2019.01.07,15:51,1.14504,1.14523,1.14503,1.14516,89
2019.01.07,15:52,1.14514,1.14515,1.14505,1.1451,79
2019.01.07,15:53,1.14513,1.14527,1.14513,1.14525,56
2019.01.07,15:54,1.14526,1.14547,1.14526,1.14546,68
2019.01.07,15:55,1.14546,1.14546,1.1453,1.14541,53
2019.01.07,15:56,1.14541,1.14545,1.14532,1.14542,54
2019.01.07,15:57,1.14544,1.14591,1.14542,1.14572,103
2019.01.07,15:58,1.14571,1.14574,1.14553,1.14557,92
2019.01.07,15:59,1.1456,1.14578,1.1456,1.14576,61
2019.01.07,16:00,1.14575,1.14578,1.1456,1.14565,114
2019.01.07,16:01,1.14565,1.14583,1.14562,1.14581,89
2019.01.07,16:02,1.1458,1.1459,1.1458,1.1458,65
2019.01.07,16:03,1.1458,1.14603,1.1458,1.14585,94
2019.01.07,16:04,1.14582,1.146,1.14571,1.14593,78
2019.01.07,16:05,1.14594,1.14601,1.14586,1.14586,99
2019.01.07,16:06,1.14587,1.14589,1.14569,1.14573,82
2019.01.07,16:07,1.14576,1.14607,1.14576,1.14594,104
2019.01.07,16:08,1.14595,1.14618,1.14594,1.14597,94
2019.01.07,16:09,1.146,1.14667,1.146,1.14667,164
2019.01.07,16:10,1.1467,1.14678,1.14662,1.14675,159
2019.01.07,16:11,1.14674,1.14685,1.14668,1.14677,88
2019.01.07,16:12,1.14675,1.14675,1.1465,1.14658,77
2019.01.07,16:13,1.14659,1.14659,1.14639,1.14644,97
2019.01.07,16:14,1.14645,1.14658,1.14641,1.14654,109
2019.01.07,16:15,1.14654,1.14659,1.14645,1.14649,108
2019.01.07,16:16,1.1465,1.14671,1.14648,1.14655,130
2019.01.07,16:17,1.14656,1.14666,1.14646,1.14664,75
2019.01.07,16:18,1.14666,1.14671,1.14641,1.14642,100
2019.01.07,16:19,1.14642,1.14644,1.14626,1.1463,101
2019.01.07,16:20,1.1463,1.14644,1.1463,1.14643,85
2019.01.07,16:21,1.14642,1.14644,1.14637,1.14638,63
2019.01.07,16:22,1.14641,1.14647,1.14629,1.14637,110
2019.01.07,16:23,1.14637,1.14637,1.14631,1.14637,74
2019.01.07,16:24,1.14638,1.14645,1.14637,1.14644,58
2019.01.07,16:25,1.14644,1.14646,1.1464,1.14642,46
2019.01.07,16:26,1.14643,1.1465,1.14641,1.14642,50
2019.01.07,16:27,1.1464,1.1464,1.14631,1.14631,48
2019.01.07,16:28,1.14632,1.14632,1.14612,1.14623,76
2019.01.07,16:29,1.14624,1.14635,1.14611,1.14635,71
2019.01.07,16:30,1.14634,1.14645,1.14632,1.14632,78
2019.01.07,16:31,1.14629,1.14639,1.14622,1.14632,87
2019.01.07,16:32,1.1463,1.14631,1.14602,1.14614,122
2019.01.07,16:33,1.14613,1.14614,1.14603,1.14609,88
2019.01.07,16:34,1.14609,1.1461,1.14603,1.14607,83
2019.01.07,16:35,1.14607,1.14641,1.14607,1.1464,112
2019.01.07,16:36,1.14641,1.14643,1.14631,1.14634,123
2019.01.07,16:37,1.14636,1.14651,1.14635,1.14641,107
2019.01.07,16:38,1.14642,1.14657,1.14637,1.14653,108
2019.01.07,16:39,1.14652,1.14665,1.1465,1.14665,86
2019.01.07,16:40,1.14665,1.14692,1.14665,1.1469,129
2019.01.07,16:41,1.14691,1.14697,1.14682,1.14682,95
2019.01.07,16:42,1.14684,1.14692,1.14679,1.14692,76
2019.01.07,16:43,1.14692,1.14692,1.14675,1.14675,93
2019.01.07,16:44,1.14676,1.14692,1.14675,1.1469,72
2019.01.07,16:45,1.1469,1.14696,1.14687,1.14689,57
2019.01.07,16:46,1.14688,1.14691,1.14678,1.14683,65
2019.01.07,16:47,1.14682,1.14709,1.14682,1.14705,128
2019.01.07,16:48,1.14704,1.14723,1.14698,1.14704,105
2019.01.07,16:49,1.14703,1.14713,1.1469,1.14713,86
2019.01.07,16:50,1.14716,1.14717,1.14689,1.14708,141
2019.01.07,16:51,1.14708,1.14718,1.14706,1.14716,120
2019.01.07,16:52,1.14717,1.14721,1.14712,1.1472,74
2019.01.07,16:53,1.14717,1.14727,1.14717,1.14724,58
2019.01.07,16:54,1.14723,1.14723,1.14692,1.14692,109
2019.01.07,16:55,1.1469,1.14691,1.14675,1.14686,137
2019.01.07,16:56,1.14687,1.14693,1.1467,1.14689,126
2019.01.07,16:57,1.14691,1.14694,1.14674,1.14674,71
2019.01.07,16:58,1.14674,1.14693,1.14674,1.1469,74
2019.01.07,16:59,1.14688,1.14704,1.14674,1.14704,186
2019.01.07,17:00,1.14702,1.1471,1.1465,1.14661,267
2019.01.07,17:01,1.14659,1.14682,1.14653,1.14657,141
2019.01.07,17:02,1.14653,1.14653,1.14595,1.14603,209
2019.01.07,17:03,1.14602,1.14633,1.14596,1.14622,149
2019.01.07,17:04,1.14623,1.14623,1.14577,1.14577,153
2019.01.07,17:05,1.14577,1.14619,1.14577,1.14603,172
2019.01.07,17:06,1.14603,1.14627,1.14603,1.14623,118
2019.01.07,17:07,1.14623,1.14628,1.14601,1.14614,129
2019.01.07,17:08,1.14613,1.14687,1.1461,1.14678,168
2019.01.07,17:09,1.14678,1.14704,1.14663,1.14689,214
2019.01.07,17:10,1.14688,1.14689,1.14661,1.14662,139
2019.01.07,17:11,1.14662,1.14679,1.14631,1.14632,162
2019.01.07,17:12,1.14632,1.14633,1.14606,1.14617,119
2019.01.07,17:13,1.14623,1.14651,1.14623,1.14633,143
2019.01.07,17:14,1.14632,1.14635,1.14617,1.14625,111
2019.01.07,17:15,1.14626,1.14662,1.1462,1.14656,131
2019.01.07,17:16,1.14656,1.14665,1.1465,1.14654,107
2019.01.07,17:17,1.14655,1.14655,1.14631,1.14635,115
2019.01.07,17:18,1.14632,1.14632,1.14592,1.14607,155
2019.01.07,17:19,1.14607,1.14635,1.14607,1.14635,104
2019.01.07,17:20,1.14637,1.14661,1.14637,1.1466,100
2019.01.07,17:21,1.14659,1.14662,1.14647,1.14656,93
2019.01.07,17:22,1.14656,1.14657,1.1464,1.14656,98
2019.01.07,17:23,1.14655,1.14677,1.14648,1.14672,125
2019.01.07,17:24,1.14671,1.14677,1.14659,1.14661,117
2019.01.07,17:25,1.14661,1.14666,1.14655,1.14666,94
2019.01.07,17:26,1.14667,1.14687,1.14667,1.14671,120
2019.01.07,17:27,1.1467,1.14676,1.14662,1.14663,113
2019.01.07,17:28,1.14662,1.14673,1.14661,1.14668,78
2019.01.07,17:29,1.14673,1.14682,1.14669,1.1467,95
2019.01.07,17:30,1.14671,1.14671,1.14658,1.14662,83
2019.01.07,17:31,1.14662,1.14664,1.14624,1.14624,151
2019.01.07,17:32,1.14622,1.14629,1.14596,1.14606,144
2019.01.07,17:33,1.14605,1.14625,1.14602,1.14603,120
2019.01.07,17:34,1.14603,1.1461,1.14573,1.14575,169
2019.01.07,17:35,1.14575,1.14576,1.14561,1.14565,116
2019.01.07,17:36,1.14563,1.14582,1.14555,1.14558,124
2019.01.07,17:37,1.14559,1.14584,1.14556,1.14575,129
2019.01.07,17:38,1.14575,1.14601,1.14571,1.14596,113
2019.01.07,17:39,1.14597,1.14607,1.14583,1.14603,102
2019.01.07,17:40,1.14603,1.1462,1.14586,1.14588,114
2019.01.07,17:41,1.14588,1.14588,1.14547,1.14558,116
2019.01.07,17:42,1.1456,1.14593,1.1456,1.14589,102
2019.01.07,17:43,1.14589,1.14596,1.1458,1.14587,133
2019.01.07,17:44,1.14587,1.14601,1.14582,1.14582,137
2019.01.07,17:45,1.14583,1.14584,1.1457,1.14576,127
2019.01.07,17:46,1.14577,1.14589,1.14539,1.14551,156
2019.01.07,17:47,1.14552,1.14592,1.1455,1.14589,159
2019.01.07,17:48,1.14589,1.14627,1.14589,1.14598,136
2019.01.07,17:49,1.14594,1.14613,1.14593,1.14611,119
2019.01.07,17:50,1.14612,1.14635,1.14611,1.14635,99
2019.01.07,17:51,1.14635,1.14674,1.14634,1.1466,139
2019.01.07,17:52,1.14661,1.14684,1.14645,1.14677,182
2019.01.07,17:53,1.14683,1.147,1.14674,1.14674,139
2019.01.07,17:54,1.14673,1.14673,1.14651,1.14653,188
2019.01.07,17:55,1.14652,1.14672,1.14598,1.14605,198
2019.01.07,17:56,1.14605,1.14611,1.14588,1.146,188
2019.01.07,17:57,1.14602,1.14613,1.14578,1.14607,192
2019.01.07,17:58,1.14608,1.14633,1.14602,1.14621,219
2019.01.07,17:59,1.14622,1.14646,1.14611,1.14634,189
2019.01.07,18:00,1.14633,1.14633,1.14599,1.146,159
2019.01.07,18:01,1.146,1.14618,1.14587,1.14617,175
2019.01.07,18:02,1.14613,1.14658,1.14602,1.14649,174
2019.01.07,18:03,1.14649,1.14667,1.14645,1.14663,144
2019.01.07,18:04,1.14664,1.14671,1.14657,1.14663,152
2019.01.07,18:05,1.14662,1.1468,1.14656,1.14659,119
2019.01.07,18:06,1.14657,1.14673,1.14652,1.14657,130
2019.01.07,18:07,1.14657,1.1467,1.14622,1.14626,116
2019.01.07,18:08,1.14627,1.14663,1.14626,1.14657,136
2019.01.07,18:09,1.14658,1.14662,1.14652,1.14661,90
2019.01.07,18:10,1.14662,1.14676,1.14658,1.14668,109
2019.01.07,18:11,1.14667,1.14679,1.14662,1.14679,84
2019.01.07,18:12,1.14678,1.14684,1.14669,1.14676,96
2019.01.07,18:13,1.14679,1.14689,1.14671,1.14672,114
2019.01.07,18:14,1.14672,1.14687,1.14671,1.14686,105
2019.01.07,18:15,1.14687,1.14699,1.14687,1.14698,88
2019.01.07,18:16,1.14697,1.147,1.14682,1.14689,138
2019.01.07,18:17,1.14688,1.14699,1.14688,1.14697,83
2019.01.07,18:18,1.14696,1.14699,1.14681,1.14685,93
2019.01.07,18:19,1.14688,1.14696,1.14669,1.14669,99
2019.01.07,18:20,1.14669,1.14676,1.14664,1.1467,80
2019.01.07,18:21,1.1467,1.14678,1.14665,1.14673,90
2019.01.07,18:22,1.14673,1.14687,1.1467,1.14675,99
2019.01.07,18:23,1.14675,1.14677,1.14649,1.14652,99
2019.01.07,18:24,1.14652,1.14675,1.14652,1.14668,132
2019.01.07,18:25,1.14668,1.14679,1.14666,1.1467,100
2019.01.07,18:26,1.14669,1.14672,1.14663,1.14667,90
2019.01.07,18:27,1.14668,1.1467,1.14662,1.14668,74
2019.01.07,18:28,1.1467,1.14674,1.14668,1.14671,80
2019.01.07,18:29,1.14671,1.14675,1.14666,1.14673,100
2019.01.07,18:30,1.14673,1.14673,1.14645,1.14647,70
2019.01.07,18:31,1.14649,1.1465,1.14625,1.14625,92
2019.01.07,18:32,1.14625,1.14625,1.1461,1.14625,70
2019.01.07,18:33,1.14626,1.14629,1.14616,1.14629,62
2019.01.07,18:34,1.14628,1.14637,1.14622,1.14626,76
2019.01.07,18:35,1.14627,1.14643,1.14612,1.14643,91
2019.01.07,18:36,1.14642,1.1465,1.14639,1.1464,92
2019.01.07,18:37,1.1464,1.1464,1.14621,1.14633,85
2019.01.07,18:38,1.14633,1.14647,1.14602,1.14611,103
2019.01.07,18:39,1.14613,1.14641,1.1461,1.14641,101
2019.01.07,18:40,1.14643,1.14679,1.14639,1.14677,89
2019.01.07,18:41,1.14678,1.14685,1.14665,1.14677,86
2019.01.07,18:42,1.14676,1.14678,1.14653,1.14656,78
2019.01.07,18:43,1.14655,1.14676,1.14651,1.14652,104
2019.01.07,18:44,1.14654,1.14677,1.14653,1.14671,87
2019.01.07,18:45,1.1467,1.14671,1.14656,1.1466,66
2019.01.07,18:46,1.1466,1.14677,1.14646,1.14671,84
2019.01.07,18:47,1.14669,1.14674,1.14664,1.1467,59
2019.01.07,18:48,1.1467,1.14677,1.14661,1.14672,59
2019.01.07,18:49,1.14674,1.14695,1.14667,1.14685,83
2019.01.07,18:50,1.14685,1.14687,1.14674,1.1468,53
2019.01.07,18:51,1.14681,1.14682,1.14673,1.14677,63
2019.01.07,18:52,1.14679,1.14684,1.14668,1.1467,70
2019.01.07,18:53,1.1467,1.14682,1.14667,1.14671,65
2019.01.07,18:54,1.14672,1.14687,1.14666,1.14669,83
2019.01.07,18:55,1.14669,1.14686,1.14669,1.14677,102
2019.01.07,18:56,1.14677,1.14681,1.14644,1.14674,124
2019.01.07,18:57,1.14674,1.14685,1.14666,1.14667,117
2019.01.07,18:58,1.14668,1.14683,1.14667,1.14678,96
2019.01.07,18:59,1.14681,1.14684,1.1467,1.14673,88
2019.01.07,19:00,1.14673,1.14681,1.14671,1.14679,99
2019.01.07,19:01,1.14678,1.14701,1.14651,1.14656,123
2019.01.07,19:02,1.14657,1.14677,1.14656,1.14669,99
2019.01.07,19:03,1.14667,1.14667,1.14654,1.14667,105
2019.01.07,19:04,1.14667,1.14671,1.14657,1.14658,64
2019.01.07,19:05,1.14657,1.14661,1.1465,1.1465,37
2019.01.07,19:06,1.14651,1.14658,1.14642,1.14647,90
2019.01.07,19:07,1.14646,1.14656,1.14642,1.14653,75
2019.01.07,19:08,1.14652,1.14653,1.14642,1.14652,55
2019.01.07,19:09,1.14652,1.14654,1.1465,1.14651,69
2019.01.07,19:10,1.1465,1.14663,1.14643,1.14658,65
2019.01.07,19:11,1.14659,1.14661,1.14645,1.1465,29
2019.01.07,19:12,1.14652,1.14663,1.14648,1.14661,53
2019.01.07,19:13,1.14662,1.14675,1.14661,1.14673,45
2019.01.07,19:14,1.14671,1.14678,1.14662,1.14671,70
2019.01.07,19:15,1.14672,1.14677,1.14667,1.14673,50
2019.01.07,19:16,1.14673,1.14677,1.14672,1.14677,32
2019.01.07,19:17,1.14678,1.14678,1.1467,1.14678,37
2019.01.07,19:18,1.14679,1.14687,1.14675,1.14678,59
2019.01.07,19:19,1.14676,1.14684,1.14668,1.14671,48
2019.01.07,19:20,1.14669,1.14677,1.14657,1.14658,62
2019.01.07,19:21,1.14659,1.14676,1.14658,1.14676,61
2019.01.07,19:22,1.14676,1.14683,1.14674,1.14678,42
2019.01.07,19:23,1.14678,1.14687,1.14677,1.14677,53
2019.01.07,19:24,1.14677,1.14686,1.14673,1.14673,52
2019.01.07,19:25,1.14672,1.1468,1.14664,1.14679,52
2019.01.07,19:26,1.1468,1.14686,1.14671,1.14678,76
2019.01.07,19:27,1.14678,1.14687,1.14677,1.14678,64
2019.01.07,19:28,1.14681,1.14684,1.1467,1.14677,74
2019.01.07,19:29,1.14676,1.14683,1.1467,1.14677,42
2019.01.07,19:30,1.1468,1.14689,1.14678,1.14688,57
2019.01.07,19:31,1.14688,1.14688,1.14663,1.14663,40
2019.01.07,19:32,1.14664,1.14673,1.14658,1.14663,55
2019.01.07,19:33,1.14662,1.14665,1.14657,1.14658,36
2019.01.07,19:34,1.14661,1.14662,1.14655,1.14656,47
2019.01.07,19:35,1.14656,1.14662,1.14652,1.14653,36
2019.01.07,19:36,1.14651,1.14651,1.14643,1.1465,36
2019.01.07,19:37,1.14651,1.14654,1.14644,1.14652,45
2019.01.07,19:38,1.14648,1.14668,1.14645,1.14667,45
2019.01.07,19:39,1.14668,1.14686,1.14666,1.14678,66
2019.01.07,19:40,1.14678,1.14689,1.14673,1.14686,50
2019.01.07,19:41,1.14687,1.14697,1.14684,1.14692,46
2019.01.07,19:42,1.14691,1.14697,1.1469,1.14692,52
2019.01.07,19:43,1.14692,1.14705,1.14692,1.14697,84
2019.01.07,19:44,1.14698,1.14703,1.14694,1.14697,68
2019.01.07,19:45,1.14696,1.14702,1.14687,1.14696,97
2019.01.07,19:46,1.14697,1.14713,1.14692,1.14695,65
2019.01.07,19:47,1.14697,1.14702,1.14688,1.14688,35
2019.01.07,19:48,1.14687,1.14687,1.14663,1.14665,56
2019.01.07,19:49,1.14666,1.14678,1.14665,1.14674,67
2019.01.07,19:50,1.14673,1.14677,1.14661,1.14666,47
2019.01.07,19:51,1.14667,1.1468,1.14666,1.14678,39
2019.01.07,19:52,1.14678,1.14684,1.14661,1.14662,52
2019.01.07,19:53,1.14663,1.14676,1.14662,1.14669,61
2019.01.07,19:54,1.14669,1.14675,1.14657,1.14665,53
2019.01.07,19:55,1.14665,1.14665,1.14641,1.14646,71
2019.01.07,19:56,1.14646,1.14652,1.14641,1.14641,55
2019.01.07,19:57,1.14641,1.14678,1.14641,1.14672,104
2019.01.07,19:58,1.14671,1.14688,1.14669,1.14686,77
2019.01.07,19:59,1.14686,1.147,1.14678,1.14678,82
2019.01.07,20:00,1.14679,1.14706,1.14677,1.14698,110
2019.01.07,20:01,1.14698,1.14721,1.14698,1.14719,60
2019.01.07,20:02,1.14719,1.14725,1.14716,1.14725,59
2019.01.07,20:03,1.14727,1.14737,1.14722,1.14736,63
2019.01.07,20:04,1.14736,1.14757,1.14731,1.14751,96
2019.01.07,20:05,1.14752,1.14767,1.14739,1.14766,106
2019.01.07,20:06,1.14765,1.14777,1.14761,1.14776,76
2019.01.07,20:07,1.14776,1.14793,1.14772,1.14793,127
2019.01.07,20:08,1.14793,1.14793,1.14767,1.14767,83
2019.01.07,20:09,1.14771,1.14793,1.14767,1.14792,86
2019.01.07,20:10,1.14792,1.14792,1.14767,1.14781,80
2019.01.07,20:11,1.14782,1.14791,1.14778,1.14787,59
2019.01.07,20:12,1.14787,1.14797,1.14779,1.14797,53
2019.01.07,20:13,1.14796,1.14798,1.14786,1.14796,33
2019.01.07,20:14,1.14796,1.14801,1.14793,1.14798,56
2019.01.07,20:15,1.14798,1.14802,1.14794,1.14801,58
2019.01.07,20:16,1.14797,1.14802,1.14796,1.148,61
2019.01.07,20:17,1.14801,1.14826,1.14801,1.14804,78
2019.01.07,20:18,1.14803,1.14815,1.14798,1.14798,52
2019.01.07,20:19,1.14792,1.14796,1.14774,1.1478,86
2019.01.07,20:20,1.14779,1.14781,1.14773,1.14778,61
2019.01.07,20:21,1.14776,1.14777,1.14768,1.14772,60
2019.01.07,20:22,1.14771,1.14783,1.14767,1.14776,48
2019.01.07,20:23,1.14776,1.14789,1.14774,1.14782,58
2019.01.07,20:24,1.14776,1.14776,1.14757,1.14773,68
2019.01.07,20:25,1.14774,1.1478,1.14771,1.1478,37
2019.01.07,20:26,1.14782,1.14782,1.14763,1.14768,44
2019.01.07,20:27,1.14768,1.1478,1.14768,1.14777,40
2019.01.07,20:28,1.14777,1.14777,1.14762,1.14767,43
2019.01.07,20:29,1.14768,1.14773,1.14763,1.14773,48
2019.01.07,20:30,1.14776,1.14779,1.14769,1.14779,50
2019.01.07,20:31,1.14773,1.1478,1.14768,1.14771,52
2019.01.07,20:32,1.14771,1.14778,1.1477,1.14772,44
2019.01.07,20:33,1.14774,1.14778,1.14769,1.14777,43
2019.01.07,20:34,1.14775,1.14783,1.14772,1.14775,42
2019.01.07,20:35,1.14774,1.14774,1.14763,1.14771,56
2019.01.07,20:36,1.14772,1.14775,1.14768,1.1477,20
2019.01.07,20:37,1.1477,1.14774,1.14768,1.14769,38
2019.01.07,20:38,1.1477,1.1477,1.14751,1.14764,85
2019.01.07,20:39,1.14763,1.14766,1.14757,1.14758,44
2019.01.07,20:40,1.14757,1.14758,1.14752,1.14754,53
2019.01.07,20:41,1.14753,1.14756,1.14742,1.14751,36
2019.01.07,20:42,1.14753,1.14755,1.14741,1.14743,38
2019.01.07,20:43,1.14744,1.14746,1.14742,1.14742,24
2019.01.07,20:44,1.1474,1.14741,1.14727,1.14728,62
2019.01.07,20:45,1.14726,1.14737,1.14724,1.14737,58
2019.01.07,20:46,1.14736,1.14753,1.14736,1.14752,60
2019.01.07,20:47,1.14752,1.14777,1.14751,1.14771,87
2019.01.07,20:48,1.14772,1.14788,1.14769,1.14787,80
2019.01.07,20:49,1.14788,1.14791,1.14782,1.14785,66
2019.01.07,20:50,1.14786,1.14793,1.14778,1.14784,69
2019.01.07,20:51,1.14782,1.14782,1.14768,1.14768,59
2019.01.07,20:52,1.14769,1.14774,1.14763,1.1477,54
2019.01.07,20:53,1.14772,1.14778,1.14759,1.14762,43
2019.01.07,20:54,1.14762,1.14764,1.14753,1.14756,50
2019.01.07,20:55,1.14759,1.14759,1.14734,1.14734,66
2019.01.07,20:56,1.14733,1.14746,1.14733,1.1474,50
2019.01.07,20:57,1.14742,1.14757,1.14742,1.14751,62
2019.01.07,20:58,1.1475,1.14751,1.14727,1.14737,48
2019.01.07,20:59,1.14736,1.14743,1.14735,1.14742,44
2019.01.07,21:00,1.14743,1.14746,1.14735,1.14742,54
2019.01.07,21:01,1.14742,1.14754,1.14736,1.14752,61
2019.01.07,21:02,1.14751,1.14759,1.14744,1.14759,57
2019.01.07,21:03,1.14759,1.14769,1.14757,1.1476,72
2019.01.07,21:04,1.14761,1.14769,1.14757,1.14768,39
2019.01.07,21:05,1.14767,1.14771,1.14759,1.1477,44
2019.01.07,21:06,1.14771,1.14795,1.14771,1.14788,90
2019.01.07,21:07,1.14789,1.14799,1.14785,1.14787,69
2019.01.07,21:08,1.14787,1.14796,1.14775,1.1479,77
2019.01.07,21:09,1.14791,1.14796,1.14789,1.14796,53
2019.01.07,21:10,1.14797,1.14797,1.14768,1.14769,77
2019.01.07,21:11,1.14766,1.14791,1.14766,1.14785,75
2019.01.07,21:12,1.14781,1.14785,1.14775,1.14785,30
2019.01.07,21:13,1.14782,1.14782,1.14767,1.14767,34
2019.01.07,21:14,1.14767,1.14808,1.14765,1.14808,104
2019.01.07,21:15,1.14809,1.14815,1.148,1.14814,74
2019.01.07,21:16,1.14812,1.14813,1.148,1.14806,87
2019.01.07,21:17,1.14809,1.14811,1.1479,1.14798,73
2019.01.07,21:18,1.14798,1.14803,1.14795,1.14798,67
2019.01.07,21:19,1.14798,1.14805,1.14795,1.14801,41
2019.01.07,21:20,1.14802,1.14808,1.14795,1.14802,41
2019.01.07,21:21,1.14803,1.14805,1.14795,1.14797,47
2019.01.07,21:22,1.14796,1.14825,1.14795,1.14814,55
2019.01.07,21:23,1.14812,1.14812,1.14792,1.14794,36
2019.01.07,21:24,1.14794,1.14794,1.1479,1.1479,29
2019.01.07,21:25,1.14792,1.14799,1.14792,1.14794,16
2019.01.07,21:26,1.14795,1.14798,1.14793,1.14793,31
2019.01.07,21:27,1.14795,1.14797,1.14792,1.14794,37
2019.01.07,21:28,1.14794,1.14795,1.14791,1.14792,36
2019.01.07,21:29,1.14792,1.14795,1.14791,1.14795,47
2019.01.07,21:30,1.14795,1.14795,1.14791,1.14792,47
2019.01.07,21:31,1.14793,1.14798,1.14792,1.14794,43
2019.01.07,21:32,1.14793,1.14797,1.14791,1.14794,32
2019.01.07,21:33,1.14795,1.14798,1.14794,1.14797,20
2019.01.07,21:34,1.14797,1.14797,1.14791,1.14792,50
2019.01.07,21:35,1.14792,1.14799,1.14789,1.14789,43
2019.01.07,21:36,1.14789,1.14791,1.14776,1.14776,54
2019.01.07,21:37,1.14777,1.14787,1.14773,1.14774,63
2019.01.07,21:38,1.14773,1.14778,1.14764,1.14777,50
2019.01.07,21:39,1.14777,1.14778,1.14771,1.14774,37
2019.01.07,21:40,1.14775,1.14778,1.14773,1.14774,34
2019.01.07,21:41,1.14775,1.14775,1.14771,1.14773,29
2019.01.07,21:42,1.14774,1.14782,1.1477,1.14773,59
2019.01.07,21:43,1.14774,1.14775,1.14771,1.14771,14
2019.01.07,21:44,1.14773,1.14773,1.14763,1.14764,30
2019.01.07,21:45,1.14764,1.14773,1.14764,1.14768,40
2019.01.07,21:46,1.14768,1.14769,1.14764,1.14769,26
2019.01.07,21:47,1.14765,1.14768,1.14763,1.14766,28
2019.01.07,21:48,1.14765,1.14768,1.14763,1.14766,25
2019.01.07,21:49,1.14765,1.14766,1.14761,1.14762,23
2019.01.07,21:50,1.14763,1.14786,1.14763,1.14783,79
2019.01.07,21:51,1.14782,1.14782,1.14761,1.14764,43
2019.01.07,21:52,1.14763,1.14764,1.1475,1.14753,48
2019.01.07,21:53,1.14754,1.14755,1.14742,1.14744,37
2019.01.07,21:54,1.14742,1.14742,1.14731,1.14732,23
2019.01.07,21:55,1.14731,1.14752,1.14731,1.14745,92
2019.01.07,21:56,1.14744,1.14754,1.14741,1.14754,59
2019.01.07,21:57,1.14755,1.14778,1.14753,1.14778,62
2019.01.07,21:58,1.14779,1.14781,1.14754,1.14758,90
2019.01.07,21:59,1.14759,1.14798,1.14758,1.14797,135
2019.01.07,22:00,1.14795,1.14797,1.14788,1.14792,69
2019.01.07,22:01,1.14791,1.14797,1.14787,1.14795,67
2019.01.07,22:02,1.14794,1.14802,1.1479,1.14792,68
2019.01.07,22:03,1.14793,1.14794,1.14776,1.14779,61
2019.01.07,22:04,1.1478,1.14782,1.14772,1.14773,57
2019.01.07,22:05,1.14777,1.14784,1.14775,1.14776,32
2019.01.07,22:06,1.14777,1.14784,1.14775,1.14781,38
2019.01.07,22:07,1.14784,1.14784,1.14767,1.1477,38
2019.01.07,22:08,1.14773,1.14774,1.14762,1.14763,57
2019.01.07,22:09,1.14765,1.14765,1.1475,1.14753,36
2019.01.07,22:10,1.14753,1.14754,1.14745,1.14745,45
2019.01.07,22:11,1.14748,1.14759,1.14746,1.14756,57
2019.01.07,22:12,1.14757,1.14759,1.14752,1.14755,32
2019.01.07,22:13,1.14761,1.14762,1.14752,1.14756,51
2019.01.07,22:14,1.14757,1.14758,1.14753,1.14754,38
2019.01.07,22:15,1.14753,1.14764,1.14752,1.14762,41
2019.01.07,22:16,1.14759,1.14764,1.1475,1.14754,59
2019.01.07,22:17,1.14754,1.14754,1.14738,1.14739,35
2019.01.07,22:18,1.14739,1.14744,1.14737,1.14744,46
2019.01.07,22:19,1.14748,1.14751,1.14739,1.14751,73
2019.01.07,22:20,1.1475,1.1475,1.14742,1.14745,47
2019.01.07,22:21,1.14744,1.14744,1.14722,1.14723,52
2019.01.07,22:22,1.14723,1.14731,1.14721,1.14722,42
2019.01.07,22:23,1.1472,1.14724,1.1472,1.14723,18
2019.01.07,22:24,1.14722,1.1474,1.1472,1.14736,52
2019.01.07,22:25,1.14734,1.14735,1.1473,1.14733,29
2019.01.07,22:26,1.14732,1.14739,1.1473,1.14739,30
2019.01.07,22:27,1.1474,1.1474,1.14704,1.14708,58
2019.01.07,22:28,1.14707,1.14713,1.14696,1.14709,75
2019.01.07,22:29,1.1471,1.1471,1.14703,1.14705,32
2019.01.07,22:30,1.14704,1.14714,1.14704,1.14706,78
2019.01.07,22:31,1.14708,1.14716,1.14708,1.14715,54
2019.01.07,22:32,1.14716,1.1472,1.14714,1.14714,42
2019.01.07,22:33,1.14712,1.14727,1.14712,1.14727,36
2019.01.07,22:34,1.14725,1.14739,1.14724,1.14734,59
2019.01.07,22:35,1.14734,1.14738,1.1473,1.1473,36
2019.01.07,22:36,1.14729,1.14735,1.14729,1.14734,44
2019.01.07,22:37,1.14734,1.1474,1.14733,1.14737,25
2019.01.07,22:38,1.14738,1.14751,1.14737,1.14744,41
2019.01.07,22:39,1.14745,1.1475,1.14738,1.14744,44
2019.01.07,22:40,1.14746,1.14752,1.14745,1.14747,57
2019.01.07,22:41,1.14746,1.14758,1.14746,1.14755,47
2019.01.07,22:42,1.14754,1.14755,1.14749,1.14755,55
2019.01.07,22:43,1.14759,1.1476,1.14756,1.1476,21
2019.01.07,22:44,1.14761,1.14767,1.14759,1.14766,47
2019.01.07,22:45,1.14764,1.14769,1.14761,1.14767,41
2019.01.07,22:46,1.14768,1.14768,1.14764,1.14767,17
2019.01.07,22:47,1.14767,1.14767,1.14759,1.14762,35
2019.01.07,22:48,1.14763,1.14767,1.14759,1.14759,28
2019.01.07,22:49,1.14761,1.14764,1.14757,1.14759,43
2019.01.07,22:50,1.14761,1.14763,1.14759,1.14762,46
2019.01.07,22:51,1.14763,1.14763,1.14758,1.14758,32
2019.01.07,22:52,1.14757,1.14761,1.14757,1.14759,19
2019.01.07,22:53,1.14759,1.14759,1.14753,1.14754,26
2019.01.07,22:54,1.14754,1.14757,1.14748,1.14754,28
2019.01.07,22:55,1.14754,1.14757,1.14749,1.14751,33
2019.01.07,22:56,1.1475,1.1475,1.14747,1.14747,30
2019.01.07,22:57,1.14746,1.14757,1.14746,1.14754,51
2019.01.07,22:58,1.14753,1.14755,1.14749,1.14749,46
2019.01.07,22:59,1.14749,1.14772,1.14748,1.1477,70
2019.01.07,23:00,1.1477,1.1477,1.14745,1.14748,47
2019.01.07,23:01,1.14748,1.14755,1.14748,1.14749,36
2019.01.07,23:02,1.14748,1.14748,1.14747,1.14748,13
2019.01.07,23:03,1.14748,1.1475,1.14741,1.14741,19
2019.01.07,23:04,1.14743,1.14745,1.14739,1.1474,25
2019.01.07,23:05,1.1474,1.14743,1.14739,1.14742,37
2019.01.07,23:06,1.14742,1.14743,1.14739,1.1474,21
2019.01.07,23:07,1.14739,1.14742,1.14735,1.14735,23
2019.01.07,23:08,1.14737,1.14738,1.14728,1.14728,21
2019.01.07,23:09,1.1473,1.14731,1.14728,1.1473,25
2019.01.07,23:10,1.1473,1.1473,1.14728,1.1473,10
2019.01.07,23:11,1.14729,1.14731,1.14728,1.14729,12
2019.01.07,23:12,1.14729,1.14731,1.14727,1.14729,12
2019.01.07,23:13,1.14734,1.14734,1.14729,1.14731,23
2019.01.07,23:14,1.14731,1.14735,1.1473,1.14735,21
2019.01.07,23:15,1.14737,1.14742,1.14736,1.1474,14
2019.01.07,23:17,1.14739,1.1474,1.14739,1.14739,4
2019.01.07,23:18,1.14739,1.1474,1.14739,1.14739,9
2019.01.07,23:19,1.14744,1.14745,1.14744,1.14744,4
2019.01.07,23:20,1.14745,1.14749,1.14745,1.14748,6
2019.01.07,23:21,1.14748,1.1475,1.14744,1.14749,21
2019.01.07,23:22,1.14754,1.14756,1.14748,1.14754,16
2019.01.07,23:23,1.14756,1.14757,1.14754,1.14754,12
2019.01.07,23:24,1.14753,1.14757,1.14753,1.14757,6
2019.01.07,23:25,1.14756,1.14756,1.14754,1.14754,3
2019.01.07,23:26,1.14754,1.14754,1.14753,1.14753,2
2019.01.07,23:27,1.14752,1.14753,1.14752,1.14753,4
2019.01.07,23:28,1.14751,1.14751,1.14747,1.14748,15
2019.01.07,23:29,1.1475,1.14767,1.1475,1.14762,26
2019.01.07,23:30,1.1476,1.14761,1.14758,1.14758,23
2019.01.07,23:31,1.14758,1.14759,1.14758,1.14759,18
2019.01.07,23:32,1.14761,1.14767,1.1476,1.1476,15
2019.01.07,23:33,1.1476,1.1476,1.14752,1.14755,20
2019.01.07,23:34,1.14755,1.14759,1.14753,1.14759,18
2019.01.07,23:35,1.1476,1.1476,1.14743,1.14745,31
2019.01.07,23:36,1.14744,1.14754,1.14744,1.1475,22
2019.01.07,23:37,1.14749,1.14753,1.14748,1.14748,24
2019.01.07,23:38,1.14749,1.14754,1.14749,1.14753,13
2019.01.07,23:39,1.14754,1.14756,1.14748,1.14754,23
2019.01.07,23:40,1.14753,1.14754,1.1475,1.14752,27
2019.01.07,23:41,1.14753,1.14753,1.14747,1.14748,19
2019.01.07,23:42,1.14748,1.14748,1.14747,1.14748,9
2019.01.07,23:43,1.14749,1.14752,1.14748,1.14748,4
2019.01.07,23:44,1.14749,1.14754,1.14748,1.14754,17
2019.01.07,23:45,1.14752,1.14754,1.14746,1.14746,34
2019.01.07,23:46,1.14746,1.14746,1.14726,1.14732,40
2019.01.07,23:47,1.14731,1.14733,1.14727,1.14727,24
2019.01.07,23:48,1.14727,1.14744,1.14724,1.14739,54
2019.01.07,23:49,1.14738,1.14739,1.14733,1.14733,21
2019.01.07,23:50,1.14733,1.14734,1.1473,1.14734,31
2019.01.07,23:51,1.14733,1.14738,1.14729,1.1473,23
2019.01.07,23:52,1.1473,1.14734,1.14728,1.14732,31
2019.01.07,23:53,1.14735,1.14738,1.14729,1.14738,40
2019.01.07,23:54,1.14737,1.14739,1.14734,1.14739,24
2019.01.07,23:55,1.1474,1.14741,1.14734,1.14735,24
2019.01.07,23:56,1.14734,1.14735,1.14732,1.14735,7
2019.01.07,23:57,1.14741,1.14753,1.14741,1.14743,15
2019.01.07,23:58,1.14741,1.14747,1.14739,1.14739,23
2019.01.07,23:59,1.1474,1.14745,1.14734,1.14742,34
2019.01.08,00:00,1.14741,1.14741,1.14738,1.14738,9
2019.01.08,00:01,1.14738,1.1474,1.14738,1.1474,15
2019.01.08,00:02,1.14738,1.1474,1.14731,1.14731,6
2019.01.08,00:03,1.14731,1.14733,1.14731,1.14733,3
2019.01.08,00:04,1.14735,1.14735,1.14733,1.14733,5
2019.01.08,00:05,1.14735,1.1474,1.14735,1.1474,5
2019.01.08,00:06,1.14741,1.14741,1.14735,1.14735,18
2019.01.08,00:07,1.1474,1.1474,1.14736,1.14736,10
2019.01.08,00:08,1.14736,1.14736,1.14723,1.14728,14
2019.01.08,00:09,1.14727,1.14735,1.14723,1.14723,17
2019.01.08,00:10,1.14721,1.14734,1.1472,1.14732,32
2019.01.08,00:11,1.14732,1.14735,1.14724,1.14735,10
2019.01.08,00:12,1.14738,1.14738,1.14732,1.14735,15
2019.01.08,00:13,1.14727,1.14727,1.14722,1.14726,16
2019.01.08,00:14,1.14733,1.14738,1.14726,1.1473,22
2019.01.08,00:15,1.1473,1.14731,1.1473,1.14731,7
2019.01.08,00:16,1.14731,1.14738,1.14731,1.14738,20
2019.01.08,00:17,1.14738,1.14738,1.14727,1.1473,19
2019.01.08,00:18,1.14728,1.1473,1.14723,1.14724,15
2019.01.08,00:19,1.14725,1.1473,1.14724,1.14728,18
2019.01.08,00:20,1.14729,1.14732,1.14728,1.14731,20
2019.01.08,00:21,1.1473,1.1473,1.14729,1.1473,16
2019.01.08,00:22,1.14729,1.1474,1.14725,1.14735,28
2019.01.08,00:23,1.14734,1.14736,1.14733,1.14736,16
2019.01.08,00:24,1.14735,1.14736,1.14733,1.14734,17
2019.01.08,00:25,1.14733,1.14735,1.14733,1.14734,10
2019.01.08,00:26,1.14735,1.14735,1.14733,1.14733,7
2019.01.08,00:27,1.14733,1.14733,1.14721,1.14722,5
2019.01.08,00:28,1.14723,1.14724,1.1472,1.14721,8
2019.01.08,00:29,1.1472,1.14721,1.14709,1.14709,41
2019.01.08,00:30,1.1471,1.14719,1.14709,1.14719,31
2019.01.08,00:31,1.1472,1.14743,1.1472,1.1474,38
2019.01.08,00:32,1.1474,1.14742,1.14717,1.14717,33
2019.01.08,00:33,1.14718,1.14732,1.14714,1.14714,24
2019.01.08,00:34,1.14726,1.14726,1.14716,1.14726,11
2019.01.08,00:35,1.14727,1.14727,1.14726,1.14726,6
2019.01.08,00:36,1.14727,1.14727,1.14726,1.14726,2
2019.01.08,00:37,1.14729,1.14734,1.14728,1.14731,7
2019.01.08,00:38,1.14733,1.14751,1.14732,1.14744,35
2019.01.08,00:39,1.14745,1.14746,1.14742,1.14742,9
2019.01.08,00:40,1.14743,1.14754,1.14742,1.14752,27
2019.01.08,00:41,1.14751,1.14763,1.14747,1.14759,57
2019.01.08,00:42,1.1476,1.14762,1.1475,1.14752,37
2019.01.08,00:43,1.14751,1.14775,1.14751,1.14768,67
2019.01.08,00:44,1.1477,1.14771,1.14746,1.14746,51
2019.01.08,00:45,1.14747,1.14748,1.14732,1.14737,59
2019.01.08,00:46,1.14739,1.1474,1.14737,1.14737,18
2019.01.08,00:47,1.14736,1.14753,1.14733,1.14753,33
2019.01.08,00:48,1.14755,1.14755,1.14751,1.14754,12
2019.01.08,00:49,1.14753,1.14754,1.14751,1.14753,11
2019.01.08,00:50,1.14752,1.14755,1.14752,1.14754,9
2019.01.08,00:51,1.14754,1.14759,1.14751,1.14757,27
2019.01.08,00:52,1.14757,1.14757,1.14752,1.14755,16
2019.01.08,00:53,1.14755,1.14757,1.14755,1.14755,10
2019.01.08,00:54,1.14756,1.14756,1.14754,1.14755,13
2019.01.08,00:55,1.14754,1.14755,1.14754,1.14754,3
2019.01.08,00:56,1.14755,1.14756,1.14754,1.14754,5
2019.01.08,00:57,1.14753,1.14755,1.14751,1.14755,8
2019.01.08,00:58,1.14756,1.14756,1.14752,1.14753,29
2019.01.08,00:59,1.14752,1.1476,1.14748,1.1476,40
2019.01.08,01:00,1.14764,1.14775,1.14755,1.1477,100
2019.01.08,01:01,1.14769,1.14776,1.14768,1.1477,55
2019.01.08,01:02,1.1477,1.14771,1.14764,1.14771,20
2019.01.08,01:03,1.14771,1.14773,1.1477,1.14772,19
2019.01.08,01:04,1.14773,1.14777,1.14771,1.14776,17
2019.01.08,01:05,1.14775,1.14777,1.14775,1.14777,16
2019.01.08,01:06,1.14779,1.14781,1.1477,1.1477,38
2019.01.08,01:07,1.14772,1.1478,1.14772,1.14777,23
2019.01.08,01:08,1.14777,1.14778,1.14772,1.14775,20
2019.01.08,01:09,1.14775,1.14779,1.14773,1.14775,22
2019.01.08,01:10,1.14776,1.1478,1.14775,1.14777,19
2019.01.08,01:11,1.14777,1.14779,1.14776,1.14777,16
2019.01.08,01:12,1.14777,1.14777,1.14769,1.1477,14
2019.01.08,01:13,1.14769,1.1477,1.14767,1.1477,19
2019.01.08,01:14,1.1477,1.14773,1.1477,1.14773,17
2019.01.08,01:15,1.14774,1.14778,1.14774,1.14775,18
2019.01.08,01:16,1.14775,1.14777,1.14774,1.14777,7
2019.01.08,01:17,1.14777,1.14777,1.14774,1.14776,16
2019.01.08,01:18,1.14775,1.14786,1.14772,1.14782,42
2019.01.08,01:19,1.14783,1.14806,1.14782,1.14801,78
2019.01.08,01:20,1.148,1.148,1.14784,1.1479,71
2019.01.08,01:21,1.1479,1.1479,1.14786,1.1479,11
2019.01.08,01:22,1.1479,1.1479,1.14786,1.14787,17
2019.01.08,01:23,1.14788,1.14795,1.14788,1.14792,18
2019.01.08,01:24,1.14793,1.14798,1.14792,1.14797,21
2019.01.08,01:25,1.14797,1.14798,1.14793,1.14795,41
2019.01.08,01:26,1.14794,1.14797,1.14791,1.14791,28
2019.01.08,01:27,1.14792,1.14793,1.1479,1.14793,19
2019.01.08,01:28,1.14792,1.14793,1.14792,1.14793,12
2019.01.08,01:29,1.14792,1.14799,1.14791,1.14794,30
2019.01.08,01:30,1.14793,1.14795,1.14792,1.14794,23
2019.01.08,01:31,1.14792,1.14794,1.14789,1.14793,27
2019.01.08,01:32,1.14792,1.14795,1.14788,1.14794,37
2019.01.08,01:33,1.14792,1.14796,1.1479,1.14793,25
2019.01.08,01:34,1.14793,1.14793,1.14792,1.14793,7
2019.01.08,01:35,1.14793,1.14794,1.14793,1.14793,9
2019.01.08,01:36,1.14793,1.14793,1.14791,1.14793,23
2019.01.08,01:37,1.14793,1.14797,1.14791,1.14792,41
2019.01.08,01:38,1.14793,1.14794,1.14791,1.14794,24
2019.01.08,01:39,1.14793,1.14794,1.14792,1.14792,7
2019.01.08,01:40,1.14793,1.14794,1.14791,1.14791,20
2019.01.08,01:41,1.14792,1.14792,1.1479,1.14792,20
2019.01.08,01:42,1.14792,1.14797,1.1479,1.14795,40
2019.01.08,01:43,1.14792,1.14798,1.1479,1.14793,30
2019.01.08,01:44,1.14793,1.14794,1.14788,1.14792,23
2019.01.08,01:45,1.14793,1.14793,1.14789,1.14792,52
2019.01.08,01:46,1.14793,1.14795,1.14791,1.14794,20
2019.01.08,01:47,1.14794,1.14798,1.1479,1.14796,35
2019.01.08,01:48,1.14795,1.14796,1.14791,1.14793,36
2019.01.08,01:49,1.14792,1.14794,1.14788,1.14794,33
2019.01.08,01:50,1.14795,1.14795,1.14789,1.1479,36
2019.01.08,01:51,1.1479,1.14793,1.14788,1.14791,48
2019.01.08,01:52,1.14791,1.14793,1.14785,1.14793,42
2019.01.08,01:53,1.14793,1.14793,1.14789,1.14793,20
2019.01.08,01:54,1.14792,1.14793,1.14787,1.14793,24
2019.01.08,01:55,1.14792,1.14793,1.1479,1.14791,33
2019.01.08,01:56,1.14792,1.14793,1.14791,1.14792,11
2019.01.08,01:57,1.14792,1.14793,1.1479,1.14791,19
2019.01.08,01:58,1.14791,1.14796,1.14791,1.14792,19
2019.01.08,01:59,1.14792,1.14794,1.14788,1.1479,35
2019.01.08,02:00,1.14789,1.1479,1.14786,1.14787,42
2019.01.08,02:01,1.14788,1.14792,1.14786,1.14792,37
2019.01.08,02:02,1.14791,1.14807,1.14791,1.14807,38
2019.01.08,02:03,1.14806,1.14837,1.14806,1.14834,45
2019.01.08,02:04,1.14833,1.14835,1.14826,1.14834,48
2019.01.08,02:05,1.14833,1.14833,1.14821,1.14824,75
2019.01.08,02:06,1.14823,1.14825,1.1482,1.14822,38
2019.01.08,02:07,1.14822,1.14825,1.1482,1.14823,33
2019.01.08,02:08,1.14823,1.14829,1.1482,1.14827,34
2019.01.08,02:09,1.14827,1.14831,1.14826,1.1483,30
2019.01.08,02:10,1.14829,1.1483,1.14818,1.14818,85
2019.01.08,02:11,1.14817,1.14819,1.14815,1.14818,36
2019.01.08,02:12,1.14818,1.14821,1.14817,1.1482,26
2019.01.08,02:13,1.1482,1.14821,1.14819,1.1482,21
2019.01.08,02:14,1.14821,1.14835,1.14821,1.14835,38
2019.01.08,02:15,1.14835,1.14835,1.1482,1.14825,37
2019.01.08,02:16,1.14825,1.14827,1.14824,1.14825,24
2019.01.08,02:17,1.14828,1.14835,1.14827,1.14834,27
2019.01.08,02:18,1.14835,1.14837,1.14833,1.14834,27
2019.01.08,02:19,1.14835,1.14835,1.14831,1.14833,29
2019.01.08,02:20,1.14835,1.14844,1.14831,1.14844,52
2019.01.08,02:21,1.14843,1.14844,1.14837,1.14842,47
2019.01.08,02:22,1.14841,1.14846,1.14836,1.14837,38
2019.01.08,02:23,1.14836,1.14838,1.14835,1.14837,17
2019.01.08,02:24,1.14838,1.14839,1.14836,1.14836,33
2019.01.08,02:25,1.14836,1.14838,1.14819,1.14819,37
2019.01.08,02:26,1.14819,1.14819,1.14818,1.14818,12
2019.01.08,02:27,1.14819,1.14819,1.14809,1.1481,25
2019.01.08,02:28,1.1481,1.1481,1.14794,1.148,36
2019.01.08,02:29,1.148,1.14805,1.14785,1.14787,55
2019.01.08,02:30,1.14787,1.14798,1.14787,1.14796,63
2019.01.08,02:31,1.14795,1.14795,1.14795,1.14795,8
2019.01.08,02:32,1.14798,1.14798,1.14784,1.14785,37
2019.01.08,02:33,1.14784,1.14784,1.14776,1.14782,55
2019.01.08,02:34,1.14782,1.14783,1.14774,1.14774,28
2019.01.08,02:35,1.14773,1.14779,1.14769,1.1477,56
2019.01.08,02:36,1.14769,1.14784,1.14767,1.1478,86
2019.01.08,02:37,1.1478,1.14785,1.14779,1.14785,20
2019.01.08,02:38,1.14782,1.14783,1.14779,1.1478,30
2019.01.08,02:39,1.14777,1.14778,1.14769,1.14771,21
2019.01.08,02:40,1.14772,1.14776,1.1477,1.14773,65
2019.01.08,02:41,1.14772,1.14772,1.14761,1.14763,57
2019.01.08,02:42,1.14763,1.14765,1.14723,1.14735,118
2019.01.08,02:43,1.14736,1.14738,1.14717,1.14721,117
2019.01.08,02:44,1.14721,1.14734,1.1472,1.14734,73
2019.01.08,02:45,1.14734,1.14744,1.14733,1.14741,82
2019.01.08,02:46,1.14742,1.14753,1.14742,1.14749,36
2019.01.08,02:47,1.14752,1.14754,1.14747,1.14748,41
2019.01.08,02:48,1.14748,1.14749,1.14729,1.14737,48
2019.01.08,02:49,1.14736,1.14738,1.14714,1.14714,59
2019.01.08,02:50,1.14714,1.14726,1.14714,1.14723,67
2019.01.08,02:51,1.14723,1.14731,1.14723,1.14729,52
2019.01.08,02:52,1.14729,1.14731,1.14699,1.147,67
2019.01.08,02:53,1.147,1.14709,1.14697,1.14698,69
2019.01.08,02:54,1.147,1.14701,1.14686,1.14689,115
2019.01.08,02:55,1.14689,1.14694,1.14688,1.14691,71
2019.01.08,02:56,1.14691,1.14694,1.1469,1.14692,43
2019.01.08,02:57,1.14691,1.14691,1.1467,1.14685,79
2019.01.08,02:58,1.14685,1.14688,1.14678,1.1468,38
2019.01.08,02:59,1.14677,1.1468,1.14669,1.14678,49
2019.01.08,03:00,1.14678,1.14684,1.14677,1.1468,43
2019.01.08,03:01,1.14681,1.14685,1.1468,1.14685,26
2019.01.08,03:02,1.14688,1.14692,1.14687,1.14689,25
2019.01.08,03:03,1.14691,1.14691,1.14686,1.14687,27
2019.01.08,03:04,1.14688,1.14688,1.14667,1.1468,53
2019.01.08,03:05,1.14677,1.14684,1.14677,1.14677,50
2019.01.08,03:06,1.14678,1.14685,1.14678,1.14685,28
2019.01.08,03:07,1.14685,1.14693,1.1468,1.14684,41
2019.01.08,03:08,1.14685,1.14687,1.14653,1.14664,56
2019.01.08,03:09,1.14665,1.14672,1.14658,1.14658,36
2019.01.08,03:10,1.14658,1.14659,1.14636,1.14645,71
2019.01.08,03:11,1.14645,1.14653,1.1464,1.14644,50
2019.01.08,03:12,1.14642,1.14644,1.14626,1.14628,60
2019.01.08,03:13,1.14631,1.14648,1.14627,1.14644,89
2019.01.08,03:14,1.14644,1.14648,1.14636,1.14636,64
2019.01.08,03:15,1.14637,1.14649,1.14637,1.14638,62
2019.01.08,03:16,1.1464,1.14641,1.1462,1.14635,48
2019.01.08,03:17,1.14635,1.1464,1.1463,1.14637,52
2019.01.08,03:18,1.14637,1.14651,1.14637,1.14648,41
2019.01.08,03:19,1.14649,1.14649,1.14645,1.14647,30
2019.01.08,03:20,1.14647,1.14658,1.14647,1.14658,58
2019.01.08,03:21,1.14658,1.14659,1.14654,1.14656,52
2019.01.08,03:22,1.14655,1.14658,1.14653,1.14656,24
2019.01.08,03:23,1.14656,1.1466,1.14656,1.14658,28
2019.01.08,03:24,1.14658,1.14662,1.14658,1.14658,19
2019.01.08,03:25,1.14658,1.14658,1.14639,1.14647,46
2019.01.08,03:26,1.14651,1.14652,1.14637,1.14638,33
2019.01.08,03:27,1.14637,1.14637,1.14603,1.14603,41
2019.01.08,03:28,1.14602,1.14608,1.14595,1.14608,58
2019.01.08,03:29,1.14608,1.14611,1.14596,1.14598,44
2019.01.08,03:30,1.14597,1.14603,1.14577,1.14581,99
2019.01.08,03:31,1.1458,1.14605,1.14577,1.14605,79
2019.01.08,03:32,1.14606,1.14611,1.14602,1.14602,77
2019.01.08,03:33,1.146,1.14605,1.14585,1.14587,82
2019.01.08,03:34,1.14588,1.14588,1.14562,1.14575,63
2019.01.08,03:35,1.14575,1.14576,1.14563,1.14567,53
2019.01.08,03:36,1.14568,1.1457,1.14547,1.14548,126
2019.01.08,03:37,1.14549,1.14558,1.14548,1.14558,70
2019.01.08,03:38,1.14561,1.14583,1.1456,1.14576,61
2019.01.08,03:39,1.14575,1.1458,1.14567,1.14568,44
2019.01.08,03:40,1.14568,1.14581,1.14568,1.14577,44
2019.01.08,03:41,1.14577,1.14584,1.14577,1.14584,26
2019.01.08,03:42,1.14583,1.14583,1.14574,1.14576,31
2019.01.08,03:43,1.14577,1.14577,1.14567,1.14576,45
2019.01.08,03:44,1.14577,1.14579,1.14542,1.1455,55
2019.01.08,03:45,1.1455,1.14561,1.14538,1.14538,61
2019.01.08,03:46,1.14538,1.14548,1.14524,1.14548,55
2019.01.08,03:47,1.14547,1.14547,1.14525,1.14527,108
2019.01.08,03:48,1.14525,1.14531,1.14508,1.14519,121
2019.01.08,03:49,1.14518,1.14535,1.14518,1.14527,79
2019.01.08,03:50,1.14527,1.14534,1.14526,1.14531,43
2019.01.08,03:51,1.14532,1.14536,1.14519,1.14521,61
2019.01.08,03:52,1.14521,1.14526,1.14517,1.14518,50
2019.01.08,03:53,1.14519,1.14523,1.14507,1.14508,75
2019.01.08,03:54,1.14508,1.1452,1.14495,1.14515,90
2019.01.08,03:55,1.14514,1.1452,1.1451,1.14513,50
2019.01.08,03:56,1.14514,1.14527,1.14513,1.14527,48
2019.01.08,03:57,1.14526,1.14527,1.14509,1.14512,63
2019.01.08,03:58,1.14513,1.14513,1.14479,1.14479,71
2019.01.08,03:59,1.14481,1.14489,1.14471,1.14483,92
2019.01.08,04:00,1.14482,1.145,1.14477,1.14477,93
2019.01.08,04:01,1.14478,1.14478,1.14434,1.14443,140
2019.01.08,04:02,1.14444,1.14453,1.14434,1.14438,95
2019.01.08,04:03,1.14437,1.14439,1.14426,1.14433,110
2019.01.08,04:04,1.14435,1.14437,1.14417,1.14435,76
2019.01.08,04:05,1.14436,1.14466,1.14436,1.14466,58
2019.01.08,04:06,1.14465,1.14484,1.14465,1.14484,50
2019.01.08,04:07,1.14484,1.14485,1.14476,1.14484,39
2019.01.08,04:08,1.14482,1.1449,1.1448,1.14489,39
2019.01.08,04:09,1.1449,1.1449,1.14475,1.14477,54
2019.01.08,04:10,1.14477,1.14478,1.14475,1.14476,45
2019.01.08,04:11,1.14477,1.1449,1.14476,1.1449,47
2019.01.08,04:12,1.14493,1.14498,1.14492,1.14494,22
2019.01.08,04:13,1.14493,1.14494,1.14485,1.14489,53
2019.01.08,04:14,1.1449,1.1449,1.14479,1.1448,21
2019.01.08,04:15,1.14479,1.14484,1.14468,1.14469,45
2019.01.08,04:16,1.14468,1.14478,1.14468,1.14469,45
2019.01.08,04:17,1.1447,1.14484,1.14466,1.14469,58
2019.01.08,04:18,1.1447,1.1447,1.14468,1.14469,17
2019.01.08,04:19,1.1447,1.14475,1.1447,1.14471,41
2019.01.08,04:20,1.14471,1.14477,1.14468,1.14469,30
2019.01.08,04:21,1.14469,1.14469,1.14462,1.14463,30
2019.01.08,04:22,1.14463,1.1447,1.14463,1.14467,23
2019.01.08,04:23,1.14467,1.14469,1.14467,1.14469,12
2019.01.08,04:24,1.14469,1.14469,1.14464,1.14467,18
2019.01.08,04:25,1.14466,1.14475,1.14466,1.14475,30
2019.01.08,04:26,1.14477,1.14492,1.14477,1.14489,48
2019.01.08,04:27,1.14489,1.14494,1.14488,1.1449,47
2019.01.08,04:28,1.1449,1.14499,1.14489,1.14497,35
2019.01.08,04:29,1.14498,1.14504,1.14497,1.145,36
2019.01.08,04:30,1.145,1.14509,1.14499,1.14509,60
2019.01.08,04:31,1.14508,1.14511,1.14506,1.14509,31
2019.01.08,04:32,1.14508,1.14526,1.14507,1.1452,57
2019.01.08,04:33,1.1452,1.1452,1.14505,1.14507,33
2019.01.08,04:34,1.14507,1.14512,1.14503,1.14511,34
2019.01.08,04:35,1.14512,1.1452,1.14503,1.14505,52
2019.01.08,04:36,1.14506,1.14507,1.14497,1.14498,26
2019.01.08,04:37,1.14499,1.14502,1.1448,1.14489,48
2019.01.08,04:38,1.14489,1.14494,1.14484,1.14485,45
2019.01.08,04:39,1.14485,1.14489,1.1448,1.14486,48
2019.01.08,04:40,1.14485,1.14495,1.14485,1.14494,46
2019.01.08,04:41,1.14495,1.14497,1.14492,1.14494,39
2019.01.08,04:42,1.14494,1.14495,1.1449,1.14495,39
2019.01.08,04:43,1.14496,1.14498,1.14494,1.14496,27
2019.01.08,04:44,1.14496,1.14518,1.14496,1.14514,43
2019.01.08,04:45,1.14515,1.14533,1.14514,1.14529,83
2019.01.08,04:46,1.14529,1.1453,1.14524,1.14527,45
2019.01.08,04:47,1.14527,1.14527,1.14505,1.14507,52
2019.01.08,04:48,1.14506,1.14507,1.14499,1.14501,35
2019.01.08,04:49,1.14502,1.14504,1.14495,1.14496,34
2019.01.08,04:50,1.14495,1.14502,1.14487,1.145,30
2019.01.08,04:51,1.145,1.145,1.14494,1.14498,21
2019.01.08,04:52,1.14499,1.14499,1.14494,1.14495,28
2019.01.08,04:53,1.14495,1.14508,1.14495,1.14503,34
2019.01.08,04:54,1.14503,1.14508,1.14495,1.14505,47
2019.01.08,04:55,1.14504,1.14505,1.14499,1.14499,29
2019.01.08,04:56,1.14499,1.145,1.1449,1.14494,16
2019.01.08,04:57,1.14494,1.14502,1.14493,1.145,37
2019.01.08,04:58,1.14499,1.14508,1.14489,1.14489,38
2019.01.08,04:59,1.1449,1.14505,1.1449,1.14504,45
2019.01.08,05:00,1.14503,1.1451,1.14503,1.14509,32
2019.01.08,05:01,1.14509,1.14516,1.14509,1.14516,39
2019.01.08,05:02,1.14515,1.14515,1.14505,1.14505,32
2019.01.08,05:03,1.14505,1.14514,1.14505,1.14509,29
2019.01.08,05:04,1.1451,1.14515,1.14509,1.14513,21
2019.01.08,05:05,1.14514,1.14515,1.1451,1.14512,23
2019.01.08,05:06,1.14511,1.14514,1.1451,1.14514,13
2019.01.08,05:07,1.14514,1.14515,1.1451,1.14511,31
2019.01.08,05:08,1.14511,1.14511,1.14505,1.14505,10
2019.01.08,05:09,1.14502,1.14503,1.14495,1.14503,40
2019.01.08,05:10,1.14502,1.14506,1.145,1.145,23
2019.01.08,05:11,1.14501,1.14503,1.145,1.145,19
2019.01.08,05:12,1.14504,1.14504,1.145,1.14501,11
2019.01.08,05:13,1.145,1.14501,1.14489,1.1449,30
2019.01.08,05:14,1.1449,1.1449,1.14482,1.14484,20
2019.01.08,05:15,1.14485,1.14485,1.14474,1.14474,26
2019.01.08,05:16,1.14474,1.14478,1.14471,1.14474,40
2019.01.08,05:17,1.14471,1.14475,1.14469,1.14471,27
2019.01.08,05:18,1.1447,1.14475,1.14469,1.14475,23
2019.01.08,05:19,1.14475,1.14476,1.1447,1.14476,23
2019.01.08,05:20,1.14472,1.1448,1.1447,1.1448,29
2019.01.08,05:21,1.14481,1.14489,1.1448,1.14485,49
2019.01.08,05:22,1.14488,1.14494,1.14486,1.14492,31
2019.01.08,05:23,1.14491,1.14492,1.14471,1.14471,35
2019.01.08,05:24,1.14472,1.14482,1.14468,1.1448,41
2019.01.08,05:25,1.1448,1.14481,1.14479,1.14481,27
2019.01.08,05:26,1.1448,1.14491,1.14478,1.14489,46
2019.01.08,05:27,1.14489,1.1449,1.14465,1.14469,42
2019.01.08,05:28,1.14469,1.1447,1.14462,1.14465,47
2019.01.08,05:29,1.14466,1.14466,1.14459,1.14461,39
2019.01.08,05:30,1.14461,1.14465,1.14446,1.14455,75
2019.01.08,05:31,1.14454,1.14459,1.14454,1.14454,21
2019.01.08,05:32,1.14454,1.1446,1.1441,1.1441,105
2019.01.08,05:33,1.1441,1.14415,1.14403,1.14411,70
2019.01.08,05:34,1.1441,1.1441,1.14402,1.14406,54
2019.01.08,05:35,1.14405,1.14412,1.14404,1.1441,40
2019.01.08,05:36,1.14411,1.14427,1.14409,1.14422,57
2019.01.08,05:37,1.14423,1.14428,1.14421,1.14425,40
2019.01.08,05:38,1.14424,1.14428,1.14424,1.14426,14
2019.01.08,05:39,1.14427,1.14427,1.14395,1.14399,63
2019.01.08,05:40,1.14398,1.14422,1.14398,1.14413,68
2019.01.08,05:41,1.14412,1.14417,1.14409,1.14415,42
2019.01.08,05:42,1.14415,1.14417,1.14409,1.1441,34
2019.01.08,05:43,1.14409,1.14409,1.14375,1.14385,79
2019.01.08,05:44,1.14387,1.14387,1.14375,1.14385,69
2019.01.08,05:45,1.14384,1.14387,1.14376,1.1438,56
2019.01.08,05:46,1.1438,1.14382,1.14372,1.14377,77
2019.01.08,05:47,1.14377,1.14382,1.14375,1.14375,39
2019.01.08,05:48,1.14376,1.14377,1.14356,1.14369,64
2019.01.08,05:49,1.14369,1.14372,1.14358,1.14359,46
2019.01.08,05:50,1.14357,1.14361,1.14352,1.14352,61
2019.01.08,05:51,1.14352,1.14371,1.14352,1.14366,77
2019.01.08,05:52,1.14366,1.14374,1.14365,1.14365,64
2019.01.08,05:53,1.14366,1.1437,1.14363,1.14367,73
2019.01.08,05:54,1.14367,1.14371,1.14363,1.14367,42
2019.01.08,05:55,1.14368,1.14373,1.14367,1.14368,44
2019.01.08,05:56,1.14369,1.14371,1.14361,1.14369,45
2019.01.08,05:57,1.14369,1.14378,1.14359,1.14371,71
2019.01.08,05:58,1.1437,1.14382,1.1437,1.1438,43
2019.01.08,05:59,1.1438,1.14386,1.14378,1.14386,39
2019.01.08,06:00,1.14387,1.14387,1.14379,1.14379,45
2019.01.08,06:01,1.14377,1.1438,1.14368,1.14369,34
2019.01.08,06:02,1.1437,1.1437,1.14365,1.1437,36
2019.01.08,06:03,1.14369,1.1437,1.14351,1.14352,58
2019.01.08,06:04,1.14352,1.14352,1.1434,1.14345,69
2019.01.08,06:05,1.14346,1.14347,1.14341,1.14345,45
2019.01.08,06:06,1.14345,1.14357,1.14345,1.14356,47
2019.01.08,06:07,1.14356,1.1436,1.14352,1.1436,43
2019.01.08,06:08,1.1436,1.14367,1.1436,1.14365,40
2019.01.08,06:09,1.14365,1.14375,1.14361,1.14374,44
2019.01.08,06:10,1.14373,1.14376,1.1437,1.14371,57
2019.01.08,06:11,1.14371,1.14378,1.14369,1.14376,56
2019.01.08,06:12,1.14377,1.1438,1.14372,1.14378,21
2019.01.08,06:13,1.1438,1.1438,1.14373,1.14378,28
2019.01.08,06:14,1.14378,1.14381,1.14377,1.14381,16
2019.01.08,06:15,1.14383,1.14386,1.14365,1.14366,29
2019.01.08,06:16,1.14367,1.14368,1.14351,1.14355,37
2019.01.08,06:17,1.14355,1.14356,1.14334,1.14334,41
2019.01.08,06:18,1.14331,1.14338,1.14321,1.14332,104
2019.01.08,06:19,1.14332,1.14332,1.14325,1.14326,30
2019.01.08,06:20,1.14327,1.14337,1.14326,1.14332,42
2019.01.08,06:21,1.14334,1.14337,1.14331,1.14336,28
2019.01.08,06:22,1.14335,1.14341,1.14335,1.1434,24
2019.01.08,06:23,1.1434,1.1434,1.14339,1.1434,23
2019.01.08,06:24,1.14339,1.14348,1.14339,1.14345,36
2019.01.08,06:25,1.14344,1.14353,1.14344,1.14351,43
2019.01.08,06:26,1.14352,1.14364,1.14351,1.14364,37
2019.01.08,06:27,1.14363,1.14374,1.14362,1.14374,34
2019.01.08,06:28,1.14373,1.14382,1.14373,1.14379,28
2019.01.08,06:29,1.14378,1.14379,1.1437,1.14371,26
2019.01.08,06:30,1.14372,1.14382,1.14366,1.14382,45
2019.01.08,06:31,1.14382,1.14396,1.14379,1.14392,61
2019.01.08,06:32,1.14389,1.14391,1.14371,1.14387,44
2019.01.08,06:33,1.14386,1.14387,1.14382,1.14386,30
2019.01.08,06:34,1.14385,1.14387,1.14383,1.14385,26
2019.01.08,06:35,1.14384,1.14386,1.14369,1.14369,26
2019.01.08,06:36,1.1437,1.14374,1.1437,1.14374,9
2019.01.08,06:37,1.14375,1.14376,1.1436,1.14367,42
2019.01.08,06:38,1.14366,1.14367,1.14365,1.14365,13
2019.01.08,06:39,1.14365,1.14376,1.14365,1.14371,47
2019.01.08,06:40,1.14372,1.14375,1.14366,1.14366,38
2019.01.08,06:41,1.14366,1.14376,1.14366,1.14376,23
2019.01.08,06:42,1.1438,1.14382,1.14376,1.1438,27
2019.01.08,06:43,1.14378,1.14378,1.14372,1.14376,22
2019.01.08,06:44,1.14377,1.14383,1.14376,1.14383,27
2019.01.08,06:45,1.14382,1.14387,1.1438,1.14387,30
2019.01.08,06:46,1.14386,1.14391,1.14386,1.14389,11
2019.01.08,06:47,1.1439,1.14391,1.1438,1.14381,36
2019.01.08,06:48,1.14382,1.14385,1.14377,1.14385,45
2019.01.08,06:49,1.14387,1.14388,1.14387,1.14388,22
2019.01.08,06:50,1.14387,1.14391,1.14387,1.14391,10
2019.01.08,06:51,1.14391,1.14392,1.14387,1.14392,26
2019.01.08,06:52,1.14391,1.14394,1.14389,1.14392,37
2019.01.08,06:53,1.14391,1.14392,1.14383,1.14388,26
2019.01.08,06:54,1.14388,1.14398,1.14387,1.14396,37
2019.01.08,06:55,1.14394,1.14394,1.14385,1.14388,29
2019.01.08,06:56,1.14391,1.14398,1.14387,1.14397,38
2019.01.08,06:57,1.14397,1.14398,1.14393,1.14394,28
2019.01.08,06:58,1.14393,1.14401,1.14393,1.14397,26
2019.01.08,06:59,1.14397,1.14402,1.14388,1.14389,37
2019.01.08,07:00,1.14389,1.14393,1.14384,1.14389,55
2019.01.08,07:01,1.14389,1.14394,1.14386,1.14394,24
2019.01.08,07:02,1.14394,1.14402,1.14394,1.14398,38
2019.01.08,07:03,1.14401,1.14402,1.14394,1.14397,35
2019.01.08,07:04,1.14396,1.14405,1.14396,1.14401,43
2019.01.08,07:05,1.14401,1.14409,1.14395,1.14408,39
2019.01.08,07:06,1.14412,1.1442,1.14404,1.14413,76
2019.01.08,07:07,1.14413,1.14417,1.14412,1.14414,31
2019.01.08,07:08,1.14414,1.14416,1.1441,1.1441,25
2019.01.08,07:09,1.1441,1.1441,1.14401,1.14403,49
2019.01.08,07:10,1.14402,1.14409,1.144,1.14409,21
2019.01.08,07:11,1.14408,1.14408,1.14402,1.14403,25
2019.01.08,07:12,1.14403,1.14406,1.14398,1.14406,29
2019.01.08,07:13,1.14405,1.14412,1.14405,1.14411,23
2019.01.08,07:14,1.14412,1.14412,1.14408,1.14409,32
2019.01.08,07:15,1.14408,1.14409,1.14402,1.14407,29
2019.01.08,07:16,1.14407,1.14407,1.14406,1.14407,19
2019.01.08,07:17,1.14407,1.14409,1.14404,1.14405,20
2019.01.08,07:18,1.14405,1.14411,1.14404,1.14411,27
2019.01.08,07:19,1.14412,1.14412,1.14408,1.14408,12
2019.01.08,07:20,1.14409,1.14417,1.14407,1.14407,34
2019.01.08,07:21,1.14407,1.14415,1.14403,1.14413,32
2019.01.08,07:22,1.14413,1.14414,1.14407,1.14413,18
2019.01.08,07:23,1.14414,1.14419,1.14413,1.14419,29
2019.01.08,07:24,1.1442,1.14423,1.14415,1.14415,23
2019.01.08,07:25,1.14415,1.14417,1.14404,1.14412,58
2019.01.08,07:26,1.14412,1.14415,1.14411,1.14414,17
2019.01.08,07:27,1.14413,1.14415,1.14413,1.14415,22
2019.01.08,07:28,1.14415,1.14415,1.14411,1.14414,23
2019.01.08,07:29,1.14414,1.1442,1.1441,1.14414,49
2019.01.08,07:30,1.14413,1.14426,1.14413,1.14425,44
2019.01.08,07:31,1.14423,1.14423,1.14407,1.1441,50
2019.01.08,07:32,1.14411,1.14414,1.14406,1.14412,35
2019.01.08,07:33,1.14412,1.14414,1.14412,1.14414,14
2019.01.08,07:34,1.14415,1.14427,1.14415,1.14427,57
2019.01.08,07:35,1.14426,1.14432,1.14415,1.14427,73
2019.01.08,07:36,1.14426,1.14432,1.14426,1.14429,25
2019.01.08,07:37,1.14429,1.14431,1.14425,1.14426,26
2019.01.08,07:38,1.14426,1.1443,1.14426,1.14427,22
2019.01.08,07:39,1.14426,1.14429,1.14422,1.14428,36
2019.01.08,07:40,1.14427,1.14432,1.14423,1.14427,35
2019.01.08,07:41,1.1443,1.14432,1.1443,1.14432,4
2019.01.08,07:42,1.14432,1.14434,1.14427,1.14427,20
2019.01.08,07:43,1.14429,1.14432,1.14429,1.14432,4
2019.01.08,07:44,1.1443,1.14437,1.14428,1.14432,39
2019.01.08,07:45,1.14432,1.14432,1.14422,1.1443,54
2019.01.08,07:46,1.14428,1.14428,1.14424,1.14427,43
2019.01.08,07:47,1.14427,1.14429,1.14425,1.14427,34
2019.01.08,07:48,1.14428,1.14431,1.14427,1.14427,39
2019.01.08,07:49,1.14426,1.14426,1.14418,1.1442,22
2019.01.08,07:50,1.14419,1.1442,1.14414,1.14415,16
2019.01.08,07:51,1.14415,1.1442,1.14414,1.14419,28
2019.01.08,07:52,1.14419,1.14428,1.14415,1.14419,58
2019.01.08,07:53,1.14418,1.14418,1.14407,1.1441,44
2019.01.08,07:54,1.1441,1.14413,1.14407,1.14412,30
2019.01.08,07:55,1.14412,1.14427,1.1441,1.14427,38
2019.01.08,07:56,1.14428,1.14428,1.1442,1.14425,45
2019.01.08,07:57,1.14426,1.1443,1.14426,1.14426,39
2019.01.08,07:58,1.14425,1.14438,1.14425,1.14438,58
2019.01.08,07:59,1.14438,1.14441,1.14433,1.14439,63
2019.01.08,08:00,1.14438,1.14438,1.1442,1.14422,57
2019.01.08,08:01,1.14421,1.14422,1.14412,1.14416,59
2019.01.08,08:02,1.14415,1.14417,1.1441,1.14411,44
2019.01.08,08:03,1.14411,1.14414,1.14411,1.14414,30
2019.01.08,08:04,1.14413,1.14424,1.14413,1.14418,55
2019.01.08,08:05,1.14417,1.14432,1.14417,1.14432,31
2019.01.08,08:06,1.14432,1.14452,1.14432,1.14448,64
2019.01.08,08:07,1.14449,1.14457,1.14447,1.14456,58
2019.01.08,08:08,1.14455,1.14455,1.14438,1.14439,56
2019.01.08,08:09,1.14439,1.14439,1.14427,1.14431,56
2019.01.08,08:10,1.14432,1.14441,1.14431,1.14435,40
2019.01.08,08:11,1.14433,1.14437,1.14432,1.14432,28
2019.01.08,08:12,1.14435,1.14462,1.14435,1.14459,64
2019.01.08,08:13,1.14458,1.14463,1.14458,1.14458,62
2019.01.08,08:14,1.14459,1.14472,1.14459,1.14472,69
2019.01.08,08:15,1.14471,1.14498,1.14463,1.14497,105
2019.01.08,08:16,1.14498,1.14502,1.14488,1.14502,100
2019.01.08,08:17,1.14503,1.14513,1.145,1.1451,134
2019.01.08,08:18,1.14511,1.14521,1.14508,1.14521,81
2019.01.08,08:19,1.14521,1.14531,1.14517,1.14531,99
2019.01.08,08:20,1.14529,1.14554,1.14526,1.1455,108
2019.01.08,08:21,1.1455,1.14551,1.14539,1.14549,36
2019.01.08,08:22,1.14549,1.14552,1.14543,1.14543,54
2019.01.08,08:23,1.14543,1.14543,1.14536,1.14541,56
2019.01.08,08:24,1.14542,1.14542,1.14526,1.14528,90
2019.01.08,08:25,1.14528,1.14533,1.14526,1.14533,37
2019.01.08,08:26,1.14535,1.14535,1.14525,1.14529,31
2019.01.08,08:27,1.14528,1.14531,1.14519,1.14529,54
2019.01.08,08:28,1.1453,1.1453,1.14515,1.14517,61
2019.01.08,08:29,1.14517,1.14519,1.14514,1.14518,30
2019.01.08,08:30,1.14517,1.14518,1.14502,1.14504,60
2019.01.08,08:31,1.14503,1.14509,1.14498,1.14508,27
2019.01.08,08:32,1.14508,1.14522,1.14508,1.14515,52
2019.01.08,08:33,1.14515,1.1452,1.14508,1.14517,33
2019.01.08,08:34,1.14517,1.14524,1.14512,1.14522,37
2019.01.08,08:35,1.14522,1.14522,1.14504,1.14509,37
2019.01.08,08:36,1.14507,1.14507,1.14503,1.14503,14
2019.01.08,08:37,1.14501,1.14509,1.14496,1.14499,53
2019.01.08,08:38,1.145,1.145,1.14494,1.14497,29
2019.01.08,08:39,1.14498,1.14499,1.14494,1.14496,48
2019.01.08,08:40,1.14497,1.14497,1.14489,1.14493,35
2019.01.08,08:41,1.14494,1.14495,1.14483,1.14483,23
2019.01.08,08:42,1.14484,1.14489,1.14477,1.14478,30
2019.01.08,08:43,1.14478,1.14479,1.14467,1.14469,40
2019.01.08,08:44,1.1447,1.14473,1.14468,1.14468,32
2019.01.08,08:45,1.14467,1.14469,1.14464,1.14468,31
2019.01.08,08:46,1.14469,1.14471,1.14464,1.14468,23
2019.01.08,08:47,1.14468,1.14473,1.14468,1.14468,28
2019.01.08,08:48,1.14468,1.14478,1.14468,1.1447,38
2019.01.08,08:49,1.1447,1.14472,1.14463,1.14464,43
2019.01.08,08:50,1.14463,1.1447,1.1446,1.14468,30
2019.01.08,08:51,1.14471,1.14484,1.14469,1.14469,36
2019.01.08,08:52,1.1447,1.14474,1.14462,1.14465,30
2019.01.08,08:53,1.14463,1.14465,1.14458,1.14458,25
2019.01.08,08:54,1.1446,1.14465,1.14458,1.14463,16
2019.01.08,08:55,1.14465,1.14474,1.14463,1.14473,25
2019.01.08,08:56,1.14472,1.14475,1.14467,1.14475,22
2019.01.08,08:57,1.14474,1.14475,1.1447,1.14472,34
2019.01.08,08:58,1.14472,1.14472,1.14456,1.14456,23
2019.01.08,08:59,1.14456,1.14467,1.14456,1.14457,36
2019.01.08,09:00,1.14457,1.14461,1.14363,1.14408,258
2019.01.08,09:01,1.14408,1.14408,1.14357,1.14364,151
2019.01.08,09:02,1.14366,1.14376,1.14342,1.14349,174
2019.01.08,09:03,1.14348,1.14386,1.14332,1.14386,156
2019.01.08,09:04,1.14387,1.14394,1.14378,1.14385,58
2019.01.08,09:05,1.14385,1.14395,1.14377,1.1438,90
2019.01.08,09:06,1.1438,1.14391,1.1438,1.14389,54
2019.01.08,09:07,1.14391,1.1441,1.14389,1.14405,78
2019.01.08,09:08,1.14407,1.14419,1.14401,1.14401,91
2019.01.08,09:09,1.14401,1.1441,1.14397,1.1441,77
2019.01.08,09:10,1.14409,1.14419,1.14407,1.14419,38
2019.01.08,09:11,1.1442,1.14455,1.1442,1.14454,99
2019.01.08,09:12,1.14454,1.14454,1.14427,1.14428,80
2019.01.08,09:13,1.14428,1.14438,1.14428,1.14429,45
2019.01.08,09:14,1.14429,1.14429,1.1442,1.1442,56
2019.01.08,09:15,1.14416,1.14527,1.14408,1.14517,358
2019.01.08,09:16,1.14511,1.14524,1.14448,1.14473,275
2019.01.08,09:17,1.1447,1.14489,1.14455,1.14465,205
2019.01.08,09:18,1.14464,1.14465,1.14433,1.1444,172
2019.01.08,09:19,1.1444,1.14459,1.14434,1.14442,152
2019.01.08,09:20,1.14441,1.1446,1.14435,1.14438,122
2019.01.08,09:21,1.14438,1.14444,1.14418,1.14418,107
2019.01.08,09:22,1.14419,1.14419,1.14364,1.1437,181
2019.01.08,09:23,1.14367,1.14377,1.1434,1.14354,162
2019.01.08,09:24,1.14354,1.14373,1.14353,1.14367,100
2019.01.08,09:25,1.14366,1.14396,1.14364,1.14392,105
2019.01.08,09:26,1.14396,1.14424,1.14385,1.14416,96
2019.01.08,09:27,1.14418,1.14425,1.14405,1.14416,75
2019.01.08,09:28,1.14417,1.1442,1.14397,1.14403,82
2019.01.08,09:29,1.14403,1.14426,1.14403,1.14426,81
2019.01.08,09:30,1.14426,1.14432,1.14417,1.14418,110
2019.01.08,09:31,1.14419,1.14478,1.14417,1.14461,141
2019.01.08,09:32,1.14462,1.14462,1.14435,1.1446,129
2019.01.08,09:33,1.1446,1.14466,1.14438,1.14442,107
2019.01.08,09:34,1.14442,1.14453,1.14431,1.14444,98
2019.01.08,09:35,1.14445,1.14445,1.14431,1.14438,56
2019.01.08,09:36,1.14439,1.14454,1.14437,1.14441,47
2019.01.08,09:37,1.14441,1.14442,1.14407,1.1441,94
2019.01.08,09:38,1.14409,1.14427,1.14408,1.14426,79
2019.01.08,09:39,1.14425,1.14429,1.14358,1.14376,179
2019.01.08,09:40,1.14375,1.14393,1.14372,1.14383,110
2019.01.08,09:41,1.14384,1.14387,1.14367,1.14383,102
2019.01.08,09:42,1.14381,1.14393,1.1438,1.14393,52
2019.01.08,09:43,1.14393,1.14408,1.14393,1.14408,65
2019.01.08,09:44,1.14408,1.14408,1.14386,1.14398,77
2019.01.08,09:45,1.14396,1.144,1.14386,1.14386,86
2019.01.08,09:46,1.14387,1.14392,1.14371,1.14391,87
2019.01.08,09:47,1.14392,1.14396,1.14378,1.14378,74
2019.01.08,09:48,1.14376,1.14387,1.14358,1.14381,76
2019.01.08,09:49,1.14381,1.14409,1.14378,1.14409,59
2019.01.08,09:50,1.14408,1.14433,1.14408,1.1442,65
2019.01.08,09:51,1.1442,1.14428,1.14408,1.14422,71
2019.01.08,09:52,1.1442,1.1442,1.14408,1.14415,66
2019.01.08,09:53,1.14417,1.14435,1.14417,1.14433,67
2019.01.08,09:54,1.14435,1.1444,1.14408,1.14408,76
2019.01.08,09:55,1.14408,1.14434,1.14402,1.14433,81
2019.01.08,09:56,1.14434,1.14434,1.14407,1.14408,74
2019.01.08,09:57,1.14408,1.14429,1.14406,1.14429,68
2019.01.08,09:58,1.1443,1.1444,1.14428,1.1443,52
2019.01.08,09:59,1.14428,1.14443,1.14416,1.14439,70
2019.01.08,10:00,1.14438,1.14463,1.14438,1.14458,119
2019.01.08,10:01,1.14458,1.14473,1.14449,1.14472,77
2019.01.08,10:02,1.14474,1.14483,1.14469,1.14473,98
2019.01.08,10:03,1.14473,1.14476,1.1445,1.14463,72
2019.01.08,10:04,1.14464,1.14466,1.14424,1.14424,90
2019.01.08,10:05,1.14421,1.14421,1.14383,1.14394,150
2019.01.08,10:06,1.14396,1.1442,1.14392,1.14419,95
2019.01.08,10:07,1.14419,1.14422,1.14411,1.14414,79
2019.01.08,10:08,1.14413,1.14437,1.14413,1.14435,69
2019.01.08,10:09,1.14434,1.14443,1.14422,1.14442,60
2019.01.08,10:10,1.14443,1.14474,1.14443,1.14464,127
2019.01.08,10:11,1.14465,1.1448,1.14444,1.14444,85
2019.01.08,10:12,1.14445,1.14457,1.14444,1.1445,67
2019.01.08,10:13,1.14449,1.1445,1.14403,1.14405,97
2019.01.08,10:14,1.14405,1.14412,1.14363,1.14367,111
2019.01.08,10:15,1.14365,1.14368,1.14345,1.14368,121
2019.01.08,10:16,1.14369,1.14384,1.14368,1.14377,87
2019.01.08,10:17,1.14377,1.14387,1.14368,1.14375,102
2019.01.08,10:18,1.14375,1.14383,1.1436,1.14365,85
2019.01.08,10:19,1.14365,1.14374,1.14336,1.14366,133
2019.01.08,10:20,1.14367,1.14393,1.14367,1.1438,98
2019.01.08,10:21,1.14378,1.14382,1.14364,1.14365,62
2019.01.08,10:22,1.14366,1.14388,1.14365,1.14388,73
2019.01.08,10:23,1.14388,1.14388,1.14373,1.14382,62
2019.01.08,10:24,1.14382,1.14402,1.14382,1.14401,82
2019.01.08,10:25,1.14402,1.14424,1.144,1.14424,81
2019.01.08,10:26,1.14423,1.14444,1.14423,1.14444,65
2019.01.08,10:27,1.14444,1.14462,1.14436,1.14438,130
2019.01.08,10:28,1.14437,1.1444,1.1441,1.14425,84
2019.01.08,10:29,1.14427,1.14444,1.14427,1.14442,61
2019.01.08,10:30,1.14442,1.14452,1.14427,1.14439,119
2019.01.08,10:31,1.14438,1.14439,1.14408,1.14424,97
2019.01.08,10:32,1.14423,1.14427,1.14416,1.14418,55
2019.01.08,10:33,1.14418,1.14427,1.14415,1.1442,60
2019.01.08,10:34,1.14421,1.14428,1.14417,1.14419,69
2019.01.08,10:35,1.14417,1.14439,1.14417,1.14435,71
2019.01.08,10:36,1.14436,1.14444,1.14434,1.14443,74
2019.01.08,10:37,1.14443,1.14467,1.14436,1.14467,44
2019.01.08,10:38,1.14467,1.14468,1.1445,1.14464,59
2019.01.08,10:39,1.14463,1.14467,1.1444,1.14447,95
2019.01.08,10:40,1.14447,1.14454,1.14442,1.14449,64
2019.01.08,10:41,1.1445,1.14463,1.14448,1.14459,84
2019.01.08,10:42,1.14458,1.14458,1.14449,1.1445,67
2019.01.08,10:43,1.1445,1.14454,1.14442,1.14453,52
2019.01.08,10:44,1.14454,1.14472,1.14453,1.14469,54
2019.01.08,10:45,1.1447,1.1449,1.1447,1.14478,82
2019.01.08,10:46,1.14479,1.14485,1.14479,1.14484,45
2019.01.08,10:47,1.14485,1.14504,1.14485,1.14498,104
2019.01.08,10:48,1.14501,1.14505,1.14482,1.14484,55
2019.01.08,10:49,1.14483,1.14488,1.14477,1.14477,55
2019.01.08,10:50,1.14477,1.14487,1.14476,1.14483,35
2019.01.08,10:51,1.14484,1.14484,1.14479,1.14479,42
2019.01.08,10:52,1.14478,1.14487,1.14454,1.14463,69
2019.01.08,10:53,1.14462,1.14466,1.14456,1.14464,41
2019.01.08,10:54,1.14464,1.14464,1.14443,1.14447,74
2019.01.08,10:55,1.14447,1.14458,1.14441,1.14454,86
2019.01.08,10:56,1.14454,1.14462,1.14451,1.1446,61
2019.01.08,10:57,1.1446,1.14491,1.14459,1.1449,75
2019.01.08,10:58,1.14491,1.14498,1.14484,1.14495,127
2019.01.08,10:59,1.14493,1.14509,1.14488,1.14488,107
2019.01.08,11:00,1.14484,1.14498,1.14474,1.14494,104
2019.01.08,11:01,1.14494,1.14521,1.14494,1.14517,126
2019.01.08,11:02,1.14515,1.14516,1.14478,1.14509,105
2019.01.08,11:03,1.14509,1.14512,1.14493,1.14494,89
2019.01.08,11:04,1.14494,1.14498,1.14488,1.1449,68
2019.01.08,11:05,1.1449,1.14541,1.1449,1.1453,107
2019.01.08,11:06,1.14526,1.14531,1.14516,1.14528,102
2019.01.08,11:07,1.14528,1.14574,1.14527,1.14567,98
2019.01.08,11:08,1.14568,1.14578,1.14566,1.1457,103
2019.01.08,11:09,1.1457,1.14572,1.14545,1.14549,69
2019.01.08,11:10,1.14546,1.14551,1.14537,1.14537,59
2019.01.08,11:11,1.14536,1.14537,1.14518,1.14522,72
2019.01.08,11:12,1.14525,1.14534,1.14519,1.14533,67
2019.01.08,11:13,1.14533,1.14542,1.14529,1.14533,66
2019.01.08,11:14,1.14534,1.14556,1.14533,1.14549,73
2019.01.08,11:15,1.14548,1.14549,1.14543,1.14545,87
2019.01.08,11:16,1.14545,1.1455,1.14544,1.14548,33
2019.01.08,11:17,1.14548,1.14548,1.145,1.145,108
2019.01.08,11:18,1.14499,1.14509,1.14496,1.14504,80
2019.01.08,11:19,1.14505,1.1452,1.14494,1.14519,76
2019.01.08,11:20,1.14519,1.14533,1.14519,1.1453,74
2019.01.08,11:21,1.14528,1.1453,1.1452,1.1453,49
2019.01.08,11:22,1.14528,1.14553,1.14528,1.14549,54
2019.01.08,11:23,1.14547,1.14547,1.14533,1.14539,68
2019.01.08,11:24,1.14538,1.1454,1.14532,1.14539,38
2019.01.08,11:25,1.1454,1.14547,1.14535,1.14544,53
2019.01.08,11:26,1.14545,1.14546,1.14537,1.14537,31
2019.01.08,11:27,1.14542,1.14547,1.14534,1.14545,68
2019.01.08,11:28,1.14544,1.14561,1.14544,1.14557,92
2019.01.08,11:29,1.14558,1.14559,1.14553,1.14558,39
2019.01.08,11:30,1.14559,1.14599,1.14559,1.14599,92
2019.01.08,11:31,1.146,1.14612,1.14596,1.14597,98
2019.01.08,11:32,1.14597,1.14601,1.14595,1.14595,42
2019.01.08,11:33,1.14595,1.14595,1.14584,1.14589,70
2019.01.08,11:34,1.14589,1.14589,1.14582,1.14583,28
2019.01.08,11:35,1.14585,1.14594,1.14584,1.14584,38
2019.01.08,11:36,1.14584,1.14595,1.14574,1.14575,74
2019.01.08,11:37,1.14575,1.14579,1.14564,1.14579,67
2019.01.08,11:38,1.14579,1.14587,1.14573,1.14576,63
2019.01.08,11:39,1.14577,1.14577,1.14568,1.14573,38
2019.01.08,11:40,1.14573,1.14578,1.14569,1.14574,60
2019.01.08,11:41,1.14572,1.14574,1.14571,1.14571,34
2019.01.08,11:42,1.14571,1.14571,1.14554,1.14554,45
2019.01.08,11:43,1.14555,1.14556,1.14531,1.14537,77
2019.01.08,11:44,1.14537,1.14546,1.14524,1.14527,95
2019.01.08,11:45,1.14527,1.14545,1.14525,1.1454,49
2019.01.08,11:46,1.14541,1.14548,1.1454,1.14548,58
2019.01.08,11:47,1.14547,1.14552,1.14543,1.14545,55
2019.01.08,11:48,1.14544,1.14545,1.14534,1.14543,64
2019.01.08,11:49,1.14544,1.14547,1.14538,1.14538,42
2019.01.08,11:50,1.1454,1.14552,1.1454,1.14552,55
2019.01.08,11:51,1.14551,1.14551,1.14534,1.14534,81
2019.01.08,11:52,1.14531,1.14535,1.1453,1.14535,40
2019.01.08,11:53,1.14534,1.14536,1.14521,1.14536,60
2019.01.08,11:54,1.14536,1.14542,1.14533,1.14533,50
2019.01.08,11:55,1.14534,1.14536,1.14512,1.14514,84
2019.01.08,11:56,1.14514,1.14518,1.14497,1.14497,104
2019.01.08,11:57,1.14498,1.14515,1.14498,1.14514,60
2019.01.08,11:58,1.14513,1.14519,1.14512,1.14515,36
2019.01.08,11:59,1.14516,1.14521,1.14512,1.1452,59
2019.01.08,12:00,1.14518,1.14519,1.14474,1.14489,121
2019.01.08,12:01,1.1449,1.14506,1.14476,1.14477,121
2019.01.08,12:02,1.14477,1.14485,1.14455,1.14485,116
2019.01.08,12:03,1.14486,1.14493,1.14481,1.14492,90
2019.01.08,12:04,1.14493,1.14498,1.1448,1.14489,74
2019.01.08,12:05,1.14482,1.14482,1.14457,1.14464,66
2019.01.08,12:06,1.14463,1.14464,1.14453,1.14456,91
2019.01.08,12:07,1.14456,1.14456,1.14404,1.14409,133
2019.01.08,12:08,1.14408,1.14416,1.14373,1.14374,157
2019.01.08,12:09,1.14374,1.14382,1.14343,1.14373,173
2019.01.08,12:10,1.14373,1.14374,1.14346,1.14365,119
2019.01.08,12:11,1.14364,1.1437,1.14342,1.1437,132
2019.01.08,12:12,1.1437,1.1439,1.14369,1.14387,98
2019.01.08,12:13,1.14387,1.144,1.14385,1.14397,111
2019.01.08,12:14,1.14398,1.14415,1.14396,1.14412,89
2019.01.08,12:15,1.14412,1.14426,1.14405,1.14424,85
2019.01.08,12:16,1.14425,1.14433,1.14408,1.14415,80
2019.01.08,12:17,1.14415,1.14437,1.14413,1.14434,72
2019.01.08,12:18,1.14433,1.14433,1.14422,1.14425,60
2019.01.08,12:19,1.14425,1.14436,1.14424,1.14435,53
2019.01.08,12:20,1.14436,1.1445,1.14427,1.1444,91
2019.01.08,12:21,1.1444,1.1445,1.14426,1.14442,97
2019.01.08,12:22,1.14445,1.1445,1.14422,1.14437,121
2019.01.08,12:23,1.14436,1.14439,1.14416,1.14419,70
2019.01.08,12:24,1.1442,1.14425,1.14383,1.14394,89
2019.01.08,12:25,1.14395,1.14406,1.14386,1.1439,86
2019.01.08,12:26,1.1439,1.1443,1.1439,1.1443,108
2019.01.08,12:27,1.1443,1.14439,1.14424,1.14435,141
2019.01.08,12:28,1.14435,1.14458,1.14434,1.14442,96
2019.01.08,12:29,1.14443,1.14446,1.14433,1.14442,71
2019.01.08,12:30,1.14441,1.1445,1.1444,1.14445,87
2019.01.08,12:31,1.14446,1.14471,1.14435,1.14471,96
2019.01.08,12:32,1.14474,1.14484,1.14461,1.14481,101
2019.01.08,12:33,1.14479,1.14496,1.14476,1.14492,100
2019.01.08,12:34,1.1449,1.14492,1.14471,1.14473,119
2019.01.08,12:35,1.14475,1.14489,1.14475,1.14482,75
2019.01.08,12:36,1.14481,1.14483,1.14461,1.14464,68
2019.01.08,12:37,1.14465,1.14485,1.14464,1.14483,64
2019.01.08,12:38,1.14482,1.14482,1.14471,1.14472,85
2019.01.08,12:39,1.1447,1.14481,1.14455,1.14456,76
2019.01.08,12:40,1.14458,1.14466,1.14452,1.14457,69
2019.01.08,12:41,1.14456,1.14481,1.14455,1.14478,79
2019.01.08,12:42,1.14478,1.14493,1.14469,1.14488,71
2019.01.08,12:43,1.14488,1.14498,1.14483,1.14495,60
2019.01.08,12:44,1.14496,1.14496,1.14462,1.14466,80
2019.01.08,12:45,1.14465,1.14466,1.1445,1.14454,45
2019.01.08,12:46,1.14455,1.1446,1.14442,1.14455,63
2019.01.08,12:47,1.14455,1.14456,1.1445,1.14452,37
2019.01.08,12:48,1.14451,1.14455,1.14442,1.14449,64
2019.01.08,12:49,1.14448,1.14452,1.14442,1.14445,78
2019.01.08,12:50,1.14445,1.14445,1.14442,1.14443,40
2019.01.08,12:51,1.14443,1.14468,1.14443,1.14467,72
2019.01.08,12:52,1.14466,1.1448,1.14463,1.1448,70
2019.01.08,12:53,1.14479,1.1448,1.14457,1.14466,105
2019.01.08,12:54,1.14465,1.14471,1.14464,1.14471,77
2019.01.08,12:55,1.1447,1.14472,1.14462,1.14465,57
2019.01.08,12:56,1.14465,1.14466,1.14458,1.14461,38
2019.01.08,12:57,1.14462,1.14462,1.14457,1.14462,17
2019.01.08,12:58,1.1446,1.14471,1.14456,1.14468,67
2019.01.08,12:59,1.14468,1.14468,1.14456,1.14457,53
2019.01.08,13:00,1.14458,1.14462,1.14452,1.14456,80
2019.01.08,13:01,1.14457,1.14471,1.14451,1.14469,76
2019.01.08,13:02,1.14469,1.14469,1.14462,1.14465,26
2019.01.08,13:03,1.14465,1.1447,1.14463,1.14464,67
2019.01.08,13:04,1.14463,1.14463,1.14452,1.14461,43
2019.01.08,13:05,1.14461,1.14467,1.14459,1.14465,41
2019.01.08,13:06,1.14465,1.14466,1.14458,1.14461,48
2019.01.08,13:07,1.14462,1.14462,1.14454,1.14456,70
2019.01.08,13:08,1.14456,1.14456,1.14437,1.14438,69
2019.01.08,13:09,1.14437,1.14437,1.14419,1.14435,92
2019.01.08,13:10,1.14436,1.14461,1.14436,1.14451,73
2019.01.08,13:11,1.14451,1.14452,1.14446,1.14452,79
2019.01.08,13:12,1.14451,1.14456,1.14442,1.14445,51
2019.01.08,13:13,1.14444,1.14456,1.14442,1.14453,52
2019.01.08,13:14,1.14453,1.14453,1.14442,1.14445,55
2019.01.08,13:15,1.14446,1.14456,1.14443,1.14455,74
2019.01.08,13:16,1.14454,1.14456,1.1444,1.1445,55
2019.01.08,13:17,1.14449,1.14456,1.14446,1.14452,57
2019.01.08,13:18,1.14455,1.14455,1.14451,1.14452,46
2019.01.08,13:19,1.14451,1.1446,1.1445,1.14454,47
2019.01.08,13:20,1.14453,1.14456,1.14451,1.14455,32
2019.01.08,13:21,1.14455,1.1446,1.14444,1.14455,71
2019.01.08,13:22,1.14454,1.14467,1.14454,1.14466,55
2019.01.08,13:23,1.14466,1.14493,1.14464,1.14489,107
2019.01.08,13:24,1.1449,1.14492,1.14468,1.14484,103
2019.01.08,13:25,1.14484,1.14527,1.14484,1.14517,102
2019.01.08,13:26,1.14518,1.14518,1.14489,1.14489,83
2019.01.08,13:27,1.14488,1.1449,1.14479,1.14479,72
2019.01.08,13:28,1.1448,1.14481,1.14456,1.14465,78
2019.01.08,13:29,1.14467,1.14467,1.14459,1.14459,44
2019.01.08,13:30,1.1446,1.1447,1.14451,1.14464,94
2019.01.08,13:31,1.14463,1.14472,1.14461,1.14466,58
2019.01.08,13:32,1.14461,1.14468,1.14456,1.14456,48
2019.01.08,13:33,1.14456,1.1446,1.14451,1.1446,50
2019.01.08,13:34,1.14461,1.14472,1.14457,1.14471,62
2019.01.08,13:35,1.14471,1.14471,1.14459,1.14465,48
2019.01.08,13:36,1.14465,1.14501,1.14465,1.145,56
2019.01.08,13:37,1.14502,1.1451,1.14491,1.14491,74
2019.01.08,13:38,1.1449,1.14497,1.14478,1.14491,59
2019.01.08,13:39,1.14491,1.14499,1.14489,1.1449,53
2019.01.08,13:40,1.14489,1.14498,1.14489,1.14493,41
2019.01.08,13:41,1.14494,1.14496,1.14487,1.14489,40
2019.01.08,13:42,1.14488,1.14503,1.14483,1.14503,55
2019.01.08,13:43,1.14511,1.14524,1.1451,1.1452,63
2019.01.08,13:44,1.14519,1.14544,1.14519,1.1454,84
2019.01.08,13:45,1.14543,1.14572,1.14537,1.14572,103
2019.01.08,13:46,1.14571,1.14597,1.14567,1.14585,122
2019.01.08,13:47,1.14585,1.14605,1.14585,1.14602,110
2019.01.08,13:48,1.146,1.146,1.14576,1.14583,78
2019.01.08,13:49,1.14584,1.14598,1.14579,1.14585,89
2019.01.08,13:50,1.14584,1.1459,1.14582,1.1459,39
2019.01.08,13:51,1.14591,1.14604,1.14591,1.14597,67
2019.01.08,13:52,1.14597,1.14641,1.14595,1.14641,86
2019.01.08,13:53,1.14641,1.14669,1.14641,1.14668,153
2019.01.08,13:54,1.14667,1.14692,1.14653,1.1469,119
2019.01.08,13:55,1.14687,1.14687,1.14664,1.14668,81
2019.01.08,13:56,1.1467,1.1467,1.14656,1.14661,110
2019.01.08,13:57,1.14662,1.14664,1.14639,1.14664,99
2019.01.08,13:58,1.14663,1.14671,1.14647,1.14664,80
2019.01.08,13:59,1.14664,1.14664,1.14645,1.14657,94
2019.01.08,14:00,1.14657,1.14657,1.14632,1.14637,83
2019.01.08,14:01,1.14642,1.14649,1.14638,1.14646,62
2019.01.08,14:02,1.14647,1.14663,1.14647,1.14663,75
2019.01.08,14:03,1.14663,1.14678,1.14663,1.14673,71
2019.01.08,14:04,1.14673,1.14675,1.14651,1.14653,71
2019.01.08,14:05,1.14652,1.14656,1.14645,1.14645,54
2019.01.08,14:06,1.14644,1.14645,1.14627,1.14631,56
2019.01.08,14:07,1.14633,1.14633,1.14623,1.14624,44
2019.01.08,14:08,1.14624,1.14654,1.14624,1.14645,75
2019.01.08,14:09,1.14645,1.14646,1.14642,1.14645,58
2019.01.08,14:10,1.14645,1.14657,1.14643,1.14655,71
2019.01.08,14:11,1.14655,1.14656,1.14645,1.14645,64
2019.01.08,14:12,1.14646,1.14652,1.14632,1.14632,103
2019.01.08,14:13,1.14631,1.14634,1.14625,1.14627,69
2019.01.08,14:14,1.14627,1.14628,1.14621,1.14625,69
2019.01.08,14:15,1.14624,1.14637,1.14622,1.14635,92
2019.01.08,14:16,1.14634,1.14656,1.14634,1.14638,113
2019.01.08,14:17,1.14637,1.14638,1.14632,1.14634,42
2019.01.08,14:18,1.14635,1.14635,1.14613,1.14616,78
2019.01.08,14:19,1.14615,1.14622,1.14611,1.14611,75
2019.01.08,14:20,1.14611,1.14611,1.14606,1.14606,67
2019.01.08,14:21,1.14606,1.14618,1.14603,1.14612,80
2019.01.08,14:22,1.14611,1.14617,1.14602,1.14617,76
2019.01.08,14:23,1.14616,1.1463,1.14615,1.14624,75
2019.01.08,14:24,1.14624,1.14628,1.14607,1.14607,98
2019.01.08,14:25,1.14608,1.14613,1.14597,1.14603,62
2019.01.08,14:26,1.14603,1.14605,1.1459,1.14591,77
2019.01.08,14:27,1.14592,1.14597,1.14584,1.14584,65
2019.01.08,14:28,1.14585,1.14588,1.14573,1.14574,72
2019.01.08,14:29,1.14574,1.14592,1.14574,1.14586,63
2019.01.08,14:30,1.14588,1.14597,1.14584,1.14589,60
2019.01.08,14:31,1.14589,1.14596,1.14587,1.14596,66
2019.01.08,14:32,1.14595,1.14598,1.14587,1.14587,51
2019.01.08,14:33,1.14588,1.14592,1.14583,1.14584,51
2019.01.08,14:34,1.1459,1.14606,1.14586,1.14587,94
2019.01.08,14:35,1.14585,1.14585,1.14577,1.14579,47
2019.01.08,14:36,1.14578,1.14584,1.14577,1.14581,52
2019.01.08,14:37,1.14581,1.14586,1.14581,1.14586,31
2019.01.08,14:38,1.14585,1.14602,1.14582,1.14588,52
2019.01.08,14:39,1.14588,1.1459,1.14567,1.14571,49
2019.01.08,14:40,1.14572,1.14572,1.14551,1.14557,56
2019.01.08,14:41,1.14555,1.14555,1.14547,1.14548,52
2019.01.08,14:42,1.1455,1.14551,1.14509,1.14521,115
2019.01.08,14:43,1.14522,1.14524,1.14502,1.14514,127
2019.01.08,14:44,1.14515,1.14536,1.14514,1.14519,102
2019.01.08,14:45,1.14519,1.1452,1.14511,1.14511,68
2019.01.08,14:46,1.14511,1.14512,1.14501,1.14504,96
2019.01.08,14:47,1.14503,1.14505,1.14472,1.14476,108
2019.01.08,14:48,1.14476,1.14481,1.1445,1.14455,111
2019.01.08,14:49,1.14454,1.14455,1.14432,1.14432,130
2019.01.08,14:50,1.14435,1.14464,1.1443,1.14464,123
2019.01.08,14:51,1.14464,1.14476,1.14456,1.14473,107
2019.01.08,14:52,1.14474,1.14485,1.14472,1.14482,82
2019.01.08,14:53,1.14482,1.14493,1.14476,1.1449,76
2019.01.08,14:54,1.1449,1.14498,1.14486,1.14494,86
2019.01.08,14:55,1.14493,1.14493,1.14471,1.14471,87
2019.01.08,14:56,1.14473,1.14502,1.14471,1.14487,125
2019.01.08,14:57,1.14488,1.14514,1.14486,1.14512,97
2019.01.08,14:58,1.14511,1.14518,1.14502,1.14512,116
2019.01.08,14:59,1.14512,1.14517,1.14491,1.14497,87
2019.01.08,15:00,1.14496,1.14498,1.1446,1.14461,128
2019.01.08,15:01,1.14461,1.14472,1.14452,1.14465,109
2019.01.08,15:02,1.14466,1.14497,1.14466,1.14485,128
2019.01.08,15:03,1.14487,1.14488,1.14475,1.14485,125
2019.01.08,15:04,1.14484,1.14497,1.14482,1.14495,86
2019.01.08,15:05,1.14495,1.14495,1.14482,1.14482,81
2019.01.08,15:06,1.14482,1.14487,1.14471,1.14477,74
2019.01.08,15:07,1.14478,1.14478,1.14469,1.14478,79
2019.01.08,15:08,1.14477,1.14477,1.14432,1.14439,97
2019.01.08,15:09,1.14437,1.14437,1.1441,1.1441,135
2019.01.08,15:10,1.14412,1.14437,1.14411,1.14432,138
2019.01.08,15:11,1.14433,1.14433,1.14368,1.14374,177
2019.01.08,15:12,1.14375,1.14386,1.14351,1.14384,186
2019.01.08,15:13,1.14386,1.14393,1.14371,1.1439,102
2019.01.08,15:14,1.14391,1.14402,1.14387,1.14398,97
2019.01.08,15:15,1.14397,1.14397,1.14367,1.1437,119
2019.01.08,15:16,1.14369,1.14436,1.14367,1.14434,229
2019.01.08,15:17,1.14433,1.14434,1.14413,1.14419,194
2019.01.08,15:18,1.14419,1.14447,1.14417,1.14436,157
2019.01.08,15:19,1.14437,1.1444,1.14397,1.144,137
2019.01.08,15:20,1.14404,1.1443,1.14404,1.1442,108
2019.01.08,15:21,1.1442,1.14422,1.14408,1.1441,103
2019.01.08,15:22,1.14407,1.14435,1.14404,1.14426,93
2019.01.08,15:23,1.14426,1.14428,1.1441,1.1441,72
2019.01.08,15:24,1.14409,1.1441,1.14389,1.14391,91
2019.01.08,15:25,1.14391,1.1441,1.14378,1.1439,125
2019.01.08,15:26,1.14391,1.14409,1.14388,1.14401,87
2019.01.08,15:27,1.14403,1.14424,1.14401,1.14412,81
2019.01.08,15:28,1.14408,1.14423,1.14406,1.14422,81
2019.01.08,15:29,1.14422,1.14423,1.14407,1.14413,109
2019.01.08,15:30,1.14414,1.14414,1.14401,1.14405,44
2019.01.08,15:31,1.14405,1.14412,1.14402,1.14411,69
2019.01.08,15:32,1.14411,1.14437,1.14406,1.14432,103
2019.01.08,15:33,1.1443,1.1443,1.14393,1.14401,119
2019.01.08,15:34,1.14402,1.14415,1.14401,1.14401,96
2019.01.08,15:35,1.14402,1.14422,1.14401,1.14403,81
2019.01.08,15:36,1.14403,1.14413,1.14402,1.14403,62
2019.01.08,15:37,1.14403,1.14405,1.14375,1.14377,57
2019.01.08,15:38,1.14376,1.14388,1.14351,1.14368,140
2019.01.08,15:39,1.1437,1.14376,1.14338,1.14338,106
2019.01.08,15:40,1.14337,1.14388,1.14333,1.14382,144
2019.01.08,15:41,1.14381,1.1439,1.14369,1.14376,114
2019.01.08,15:42,1.14376,1.14379,1.14365,1.14367,71
2019.01.08,15:43,1.14366,1.14389,1.14366,1.1438,89
2019.01.08,15:44,1.14378,1.14379,1.1437,1.14378,67
2019.01.08,15:45,1.14378,1.14383,1.14369,1.14381,76
2019.01.08,15:46,1.14381,1.14399,1.14381,1.14397,113
2019.01.08,15:47,1.14394,1.14395,1.14376,1.14386,81
2019.01.08,15:48,1.14385,1.14386,1.14368,1.14372,88
2019.01.08,15:49,1.14371,1.14376,1.14364,1.14364,76
2019.01.08,15:50,1.14364,1.14367,1.14297,1.14305,196
2019.01.08,15:51,1.14303,1.1431,1.14227,1.14227,326
2019.01.08,15:52,1.14227,1.14254,1.14219,1.14239,229
2019.01.08,15:53,1.14239,1.14258,1.14231,1.14251,178
2019.01.08,15:54,1.1425,1.14263,1.1425,1.14255,135
2019.01.08,15:55,1.14255,1.14274,1.14246,1.14274,117
2019.01.08,15:56,1.14271,1.14288,1.14271,1.14285,148
2019.01.08,15:57,1.14286,1.14286,1.14279,1.14284,68
2019.01.08,15:58,1.14286,1.14293,1.14275,1.14291,102
2019.01.08,15:59,1.14291,1.14298,1.14268,1.14275,133
2019.01.08,16:00,1.14276,1.14279,1.14249,1.14255,170
2019.01.08,16:01,1.14254,1.14264,1.1425,1.14261,83
2019.01.08,16:02,1.1426,1.14273,1.14245,1.14272,113
2019.01.08,16:03,1.14271,1.14286,1.14269,1.14285,100
2019.01.08,16:04,1.14286,1.14286,1.14253,1.14262,111
2019.01.08,16:05,1.14261,1.14293,1.14254,1.14285,127
2019.01.08,16:06,1.14284,1.14295,1.1428,1.14294,56
2019.01.08,16:07,1.14293,1.14302,1.14287,1.143,91
2019.01.08,16:08,1.14299,1.14302,1.14293,1.14297,75
2019.01.08,16:09,1.14297,1.14301,1.14285,1.14296,72
2019.01.08,16:10,1.14295,1.14301,1.14294,1.14299,52
2019.01.08,16:11,1.143,1.14316,1.14295,1.14315,80
2019.01.08,16:12,1.14316,1.14316,1.14282,1.14287,93
2019.01.08,16:13,1.14289,1.14312,1.14289,1.14312,94
2019.01.08,16:14,1.14309,1.14319,1.14305,1.14318,106
2019.01.08,16:15,1.14317,1.1433,1.14316,1.14322,86
2019.01.08,16:16,1.14321,1.14349,1.1432,1.14345,85
2019.01.08,16:17,1.14344,1.14353,1.14317,1.14318,92
2019.01.08,16:18,1.14319,1.14326,1.1431,1.14325,69
2019.01.08,16:19,1.14324,1.14334,1.14324,1.14327,71
2019.01.08,16:20,1.14328,1.14332,1.14326,1.14326,33
2019.01.08,16:21,1.14326,1.14342,1.14326,1.14335,51
2019.01.08,16:22,1.14338,1.14348,1.14337,1.14345,76
2019.01.08,16:23,1.14345,1.14346,1.14326,1.14326,95
2019.01.08,16:24,1.14327,1.14332,1.14323,1.1433,74
2019.01.08,16:25,1.1433,1.14332,1.14325,1.14327,56
2019.01.08,16:26,1.14327,1.14327,1.14317,1.14317,58
2019.01.08,16:27,1.14317,1.14332,1.14316,1.14327,91
2019.01.08,16:28,1.14327,1.14337,1.14323,1.14327,87
2019.01.08,16:29,1.14327,1.14343,1.14327,1.1434,53
2019.01.08,16:30,1.14339,1.14343,1.14333,1.14342,94
2019.01.08,16:31,1.14341,1.14357,1.14338,1.1435,98
2019.01.08,16:32,1.1435,1.14352,1.1434,1.14343,73
2019.01.08,16:33,1.14344,1.14345,1.14323,1.14326,87
2019.01.08,16:34,1.14325,1.14333,1.14318,1.14327,101
2019.01.08,16:35,1.14331,1.14346,1.14331,1.14337,106
2019.01.08,16:36,1.14337,1.14345,1.14329,1.1434,80
2019.01.08,16:37,1.1434,1.14355,1.14334,1.14346,108
2019.01.08,16:38,1.14348,1.14363,1.14337,1.14338,108
2019.01.08,16:39,1.14337,1.14353,1.14331,1.14349,123
2019.01.08,16:40,1.14348,1.14356,1.14323,1.14343,134
2019.01.08,16:41,1.14343,1.1437,1.14342,1.14368,133
2019.01.08,16:42,1.14369,1.14379,1.14354,1.14365,117
2019.01.08,16:43,1.14365,1.14398,1.1436,1.1436,137
2019.01.08,16:44,1.14359,1.14369,1.14333,1.14333,126
2019.01.08,16:45,1.14331,1.14348,1.14323,1.14335,127
2019.01.08,16:46,1.14336,1.14344,1.14324,1.14343,108
2019.01.08,16:47,1.14341,1.14346,1.14322,1.1434,148
2019.01.08,16:48,1.14341,1.14341,1.1431,1.14325,109
2019.01.08,16:49,1.14326,1.14346,1.14325,1.14335,106
2019.01.08,16:50,1.14336,1.14345,1.1433,1.14338,82
2019.01.08,16:51,1.14339,1.14383,1.14339,1.14358,135
2019.01.08,16:52,1.14358,1.14375,1.14349,1.14367,91
2019.01.08,16:53,1.14366,1.14376,1.14359,1.1437,84
2019.01.08,16:54,1.14369,1.14381,1.14365,1.14373,114
2019.01.08,16:55,1.14374,1.14393,1.14371,1.14375,139
2019.01.08,16:56,1.14376,1.14406,1.14374,1.14403,133
2019.01.08,16:57,1.14399,1.1444,1.14391,1.14428,200
2019.01.08,16:58,1.14427,1.14428,1.14372,1.1438,164
2019.01.08,16:59,1.14381,1.14393,1.14367,1.14387,181
2019.01.08,17:00,1.14386,1.14423,1.14385,1.14407,195
2019.01.08,17:01,1.14407,1.14423,1.14402,1.14402,121
2019.01.08,17:02,1.14402,1.14402,1.14383,1.14391,129
2019.01.08,17:03,1.1439,1.14396,1.14368,1.14381,124
2019.01.08,17:04,1.1438,1.14394,1.14365,1.1437,79
2019.01.08,17:05,1.14369,1.14377,1.14368,1.1437,89
2019.01.08,17:06,1.14369,1.14369,1.14353,1.14361,82
2019.01.08,17:07,1.14361,1.14367,1.14348,1.1436,104
2019.01.08,17:08,1.14359,1.14366,1.14353,1.14357,65
2019.01.08,17:09,1.14358,1.14358,1.14331,1.14333,105
2019.01.08,17:10,1.14332,1.14337,1.14322,1.14322,124
2019.01.08,17:11,1.14322,1.14323,1.1431,1.14318,118
2019.01.08,17:12,1.14317,1.14324,1.14265,1.14277,168
2019.01.08,17:13,1.14277,1.14277,1.14256,1.1426,144
2019.01.08,17:14,1.14257,1.14301,1.14257,1.14299,217
2019.01.08,17:15,1.14298,1.14298,1.14274,1.1428,133
2019.01.08,17:16,1.14281,1.14281,1.14268,1.14273,115
2019.01.08,17:17,1.14274,1.14291,1.14269,1.14285,150
2019.01.08,17:18,1.14285,1.14326,1.14284,1.14312,147
2019.01.08,17:19,1.14314,1.14323,1.14307,1.14313,127
2019.01.08,17:20,1.14311,1.14343,1.1431,1.14327,133
2019.01.08,17:21,1.14326,1.14343,1.14326,1.14333,86
2019.01.08,17:22,1.14335,1.14342,1.1432,1.14341,101
2019.01.08,17:23,1.14341,1.14345,1.14332,1.14332,81
2019.01.08,17:24,1.14331,1.14365,1.14329,1.14358,124
2019.01.08,17:25,1.14357,1.14377,1.14356,1.14364,117
2019.01.08,17:26,1.14363,1.1437,1.14358,1.14368,94
2019.01.08,17:27,1.14367,1.14368,1.14337,1.14337,85
2019.01.08,17:28,1.14339,1.1435,1.14332,1.14335,82
2019.01.08,17:29,1.14336,1.14355,1.14335,1.1434,109
2019.01.08,17:30,1.1434,1.14342,1.14322,1.14329,121
2019.01.08,17:31,1.14327,1.14343,1.14327,1.14343,126
2019.01.08,17:32,1.14342,1.14345,1.14326,1.14338,112
2019.01.08,17:33,1.14337,1.14337,1.14328,1.14332,71
2019.01.08,17:34,1.14331,1.14338,1.14302,1.14309,136
2019.01.08,17:35,1.1431,1.14338,1.14309,1.14337,89
2019.01.08,17:36,1.14338,1.14345,1.14309,1.14309,108
2019.01.08,17:37,1.14308,1.14332,1.14308,1.1433,72
2019.01.08,17:38,1.14332,1.14346,1.14327,1.14344,95
2019.01.08,17:39,1.14345,1.14361,1.14345,1.14356,141
2019.01.08,17:40,1.14357,1.14357,1.14322,1.14327,134
2019.01.08,17:41,1.14324,1.14336,1.14318,1.14332,101
2019.01.08,17:42,1.14333,1.14344,1.14318,1.14342,98
2019.01.08,17:43,1.14344,1.14373,1.14342,1.14367,135
2019.01.08,17:44,1.14367,1.14398,1.14354,1.14397,114
2019.01.08,17:45,1.14398,1.14409,1.14387,1.14403,128
2019.01.08,17:46,1.14403,1.14406,1.14387,1.14397,115
2019.01.08,17:47,1.14403,1.14404,1.14392,1.14397,101
2019.01.08,17:48,1.14403,1.14409,1.14379,1.14381,134
2019.01.08,17:49,1.1438,1.14382,1.14367,1.14377,93
2019.01.08,17:50,1.14375,1.14377,1.14353,1.14355,102
2019.01.08,17:51,1.14355,1.14356,1.14318,1.14348,180
2019.01.08,17:52,1.1435,1.14377,1.1435,1.14366,155
2019.01.08,17:53,1.14364,1.14404,1.14362,1.14402,151
2019.01.08,17:54,1.144,1.14423,1.14394,1.14418,106
2019.01.08,17:55,1.14417,1.1443,1.14417,1.14427,134
2019.01.08,17:56,1.14423,1.14438,1.14419,1.14432,99
2019.01.08,17:57,1.14433,1.14433,1.14373,1.14382,184
2019.01.08,17:58,1.14382,1.14397,1.14377,1.14382,137
2019.01.08,17:59,1.14381,1.14424,1.14376,1.14417,175
2019.01.08,18:00,1.14415,1.14437,1.14412,1.14414,219
2019.01.08,18:01,1.14414,1.14439,1.14414,1.14432,195
2019.01.08,18:02,1.14434,1.14437,1.14415,1.14415,157
2019.01.08,18:03,1.14416,1.14427,1.14406,1.14406,126
2019.01.08,18:04,1.14406,1.14416,1.14398,1.14412,86
2019.01.08,18:05,1.14413,1.14431,1.14413,1.14426,94
2019.01.08,18:06,1.14425,1.14436,1.14413,1.14435,70
2019.01.08,18:07,1.14434,1.14434,1.14412,1.14413,68
2019.01.08,18:08,1.14413,1.1444,1.14413,1.14433,102
2019.01.08,18:09,1.14432,1.14442,1.14431,1.14438,65
2019.01.08,18:10,1.14436,1.14444,1.1442,1.14421,82
2019.01.08,18:11,1.1442,1.14442,1.1442,1.14441,87
2019.01.08,18:12,1.14441,1.14459,1.14433,1.14447,115
2019.01.08,18:13,1.14447,1.14458,1.14445,1.1445,85
2019.01.08,18:14,1.14448,1.14449,1.1442,1.14441,148
2019.01.08,18:15,1.14438,1.14447,1.14424,1.14434,83
2019.01.08,18:16,1.14434,1.14459,1.14434,1.14457,69
2019.01.08,18:17,1.14458,1.14465,1.14441,1.14447,73
2019.01.08,18:18,1.14447,1.14454,1.14439,1.1445,86
2019.01.08,18:19,1.14451,1.14473,1.14447,1.14471,96
2019.01.08,18:20,1.1447,1.14485,1.14465,1.14477,86
2019.01.08,18:21,1.14477,1.14487,1.14477,1.14486,95
2019.01.08,18:22,1.14485,1.14487,1.14461,1.14462,98
2019.01.08,18:23,1.14466,1.14469,1.14448,1.14448,59
2019.01.08,18:24,1.14446,1.14447,1.14434,1.14447,87
2019.01.08,18:25,1.14446,1.14446,1.14428,1.14433,81
2019.01.08,18:26,1.14432,1.14454,1.14429,1.14454,67
2019.01.08,18:27,1.14453,1.14458,1.14444,1.14447,65
2019.01.08,18:28,1.14449,1.1445,1.14441,1.14445,48
2019.01.08,18:29,1.14444,1.14445,1.14436,1.14437,50
2019.01.08,18:30,1.14437,1.14449,1.14436,1.1444,133
2019.01.08,18:31,1.14439,1.14485,1.14439,1.14478,120
2019.01.08,18:32,1.14477,1.14485,1.14455,1.14463,95
2019.01.08,18:33,1.14463,1.14473,1.14463,1.14468,60
2019.01.08,18:34,1.14467,1.14469,1.14447,1.14457,88
2019.01.08,18:35,1.14457,1.14467,1.14442,1.14444,79
2019.01.08,18:36,1.1444,1.14447,1.1443,1.14447,92
2019.01.08,18:37,1.14447,1.14468,1.14445,1.14458,87
2019.01.08,18:38,1.14457,1.14458,1.1445,1.14452,72
2019.01.08,18:39,1.14451,1.14457,1.14439,1.14439,74
2019.01.08,18:40,1.1444,1.1445,1.14438,1.14448,68
2019.01.08,18:41,1.14448,1.14462,1.14445,1.14452,64
2019.01.08,18:42,1.14453,1.14458,1.14444,1.1445,57
2019.01.08,18:43,1.1445,1.1445,1.14441,1.14447,65
2019.01.08,18:44,1.14448,1.14455,1.14447,1.14448,56
2019.01.08,18:45,1.14449,1.1445,1.14421,1.14423,71
2019.01.08,18:46,1.14422,1.14425,1.14382,1.14383,117
2019.01.08,18:47,1.14382,1.1439,1.1437,1.14374,109
2019.01.08,18:48,1.14374,1.14386,1.14364,1.14372,109
2019.01.08,18:49,1.14376,1.14413,1.14375,1.14403,107
2019.01.08,18:50,1.144,1.14409,1.14391,1.14402,77
2019.01.08,18:51,1.14401,1.14422,1.14399,1.14418,58
2019.01.08,18:52,1.14416,1.14423,1.14412,1.14422,68
2019.01.08,18:53,1.14422,1.14431,1.14422,1.14426,60
2019.01.08,18:54,1.14427,1.14433,1.14421,1.14431,70
2019.01.08,18:55,1.14432,1.14433,1.14409,1.14428,120
2019.01.08,18:56,1.14427,1.14436,1.1442,1.14428,97
2019.01.08,18:57,1.14427,1.14443,1.14419,1.14422,102
2019.01.08,18:58,1.14427,1.14429,1.14407,1.14408,82
2019.01.08,18:59,1.14407,1.14437,1.14406,1.14432,77
2019.01.08,19:00,1.14431,1.14443,1.14431,1.1444,84
2019.01.08,19:01,1.14438,1.14442,1.14422,1.14423,92
2019.01.08,19:02,1.14425,1.14431,1.14422,1.14426,59
2019.01.08,19:03,1.14425,1.1443,1.14416,1.14427,66
2019.01.08,19:04,1.14427,1.14436,1.14408,1.14409,75
2019.01.08,19:05,1.14411,1.14425,1.14396,1.14406,104
2019.01.08,19:06,1.14405,1.1443,1.14405,1.1443,74
2019.01.08,19:07,1.14431,1.14435,1.14422,1.14431,78
2019.01.08,19:08,1.14431,1.14445,1.14427,1.14436,61
2019.01.08,19:09,1.14435,1.14436,1.14407,1.14407,93
2019.01.08,19:10,1.14408,1.14445,1.14406,1.14422,99
2019.01.08,19:11,1.14422,1.14438,1.14421,1.14438,64
2019.01.08,19:12,1.14438,1.14458,1.14436,1.14445,56
2019.01.08,19:13,1.14445,1.14452,1.14437,1.14441,93
2019.01.08,19:14,1.1444,1.1444,1.14425,1.14429,71
2019.01.08,19:15,1.14428,1.1444,1.14422,1.14423,84
2019.01.08,19:16,1.14422,1.14436,1.14422,1.14422,65
2019.01.08,19:17,1.14421,1.14452,1.14421,1.14447,73
2019.01.08,19:18,1.14444,1.14446,1.14426,1.14444,85
2019.01.08,19:19,1.14443,1.14458,1.14443,1.14456,87
2019.01.08,19:20,1.14458,1.14461,1.14456,1.14459,47
2019.01.08,19:21,1.14459,1.1446,1.14446,1.14455,45
2019.01.08,19:22,1.14455,1.14473,1.14455,1.14464,89
2019.01.08,19:23,1.14464,1.14471,1.14458,1.1446,65
2019.01.08,19:24,1.1446,1.14466,1.14434,1.14446,66
2019.01.08,19:25,1.14447,1.1445,1.14441,1.14442,75
2019.01.08,19:26,1.14442,1.14442,1.14426,1.14429,45
2019.01.08,19:27,1.1443,1.14451,1.14426,1.14446,78
2019.01.08,19:28,1.14443,1.14451,1.14442,1.14445,45
2019.01.08,19:29,1.14446,1.14461,1.14441,1.14449,84
2019.01.08,19:30,1.14449,1.14472,1.14442,1.1447,84
2019.01.08,19:31,1.1447,1.14477,1.14464,1.14475,75
2019.01.08,19:32,1.14474,1.14475,1.14461,1.14461,33
2019.01.08,19:33,1.14462,1.14472,1.14462,1.14465,63
2019.01.08,19:34,1.14466,1.14474,1.14466,1.14474,50
2019.01.08,19:35,1.14476,1.14531,1.14475,1.14512,148
2019.01.08,19:36,1.14512,1.14555,1.14512,1.14547,119
2019.01.08,19:37,1.14547,1.1455,1.14512,1.14512,104
2019.01.08,19:38,1.14513,1.14524,1.14511,1.14517,80
2019.01.08,19:39,1.14517,1.14532,1.14517,1.14528,75
2019.01.08,19:40,1.1453,1.14532,1.14517,1.14523,56
2019.01.08,19:41,1.14523,1.14531,1.14521,1.14522,92
2019.01.08,19:42,1.14522,1.14527,1.14516,1.14516,70
2019.01.08,19:43,1.14518,1.14524,1.14511,1.14512,83
2019.01.08,19:44,1.14512,1.14527,1.14508,1.14523,69
2019.01.08,19:45,1.14522,1.14522,1.14516,1.14516,65
2019.01.08,19:46,1.14517,1.14532,1.14511,1.14527,52
2019.01.08,19:47,1.14528,1.14537,1.14525,1.14525,93
2019.01.08,19:48,1.14525,1.14537,1.14524,1.14534,67
2019.01.08,19:49,1.14534,1.14539,1.14529,1.14532,50
2019.01.08,19:50,1.14531,1.14536,1.14527,1.14527,58
2019.01.08,19:51,1.14529,1.1455,1.14528,1.1455,63
2019.01.08,19:52,1.14549,1.14549,1.14537,1.1454,42
2019.01.08,19:53,1.14541,1.14549,1.14538,1.14547,83
2019.01.08,19:54,1.14547,1.14553,1.14542,1.14545,49
2019.01.08,19:55,1.14545,1.14548,1.14531,1.14538,76
2019.01.08,19:56,1.14537,1.1455,1.14527,1.14547,81
2019.01.08,19:57,1.14547,1.14549,1.14537,1.14541,76
2019.01.08,19:58,1.14541,1.14548,1.14527,1.14532,80
2019.01.08,19:59,1.14533,1.14544,1.1453,1.14543,54
2019.01.08,20:00,1.14543,1.14549,1.14537,1.14548,90
2019.01.08,20:01,1.14548,1.14591,1.14548,1.14556,115
2019.01.08,20:02,1.14557,1.14557,1.14514,1.14526,81
2019.01.08,20:03,1.14527,1.14532,1.14511,1.14521,75
2019.01.08,20:04,1.14524,1.14545,1.14521,1.14543,67
2019.01.08,20:05,1.14542,1.1455,1.14526,1.14527,72
2019.01.08,20:06,1.14526,1.14526,1.14521,1.14522,52
2019.01.08,20:07,1.14522,1.14522,1.14512,1.14516,45
2019.01.08,20:08,1.14516,1.14527,1.14511,1.14522,40
2019.01.08,20:09,1.14523,1.14527,1.14474,1.14485,84
2019.01.08,20:10,1.14486,1.1451,1.14486,1.14509,51
2019.01.08,20:11,1.14507,1.14507,1.14492,1.14493,42
2019.01.08,20:12,1.14494,1.14499,1.14476,1.14479,73
2019.01.08,20:13,1.14478,1.14506,1.14478,1.14504,69
2019.01.08,20:14,1.14505,1.14521,1.14502,1.14519,63
2019.01.08,20:15,1.14519,1.14519,1.14475,1.14482,87
2019.01.08,20:16,1.14482,1.14495,1.14471,1.14486,93
2019.01.08,20:17,1.14487,1.14495,1.14486,1.14487,49
2019.01.08,20:18,1.14487,1.14498,1.14487,1.14497,55
2019.01.08,20:19,1.14496,1.14503,1.14491,1.14501,50
2019.01.08,20:20,1.145,1.14503,1.14487,1.14487,36
2019.01.08,20:21,1.14487,1.14492,1.1448,1.1449,40
2019.01.08,20:22,1.14489,1.14491,1.14481,1.14483,12
2019.01.08,20:23,1.14485,1.14487,1.14478,1.14483,27
2019.01.08,20:24,1.14484,1.14493,1.14475,1.14476,42
2019.01.08,20:25,1.14481,1.14495,1.14481,1.14491,37
2019.01.08,20:26,1.14492,1.14495,1.14482,1.14482,29
2019.01.08,20:27,1.14481,1.14486,1.14476,1.14484,31
2019.01.08,20:28,1.14483,1.14489,1.14481,1.14485,33
2019.01.08,20:29,1.14485,1.14486,1.14464,1.14467,53
2019.01.08,20:30,1.14468,1.14471,1.14464,1.14467,34
2019.01.08,20:31,1.14467,1.14467,1.14455,1.14465,55
2019.01.08,20:32,1.14468,1.14469,1.14463,1.14463,21
2019.01.08,20:33,1.14464,1.14491,1.14462,1.14491,46
2019.01.08,20:34,1.14494,1.14496,1.1449,1.14492,34
2019.01.08,20:35,1.14492,1.14492,1.14463,1.14467,47
2019.01.08,20:36,1.14469,1.14469,1.14451,1.14453,40
2019.01.08,20:37,1.14453,1.14466,1.14453,1.14464,39
2019.01.08,20:38,1.14465,1.14466,1.14457,1.14459,28
2019.01.08,20:39,1.14458,1.14462,1.14456,1.14457,27
2019.01.08,20:40,1.14458,1.14465,1.14456,1.14465,54
2019.01.08,20:41,1.14466,1.14477,1.14465,1.14476,35
2019.01.08,20:42,1.14476,1.14486,1.14476,1.14484,46
2019.01.08,20:43,1.14484,1.14489,1.14468,1.14489,41
2019.01.08,20:44,1.14488,1.14499,1.14486,1.14493,48
2019.01.08,20:45,1.14492,1.14511,1.14492,1.14511,64
2019.01.08,20:46,1.1451,1.1451,1.14486,1.14488,44
2019.01.08,20:47,1.14488,1.14489,1.14481,1.14481,36
2019.01.08,20:48,1.14481,1.14482,1.14473,1.14475,40
2019.01.08,20:49,1.14476,1.14481,1.14471,1.14473,38
2019.01.08,20:50,1.14474,1.14481,1.14473,1.14473,28
2019.01.08,20:51,1.14473,1.14477,1.14463,1.14464,43
2019.01.08,20:52,1.14464,1.14467,1.14446,1.14454,53
2019.01.08,20:53,1.14455,1.14459,1.14453,1.14457,46
2019.01.08,20:54,1.14455,1.14455,1.14434,1.14444,87
2019.01.08,20:55,1.14444,1.14451,1.14443,1.14448,45
2019.01.08,20:56,1.14448,1.14452,1.14442,1.14452,68
2019.01.08,20:57,1.14453,1.14453,1.1442,1.14421,90
2019.01.08,20:58,1.14421,1.14424,1.1441,1.14415,116
2019.01.08,20:59,1.14416,1.14417,1.14404,1.1441,84
2019.01.08,21:00,1.14411,1.14418,1.14407,1.14415,83
2019.01.08,21:01,1.14415,1.14415,1.14407,1.14407,45
2019.01.08,21:02,1.14409,1.1441,1.14391,1.144,78
2019.01.08,21:03,1.14401,1.14405,1.14396,1.14396,22
2019.01.08,21:04,1.14395,1.14423,1.14395,1.14423,65
2019.01.08,21:05,1.14423,1.14431,1.14415,1.14416,39
2019.01.08,21:06,1.14416,1.14433,1.14416,1.14429,41
2019.01.08,21:07,1.1443,1.14432,1.14417,1.14421,41
2019.01.08,21:08,1.14422,1.14431,1.14418,1.14429,54
2019.01.08,21:09,1.1443,1.14435,1.14422,1.14432,41
2019.01.08,21:10,1.14435,1.14436,1.14426,1.14426,24
2019.01.08,21:11,1.14427,1.14433,1.14424,1.14428,53
2019.01.08,21:12,1.14429,1.14431,1.14424,1.14427,32
2019.01.08,21:13,1.14426,1.14427,1.14423,1.14426,13
2019.01.08,21:14,1.14427,1.14439,1.14421,1.14434,36
2019.01.08,21:15,1.14435,1.1444,1.14427,1.14429,47
2019.01.08,21:16,1.14429,1.14437,1.14429,1.14437,39
2019.01.08,21:17,1.14434,1.14436,1.14422,1.14422,32
2019.01.08,21:18,1.14422,1.14426,1.14422,1.14423,34
2019.01.08,21:19,1.14424,1.14431,1.14423,1.14425,33
2019.01.08,21:20,1.14426,1.14434,1.14425,1.14431,44
2019.01.08,21:21,1.14432,1.14437,1.14431,1.14435,30
2019.01.08,21:22,1.14437,1.14439,1.1443,1.14432,43
2019.01.08,21:23,1.14432,1.14442,1.14432,1.14439,38
2019.01.08,21:24,1.14438,1.14446,1.14432,1.14432,40
2019.01.08,21:25,1.14432,1.14432,1.14418,1.14418,19
2019.01.08,21:26,1.1442,1.1442,1.14404,1.14415,51
2019.01.08,21:27,1.14414,1.14414,1.14411,1.14413,24
2019.01.08,21:28,1.14412,1.14412,1.14406,1.14408,27
2019.01.08,21:29,1.1441,1.14415,1.14404,1.14411,52
2019.01.08,21:30,1.14412,1.14422,1.14411,1.14411,57
2019.01.08,21:31,1.14412,1.14426,1.14412,1.14422,40
2019.01.08,21:32,1.14422,1.14427,1.14421,1.14426,20
2019.01.08,21:33,1.14424,1.14427,1.1442,1.14427,23
2019.01.08,21:34,1.14427,1.14433,1.14424,1.1443,37
2019.01.08,21:35,1.14428,1.14431,1.14422,1.14426,37
2019.01.08,21:36,1.14424,1.14431,1.14424,1.14431,22
2019.01.08,21:37,1.14432,1.14438,1.14426,1.14437,38
2019.01.08,21:38,1.14437,1.14441,1.14436,1.14437,25
2019.01.08,21:39,1.14437,1.1444,1.14428,1.1443,14
2019.01.08,21:40,1.14431,1.14431,1.14422,1.14423,23
2019.01.08,21:41,1.14424,1.14427,1.14423,1.14427,11
2019.01.08,21:42,1.14431,1.14431,1.14423,1.14429,33
2019.01.08,21:43,1.14429,1.1443,1.14424,1.14424,20
2019.01.08,21:44,1.14424,1.14427,1.14424,1.14427,12
2019.01.08,21:45,1.14426,1.14427,1.14421,1.14422,27
2019.01.08,21:46,1.14423,1.14427,1.14421,1.14425,40
2019.01.08,21:47,1.14426,1.1443,1.14425,1.14427,24
2019.01.08,21:48,1.14424,1.14424,1.14397,1.14408,60
2019.01.08,21:49,1.14411,1.14423,1.14409,1.14421,58
2019.01.08,21:50,1.14421,1.14423,1.14412,1.14413,37
2019.01.08,21:51,1.14411,1.14411,1.14407,1.14407,17
2019.01.08,21:52,1.14407,1.14412,1.14398,1.14401,38
2019.01.08,21:53,1.14402,1.14412,1.14402,1.14405,42
2019.01.08,21:54,1.14407,1.14413,1.14393,1.14408,69
2019.01.08,21:55,1.14408,1.14422,1.14407,1.14422,40
2019.01.08,21:56,1.1442,1.14422,1.14412,1.14417,25
2019.01.08,21:57,1.14416,1.14418,1.1441,1.14412,46
2019.01.08,21:58,1.14411,1.14413,1.14407,1.1441,35
2019.01.08,21:59,1.1441,1.14424,1.14407,1.14423,98
2019.01.08,22:00,1.14421,1.14422,1.14416,1.14416,34
2019.01.08,22:01,1.14417,1.14417,1.14408,1.14417,38
2019.01.08,22:02,1.14413,1.14423,1.14409,1.14422,54
2019.01.08,22:03,1.14423,1.14424,1.14417,1.14422,35
2019.01.08,22:04,1.14422,1.14424,1.14411,1.14412,42
2019.01.08,22:05,1.14413,1.14413,1.14408,1.14409,40
2019.01.08,22:06,1.14408,1.14412,1.14401,1.14402,42
2019.01.08,22:07,1.14401,1.14409,1.144,1.14406,61
2019.01.08,22:08,1.14405,1.14417,1.14405,1.14412,42
2019.01.08,22:09,1.14413,1.14418,1.14412,1.14412,25
2019.01.08,22:10,1.14411,1.14413,1.14407,1.14407,40
2019.01.08,22:11,1.14407,1.14407,1.14394,1.14398,50
2019.01.08,22:12,1.14398,1.14402,1.14392,1.14394,49
2019.01.08,22:13,1.14394,1.14402,1.14389,1.14391,63
2019.01.08,22:14,1.14389,1.14393,1.14388,1.14391,36
2019.01.08,22:15,1.14392,1.14394,1.14391,1.14393,25
2019.01.08,22:16,1.14393,1.14393,1.14382,1.14382,16
2019.01.08,22:17,1.14382,1.14382,1.14368,1.14373,46
2019.01.08,22:18,1.14373,1.14384,1.14372,1.14384,36
2019.01.08,22:19,1.14384,1.14386,1.14378,1.14383,37
2019.01.08,22:20,1.14382,1.14383,1.14375,1.14378,29
2019.01.08,22:21,1.14379,1.14383,1.14377,1.14379,34
2019.01.08,22:22,1.14379,1.14393,1.14378,1.1439,28
2019.01.08,22:23,1.14388,1.14388,1.1437,1.1437,56
2019.01.08,22:24,1.14368,1.14372,1.14366,1.14367,60
2019.01.08,22:25,1.14368,1.14377,1.14368,1.1437,24
2019.01.08,22:26,1.14368,1.14373,1.14368,1.14369,49
2019.01.08,22:27,1.14368,1.14378,1.14365,1.14378,33
2019.01.08,22:28,1.14379,1.14383,1.14375,1.14383,40
2019.01.08,22:29,1.14384,1.14384,1.1438,1.14381,33
2019.01.08,22:30,1.14378,1.14383,1.14366,1.14379,68
2019.01.08,22:31,1.1438,1.14382,1.14379,1.14379,17
2019.01.08,22:32,1.1438,1.14383,1.14378,1.14383,24
2019.01.08,22:33,1.14381,1.14382,1.14369,1.14369,51
2019.01.08,22:34,1.14369,1.14375,1.14361,1.14361,29
2019.01.08,22:35,1.14362,1.14366,1.1436,1.14361,20
2019.01.08,22:36,1.14362,1.14394,1.14362,1.14394,58
2019.01.08,22:37,1.14392,1.14394,1.14389,1.1439,27
2019.01.08,22:38,1.1439,1.14397,1.1439,1.14395,50
2019.01.08,22:39,1.14395,1.14395,1.14387,1.14387,39
2019.01.08,22:40,1.1439,1.1439,1.14388,1.1439,13
2019.01.08,22:41,1.14391,1.14391,1.14384,1.14384,14
2019.01.08,22:42,1.14383,1.14387,1.14377,1.14385,24
2019.01.08,22:43,1.14384,1.14387,1.14384,1.14387,9
2019.01.08,22:44,1.14385,1.14387,1.14381,1.14381,17
2019.01.08,22:45,1.14385,1.14387,1.14382,1.14387,27
2019.01.08,22:46,1.14386,1.14393,1.14386,1.14392,28
2019.01.08,22:47,1.14392,1.14396,1.14392,1.14394,33
2019.01.08,22:48,1.14395,1.14397,1.1439,1.14397,27
2019.01.08,22:49,1.14396,1.144,1.14395,1.144,21
2019.01.08,22:50,1.144,1.144,1.14395,1.14396,21
2019.01.08,22:51,1.14396,1.14396,1.14386,1.14389,26
2019.01.08,22:52,1.1439,1.14392,1.14387,1.14389,27
2019.01.08,22:53,1.14389,1.14392,1.14388,1.14388,27
2019.01.08,22:54,1.14387,1.14387,1.14383,1.14383,33
2019.01.08,22:55,1.14382,1.14384,1.14382,1.14382,15
2019.01.08,22:56,1.14385,1.14387,1.14383,1.14387,40
2019.01.08,22:57,1.14387,1.14404,1.14384,1.14398,45
2019.01.08,22:58,1.14399,1.14407,1.14399,1.14407,85
2019.01.08,22:59,1.14406,1.14409,1.14401,1.14403,57
2019.01.08,23:00,1.14403,1.14406,1.14402,1.14406,41
2019.01.08,23:01,1.14407,1.14412,1.14406,1.1441,34
2019.01.08,23:02,1.14409,1.14412,1.14407,1.1441,35
2019.01.08,23:03,1.14409,1.14413,1.14407,1.1441,44
2019.01.08,23:04,1.1441,1.14412,1.14409,1.1441,30
2019.01.08,23:05,1.14409,1.1441,1.14409,1.14409,23
2019.01.08,23:06,1.14408,1.14408,1.14407,1.14408,3
2019.01.08,23:07,1.14409,1.1441,1.14408,1.1441,11
2019.01.08,23:08,1.14408,1.14408,1.14402,1.14402,20
2019.01.08,23:09,1.14401,1.14404,1.14401,1.14403,12
2019.01.08,23:10,1.14402,1.14402,1.14402,1.14402,1
2019.01.08,23:11,1.14403,1.14403,1.14398,1.14398,7
2019.01.08,23:12,1.14398,1.14398,1.14397,1.14397,3
2019.01.08,23:13,1.14396,1.14398,1.14389,1.1439,24
2019.01.08,23:14,1.1439,1.14404,1.14388,1.14404,29
2019.01.08,23:15,1.14405,1.14409,1.14405,1.14409,3
2019.01.08,23:16,1.14407,1.1441,1.14406,1.14408,8
2019.01.08,23:17,1.14407,1.14409,1.14407,1.14409,5
2019.01.08,23:18,1.14409,1.14413,1.14408,1.14411,16
2019.01.08,23:19,1.14412,1.14417,1.1441,1.14416,15
2019.01.08,23:20,1.14415,1.14418,1.14415,1.14415,13
2019.01.08,23:21,1.14414,1.14415,1.14411,1.14411,9
2019.01.08,23:22,1.14412,1.14414,1.14411,1.14412,8
2019.01.08,23:23,1.14413,1.14417,1.14413,1.14417,5
2019.01.08,23:24,1.14416,1.14416,1.14412,1.14415,10
2019.01.08,23:25,1.14415,1.14418,1.14415,1.14415,10
2019.01.08,23:26,1.14415,1.14415,1.14415,1.14415,2
2019.01.08,23:27,1.14415,1.14415,1.1441,1.1441,5
2019.01.08,23:28,1.14408,1.14409,1.14408,1.14409,5
2019.01.08,23:29,1.14408,1.14409,1.14407,1.14408,13
2019.01.08,23:30,1.14408,1.14408,1.14404,1.14406,20
2019.01.08,23:31,1.14405,1.14407,1.14399,1.14399,17
2019.01.08,23:32,1.14399,1.14402,1.14399,1.144,18
2019.01.08,23:33,1.14399,1.14402,1.14398,1.14399,20
2019.01.08,23:34,1.14399,1.14401,1.14399,1.14399,9
2019.01.08,23:35,1.14399,1.14404,1.14399,1.14402,11
2019.01.08,23:36,1.14403,1.1441,1.14403,1.14408,20
2019.01.08,23:37,1.14408,1.1441,1.14402,1.14403,24
2019.01.08,23:38,1.14403,1.14405,1.14402,1.14402,12
2019.01.08,23:39,1.14402,1.14403,1.14398,1.14399,24
2019.01.08,23:40,1.14399,1.14404,1.14398,1.14398,21
2019.01.08,23:41,1.14397,1.14398,1.14388,1.14388,23
2019.01.08,23:42,1.14388,1.14395,1.14388,1.14395,9
2019.01.08,23:43,1.14396,1.14399,1.14395,1.14399,15
2019.01.08,23:44,1.14398,1.14398,1.14397,1.14398,8
2019.01.08,23:45,1.14397,1.14401,1.14397,1.14399,9
2019.01.08,23:46,1.144,1.144,1.14399,1.14399,4
2019.01.08,23:47,1.14398,1.14398,1.14392,1.14398,18
2019.01.08,23:48,1.14398,1.14398,1.14391,1.14394,25
2019.01.08,23:49,1.14392,1.14393,1.1439,1.1439,20
2019.01.08,23:50,1.14388,1.14396,1.14378,1.14389,68
2019.01.08,23:51,1.14389,1.14395,1.14389,1.14394,9
2019.01.08,23:52,1.14394,1.14395,1.1439,1.14394,23
2019.01.08,23:53,1.14394,1.14399,1.14394,1.14397,35
2019.01.08,23:54,1.14397,1.14409,1.14396,1.14406,31
2019.01.08,23:55,1.14404,1.1441,1.14396,1.14398,52
2019.01.08,23:56,1.14398,1.14398,1.14395,1.14398,30
2019.01.08,23:57,1.14397,1.14401,1.14397,1.144,12
2019.01.08,23:58,1.14406,1.14415,1.14404,1.14415,33
2019.01.08,23:59,1.14416,1.14416,1.14402,1.14409,30
2019.01.09,00:00,1.1441,1.1441,1.1441,1.1441,4
2019.01.09,00:01,1.144,1.1441,1.14399,1.1441,4
2019.01.09,00:03,1.1441,1.1441,1.1441,1.1441,5
2019.01.09,00:04,1.1441,1.1441,1.1441,1.1441,5
2019.01.09,00:05,1.1441,1.14411,1.14407,1.14407,33
2019.01.09,00:06,1.14406,1.14407,1.14406,1.14406,24
2019.01.09,00:07,1.14406,1.14409,1.14406,1.14407,17
2019.01.09,00:08,1.14406,1.14407,1.14403,1.14407,18
2019.01.09,00:09,1.14407,1.14407,1.14407,1.14407,7
2019.01.09,00:10,1.14407,1.14407,1.14407,1.14407,15
2019.01.09,00:11,1.14407,1.14417,1.14407,1.1441,23
2019.01.09,00:12,1.1441,1.14412,1.1441,1.14412,31
2019.01.09,00:13,1.14413,1.14426,1.14413,1.14418,23
2019.01.09,00:14,1.14423,1.14424,1.14411,1.14411,9
2019.01.09,00:15,1.14409,1.14409,1.14403,1.14404,4
2019.01.09,00:16,1.144,1.1441,1.144,1.1441,13
2019.01.09,00:17,1.1441,1.1441,1.1441,1.1441,1
2019.01.09,00:18,1.1441,1.1441,1.1441,1.1441,1
2019.01.09,00:19,1.1441,1.1441,1.1441,1.1441,1
2019.01.09,00:21,1.1441,1.1441,1.1441,1.1441,1
2019.01.09,00:22,1.1441,1.1441,1.14408,1.14408,3
2019.01.09,00:23,1.14406,1.14406,1.14404,1.14404,7
2019.01.09,00:24,1.14405,1.14405,1.144,1.14402,14
2019.01.09,00:25,1.14403,1.14403,1.14402,1.14403,5
2019.01.09,00:26,1.14404,1.14404,1.14402,1.14403,12
2019.01.09,00:27,1.14402,1.14404,1.14401,1.14402,12
2019.01.09,00:28,1.14401,1.14402,1.14401,1.14401,3
2019.01.09,00:29,1.14405,1.14405,1.14401,1.14401,4
2019.01.09,00:30,1.144,1.14405,1.144,1.14401,12
2019.01.09,00:31,1.14401,1.14401,1.14401,1.14401,2
2019.01.09,00:32,1.14402,1.14402,1.14402,1.14402,3
2019.01.09,00:33,1.14401,1.14401,1.14401,1.14401,1
2019.01.09,00:34,1.14399,1.14399,1.14399,1.14399,10
2019.01.09,00:35,1.14399,1.14399,1.14397,1.14397,17
2019.01.09,00:36,1.14397,1.14397,1.14375,1.14385,45
2019.01.09,00:37,1.14384,1.14389,1.14381,1.14383,41
2019.01.09,00:38,1.14383,1.14406,1.14383,1.14404,54
2019.01.09,00:39,1.14405,1.14417,1.14397,1.14401,27
2019.01.09,00:40,1.14401,1.14401,1.14393,1.14393,18
2019.01.09,00:41,1.14392,1.14392,1.14368,1.14381,61
2019.01.09,00:42,1.14381,1.14381,1.14369,1.14371,45
2019.01.09,00:43,1.14371,1.14401,1.1437,1.14401,21
2019.01.09,00:44,1.14402,1.14404,1.14388,1.14388,20
2019.01.09,00:45,1.14388,1.14388,1.14374,1.14377,49
2019.01.09,00:46,1.14377,1.14377,1.14374,1.14377,16
2019.01.09,00:47,1.14378,1.14395,1.14374,1.14395,13
2019.01.09,00:48,1.14395,1.14395,1.14395,1.14395,15
2019.01.09,00:49,1.14395,1.14395,1.14394,1.14394,15
2019.01.09,00:50,1.14394,1.14394,1.14394,1.14394,3
2019.01.09,00:51,1.14398,1.14404,1.14398,1.14404,4
2019.01.09,00:52,1.14404,1.14404,1.14393,1.14393,16
2019.01.09,00:53,1.14394,1.144,1.14393,1.14398,14
2019.01.09,00:54,1.14401,1.14414,1.14398,1.14407,24
2019.01.09,00:55,1.14407,1.14409,1.14403,1.14403,30
2019.01.09,00:56,1.14403,1.14408,1.14403,1.14407,26
2019.01.09,00:57,1.14408,1.14409,1.14406,1.14409,11
2019.01.09,00:58,1.14409,1.1441,1.14406,1.14408,16
2019.01.09,00:59,1.14407,1.1441,1.14407,1.1441,35
2019.01.09,01:00,1.1441,1.14422,1.14404,1.14419,63
2019.01.09,01:01,1.14419,1.14428,1.14418,1.14424,57
2019.01.09,01:02,1.14425,1.14432,1.14423,1.14427,69
2019.01.09,01:03,1.14427,1.14434,1.14427,1.14431,21
2019.01.09,01:04,1.14431,1.14439,1.14431,1.14439,20
2019.01.09,01:05,1.14439,1.14445,1.14438,1.14445,22
2019.01.09,01:06,1.14445,1.14448,1.14442,1.14442,14
2019.01.09,01:07,1.14443,1.14449,1.14442,1.14449,25
2019.01.09,01:08,1.1445,1.14455,1.14449,1.14453,25
2019.01.09,01:09,1.14453,1.14453,1.14451,1.14453,15
2019.01.09,01:10,1.1445,1.1445,1.14445,1.14447,18
2019.01.09,01:11,1.14447,1.14449,1.14446,1.14448,16
2019.01.09,01:12,1.14448,1.14448,1.14444,1.14447,20
2019.01.09,01:13,1.14444,1.14445,1.14444,1.14444,11
2019.01.09,01:14,1.14445,1.14445,1.14441,1.14443,16
2019.01.09,01:15,1.14442,1.14444,1.14442,1.14444,17
2019.01.09,01:16,1.14444,1.14446,1.14442,1.14445,19
2019.01.09,01:17,1.14446,1.14447,1.14445,1.14447,11
2019.01.09,01:18,1.14449,1.14456,1.14447,1.14456,25
2019.01.09,01:19,1.14459,1.14459,1.14456,1.14457,22
2019.01.09,01:20,1.14457,1.1446,1.14455,1.14456,13
2019.01.09,01:21,1.14455,1.14455,1.14453,1.14453,5
2019.01.09,01:22,1.14453,1.14453,1.14453,1.14453,8
2019.01.09,01:23,1.14453,1.14461,1.14453,1.1446,13
2019.01.09,01:24,1.14459,1.14462,1.14459,1.14462,18
2019.01.09,01:25,1.14462,1.14468,1.14462,1.14467,32
2019.01.09,01:26,1.14466,1.14468,1.14466,1.14468,11
2019.01.09,01:27,1.14467,1.14479,1.14466,1.14473,21
2019.01.09,01:28,1.14471,1.14473,1.1447,1.1447,18
2019.01.09,01:29,1.14472,1.14473,1.1447,1.14472,16
2019.01.09,01:30,1.14472,1.14472,1.14469,1.14471,31
2019.01.09,01:31,1.14471,1.14471,1.14466,1.14466,13
2019.01.09,01:32,1.14466,1.14471,1.14466,1.14471,22
2019.01.09,01:33,1.14471,1.14471,1.14466,1.1447,27
2019.01.09,01:34,1.1447,1.1447,1.14468,1.14469,21
2019.01.09,01:35,1.1447,1.14471,1.14466,1.1447,21
2019.01.09,01:36,1.14475,1.1448,1.14475,1.14478,26
2019.01.09,01:37,1.14478,1.14483,1.14478,1.14482,25
2019.01.09,01:38,1.14483,1.14491,1.14481,1.14491,25
2019.01.09,01:39,1.14491,1.14492,1.14489,1.14489,24
2019.01.09,01:40,1.14487,1.14493,1.14486,1.14492,36
2019.01.09,01:41,1.14491,1.14495,1.14487,1.14494,32
2019.01.09,01:42,1.14495,1.14499,1.14494,1.14495,17
2019.01.09,01:43,1.14495,1.1451,1.14495,1.14508,30
2019.01.09,01:44,1.14509,1.14511,1.14503,1.14511,36
2019.01.09,01:45,1.14509,1.14509,1.14498,1.14498,37
2019.01.09,01:46,1.14497,1.14501,1.14492,1.14493,26
2019.01.09,01:47,1.14494,1.14496,1.14494,1.14496,19
2019.01.09,01:48,1.14497,1.14501,1.14497,1.14499,24
2019.01.09,01:49,1.14499,1.14502,1.14498,1.14501,23
2019.01.09,01:50,1.14501,1.14505,1.14501,1.14503,12
2019.01.09,01:51,1.14502,1.14507,1.14501,1.14503,19
2019.01.09,01:52,1.14502,1.14519,1.14502,1.14514,36
2019.01.09,01:53,1.14513,1.14519,1.14512,1.14516,32
2019.01.09,01:54,1.14517,1.14537,1.14516,1.14535,37
2019.01.09,01:55,1.14534,1.14579,1.14534,1.14553,149
2019.01.09,01:56,1.14552,1.14569,1.14551,1.14559,73
2019.01.09,01:57,1.1456,1.14572,1.14558,1.14558,55
2019.01.09,01:58,1.14558,1.14558,1.14552,1.14552,35
2019.01.09,01:59,1.14551,1.14576,1.14551,1.14576,53
2019.01.09,02:00,1.1458,1.1458,1.14557,1.1456,82
2019.01.09,02:01,1.1456,1.14565,1.14552,1.1456,68
2019.01.09,02:02,1.1456,1.14562,1.14551,1.14553,38
2019.01.09,02:03,1.14553,1.14553,1.14537,1.14541,76
2019.01.09,02:04,1.14541,1.14546,1.1454,1.14546,25
2019.01.09,02:05,1.14545,1.14555,1.14545,1.14555,38
2019.01.09,02:06,1.14559,1.14578,1.14559,1.14578,71
2019.01.09,02:07,1.14579,1.14582,1.14577,1.14581,37
2019.01.09,02:08,1.14579,1.14579,1.14565,1.14567,27
2019.01.09,02:09,1.14566,1.14583,1.14566,1.14578,40
2019.01.09,02:10,1.14577,1.14578,1.14572,1.14574,47
2019.01.09,02:11,1.14573,1.14575,1.14563,1.1457,38
2019.01.09,02:12,1.14571,1.14582,1.14569,1.14582,72
2019.01.09,02:13,1.14582,1.14612,1.14582,1.14609,74
2019.01.09,02:14,1.1461,1.1462,1.14608,1.14616,55
2019.01.09,02:15,1.14615,1.14615,1.14596,1.146,65
2019.01.09,02:16,1.146,1.14609,1.146,1.14602,29
2019.01.09,02:17,1.14602,1.14602,1.14593,1.14595,38
2019.01.09,02:18,1.14594,1.14598,1.14592,1.14595,29
2019.01.09,02:19,1.14596,1.14596,1.14588,1.14592,49
2019.01.09,02:20,1.14591,1.14607,1.14588,1.14606,31
2019.01.09,02:21,1.14607,1.14616,1.14601,1.14605,53
2019.01.09,02:22,1.14605,1.14606,1.14599,1.146,37
2019.01.09,02:23,1.14599,1.14613,1.14598,1.14613,31
2019.01.09,02:24,1.14611,1.14612,1.14607,1.1461,29
2019.01.09,02:25,1.14611,1.14613,1.14597,1.14605,67
2019.01.09,02:26,1.14605,1.14606,1.14601,1.14602,39
2019.01.09,02:27,1.14602,1.14602,1.14588,1.14588,27
2019.01.09,02:28,1.14588,1.14594,1.14581,1.14592,57
2019.01.09,02:29,1.14591,1.14591,1.14577,1.1458,47
2019.01.09,02:30,1.1458,1.1458,1.14566,1.1457,133
2019.01.09,02:31,1.1457,1.14582,1.14563,1.14568,80
2019.01.09,02:32,1.14567,1.14582,1.14567,1.1458,46
2019.01.09,02:33,1.1458,1.14582,1.1458,1.14582,12
2019.01.09,02:34,1.14581,1.14582,1.14564,1.14576,58
2019.01.09,02:35,1.14576,1.14576,1.14571,1.14575,28
2019.01.09,02:36,1.14576,1.1458,1.14567,1.14567,30
2019.01.09,02:37,1.1457,1.1457,1.1455,1.14552,52
2019.01.09,02:38,1.14552,1.14556,1.14544,1.14552,72
2019.01.09,02:39,1.14551,1.14553,1.14541,1.14546,53
2019.01.09,02:40,1.14547,1.14554,1.14546,1.14552,25
2019.01.09,02:41,1.14552,1.14557,1.1455,1.14557,32
2019.01.09,02:42,1.14556,1.14557,1.14552,1.14552,26
2019.01.09,02:43,1.14553,1.14566,1.14553,1.14563,43
2019.01.09,02:44,1.14562,1.14563,1.14559,1.1456,25
2019.01.09,02:45,1.14562,1.14565,1.14561,1.14562,35
2019.01.09,02:46,1.14562,1.14564,1.1456,1.1456,24
2019.01.09,02:47,1.1456,1.14562,1.14559,1.14561,15
2019.01.09,02:48,1.14562,1.14563,1.14557,1.14563,30
2019.01.09,02:49,1.14562,1.14565,1.14552,1.14555,39
2019.01.09,02:50,1.14555,1.14556,1.14552,1.14555,47
2019.01.09,02:51,1.14555,1.14557,1.14542,1.14546,77
2019.01.09,02:52,1.14546,1.14547,1.14546,1.14546,11
2019.01.09,02:53,1.14545,1.14552,1.14545,1.14552,18
2019.01.09,02:54,1.14551,1.14567,1.14547,1.14552,80
2019.01.09,02:55,1.14548,1.14557,1.14547,1.14551,64
2019.01.09,02:56,1.14549,1.1455,1.14542,1.14549,59
2019.01.09,02:57,1.1455,1.14561,1.1455,1.14556,42
2019.01.09,02:58,1.14556,1.1456,1.14556,1.14556,50
2019.01.09,02:59,1.14556,1.14566,1.14556,1.14561,36
2019.01.09,03:00,1.1456,1.14575,1.14556,1.14574,55
2019.01.09,03:01,1.14573,1.14582,1.14573,1.14582,51
2019.01.09,03:02,1.14581,1.14587,1.14565,1.14566,37
2019.01.09,03:03,1.14566,1.14576,1.14566,1.14567,34
2019.01.09,03:04,1.14567,1.14567,1.1456,1.1456,31
2019.01.09,03:05,1.1456,1.1457,1.14559,1.14569,33
2019.01.09,03:06,1.1457,1.14582,1.1457,1.14578,31
2019.01.09,03:07,1.14577,1.14583,1.14577,1.14577,42
2019.01.09,03:08,1.14577,1.14577,1.14566,1.14567,30
2019.01.09,03:09,1.14567,1.14567,1.14561,1.14562,26
2019.01.09,03:10,1.14562,1.14564,1.1456,1.14561,28
2019.01.09,03:11,1.14562,1.14566,1.14556,1.14564,33
2019.01.09,03:12,1.14565,1.14567,1.14561,1.14565,23
2019.01.09,03:13,1.14565,1.14567,1.14561,1.14566,39
2019.01.09,03:14,1.14565,1.14571,1.1456,1.14571,32
2019.01.09,03:15,1.1457,1.14578,1.14561,1.14568,65
2019.01.09,03:16,1.14569,1.14572,1.14566,1.14572,50
2019.01.09,03:17,1.14573,1.14585,1.14573,1.14581,34
2019.01.09,03:18,1.1458,1.14583,1.14579,1.14579,30
2019.01.09,03:19,1.1458,1.1458,1.14574,1.14576,47
2019.01.09,03:20,1.14575,1.14577,1.1457,1.14573,66
2019.01.09,03:21,1.14573,1.14578,1.14572,1.14577,36
2019.01.09,03:22,1.14577,1.14581,1.14576,1.14577,42
2019.01.09,03:23,1.14578,1.14581,1.14577,1.14578,23
2019.01.09,03:24,1.14577,1.14578,1.1457,1.14572,29
2019.01.09,03:25,1.14572,1.14572,1.14561,1.14562,29
2019.01.09,03:26,1.14561,1.14567,1.14559,1.14564,38
2019.01.09,03:27,1.14564,1.14564,1.14554,1.14558,31
2019.01.09,03:28,1.14558,1.1456,1.14557,1.1456,37
2019.01.09,03:29,1.14559,1.1457,1.14558,1.14566,34
2019.01.09,03:30,1.14566,1.14583,1.14566,1.1458,68
2019.01.09,03:31,1.1458,1.14591,1.14576,1.1459,36
2019.01.09,03:32,1.1459,1.14628,1.1459,1.14626,98
2019.01.09,03:33,1.14625,1.1463,1.14617,1.14628,59
2019.01.09,03:34,1.14628,1.14632,1.14622,1.14624,88
2019.01.09,03:35,1.14623,1.14643,1.14623,1.14643,108
2019.01.09,03:36,1.14643,1.14659,1.1464,1.14643,93
2019.01.09,03:37,1.14641,1.14642,1.14632,1.14632,61
2019.01.09,03:38,1.14631,1.14637,1.14631,1.14636,18
2019.01.09,03:39,1.14632,1.14638,1.1463,1.14631,34
2019.01.09,03:40,1.14635,1.14652,1.14631,1.14648,91
2019.01.09,03:41,1.14648,1.14652,1.14634,1.14635,53
2019.01.09,03:42,1.14636,1.1464,1.14635,1.14637,30
2019.01.09,03:43,1.14637,1.14638,1.14621,1.14635,55
2019.01.09,03:44,1.14636,1.14644,1.14631,1.14642,68
2019.01.09,03:45,1.14642,1.14647,1.1464,1.14644,49
2019.01.09,03:46,1.14643,1.14645,1.14641,1.14644,35
2019.01.09,03:47,1.14645,1.14661,1.14645,1.14652,65
2019.01.09,03:48,1.14651,1.14656,1.1465,1.14654,46
2019.01.09,03:49,1.14655,1.14655,1.1464,1.1464,31
2019.01.09,03:50,1.14639,1.14639,1.14631,1.14631,44
2019.01.09,03:51,1.1463,1.1463,1.14626,1.14628,23
2019.01.09,03:52,1.1463,1.14633,1.1463,1.1463,34
2019.01.09,03:53,1.1463,1.14632,1.14616,1.14616,34
2019.01.09,03:54,1.14618,1.14623,1.14618,1.1462,47
2019.01.09,03:55,1.1462,1.1462,1.14611,1.14611,59
2019.01.09,03:56,1.1461,1.14613,1.14609,1.14609,18
2019.01.09,03:57,1.14609,1.14613,1.14604,1.14604,40
2019.01.09,03:58,1.14604,1.14605,1.14595,1.146,44
2019.01.09,03:59,1.14599,1.146,1.14575,1.14575,60
2019.01.09,04:00,1.14576,1.14604,1.14576,1.14594,79
2019.01.09,04:01,1.14592,1.14595,1.14586,1.14587,34
2019.01.09,04:02,1.14587,1.14589,1.1458,1.14585,35
2019.01.09,04:03,1.14585,1.14585,1.1458,1.14585,21
2019.01.09,04:04,1.14585,1.14585,1.14585,1.14585,14
2019.01.09,04:05,1.14585,1.1459,1.14585,1.1459,20
2019.01.09,04:06,1.1459,1.1459,1.1458,1.14585,32
2019.01.09,04:07,1.14588,1.1459,1.1458,1.1458,54
2019.01.09,04:08,1.1458,1.14581,1.14579,1.1458,10
2019.01.09,04:09,1.1458,1.1458,1.14571,1.14571,17
2019.01.09,04:10,1.14572,1.14579,1.14571,1.14576,43
2019.01.09,04:11,1.14576,1.14576,1.14565,1.14565,22
2019.01.09,04:12,1.14564,1.14564,1.14546,1.14549,84
2019.01.09,04:13,1.14548,1.14559,1.14546,1.1455,83
2019.01.09,04:14,1.1455,1.14556,1.14538,1.14543,56
2019.01.09,04:15,1.14545,1.14546,1.14538,1.1454,49
2019.01.09,04:16,1.1454,1.14542,1.14533,1.14535,48
2019.01.09,04:17,1.14536,1.14539,1.14532,1.14539,22
2019.01.09,04:18,1.1454,1.14543,1.14535,1.14536,22
2019.01.09,04:19,1.14537,1.14553,1.14537,1.14553,45
2019.01.09,04:20,1.14554,1.14557,1.1455,1.14552,36
2019.01.09,04:21,1.14552,1.14555,1.14551,1.14552,17
2019.01.09,04:22,1.14552,1.14555,1.14548,1.14551,35
2019.01.09,04:23,1.14551,1.14554,1.14551,1.14552,25
2019.01.09,04:24,1.14552,1.14553,1.14534,1.14542,46
2019.01.09,04:25,1.14543,1.14544,1.14534,1.14534,35
2019.01.09,04:26,1.14532,1.1454,1.14532,1.14534,24
2019.01.09,04:27,1.14535,1.14535,1.14518,1.1452,39
2019.01.09,04:28,1.14521,1.14528,1.14519,1.14524,36
2019.01.09,04:29,1.14523,1.14524,1.14505,1.14509,47
2019.01.09,04:30,1.14508,1.14514,1.14505,1.14509,56
2019.01.09,04:31,1.14509,1.1452,1.14508,1.14517,38
2019.01.09,04:32,1.14519,1.14525,1.14519,1.14525,38
2019.01.09,04:33,1.14525,1.14531,1.14525,1.1453,15
2019.01.09,04:34,1.1453,1.14532,1.14526,1.14532,21
2019.01.09,04:35,1.14533,1.14539,1.14529,1.1453,44
2019.01.09,04:36,1.14531,1.14543,1.14531,1.14538,40
2019.01.09,04:37,1.14537,1.14544,1.14537,1.14541,39
2019.01.09,04:38,1.14542,1.14542,1.14522,1.14527,73
2019.01.09,04:39,1.14526,1.14532,1.14526,1.14531,59
2019.01.09,04:40,1.14532,1.14537,1.14531,1.14532,40
2019.01.09,04:41,1.14532,1.14539,1.14527,1.14539,71
2019.01.09,04:42,1.14538,1.14559,1.14535,1.14553,123
2019.01.09,04:43,1.14554,1.14554,1.14541,1.14551,65
2019.01.09,04:44,1.14551,1.14552,1.14545,1.14546,35
2019.01.09,04:45,1.14547,1.14548,1.14542,1.14544,54
2019.01.09,04:46,1.14545,1.14553,1.14542,1.14548,60
2019.01.09,04:47,1.14549,1.14557,1.14546,1.1455,60
2019.01.09,04:48,1.1455,1.14554,1.1455,1.14552,34
2019.01.09,04:49,1.14552,1.14553,1.14535,1.14538,49
2019.01.09,04:50,1.14538,1.14538,1.14531,1.14531,40
2019.01.09,04:51,1.14531,1.14531,1.14509,1.14509,67
2019.01.09,04:52,1.1451,1.14511,1.14485,1.14487,71
2019.01.09,04:53,1.14488,1.14505,1.14487,1.14504,51
2019.01.09,04:54,1.14502,1.14504,1.145,1.14503,38
2019.01.09,04:55,1.14502,1.14503,1.14501,1.14502,17
2019.01.09,04:56,1.14501,1.14504,1.14493,1.14494,41
2019.01.09,04:57,1.14495,1.14506,1.14495,1.14504,60
2019.01.09,04:58,1.14505,1.14514,1.14501,1.14514,45
2019.01.09,04:59,1.14515,1.14519,1.14513,1.14516,42
2019.01.09,05:00,1.14516,1.14526,1.14516,1.14525,57
2019.01.09,05:01,1.14525,1.14527,1.14517,1.14527,47
2019.01.09,05:02,1.14526,1.14527,1.14521,1.14522,35
2019.01.09,05:03,1.14522,1.14533,1.14522,1.14532,28
2019.01.09,05:04,1.14532,1.14532,1.14532,1.14532,1
2019.01.09,05:05,1.14533,1.14534,1.14532,1.14532,16
2019.01.09,05:06,1.14532,1.14537,1.14532,1.14536,18
2019.01.09,05:07,1.14536,1.14542,1.14536,1.14542,16
2019.01.09,05:08,1.14543,1.14553,1.14537,1.14551,42
2019.01.09,05:09,1.14551,1.14565,1.14551,1.1456,48
2019.01.09,05:10,1.1456,1.1456,1.14555,1.14557,15
2019.01.09,05:11,1.14557,1.14558,1.14551,1.14553,27
2019.01.09,05:12,1.14554,1.14559,1.14554,1.14557,34
2019.01.09,05:13,1.1456,1.1457,1.1456,1.14567,33
2019.01.09,05:14,1.14567,1.14567,1.14562,1.14564,25
2019.01.09,05:15,1.14563,1.14567,1.14555,1.14555,51
2019.01.09,05:16,1.14558,1.14567,1.14555,1.14567,34
2019.01.09,05:17,1.14566,1.14574,1.14565,1.14574,23
2019.01.09,05:18,1.14573,1.14585,1.14573,1.14585,30
2019.01.09,05:19,1.14584,1.1459,1.14584,1.1459,29
2019.01.09,05:20,1.1459,1.14593,1.14586,1.14591,41
2019.01.09,05:21,1.14591,1.14591,1.14576,1.14576,41
2019.01.09,05:22,1.14577,1.14586,1.14577,1.14582,24
2019.01.09,05:23,1.14585,1.14591,1.14585,1.14587,27
2019.01.09,05:24,1.14584,1.14584,1.14579,1.1458,9
2019.01.09,05:25,1.14578,1.14579,1.1457,1.14572,26
2019.01.09,05:26,1.14573,1.14576,1.14569,1.14571,21
2019.01.09,05:27,1.14572,1.14572,1.14562,1.14564,32
2019.01.09,05:28,1.14563,1.14565,1.14558,1.14561,33
2019.01.09,05:29,1.14561,1.14561,1.14552,1.14554,37
2019.01.09,05:30,1.14555,1.14558,1.14551,1.14558,23
2019.01.09,05:31,1.14558,1.14567,1.14558,1.14566,29
2019.01.09,05:32,1.14566,1.14569,1.14563,1.14566,17
2019.01.09,05:33,1.14565,1.14571,1.14562,1.14562,58
2019.01.09,05:34,1.14564,1.14572,1.14563,1.14572,36
2019.01.09,05:35,1.14573,1.14574,1.14567,1.14574,21
2019.01.09,05:36,1.14574,1.14587,1.14571,1.14583,35
2019.01.09,05:37,1.14583,1.1459,1.14577,1.14586,37
2019.01.09,05:38,1.14585,1.14592,1.14585,1.14592,34
2019.01.09,05:39,1.14591,1.14592,1.14589,1.14591,16
2019.01.09,05:40,1.14591,1.14592,1.14587,1.14591,22
2019.01.09,05:41,1.14592,1.14596,1.14592,1.14593,39
2019.01.09,05:42,1.14595,1.14597,1.14587,1.14592,36
2019.01.09,05:43,1.14593,1.14593,1.14576,1.14577,38
2019.01.09,05:44,1.14578,1.14578,1.14577,1.14577,3
2019.01.09,05:45,1.14576,1.14579,1.14576,1.14579,20
2019.01.09,05:46,1.1458,1.14586,1.14572,1.14574,31
2019.01.09,05:47,1.14573,1.14582,1.14572,1.14574,42
2019.01.09,05:48,1.14572,1.14572,1.14567,1.14567,21
2019.01.09,05:49,1.1457,1.14572,1.14568,1.14572,16
2019.01.09,05:50,1.14571,1.14572,1.14571,1.14572,5
2019.01.09,05:51,1.14571,1.14571,1.14567,1.14567,20
2019.01.09,05:52,1.14567,1.14568,1.14562,1.14567,49
2019.01.09,05:53,1.14566,1.14567,1.14564,1.14565,10
2019.01.09,05:54,1.14565,1.14565,1.14561,1.14563,36
2019.01.09,05:55,1.14563,1.14563,1.1456,1.1456,7
2019.01.09,05:56,1.14561,1.14572,1.14561,1.14566,46
2019.01.09,05:57,1.14567,1.14573,1.14565,1.14571,50
2019.01.09,05:58,1.14572,1.14574,1.14562,1.14562,41
2019.01.09,05:59,1.14562,1.14563,1.14541,1.14543,73
2019.01.09,06:00,1.14542,1.14554,1.14541,1.14544,64
2019.01.09,06:01,1.14546,1.14551,1.14546,1.14549,26
2019.01.09,06:02,1.1455,1.14556,1.1455,1.14554,28
2019.01.09,06:03,1.14554,1.14555,1.1455,1.14552,15
2019.01.09,06:04,1.14554,1.14555,1.14545,1.14545,24
2019.01.09,06:05,1.14544,1.14544,1.14538,1.14541,27
2019.01.09,06:06,1.1454,1.14546,1.14536,1.14537,39
2019.01.09,06:07,1.14537,1.14538,1.14536,1.14536,5
2019.01.09,06:08,1.14537,1.14541,1.14536,1.14536,17
2019.01.09,06:09,1.14535,1.14538,1.14535,1.14538,11
2019.01.09,06:10,1.14539,1.14542,1.14521,1.14522,49
2019.01.09,06:11,1.14522,1.14527,1.14522,1.14526,21
2019.01.09,06:12,1.14523,1.14527,1.14521,1.14525,10
2019.01.09,06:13,1.14525,1.14531,1.14525,1.14531,11
2019.01.09,06:14,1.14528,1.14533,1.14526,1.14532,20
2019.01.09,06:15,1.14532,1.14532,1.14522,1.14522,21
2019.01.09,06:16,1.14524,1.14533,1.14522,1.14527,36
2019.01.09,06:17,1.14526,1.14527,1.14526,1.14527,10
2019.01.09,06:18,1.14529,1.14532,1.14522,1.14524,22
2019.01.09,06:19,1.14525,1.14527,1.14524,1.14525,10
2019.01.09,06:20,1.14526,1.14528,1.14526,1.14528,13
2019.01.09,06:21,1.14529,1.14529,1.14527,1.14528,13
2019.01.09,06:22,1.14527,1.14529,1.14526,1.14527,10
2019.01.09,06:23,1.14526,1.14536,1.14524,1.14536,36
2019.01.09,06:24,1.14536,1.14536,1.1453,1.14536,40
2019.01.09,06:25,1.14536,1.14537,1.14534,1.14535,22
2019.01.09,06:26,1.14535,1.14538,1.14535,1.14537,24
2019.01.09,06:27,1.14537,1.14537,1.14532,1.14534,20
2019.01.09,06:28,1.14535,1.1454,1.14534,1.1454,28
2019.01.09,06:29,1.14541,1.14542,1.14537,1.14538,19
2019.01.09,06:30,1.14539,1.14541,1.14537,1.14537,13
2019.01.09,06:31,1.14539,1.14547,1.14537,1.14545,18
2019.01.09,06:32,1.14545,1.14549,1.14544,1.14546,12
2019.01.09,06:33,1.14545,1.14548,1.14544,1.14548,24
2019.01.09,06:34,1.14547,1.14558,1.14547,1.14553,26
2019.01.09,06:35,1.14554,1.14558,1.1455,1.14558,40
2019.01.09,06:36,1.14558,1.14563,1.14557,1.14558,31
2019.01.09,06:37,1.14558,1.14558,1.14554,1.14557,25
2019.01.09,06:38,1.14557,1.14562,1.14557,1.14558,29
2019.01.09,06:39,1.14558,1.14561,1.14553,1.14553,36
2019.01.09,06:40,1.14554,1.14558,1.14553,1.14553,24
2019.01.09,06:41,1.14554,1.14559,1.14554,1.14559,18
2019.01.09,06:42,1.14557,1.14559,1.14557,1.14558,13
2019.01.09,06:43,1.14559,1.14559,1.14555,1.14555,14
2019.01.09,06:44,1.14555,1.14557,1.14545,1.14548,26
2019.01.09,06:45,1.14548,1.14555,1.14547,1.14554,26
2019.01.09,06:46,1.14553,1.14555,1.14547,1.14547,29
2019.01.09,06:47,1.14547,1.14547,1.14543,1.14546,24
2019.01.09,06:48,1.14546,1.14555,1.14546,1.14555,24
2019.01.09,06:49,1.14555,1.14557,1.14549,1.14552,33
2019.01.09,06:50,1.14551,1.14554,1.14549,1.1455,18
2019.01.09,06:51,1.14552,1.14552,1.14551,1.14551,6
2019.01.09,06:52,1.14552,1.14553,1.14547,1.14549,26
2019.01.09,06:53,1.14549,1.14554,1.14547,1.14547,27
2019.01.09,06:54,1.14544,1.14546,1.14544,1.14544,12
2019.01.09,06:55,1.14545,1.14552,1.14544,1.14551,24
2019.01.09,06:56,1.14551,1.14552,1.14542,1.14545,39
2019.01.09,06:57,1.14543,1.14554,1.14537,1.14554,38
2019.01.09,06:58,1.14556,1.14577,1.14554,1.14576,96
2019.01.09,06:59,1.14576,1.14599,1.14576,1.14598,122
2019.01.09,07:00,1.14598,1.14623,1.14597,1.14621,108
2019.01.09,07:01,1.14621,1.14629,1.1462,1.1462,73
2019.01.09,07:02,1.1462,1.14632,1.14618,1.14624,62
2019.01.09,07:03,1.14624,1.14624,1.14616,1.14616,27
2019.01.09,07:04,1.14616,1.14616,1.14597,1.14597,41
2019.01.09,07:05,1.14599,1.14608,1.14599,1.14607,28
2019.01.09,07:06,1.14608,1.14609,1.146,1.146,21
2019.01.09,07:07,1.146,1.14611,1.14598,1.14607,28
2019.01.09,07:08,1.14606,1.14606,1.14597,1.14603,33
2019.01.09,07:09,1.14605,1.14605,1.14597,1.14598,21
2019.01.09,07:10,1.14599,1.14603,1.14598,1.14603,13
2019.01.09,07:11,1.14602,1.14602,1.14589,1.1459,40
2019.01.09,07:12,1.14589,1.14597,1.14589,1.14597,31
2019.01.09,07:13,1.14597,1.14598,1.14592,1.14592,19
2019.01.09,07:14,1.14591,1.14596,1.14586,1.1459,61
2019.01.09,07:15,1.14589,1.14592,1.14587,1.14588,44
2019.01.09,07:16,1.1459,1.1459,1.14587,1.14587,7
2019.01.09,07:17,1.14587,1.14589,1.14586,1.14586,20
2019.01.09,07:18,1.14586,1.14592,1.14586,1.14591,16
2019.01.09,07:19,1.14591,1.14596,1.14586,1.1459,29
2019.01.09,07:20,1.14591,1.14594,1.14586,1.14587,23
2019.01.09,07:21,1.14586,1.14586,1.14581,1.14584,9
2019.01.09,07:22,1.14585,1.14592,1.14584,1.14588,32
2019.01.09,07:23,1.14587,1.14588,1.14581,1.14581,24
2019.01.09,07:24,1.14581,1.14586,1.14577,1.14583,48
2019.01.09,07:25,1.14583,1.14586,1.14576,1.14586,30
2019.01.09,07:26,1.14585,1.14585,1.14571,1.14581,27
2019.01.09,07:27,1.14581,1.14586,1.14581,1.14586,21
2019.01.09,07:28,1.14585,1.14585,1.14575,1.14576,37
2019.01.09,07:29,1.14575,1.14582,1.14575,1.1458,17
2019.01.09,07:30,1.14581,1.14589,1.1458,1.14586,40
2019.01.09,07:31,1.14586,1.14586,1.14573,1.14575,16
2019.01.09,07:32,1.14575,1.14582,1.14571,1.14581,25
2019.01.09,07:33,1.1458,1.1458,1.14572,1.14576,26
2019.01.09,07:34,1.14574,1.14574,1.14571,1.14572,9
2019.01.09,07:35,1.14572,1.14572,1.14571,1.14571,8
2019.01.09,07:36,1.1457,1.14571,1.1457,1.14571,2
2019.01.09,07:37,1.14572,1.14577,1.14572,1.14577,21
2019.01.09,07:38,1.14577,1.14578,1.14572,1.14572,18
2019.01.09,07:39,1.14572,1.14579,1.14572,1.14578,19
2019.01.09,07:40,1.14577,1.14581,1.14576,1.14577,53
2019.01.09,07:41,1.14577,1.1459,1.14576,1.14587,54
2019.01.09,07:42,1.14587,1.14587,1.14587,1.14587,13
2019.01.09,07:43,1.1459,1.14591,1.14587,1.14587,16
2019.01.09,07:44,1.14587,1.1459,1.14579,1.14584,28
2019.01.09,07:45,1.14584,1.14586,1.14581,1.14582,17
2019.01.09,07:46,1.14581,1.14587,1.14581,1.14585,20
2019.01.09,07:47,1.14586,1.14589,1.14582,1.14585,27
2019.01.09,07:48,1.14583,1.14625,1.1458,1.14622,71
2019.01.09,07:49,1.14622,1.14626,1.14616,1.14626,58
2019.01.09,07:50,1.14626,1.14641,1.14625,1.14629,57
2019.01.09,07:51,1.14628,1.14628,1.14613,1.14623,49
2019.01.09,07:52,1.14623,1.14623,1.14614,1.14621,38
2019.01.09,07:53,1.14621,1.14621,1.14603,1.14608,50
2019.01.09,07:54,1.14608,1.1461,1.14597,1.14598,58
2019.01.09,07:55,1.14598,1.14601,1.14596,1.14601,37
2019.01.09,07:56,1.14601,1.14602,1.14596,1.14599,26
2019.01.09,07:57,1.14599,1.146,1.14596,1.14597,28
2019.01.09,07:58,1.14597,1.14604,1.14597,1.14602,28
2019.01.09,07:59,1.14601,1.14606,1.14598,1.14606,46
2019.01.09,08:00,1.14607,1.14607,1.14591,1.14593,43
2019.01.09,08:01,1.14593,1.14593,1.1458,1.14582,28
2019.01.09,08:02,1.14581,1.14582,1.14569,1.1457,56
2019.01.09,08:03,1.14569,1.14575,1.14567,1.14572,34
2019.01.09,08:04,1.14571,1.14573,1.14562,1.14566,43
2019.01.09,08:05,1.14567,1.14567,1.14558,1.14559,36
2019.01.09,08:06,1.14559,1.14562,1.14556,1.1456,49
2019.01.09,08:07,1.14559,1.14567,1.14556,1.14567,73
2019.01.09,08:08,1.14567,1.14596,1.14566,1.14577,52
2019.01.09,08:09,1.14579,1.14582,1.14579,1.14582,19
2019.01.09,08:10,1.14582,1.14582,1.14576,1.14576,16
2019.01.09,08:11,1.14577,1.14581,1.14575,1.14579,30
2019.01.09,08:12,1.14579,1.1458,1.14571,1.14571,17
2019.01.09,08:13,1.14571,1.14571,1.1456,1.14561,43
2019.01.09,08:14,1.14563,1.14567,1.1456,1.14561,29
2019.01.09,08:15,1.1456,1.14578,1.1456,1.14577,49
2019.01.09,08:16,1.14576,1.14583,1.14574,1.14579,33
2019.01.09,08:17,1.1458,1.14582,1.14578,1.14579,29
2019.01.09,08:18,1.14579,1.1458,1.14577,1.14579,13
2019.01.09,08:19,1.14579,1.14579,1.14573,1.14577,23
2019.01.09,08:20,1.14577,1.14581,1.14574,1.14575,33
2019.01.09,08:21,1.14574,1.14575,1.14561,1.14562,31
2019.01.09,08:22,1.14561,1.14571,1.14561,1.14571,17
2019.01.09,08:23,1.14571,1.14577,1.1457,1.14575,23
2019.01.09,08:24,1.14575,1.14575,1.14566,1.14568,27
2019.01.09,08:25,1.14567,1.14578,1.14567,1.14578,36
2019.01.09,08:26,1.14582,1.14607,1.14582,1.14607,48
2019.01.09,08:27,1.14606,1.14635,1.14601,1.14631,124
2019.01.09,08:28,1.14631,1.14648,1.14624,1.14641,99
2019.01.09,08:29,1.14642,1.14642,1.14627,1.14628,65
2019.01.09,08:30,1.14629,1.14637,1.14627,1.14629,63
2019.01.09,08:31,1.1463,1.1463,1.14602,1.14602,58
2019.01.09,08:32,1.14604,1.14604,1.14591,1.14595,37
2019.01.09,08:33,1.14593,1.14597,1.14586,1.14588,45
2019.01.09,08:34,1.1459,1.14612,1.1459,1.1461,38
2019.01.09,08:35,1.14608,1.14608,1.14592,1.14595,23
2019.01.09,08:36,1.14593,1.14593,1.14576,1.14577,28
2019.01.09,08:37,1.14576,1.14586,1.14576,1.14583,25
2019.01.09,08:38,1.14584,1.14584,1.14581,1.14582,15
2019.01.09,08:39,1.14581,1.14581,1.14575,1.14575,16
2019.01.09,08:40,1.14575,1.14575,1.14565,1.14565,30
2019.01.09,08:41,1.14566,1.14586,1.14565,1.14585,38
2019.01.09,08:42,1.14586,1.14602,1.14586,1.14602,23
2019.01.09,08:43,1.14601,1.14605,1.14598,1.14598,27
2019.01.09,08:44,1.14599,1.14602,1.14597,1.146,33
2019.01.09,08:45,1.146,1.14608,1.14599,1.14606,27
2019.01.09,08:46,1.14609,1.14611,1.14601,1.14611,35
2019.01.09,08:47,1.14611,1.14611,1.14602,1.14606,31
2019.01.09,08:48,1.14605,1.14605,1.14598,1.146,26
2019.01.09,08:49,1.14599,1.146,1.14591,1.14595,36
2019.01.09,08:50,1.14595,1.14595,1.14591,1.14591,18
2019.01.09,08:51,1.14592,1.14598,1.14591,1.14592,22
2019.01.09,08:52,1.14593,1.14595,1.14592,1.14595,10
2019.01.09,08:53,1.14596,1.14597,1.14596,1.14597,7
2019.01.09,08:54,1.14596,1.14605,1.14596,1.14604,37
2019.01.09,08:55,1.14603,1.14609,1.14603,1.14603,44
2019.01.09,08:56,1.14602,1.14603,1.14592,1.14592,35
2019.01.09,08:57,1.14593,1.14597,1.14589,1.14597,18
2019.01.09,08:58,1.14595,1.14597,1.1459,1.14591,43
2019.01.09,08:59,1.1459,1.14591,1.14586,1.14586,21
2019.01.09,09:00,1.14586,1.14594,1.14552,1.14553,91
2019.01.09,09:01,1.14553,1.14577,1.14553,1.14577,46
2019.01.09,09:02,1.14576,1.14592,1.1456,1.14573,97
2019.01.09,09:03,1.14572,1.14574,1.14571,1.14572,28
2019.01.09,09:04,1.14571,1.14585,1.14571,1.14585,39
2019.01.09,09:05,1.14585,1.14597,1.14581,1.14593,63
2019.01.09,09:06,1.14593,1.14638,1.14593,1.14632,119
2019.01.09,09:07,1.14631,1.14631,1.14609,1.14609,63
2019.01.09,09:08,1.1461,1.1461,1.14592,1.14596,60
2019.01.09,09:09,1.14595,1.14619,1.14587,1.14617,65
2019.01.09,09:10,1.14616,1.14616,1.14588,1.14588,41
2019.01.09,09:11,1.14586,1.14586,1.14561,1.14561,47
2019.01.09,09:12,1.14562,1.1463,1.14543,1.14617,176
2019.01.09,09:13,1.14617,1.14623,1.14589,1.1461,125
2019.01.09,09:14,1.14611,1.14646,1.14597,1.14644,116
2019.01.09,09:15,1.14646,1.14652,1.14641,1.14648,119
2019.01.09,09:16,1.14649,1.14654,1.14618,1.14619,93
2019.01.09,09:17,1.14619,1.14645,1.14619,1.1462,109
2019.01.09,09:18,1.14621,1.14629,1.14615,1.14624,54
2019.01.09,09:19,1.14627,1.14644,1.14627,1.14633,75
2019.01.09,09:20,1.14632,1.14638,1.14623,1.14623,41
2019.01.09,09:21,1.14621,1.14625,1.14618,1.14619,28
2019.01.09,09:22,1.14618,1.14634,1.14611,1.14631,53
2019.01.09,09:23,1.14632,1.14635,1.14613,1.14619,59
2019.01.09,09:24,1.1462,1.14637,1.14618,1.14619,59
2019.01.09,09:25,1.14618,1.14647,1.14617,1.14647,84
2019.01.09,09:26,1.14647,1.14659,1.1464,1.14645,73
2019.01.09,09:27,1.14645,1.14654,1.14643,1.14653,59
2019.01.09,09:28,1.14654,1.14674,1.14652,1.14669,97
2019.01.09,09:29,1.14671,1.14677,1.14661,1.14661,84
2019.01.09,09:30,1.14661,1.14668,1.14656,1.14661,67
2019.01.09,09:31,1.14661,1.14661,1.14646,1.14648,82
2019.01.09,09:32,1.14649,1.14653,1.14642,1.14642,32
2019.01.09,09:33,1.14639,1.14649,1.14637,1.14638,74
2019.01.09,09:34,1.14637,1.1466,1.14636,1.14644,65
2019.01.09,09:35,1.14644,1.14662,1.14644,1.14657,62
2019.01.09,09:36,1.14661,1.14698,1.14657,1.14693,107
2019.01.09,09:37,1.14693,1.14694,1.14665,1.1468,131
2019.01.09,09:38,1.14679,1.14687,1.1467,1.14686,96
2019.01.09,09:39,1.14686,1.14693,1.1468,1.14684,87
2019.01.09,09:40,1.14684,1.14684,1.14661,1.14678,58
2019.01.09,09:41,1.14678,1.14685,1.14666,1.14669,52
2019.01.09,09:42,1.14668,1.14678,1.14661,1.14674,91
2019.01.09,09:43,1.14675,1.14692,1.14672,1.14672,69
2019.01.09,09:44,1.14674,1.1468,1.14664,1.14666,65
2019.01.09,09:45,1.14668,1.14673,1.1466,1.1466,69
2019.01.09,09:46,1.14662,1.14695,1.14662,1.14691,96
2019.01.09,09:47,1.14692,1.14709,1.14683,1.14709,104
2019.01.09,09:48,1.14712,1.14785,1.14709,1.14764,252
2019.01.09,09:49,1.14765,1.14781,1.14745,1.14747,144
2019.01.09,09:50,1.14748,1.14757,1.14729,1.14742,110
2019.01.09,09:51,1.14741,1.14752,1.14736,1.1474,72
2019.01.09,09:52,1.14742,1.14761,1.14731,1.14761,100
2019.01.09,09:53,1.1476,1.1476,1.1472,1.14724,84
2019.01.09,09:54,1.14725,1.1473,1.14708,1.14714,86
2019.01.09,09:55,1.14713,1.14713,1.1469,1.1469,72
2019.01.09,09:56,1.14688,1.14688,1.1467,1.14674,105
2019.01.09,09:57,1.14675,1.14681,1.14662,1.14663,108
2019.01.09,09:58,1.14663,1.14673,1.14654,1.14663,100
2019.01.09,09:59,1.14664,1.14686,1.14634,1.14654,174
2019.01.09,10:00,1.14654,1.14714,1.14652,1.14663,179
2019.01.09,10:01,1.14664,1.14673,1.14637,1.14643,125
2019.01.09,10:02,1.14642,1.14674,1.14638,1.14674,116
2019.01.09,10:03,1.14674,1.14696,1.14674,1.14682,109
2019.01.09,10:04,1.14683,1.14695,1.14682,1.14683,74
2019.01.09,10:05,1.14682,1.14691,1.14664,1.14679,116
2019.01.09,10:06,1.14678,1.14717,1.14675,1.14716,114
2019.01.09,10:07,1.14717,1.14725,1.14685,1.14694,105
2019.01.09,10:08,1.14695,1.14698,1.14671,1.14695,122
2019.01.09,10:09,1.14694,1.14699,1.14668,1.14684,114
2019.01.09,10:10,1.14681,1.14693,1.14659,1.14679,139
2019.01.09,10:11,1.14679,1.14692,1.14663,1.14663,113
2019.01.09,10:12,1.14662,1.1467,1.14652,1.14654,117
2019.01.09,10:13,1.14653,1.14654,1.14609,1.14624,139
2019.01.09,10:14,1.14625,1.14651,1.14625,1.14635,117
2019.01.09,10:15,1.14638,1.14645,1.14632,1.14639,94
2019.01.09,10:16,1.14641,1.14643,1.14616,1.14625,88
2019.01.09,10:17,1.14626,1.14629,1.14618,1.14625,122
2019.01.09,10:18,1.14624,1.14642,1.14624,1.1464,95
2019.01.09,10:19,1.14643,1.14647,1.14639,1.14645,65
2019.01.09,10:20,1.14644,1.14655,1.14642,1.14654,72
2019.01.09,10:21,1.14655,1.14674,1.14649,1.14664,104
2019.01.09,10:22,1.14664,1.14668,1.14652,1.14654,97
2019.01.09,10:23,1.14655,1.14659,1.1465,1.14654,59
2019.01.09,10:24,1.14657,1.1466,1.14638,1.14638,101
2019.01.09,10:25,1.14638,1.14647,1.14633,1.14635,82
2019.01.09,10:26,1.14637,1.14648,1.14633,1.14646,79
2019.01.09,10:27,1.14645,1.14648,1.14618,1.14619,83
2019.01.09,10:28,1.14619,1.14635,1.14619,1.14635,81
2019.01.09,10:29,1.14635,1.14646,1.14627,1.14638,84
2019.01.09,10:30,1.14638,1.14654,1.14634,1.14634,127
2019.01.09,10:31,1.14635,1.14658,1.14624,1.14648,97
2019.01.09,10:32,1.14649,1.14649,1.14635,1.14635,74
2019.01.09,10:33,1.14634,1.14645,1.14628,1.14641,83
2019.01.09,10:34,1.14642,1.14643,1.14625,1.14629,85
2019.01.09,10:35,1.14628,1.14646,1.14627,1.14644,58
2019.01.09,10:36,1.14644,1.14648,1.14629,1.14641,86
2019.01.09,10:37,1.1464,1.14677,1.1464,1.14677,136
2019.01.09,10:38,1.14678,1.14691,1.14667,1.14669,114
2019.01.09,10:39,1.14669,1.14682,1.14668,1.14678,75
2019.01.09,10:40,1.14677,1.14696,1.14676,1.14689,104
2019.01.09,10:41,1.14691,1.14695,1.14684,1.1469,56
2019.01.09,10:42,1.14691,1.14705,1.14688,1.14702,66
2019.01.09,10:43,1.14704,1.14718,1.14704,1.14715,97
2019.01.09,10:44,1.14714,1.14716,1.14702,1.14704,81
2019.01.09,10:45,1.14703,1.14703,1.14687,1.1469,67
2019.01.09,10:46,1.1469,1.14723,1.1469,1.14723,97
2019.01.09,10:47,1.14722,1.14723,1.14713,1.14715,69
2019.01.09,10:48,1.14714,1.14749,1.14712,1.14738,106
2019.01.09,10:49,1.14737,1.14743,1.14726,1.14731,77
2019.01.09,10:50,1.14733,1.14747,1.14732,1.14746,95
2019.01.09,10:51,1.14747,1.1476,1.14716,1.14717,144
2019.01.09,10:52,1.14718,1.14727,1.14711,1.14713,134
2019.01.09,10:53,1.14712,1.14723,1.14701,1.14702,93
2019.01.09,10:54,1.14702,1.14702,1.14682,1.14693,127
2019.01.09,10:55,1.14696,1.147,1.14671,1.14677,116
2019.01.09,10:56,1.1468,1.14683,1.14655,1.14662,108
2019.01.09,10:57,1.14661,1.14662,1.14646,1.14654,81
2019.01.09,10:58,1.14655,1.14655,1.14637,1.14637,92
2019.01.09,10:59,1.14636,1.14636,1.14621,1.14633,98
2019.01.09,11:00,1.14632,1.14642,1.14619,1.14637,136
2019.01.09,11:01,1.14637,1.14639,1.14622,1.14623,89
2019.01.09,11:02,1.14623,1.14644,1.14623,1.14642,112
2019.01.09,11:03,1.1464,1.1464,1.14611,1.14617,104
2019.01.09,11:04,1.14612,1.14614,1.14565,1.14582,172
2019.01.09,11:05,1.14582,1.14586,1.14571,1.14579,99
2019.01.09,11:06,1.14581,1.14601,1.14581,1.146,105
2019.01.09,11:07,1.14599,1.14632,1.14599,1.14627,115
2019.01.09,11:08,1.14628,1.14637,1.14621,1.14633,75
2019.01.09,11:09,1.14635,1.14647,1.1463,1.14642,85
2019.01.09,11:10,1.14643,1.14653,1.14633,1.14635,100
2019.01.09,11:11,1.14634,1.14657,1.1463,1.14653,68
2019.01.09,11:12,1.14654,1.14657,1.14634,1.14642,98
2019.01.09,11:13,1.14642,1.14646,1.14634,1.14636,101
2019.01.09,11:14,1.14637,1.14638,1.1462,1.14627,74
2019.01.09,11:15,1.14625,1.14642,1.14624,1.14635,79
2019.01.09,11:16,1.14635,1.14647,1.14632,1.14647,91
2019.01.09,11:17,1.14647,1.14673,1.14645,1.14655,138
2019.01.09,11:18,1.14656,1.14658,1.14641,1.14655,96
2019.01.09,11:19,1.14657,1.1466,1.14642,1.14656,83
2019.01.09,11:20,1.1466,1.14667,1.14656,1.1466,86
2019.01.09,11:21,1.14659,1.14659,1.14631,1.14642,86
2019.01.09,11:22,1.14641,1.14648,1.14632,1.14647,72
2019.01.09,11:23,1.14647,1.14662,1.14647,1.14657,72
2019.01.09,11:24,1.14655,1.14678,1.14654,1.14674,103
2019.01.09,11:25,1.14674,1.14688,1.14669,1.14681,87
2019.01.09,11:26,1.1468,1.14687,1.14676,1.14678,76
2019.01.09,11:27,1.14677,1.14691,1.1467,1.14678,102
2019.01.09,11:28,1.1468,1.14687,1.14674,1.14686,51
2019.01.09,11:29,1.14686,1.14695,1.14682,1.14682,61
2019.01.09,11:30,1.1468,1.14685,1.1468,1.14682,35
2019.01.09,11:31,1.14681,1.14692,1.14676,1.14685,111
2019.01.09,11:32,1.14686,1.14716,1.14674,1.14711,89
2019.01.09,11:33,1.14711,1.14711,1.14652,1.14652,123
2019.01.09,11:34,1.14652,1.1468,1.14652,1.14677,78
2019.01.09,11:35,1.14676,1.14676,1.14667,1.14672,77
2019.01.09,11:36,1.14672,1.14689,1.14671,1.14682,67
2019.01.09,11:37,1.14683,1.14683,1.14658,1.14658,78
2019.01.09,11:38,1.14655,1.14657,1.14641,1.14646,94
2019.01.09,11:39,1.14647,1.14647,1.1463,1.14631,86
2019.01.09,11:40,1.14632,1.14645,1.14628,1.14643,90
2019.01.09,11:41,1.14645,1.14656,1.14643,1.1465,49
2019.01.09,11:42,1.14651,1.14661,1.1463,1.14649,81
2019.01.09,11:43,1.14651,1.1466,1.14641,1.14656,95
2019.01.09,11:44,1.14657,1.14672,1.14654,1.1467,55
2019.01.09,11:45,1.14668,1.1467,1.14648,1.14651,81
2019.01.09,11:46,1.1465,1.1465,1.14632,1.14635,97
2019.01.09,11:47,1.14634,1.1464,1.1462,1.14624,66
2019.01.09,11:48,1.14624,1.14626,1.14604,1.14605,61
2019.01.09,11:49,1.14604,1.14616,1.14592,1.14595,128
2019.01.09,11:50,1.14595,1.14597,1.14584,1.14593,92
2019.01.09,11:51,1.14593,1.146,1.14586,1.14592,77
2019.01.09,11:52,1.14593,1.14597,1.14578,1.14578,78
2019.01.09,11:53,1.14578,1.14593,1.14572,1.14586,102
2019.01.09,11:54,1.14586,1.14586,1.14559,1.14582,112
2019.01.09,11:55,1.14583,1.1459,1.14572,1.14585,100
2019.01.09,11:56,1.14588,1.14597,1.14581,1.14583,93
2019.01.09,11:57,1.14584,1.1459,1.14577,1.1459,48
2019.01.09,11:58,1.14591,1.14605,1.14588,1.14602,79
2019.01.09,11:59,1.14601,1.14607,1.14588,1.14604,131
2019.01.09,12:00,1.14605,1.14619,1.14596,1.14619,126
2019.01.09,12:01,1.14618,1.14623,1.14595,1.14605,89
2019.01.09,12:02,1.14606,1.14623,1.14601,1.14617,128
2019.01.09,12:03,1.14619,1.14631,1.14607,1.14627,98
2019.01.09,12:04,1.14628,1.14628,1.14611,1.14616,129
2019.01.09,12:05,1.14617,1.14624,1.14594,1.14598,81
2019.01.09,12:06,1.14595,1.14595,1.14573,1.14581,89
2019.01.09,12:07,1.1458,1.14586,1.14568,1.14586,61
2019.01.09,12:08,1.14587,1.14617,1.14587,1.14615,104
2019.01.09,12:09,1.14614,1.14622,1.146,1.14601,75
2019.01.09,12:10,1.146,1.14602,1.14589,1.14589,47
2019.01.09,12:11,1.14585,1.14599,1.14582,1.14593,119
2019.01.09,12:12,1.14594,1.14598,1.14562,1.1457,122
2019.01.09,12:13,1.14572,1.14582,1.14567,1.14577,79
2019.01.09,12:14,1.14577,1.14591,1.14562,1.14588,91
2019.01.09,12:15,1.14586,1.14598,1.14585,1.14595,70
2019.01.09,12:16,1.14595,1.14604,1.14592,1.14598,37
2019.01.09,12:17,1.14596,1.14602,1.14589,1.1459,84
2019.01.09,12:18,1.1459,1.14602,1.14589,1.14596,42
2019.01.09,12:19,1.14596,1.14602,1.14593,1.14597,65
2019.01.09,12:20,1.14597,1.14597,1.14572,1.14573,54
2019.01.09,12:21,1.14572,1.14581,1.14565,1.14577,73
2019.01.09,12:22,1.14577,1.14582,1.14577,1.14579,56
2019.01.09,12:23,1.14579,1.14583,1.14577,1.14582,55
2019.01.09,12:24,1.14586,1.14596,1.14578,1.14584,58
2019.01.09,12:25,1.14583,1.14596,1.14581,1.14581,40
2019.01.09,12:26,1.14582,1.14585,1.14577,1.14582,76
2019.01.09,12:27,1.14581,1.14584,1.14572,1.14574,96
2019.01.09,12:28,1.14573,1.14583,1.14568,1.14582,44
2019.01.09,12:29,1.14583,1.14587,1.14571,1.14575,56
2019.01.09,12:30,1.14577,1.14582,1.14571,1.1458,84
2019.01.09,12:31,1.14582,1.14587,1.1456,1.14563,88
2019.01.09,12:32,1.14564,1.14564,1.14532,1.14557,125
2019.01.09,12:33,1.14556,1.14562,1.14537,1.14538,64
2019.01.09,12:34,1.14539,1.14543,1.14505,1.14515,166
2019.01.09,12:35,1.14516,1.14527,1.1451,1.14517,126
2019.01.09,12:36,1.14514,1.14514,1.14468,1.14477,148
2019.01.09,12:37,1.14477,1.14503,1.14476,1.14495,105
2019.01.09,12:38,1.14496,1.14524,1.14492,1.14517,104
2019.01.09,12:39,1.14517,1.14532,1.14513,1.14526,104
2019.01.09,12:40,1.14525,1.14527,1.14517,1.14524,36
2019.01.09,12:41,1.14522,1.14529,1.1452,1.14524,67
2019.01.09,12:42,1.14523,1.14526,1.14504,1.14504,107
2019.01.09,12:43,1.14504,1.14512,1.14485,1.14488,120
2019.01.09,12:44,1.14488,1.14495,1.14481,1.14492,98
2019.01.09,12:45,1.14491,1.14497,1.14474,1.14481,82
2019.01.09,12:46,1.14483,1.14485,1.14464,1.14476,85
2019.01.09,12:47,1.14476,1.14476,1.14462,1.14466,83
2019.01.09,12:48,1.14462,1.14467,1.14453,1.14461,89
2019.01.09,12:49,1.14461,1.14483,1.14461,1.14483,60
2019.01.09,12:50,1.14483,1.14502,1.14478,1.14498,88
2019.01.09,12:51,1.14497,1.14513,1.14493,1.1451,89
2019.01.09,12:52,1.1451,1.1451,1.14472,1.14475,73
2019.01.09,12:53,1.14475,1.14492,1.14472,1.14491,82
2019.01.09,12:54,1.14491,1.14497,1.14489,1.14496,53
2019.01.09,12:55,1.14494,1.14504,1.14493,1.14504,35
2019.01.09,12:56,1.14504,1.14505,1.14502,1.14503,27
2019.01.09,12:57,1.14503,1.14514,1.14503,1.14514,38
2019.01.09,12:58,1.14512,1.14517,1.14509,1.14516,51
2019.01.09,12:59,1.14515,1.14524,1.14508,1.14523,82
2019.01.09,13:00,1.14521,1.14534,1.1452,1.14532,78
2019.01.09,13:01,1.14531,1.14545,1.14529,1.14545,94
2019.01.09,13:02,1.14545,1.14547,1.14526,1.1453,65
2019.01.09,13:03,1.14531,1.14538,1.14527,1.14531,68
2019.01.09,13:04,1.14529,1.1453,1.14505,1.14519,64
2019.01.09,13:05,1.14518,1.14522,1.14513,1.14519,54
2019.01.09,13:06,1.1452,1.14526,1.14512,1.14512,52
2019.01.09,13:07,1.14511,1.14513,1.14501,1.14513,75
2019.01.09,13:08,1.14512,1.14523,1.14509,1.14518,71
2019.01.09,13:09,1.14517,1.14518,1.14502,1.14515,58
2019.01.09,13:10,1.14514,1.14514,1.145,1.14506,54
2019.01.09,13:11,1.14507,1.14527,1.14504,1.14525,63
2019.01.09,13:12,1.14525,1.1455,1.14521,1.14548,67
2019.01.09,13:13,1.14549,1.14554,1.14522,1.14525,80
2019.01.09,13:14,1.14525,1.14533,1.14499,1.14508,89
2019.01.09,13:15,1.1451,1.14523,1.1451,1.14518,60
2019.01.09,13:16,1.14516,1.14524,1.14516,1.14523,25
2019.01.09,13:17,1.14523,1.14524,1.14517,1.14522,53
2019.01.09,13:18,1.14521,1.14526,1.14509,1.14509,67
2019.01.09,13:19,1.1451,1.14515,1.14503,1.14507,70
2019.01.09,13:20,1.14507,1.14516,1.14489,1.14499,97
2019.01.09,13:21,1.14499,1.14501,1.14481,1.14481,56
2019.01.09,13:22,1.14482,1.14482,1.14462,1.14462,72
2019.01.09,13:23,1.14462,1.1447,1.14462,1.1447,64
2019.01.09,13:24,1.1447,1.14478,1.14465,1.14473,53
2019.01.09,13:25,1.14472,1.14475,1.14466,1.1447,64
2019.01.09,13:26,1.14471,1.14485,1.14471,1.14479,32
2019.01.09,13:27,1.14479,1.14488,1.14473,1.14483,44
2019.01.09,13:28,1.14484,1.14493,1.14474,1.14476,38
2019.01.09,13:29,1.14476,1.14479,1.1447,1.14474,59
2019.01.09,13:30,1.14473,1.14474,1.14423,1.14428,148
2019.01.09,13:31,1.14427,1.14428,1.14388,1.14423,163
2019.01.09,13:32,1.14422,1.14444,1.14422,1.14441,73
2019.01.09,13:33,1.14442,1.14449,1.14442,1.14445,53
2019.01.09,13:34,1.14444,1.14455,1.14444,1.14454,50
2019.01.09,13:35,1.14454,1.14458,1.14443,1.14448,74
2019.01.09,13:36,1.14448,1.14455,1.14443,1.14455,53
2019.01.09,13:37,1.14455,1.14484,1.14454,1.14475,68
2019.01.09,13:38,1.14477,1.1449,1.14464,1.14489,87
2019.01.09,13:39,1.14487,1.14496,1.14482,1.14486,64
2019.01.09,13:40,1.14485,1.14507,1.14484,1.14506,99
2019.01.09,13:41,1.14506,1.14518,1.14506,1.1451,59
2019.01.09,13:42,1.1451,1.14519,1.14502,1.14518,60
2019.01.09,13:43,1.14522,1.14523,1.14491,1.14496,95
2019.01.09,13:44,1.14497,1.14501,1.14487,1.14494,49
2019.01.09,13:45,1.14494,1.14502,1.14493,1.14499,42
2019.01.09,13:46,1.14498,1.14505,1.14491,1.14492,73
2019.01.09,13:47,1.14492,1.14523,1.14487,1.14522,57
2019.01.09,13:48,1.14521,1.14543,1.14519,1.14543,103
2019.01.09,13:49,1.14544,1.14548,1.14533,1.14544,137
2019.01.09,13:50,1.14543,1.14553,1.14537,1.14537,77
2019.01.09,13:51,1.14538,1.14544,1.14532,1.14532,75
2019.01.09,13:52,1.14533,1.14538,1.14512,1.14524,84
2019.01.09,13:53,1.14523,1.1453,1.14523,1.14528,43
2019.01.09,13:54,1.14532,1.14535,1.14527,1.14534,35
2019.01.09,13:55,1.14533,1.1454,1.14529,1.14538,65
2019.01.09,13:56,1.14536,1.1454,1.14534,1.14537,51
2019.01.09,13:57,1.14538,1.14547,1.14526,1.14526,64
2019.01.09,13:58,1.14526,1.14542,1.14521,1.14541,70
2019.01.09,13:59,1.1454,1.14563,1.1454,1.14562,129
2019.01.09,14:00,1.14562,1.14565,1.14511,1.14514,110
2019.01.09,14:01,1.14513,1.14532,1.14513,1.14523,56
2019.01.09,14:02,1.14522,1.14531,1.14506,1.14506,93
2019.01.09,14:03,1.14505,1.14527,1.14497,1.14522,79
2019.01.09,14:04,1.14523,1.14523,1.1449,1.14508,109
2019.01.09,14:05,1.14509,1.14528,1.14509,1.14526,67
2019.01.09,14:06,1.14526,1.14532,1.14521,1.14523,58
2019.01.09,14:07,1.14519,1.14527,1.14513,1.14524,64
2019.01.09,14:08,1.14525,1.14532,1.14524,1.14527,46
2019.01.09,14:09,1.14527,1.14543,1.14525,1.14543,60
2019.01.09,14:10,1.14543,1.14546,1.14534,1.14538,69
2019.01.09,14:11,1.14537,1.14552,1.14534,1.14545,63
2019.01.09,14:12,1.14548,1.14551,1.14536,1.14539,43
2019.01.09,14:13,1.14538,1.14542,1.14524,1.1454,60
2019.01.09,14:14,1.14541,1.14545,1.14536,1.14537,53
2019.01.09,14:15,1.14536,1.14539,1.14528,1.14533,65
2019.01.09,14:16,1.14532,1.14536,1.14526,1.14532,64
2019.01.09,14:17,1.14532,1.14534,1.14521,1.14526,42
2019.01.09,14:18,1.14527,1.14529,1.14523,1.14527,36
2019.01.09,14:19,1.14524,1.14524,1.14511,1.14519,53
2019.01.09,14:20,1.14518,1.14521,1.14497,1.145,48
2019.01.09,14:21,1.14499,1.14509,1.14491,1.14493,79
2019.01.09,14:22,1.14493,1.14513,1.14491,1.14498,57
2019.01.09,14:23,1.14499,1.145,1.14492,1.14495,49
2019.01.09,14:24,1.14495,1.14501,1.14494,1.14495,33
2019.01.09,14:25,1.14495,1.14496,1.14474,1.14475,50
2019.01.09,14:26,1.14478,1.14484,1.14474,1.14475,76
2019.01.09,14:27,1.14475,1.14502,1.14471,1.14501,64
2019.01.09,14:28,1.14504,1.14511,1.14502,1.14507,35
2019.01.09,14:29,1.14505,1.14505,1.14492,1.14499,32
2019.01.09,14:30,1.14498,1.14501,1.14493,1.14497,46
2019.01.09,14:31,1.14497,1.14511,1.14492,1.14505,76
2019.01.09,14:32,1.14506,1.14506,1.14496,1.145,34
2019.01.09,14:33,1.14502,1.14505,1.14494,1.14495,51
2019.01.09,14:34,1.14494,1.14516,1.14494,1.14498,52
2019.01.09,14:35,1.14497,1.14497,1.14485,1.14485,41
2019.01.09,14:36,1.14484,1.145,1.14477,1.14489,99
2019.01.09,14:37,1.14489,1.14501,1.14484,1.14489,75
2019.01.09,14:38,1.14487,1.14509,1.14487,1.14502,67
2019.01.09,14:39,1.14502,1.14505,1.14495,1.14497,46
2019.01.09,14:40,1.14495,1.14498,1.14492,1.14492,29
2019.01.09,14:41,1.14492,1.14496,1.14475,1.14488,61
2019.01.09,14:42,1.14487,1.14492,1.14466,1.14467,92
2019.01.09,14:43,1.14467,1.14492,1.14465,1.14492,66
2019.01.09,14:44,1.14494,1.14502,1.14494,1.14498,45
2019.01.09,14:45,1.14497,1.14528,1.14497,1.14521,119
2019.01.09,14:46,1.14521,1.14544,1.14519,1.14543,76
2019.01.09,14:47,1.14546,1.14587,1.14545,1.14552,238
2019.01.09,14:48,1.14551,1.14566,1.14545,1.14558,103
2019.01.09,14:49,1.14557,1.14561,1.14516,1.14522,112
2019.01.09,14:50,1.14518,1.14557,1.14515,1.14552,95
2019.01.09,14:51,1.14552,1.14552,1.14534,1.14545,81
2019.01.09,14:52,1.14546,1.14552,1.14542,1.14542,62
2019.01.09,14:53,1.14542,1.14552,1.14518,1.14527,91
2019.01.09,14:54,1.14526,1.14532,1.14518,1.1452,69
2019.01.09,14:55,1.1452,1.14521,1.14493,1.14493,87
2019.01.09,14:56,1.14493,1.14496,1.14462,1.14475,147
2019.01.09,14:57,1.14476,1.14497,1.14476,1.14487,119
2019.01.09,14:58,1.14486,1.14507,1.14484,1.14499,138
2019.01.09,14:59,1.14499,1.14513,1.14491,1.14513,124
2019.01.09,15:00,1.14512,1.14513,1.14479,1.14485,163
2019.01.09,15:01,1.14485,1.14499,1.14483,1.14496,97
2019.01.09,15:02,1.14495,1.14499,1.14488,1.1449,110
2019.01.09,15:03,1.1449,1.14498,1.14481,1.14498,98
2019.01.09,15:04,1.14497,1.14523,1.14497,1.14515,116
2019.01.09,15:05,1.14515,1.14526,1.14515,1.14519,72
2019.01.09,15:06,1.1452,1.14536,1.14518,1.14532,76
2019.01.09,15:07,1.14531,1.14543,1.14526,1.14538,102
2019.01.09,15:08,1.14538,1.14558,1.14535,1.14548,130
2019.01.09,15:09,1.14548,1.14552,1.14539,1.14545,96
2019.01.09,15:10,1.14545,1.14545,1.14521,1.14524,80
2019.01.09,15:11,1.14526,1.14541,1.14515,1.14541,97
2019.01.09,15:12,1.14541,1.14558,1.1454,1.14555,82
2019.01.09,15:13,1.14555,1.1458,1.14552,1.14565,96
2019.01.09,15:14,1.14565,1.14565,1.14543,1.14544,82
2019.01.09,15:15,1.14543,1.14546,1.14531,1.1454,94
2019.01.09,15:16,1.1454,1.14556,1.14522,1.14522,109
2019.01.09,15:17,1.14524,1.14537,1.14517,1.14534,77
2019.01.09,15:18,1.14535,1.14538,1.14527,1.14528,86
2019.01.09,15:19,1.14526,1.14546,1.14517,1.14544,106
2019.01.09,15:20,1.14543,1.14555,1.14537,1.14539,89
2019.01.09,15:21,1.1454,1.14546,1.14537,1.14539,87
2019.01.09,15:22,1.14538,1.14539,1.14519,1.14534,73
2019.01.09,15:23,1.14536,1.1454,1.14503,1.14513,109
2019.01.09,15:24,1.14513,1.1452,1.14505,1.14516,78
2019.01.09,15:25,1.14516,1.14527,1.14511,1.14522,64
2019.01.09,15:26,1.14519,1.14537,1.14516,1.14516,89
2019.01.09,15:27,1.14514,1.14519,1.14493,1.14498,103
2019.01.09,15:28,1.14498,1.14521,1.14497,1.14521,80
2019.01.09,15:29,1.14519,1.14527,1.14508,1.14513,83
2019.01.09,15:30,1.14512,1.14517,1.14497,1.14497,57
2019.01.09,15:31,1.14497,1.14505,1.1449,1.14493,83
2019.01.09,15:32,1.14494,1.14533,1.14492,1.14531,89
2019.01.09,15:33,1.14531,1.1456,1.14524,1.14551,103
2019.01.09,15:34,1.14552,1.14558,1.14534,1.14545,116
2019.01.09,15:35,1.14547,1.14573,1.14546,1.14571,95
2019.01.09,15:36,1.14572,1.14618,1.14568,1.14592,132
2019.01.09,15:37,1.14592,1.14609,1.14585,1.14593,157
2019.01.09,15:38,1.14593,1.14595,1.14582,1.14595,86
2019.01.09,15:39,1.14596,1.14603,1.1458,1.14583,114
2019.01.09,15:40,1.14584,1.14606,1.14584,1.14593,111
2019.01.09,15:41,1.14592,1.14598,1.14576,1.14583,103
2019.01.09,15:42,1.14582,1.14593,1.14572,1.14572,91
2019.01.09,15:43,1.14572,1.14597,1.1457,1.14597,70
2019.01.09,15:44,1.14598,1.14632,1.14597,1.14631,123
2019.01.09,15:45,1.14633,1.14637,1.1461,1.14614,131
2019.01.09,15:46,1.14612,1.14635,1.14611,1.14631,98
2019.01.09,15:47,1.1463,1.14641,1.14618,1.14621,142
2019.01.09,15:48,1.14621,1.14631,1.14616,1.14624,92
2019.01.09,15:49,1.14624,1.14634,1.14616,1.14632,92
2019.01.09,15:50,1.14632,1.14643,1.14627,1.14627,114
2019.01.09,15:51,1.14628,1.14628,1.14597,1.14597,76
2019.01.09,15:52,1.14599,1.14599,1.14587,1.14593,106
2019.01.09,15:53,1.14594,1.14609,1.14591,1.14593,71
2019.01.09,15:54,1.14594,1.14617,1.14594,1.14606,82
2019.01.09,15:55,1.14605,1.14636,1.14605,1.14616,114
2019.01.09,15:56,1.14615,1.1463,1.14612,1.14614,82
2019.01.09,15:57,1.14613,1.14613,1.14586,1.14587,134
2019.01.09,15:58,1.14586,1.14592,1.14574,1.14585,113
2019.01.09,15:59,1.14584,1.14632,1.1458,1.14617,164
2019.01.09,16:00,1.14618,1.14657,1.14617,1.14656,168
2019.01.09,16:01,1.14656,1.14656,1.14643,1.14652,107
2019.01.09,16:02,1.14656,1.14689,1.14656,1.14683,175
2019.01.09,16:03,1.14682,1.14694,1.14678,1.1468,174
2019.01.09,16:04,1.14683,1.14696,1.14683,1.14689,120
2019.01.09,16:05,1.1469,1.1471,1.14689,1.14698,128
2019.01.09,16:06,1.14697,1.14734,1.14697,1.14725,143
2019.01.09,16:07,1.14725,1.14728,1.14706,1.14722,137
2019.01.09,16:08,1.14721,1.14738,1.1472,1.14735,132
2019.01.09,16:09,1.14735,1.14752,1.14731,1.14738,143
2019.01.09,16:10,1.14737,1.14745,1.14727,1.1473,86
2019.01.09,16:11,1.14729,1.14747,1.14716,1.14719,111
2019.01.09,16:12,1.1472,1.1472,1.14701,1.14711,154
2019.01.09,16:13,1.14712,1.14712,1.1469,1.1469,141
2019.01.09,16:14,1.14689,1.14705,1.14686,1.14697,86
2019.01.09,16:15,1.14695,1.14705,1.14687,1.14695,109
2019.01.09,16:16,1.14699,1.14726,1.14699,1.14718,107
2019.01.09,16:17,1.14717,1.1472,1.14682,1.14683,143
2019.01.09,16:18,1.14682,1.14695,1.14681,1.14695,63
2019.01.09,16:19,1.14694,1.14703,1.14682,1.14696,114
2019.01.09,16:20,1.14697,1.14713,1.14697,1.147,125
2019.01.09,16:21,1.147,1.14704,1.14686,1.14697,117
2019.01.09,16:22,1.14699,1.14714,1.14699,1.14711,103
2019.01.09,16:23,1.14711,1.14714,1.14695,1.14697,112
2019.01.09,16:24,1.14696,1.14724,1.14687,1.14718,97
2019.01.09,16:25,1.14717,1.14723,1.1471,1.14719,89
2019.01.09,16:26,1.14717,1.14719,1.14696,1.14696,96
2019.01.09,16:27,1.14698,1.147,1.14677,1.14682,127
2019.01.09,16:28,1.14681,1.14681,1.14653,1.14656,95
2019.01.09,16:29,1.14657,1.1468,1.14656,1.14671,112
2019.01.09,16:30,1.1467,1.14725,1.14666,1.14707,216
2019.01.09,16:31,1.14707,1.14754,1.14702,1.14745,219
2019.01.09,16:32,1.14742,1.1476,1.14734,1.14757,183
2019.01.09,16:33,1.14758,1.14758,1.14734,1.14743,190
2019.01.09,16:34,1.14744,1.14819,1.14743,1.14801,254
2019.01.09,16:35,1.14801,1.14948,1.14796,1.14943,350
2019.01.09,16:36,1.1494,1.15101,1.14924,1.15028,449
2019.01.09,16:37,1.15028,1.1516,1.15023,1.15077,450
2019.01.09,16:38,1.15076,1.15092,1.15051,1.15069,331
2019.01.09,16:39,1.15069,1.15114,1.15055,1.15092,331
2019.01.09,16:40,1.15093,1.15147,1.1509,1.1513,268
2019.01.09,16:41,1.1513,1.15208,1.15128,1.15147,278
2019.01.09,16:42,1.15148,1.15197,1.15111,1.15134,275
2019.01.09,16:43,1.15139,1.15164,1.15126,1.15146,240
2019.01.09,16:44,1.15148,1.1515,1.15087,1.15102,287
2019.01.09,16:45,1.15103,1.15164,1.15103,1.1516,248
2019.01.09,16:46,1.15161,1.15216,1.15155,1.15191,299
2019.01.09,16:47,1.15192,1.15197,1.15178,1.15184,232
2019.01.09,16:48,1.15183,1.15225,1.15183,1.15186,220
2019.01.09,16:49,1.15185,1.15199,1.15144,1.15149,224
2019.01.09,16:50,1.1515,1.15196,1.15148,1.15193,203
2019.01.09,16:51,1.15188,1.15209,1.1518,1.15191,204
2019.01.09,16:52,1.15195,1.15215,1.15164,1.15165,205
2019.01.09,16:53,1.15165,1.15174,1.15154,1.15169,193
2019.01.09,16:54,1.15168,1.1519,1.15162,1.15184,175
2019.01.09,16:55,1.15184,1.15235,1.15184,1.15217,260
2019.01.09,16:56,1.15218,1.15256,1.15215,1.15244,184
2019.01.09,16:57,1.15243,1.15245,1.1523,1.15238,145
2019.01.09,16:58,1.15241,1.15251,1.15176,1.15195,235
2019.01.09,16:59,1.15196,1.15253,1.15193,1.15235,210
2019.01.09,17:00,1.15235,1.15269,1.15214,1.15249,328
2019.01.09,17:01,1.15252,1.15325,1.15252,1.15269,279
2019.01.09,17:02,1.15268,1.15305,1.15261,1.15288,206
2019.01.09,17:03,1.15299,1.15312,1.15259,1.15272,179
2019.01.09,17:04,1.15271,1.15285,1.15262,1.15262,245
2019.01.09,17:05,1.15261,1.15277,1.15239,1.15258,205
2019.01.09,17:06,1.15259,1.15298,1.15259,1.15285,222
2019.01.09,17:07,1.15285,1.15299,1.15272,1.15297,227
2019.01.09,17:08,1.15295,1.15298,1.15276,1.15278,145
2019.01.09,17:09,1.15278,1.15312,1.15278,1.1529,204
2019.01.09,17:10,1.15293,1.15319,1.15285,1.15285,183
2019.01.09,17:11,1.15288,1.15315,1.15287,1.15303,169
2019.01.09,17:12,1.15304,1.15328,1.15301,1.15316,215
2019.01.09,17:13,1.15319,1.15379,1.15316,1.15368,212
2019.01.09,17:14,1.15368,1.15398,1.15354,1.15386,283
2019.01.09,17:15,1.15385,1.15398,1.15367,1.15369,300
2019.01.09,17:16,1.15368,1.1538,1.15357,1.15369,240
2019.01.09,17:17,1.1537,1.15378,1.15351,1.15354,214
2019.01.09,17:18,1.15352,1.15355,1.15335,1.15353,167
2019.01.09,17:19,1.15352,1.15401,1.15349,1.1539,203
2019.01.09,17:20,1.15389,1.15407,1.15377,1.15385,207
2019.01.09,17:21,1.15385,1.15395,1.15368,1.15378,196
2019.01.09,17:22,1.15379,1.15391,1.15358,1.15383,184
2019.01.09,17:23,1.15383,1.15387,1.15355,1.15359,181
2019.01.09,17:24,1.1536,1.1537,1.15337,1.15345,173
2019.01.09,17:25,1.15346,1.15353,1.1533,1.15334,199
2019.01.09,17:26,1.1533,1.1534,1.15306,1.15315,219
2019.01.09,17:27,1.15314,1.15324,1.15303,1.15304,104
2019.01.09,17:28,1.15304,1.15312,1.15291,1.15293,179
2019.01.09,17:29,1.15294,1.15314,1.15292,1.153,235
2019.01.09,17:30,1.15296,1.15312,1.15284,1.15302,211
2019.01.09,17:31,1.15303,1.15311,1.15281,1.15284,247
2019.01.09,17:32,1.15286,1.15288,1.15262,1.15264,236
2019.01.09,17:33,1.15264,1.1527,1.15225,1.1525,225
2019.01.09,17:34,1.1525,1.15273,1.1525,1.15257,229
2019.01.09,17:35,1.15256,1.15261,1.15244,1.15245,147
2019.01.09,17:36,1.15244,1.15249,1.15226,1.15229,207
2019.01.09,17:37,1.15229,1.15258,1.15217,1.15247,194
2019.01.09,17:38,1.1525,1.1525,1.15233,1.15244,150
2019.01.09,17:39,1.15244,1.15259,1.15236,1.15251,152
2019.01.09,17:40,1.15253,1.15287,1.15253,1.15272,178
2019.01.09,17:41,1.15273,1.15279,1.15254,1.15271,174
2019.01.09,17:42,1.15274,1.15274,1.1523,1.15231,191
2019.01.09,17:43,1.15229,1.1524,1.15211,1.15228,286
2019.01.09,17:44,1.15226,1.15232,1.15211,1.15215,300
2019.01.09,17:45,1.15215,1.15239,1.15182,1.15186,303
2019.01.09,17:46,1.15189,1.15216,1.1518,1.15206,209
2019.01.09,17:47,1.15206,1.15223,1.15195,1.15213,200
2019.01.09,17:48,1.15212,1.15212,1.15166,1.15177,218
2019.01.09,17:49,1.1518,1.15201,1.15163,1.15166,207
2019.01.09,17:50,1.15166,1.15209,1.15164,1.15185,225
2019.01.09,17:51,1.15185,1.15201,1.1515,1.1515,255
2019.01.09,17:52,1.15148,1.15173,1.15121,1.15121,248
2019.01.09,17:53,1.15121,1.15131,1.15102,1.1512,230
2019.01.09,17:54,1.15123,1.15152,1.15122,1.15138,224
2019.01.09,17:55,1.15137,1.15158,1.15133,1.15141,161
2019.01.09,17:56,1.15141,1.15168,1.15127,1.15131,201
2019.01.09,17:57,1.15134,1.15137,1.15093,1.151,230
2019.01.09,17:58,1.15101,1.15116,1.15087,1.15107,229
2019.01.09,17:59,1.15105,1.15107,1.15089,1.15103,240
2019.01.09,18:00,1.15102,1.15154,1.15093,1.15153,235
2019.01.09,18:01,1.15159,1.15167,1.15131,1.15137,243
2019.01.09,18:02,1.15133,1.15176,1.15131,1.15176,248
2019.01.09,18:03,1.15175,1.15176,1.15139,1.1516,229
2019.01.09,18:04,1.15159,1.15168,1.15148,1.15163,148
2019.01.09,18:05,1.15164,1.15172,1.15145,1.15161,184
2019.01.09,18:06,1.15164,1.15193,1.15162,1.15183,175
2019.01.09,18:07,1.15184,1.1519,1.15172,1.15174,165
2019.01.09,18:08,1.15173,1.15183,1.15163,1.15175,128
2019.01.09,18:09,1.15171,1.15193,1.15171,1.15188,147
2019.01.09,18:10,1.15187,1.15188,1.15161,1.15174,142
2019.01.09,18:11,1.15175,1.15183,1.15165,1.15167,163
2019.01.09,18:12,1.15167,1.15182,1.15164,1.15172,125
2019.01.09,18:13,1.15175,1.15177,1.15164,1.15176,152
2019.01.09,18:14,1.15175,1.15197,1.15172,1.1519,130
2019.01.09,18:15,1.1519,1.15197,1.15172,1.15186,176
2019.01.09,18:16,1.15187,1.1519,1.15166,1.15174,163
2019.01.09,18:17,1.15175,1.15179,1.15145,1.15158,176
2019.01.09,18:18,1.15158,1.15163,1.15139,1.15145,112
2019.01.09,18:19,1.15146,1.15169,1.15144,1.15158,138
2019.01.09,18:20,1.15161,1.15167,1.15147,1.15156,117
2019.01.09,18:21,1.15154,1.15155,1.15136,1.15143,138
2019.01.09,18:22,1.15142,1.15165,1.15137,1.15152,117
2019.01.09,18:23,1.15153,1.15221,1.15153,1.15214,153
2019.01.09,18:24,1.15213,1.15262,1.1521,1.15252,166
2019.01.09,18:25,1.15253,1.15267,1.15235,1.15238,149
2019.01.09,18:26,1.15236,1.15259,1.15224,1.15249,151
2019.01.09,18:27,1.15248,1.15263,1.15235,1.15236,145
2019.01.09,18:28,1.15238,1.15244,1.15217,1.15224,124
2019.01.09,18:29,1.15224,1.15228,1.15213,1.15216,96
2019.01.09,18:30,1.15216,1.15262,1.15202,1.15239,235
2019.01.09,18:31,1.15239,1.15254,1.15239,1.15253,109
2019.01.09,18:32,1.15253,1.15267,1.15235,1.15241,159
2019.01.09,18:33,1.15246,1.15255,1.15236,1.15236,116
2019.01.09,18:34,1.15239,1.15254,1.15217,1.15249,150
2019.01.09,18:35,1.15249,1.15286,1.15247,1.15277,150
2019.01.09,18:36,1.15278,1.15295,1.15268,1.15288,157
2019.01.09,18:37,1.15287,1.15295,1.15276,1.15295,136
2019.01.09,18:38,1.15294,1.15313,1.15294,1.15296,96
2019.01.09,18:39,1.15296,1.15309,1.15282,1.15301,142
2019.01.09,18:40,1.15302,1.15305,1.15281,1.15282,137
2019.01.09,18:41,1.15282,1.1532,1.15266,1.15318,151
2019.01.09,18:42,1.15317,1.15364,1.15308,1.15361,197
2019.01.09,18:43,1.15359,1.15377,1.15347,1.15369,162
2019.01.09,18:44,1.15367,1.15377,1.15359,1.15359,129
2019.01.09,18:45,1.15359,1.15361,1.15338,1.15341,162
2019.01.09,18:46,1.1534,1.15348,1.15335,1.15338,105
2019.01.09,18:47,1.15337,1.15341,1.15329,1.15336,109
2019.01.09,18:48,1.15334,1.15338,1.15328,1.15334,108
2019.01.09,18:49,1.15333,1.15336,1.15301,1.15314,140
2019.01.09,18:50,1.15316,1.15318,1.15299,1.153,147
2019.01.09,18:51,1.153,1.15307,1.15286,1.15293,139
2019.01.09,18:52,1.15292,1.15297,1.15275,1.15278,165
2019.01.09,18:53,1.15278,1.15292,1.15277,1.15281,130
2019.01.09,18:54,1.15281,1.15284,1.15268,1.15284,147
2019.01.09,18:55,1.15283,1.15284,1.1525,1.15252,123
2019.01.09,18:56,1.15251,1.15264,1.15248,1.15263,87
2019.01.09,18:57,1.15264,1.1527,1.15253,1.15253,97
2019.01.09,18:58,1.15254,1.15258,1.15246,1.15252,97
2019.01.09,18:59,1.15252,1.15253,1.15238,1.1524,90
2019.01.09,19:00,1.15242,1.15242,1.15224,1.15232,130
2019.01.09,19:01,1.15234,1.1525,1.15232,1.15247,123
2019.01.09,19:02,1.15246,1.15246,1.15232,1.15237,131
2019.01.09,19:03,1.15238,1.15239,1.15214,1.15216,117
2019.01.09,19:04,1.15216,1.15222,1.15213,1.15219,72
2019.01.09,19:05,1.15218,1.15239,1.15215,1.15231,113
2019.01.09,19:06,1.15231,1.15237,1.15222,1.15227,73
2019.01.09,19:07,1.15228,1.15228,1.15213,1.15221,90
2019.01.09,19:08,1.15224,1.15242,1.15223,1.15239,62
2019.01.09,19:09,1.15239,1.15241,1.15215,1.15222,113
2019.01.09,19:10,1.15224,1.15241,1.15224,1.15236,99
2019.01.09,19:11,1.15236,1.15237,1.15221,1.1523,83
2019.01.09,19:12,1.15229,1.15248,1.15225,1.15248,75
2019.01.09,19:13,1.15247,1.1526,1.15247,1.15255,85
2019.01.09,19:14,1.15255,1.15281,1.15251,1.15267,102
2019.01.09,19:15,1.15264,1.15265,1.15235,1.15261,106
2019.01.09,19:16,1.15262,1.15262,1.15227,1.15243,109
2019.01.09,19:17,1.15244,1.15247,1.15226,1.15237,82
2019.01.09,19:18,1.15238,1.15251,1.15229,1.15241,90
2019.01.09,19:19,1.1524,1.15247,1.15236,1.15237,84
2019.01.09,19:20,1.15237,1.15242,1.15233,1.15238,70
2019.01.09,19:21,1.15241,1.15242,1.15227,1.15231,58
2019.01.09,19:22,1.15235,1.15263,1.15235,1.15258,73
2019.01.09,19:23,1.15262,1.15278,1.15249,1.15249,78
2019.01.09,19:24,1.15251,1.15255,1.15247,1.15249,68
2019.01.09,19:25,1.1525,1.15262,1.15242,1.15262,114
2019.01.09,19:26,1.15262,1.15276,1.15258,1.15267,103
2019.01.09,19:27,1.15268,1.15273,1.15258,1.15269,59
2019.01.09,19:28,1.15269,1.15278,1.15268,1.15272,60
2019.01.09,19:29,1.15277,1.15317,1.15277,1.15314,110
2019.01.09,19:30,1.15314,1.15323,1.15299,1.15303,113
2019.01.09,19:31,1.15303,1.15303,1.1528,1.15292,47
2019.01.09,19:32,1.15297,1.15308,1.15289,1.15306,68
2019.01.09,19:33,1.15307,1.15307,1.15295,1.15303,49
2019.01.09,19:34,1.15306,1.15306,1.15276,1.15276,82
2019.01.09,19:35,1.15279,1.15312,1.15279,1.15308,62
2019.01.09,19:36,1.15308,1.15308,1.15286,1.15295,49
2019.01.09,19:37,1.15295,1.15317,1.15293,1.15309,72
2019.01.09,19:38,1.15309,1.1533,1.15308,1.15323,81
2019.01.09,19:39,1.15324,1.15328,1.15314,1.15317,88
2019.01.09,19:40,1.15317,1.15323,1.15301,1.1531,58
2019.01.09,19:41,1.15312,1.15333,1.15307,1.15321,79
2019.01.09,19:42,1.15324,1.15332,1.15323,1.15331,105
2019.01.09,19:43,1.15333,1.15336,1.15322,1.15331,84
2019.01.09,19:44,1.1533,1.1533,1.15301,1.15301,71
2019.01.09,19:45,1.153,1.15311,1.153,1.15311,55
2019.01.09,19:46,1.15312,1.15317,1.15306,1.15311,103
2019.01.09,19:47,1.15311,1.15318,1.15311,1.15311,65
2019.01.09,19:48,1.15308,1.15308,1.15292,1.15296,100
2019.01.09,19:49,1.15294,1.15297,1.15276,1.1528,102
2019.01.09,19:50,1.1528,1.1529,1.1528,1.15286,91
2019.01.09,19:51,1.15286,1.15289,1.15276,1.1528,84
2019.01.09,19:52,1.1528,1.15287,1.15274,1.15283,83
2019.01.09,19:53,1.15287,1.15322,1.15284,1.15312,126
2019.01.09,19:54,1.15312,1.15326,1.15311,1.15317,109
2019.01.09,19:55,1.15316,1.15329,1.15316,1.15328,93
2019.01.09,19:56,1.15328,1.15338,1.15323,1.15327,83
2019.01.09,19:57,1.15326,1.15335,1.15322,1.15332,118
2019.01.09,19:58,1.15334,1.15347,1.15332,1.15338,117
2019.01.09,19:59,1.15342,1.15342,1.15312,1.1533,132
2019.01.09,20:00,1.15328,1.1536,1.15327,1.15359,101
2019.01.09,20:01,1.15358,1.15363,1.15341,1.15356,108
2019.01.09,20:02,1.15354,1.15365,1.15331,1.15331,80
2019.01.09,20:03,1.15332,1.15335,1.15316,1.15327,101
2019.01.09,20:04,1.15326,1.15343,1.15316,1.15342,94
2019.01.09,20:05,1.15346,1.15368,1.15346,1.15366,126
2019.01.09,20:06,1.15366,1.15371,1.15349,1.15356,99
2019.01.09,20:07,1.15354,1.15365,1.15349,1.15356,90
2019.01.09,20:08,1.15356,1.15358,1.15346,1.15355,86
2019.01.09,20:09,1.15355,1.15355,1.15332,1.15335,100
2019.01.09,20:10,1.15335,1.15343,1.15335,1.15341,71
2019.01.09,20:11,1.15342,1.15344,1.15316,1.15324,77
2019.01.09,20:12,1.15323,1.15324,1.15308,1.15318,69
2019.01.09,20:13,1.15316,1.15321,1.15306,1.15306,62
2019.01.09,20:14,1.15307,1.15326,1.15307,1.15317,96
2019.01.09,20:15,1.15317,1.15326,1.15316,1.15318,97
2019.01.09,20:16,1.1532,1.15324,1.15308,1.1531,71
2019.01.09,20:17,1.1531,1.1532,1.1531,1.15315,81
2019.01.09,20:18,1.15315,1.15334,1.15312,1.15334,93
2019.01.09,20:19,1.15333,1.15338,1.1533,1.15331,92
2019.01.09,20:20,1.15332,1.15332,1.15321,1.15323,70
2019.01.09,20:21,1.15324,1.15342,1.15323,1.15341,88
2019.01.09,20:22,1.15345,1.15345,1.15294,1.15297,87
2019.01.09,20:23,1.15299,1.15307,1.15295,1.15299,63
2019.01.09,20:24,1.153,1.1531,1.15296,1.15297,74
2019.01.09,20:25,1.15298,1.15306,1.15296,1.15296,66
2019.01.09,20:26,1.15298,1.15302,1.15291,1.15301,82
2019.01.09,20:27,1.153,1.15304,1.15287,1.15288,56
2019.01.09,20:28,1.15289,1.15321,1.15288,1.1532,70
2019.01.09,20:29,1.1532,1.15332,1.15318,1.15325,79
2019.01.09,20:30,1.15326,1.15327,1.15322,1.15326,25
2019.01.09,20:31,1.15326,1.15326,1.15317,1.1532,40
2019.01.09,20:32,1.15319,1.15325,1.15303,1.15324,55
2019.01.09,20:33,1.15323,1.15327,1.15313,1.15326,59
2019.01.09,20:34,1.15327,1.15339,1.1532,1.15338,65
2019.01.09,20:35,1.15341,1.15348,1.15335,1.15346,64
2019.01.09,20:36,1.15346,1.15358,1.15341,1.15358,79
2019.01.09,20:37,1.15357,1.15367,1.15357,1.15362,60
2019.01.09,20:38,1.15362,1.15367,1.15361,1.15365,31
2019.01.09,20:39,1.15364,1.15368,1.15362,1.15364,43
2019.01.09,20:40,1.15365,1.15372,1.15362,1.15365,50
2019.01.09,20:41,1.15366,1.15368,1.15357,1.15361,80
2019.01.09,20:42,1.15361,1.15365,1.1535,1.15353,78
2019.01.09,20:43,1.15354,1.15354,1.15341,1.15341,56
2019.01.09,20:44,1.15342,1.15343,1.15331,1.15334,36
2019.01.09,20:45,1.15335,1.15349,1.15335,1.15346,56
2019.01.09,20:46,1.15347,1.15356,1.15345,1.15356,47
2019.01.09,20:47,1.15356,1.15375,1.15354,1.15375,83
2019.01.09,20:48,1.15375,1.15385,1.15373,1.15378,67
2019.01.09,20:49,1.15382,1.15392,1.15381,1.15385,83
2019.01.09,20:50,1.15384,1.15384,1.15376,1.15377,47
2019.01.09,20:51,1.15377,1.1538,1.15376,1.15379,60
2019.01.09,20:52,1.15379,1.15388,1.15379,1.15386,55
2019.01.09,20:53,1.15385,1.15407,1.15385,1.15401,118
2019.01.09,20:54,1.154,1.15404,1.15371,1.15376,105
2019.01.09,20:55,1.15379,1.1538,1.15373,1.15374,62
2019.01.09,20:56,1.15377,1.15384,1.15375,1.15382,69
2019.01.09,20:57,1.15381,1.15384,1.15379,1.15383,52
2019.01.09,20:58,1.15384,1.15395,1.1537,1.15378,95
2019.01.09,20:59,1.15377,1.15384,1.15361,1.15361,148
2019.01.09,21:00,1.15363,1.15578,1.15355,1.15506,407
2019.01.09,21:01,1.15502,1.15511,1.15384,1.15394,341
2019.01.09,21:02,1.15395,1.15403,1.15337,1.15403,296
2019.01.09,21:03,1.15397,1.15427,1.15306,1.15316,351
2019.01.09,21:04,1.15316,1.15438,1.15293,1.15433,336
2019.01.09,21:05,1.15433,1.15464,1.15396,1.15433,271
2019.01.09,21:06,1.15434,1.15447,1.15415,1.15435,199
2019.01.09,21:07,1.15438,1.15479,1.15425,1.1546,244
2019.01.09,21:08,1.15463,1.15478,1.15445,1.15469,218
2019.01.09,21:09,1.15474,1.15475,1.15449,1.15457,209
2019.01.09,21:10,1.15455,1.15465,1.15439,1.15439,166
2019.01.09,21:11,1.15439,1.15446,1.15419,1.15421,166
2019.01.09,21:12,1.15421,1.15443,1.15414,1.1544,127
2019.01.09,21:13,1.15441,1.15447,1.15416,1.15416,104
2019.01.09,21:14,1.15413,1.15418,1.15369,1.15378,121
2019.01.09,21:15,1.15381,1.15381,1.15326,1.15345,171
2019.01.09,21:16,1.15347,1.15355,1.15321,1.15335,146
2019.01.09,21:17,1.1533,1.1534,1.15321,1.15321,135
2019.01.09,21:18,1.1532,1.1532,1.15299,1.15304,172
2019.01.09,21:19,1.15303,1.15384,1.15303,1.15377,273
2019.01.09,21:20,1.15378,1.1542,1.15357,1.15376,263
2019.01.09,21:21,1.15377,1.15396,1.15361,1.15374,154
2019.01.09,21:22,1.15376,1.15422,1.15375,1.1542,191
2019.01.09,21:23,1.15416,1.15458,1.15416,1.15454,220
2019.01.09,21:24,1.15451,1.15471,1.15424,1.15446,218
2019.01.09,21:25,1.15449,1.15474,1.15442,1.15449,194
2019.01.09,21:26,1.15448,1.15475,1.15439,1.15462,146
2019.01.09,21:27,1.15462,1.15514,1.15456,1.15507,222
2019.01.09,21:28,1.15502,1.15513,1.15494,1.15502,169
2019.01.09,21:29,1.15502,1.15502,1.15455,1.1547,177
2019.01.09,21:30,1.1547,1.15477,1.15455,1.15476,132
2019.01.09,21:31,1.15475,1.15492,1.1547,1.15477,138
2019.01.09,21:32,1.15478,1.15488,1.15427,1.15439,218
2019.01.09,21:33,1.15435,1.15461,1.15433,1.15447,154
2019.01.09,21:34,1.15448,1.15474,1.15447,1.15473,154
2019.01.09,21:35,1.15475,1.15475,1.15436,1.15464,175
2019.01.09,21:36,1.15469,1.15469,1.15446,1.15448,123
2019.01.09,21:37,1.1545,1.15466,1.15446,1.15455,109
2019.01.09,21:38,1.15456,1.15459,1.15435,1.15445,118
2019.01.09,21:39,1.15445,1.15445,1.1543,1.15435,119
2019.01.09,21:40,1.15432,1.15433,1.15395,1.15395,158
2019.01.09,21:41,1.15395,1.15402,1.15375,1.15375,122
2019.01.09,21:42,1.15374,1.15406,1.15372,1.15405,138
2019.01.09,21:43,1.15406,1.15412,1.15393,1.15401,120
2019.01.09,21:44,1.15401,1.15401,1.1538,1.15388,133
2019.01.09,21:45,1.15387,1.15398,1.15371,1.15387,141
2019.01.09,21:46,1.15385,1.15393,1.15347,1.15347,162
2019.01.09,21:47,1.15348,1.15359,1.15343,1.15346,127
2019.01.09,21:48,1.15346,1.15375,1.15346,1.15373,109
2019.01.09,21:49,1.15371,1.15385,1.15367,1.1538,111
2019.01.09,21:50,1.15381,1.15385,1.15372,1.15385,118
2019.01.09,21:51,1.15384,1.15408,1.1538,1.15401,139
2019.01.09,21:52,1.15404,1.15409,1.15401,1.15404,109
2019.01.09,21:53,1.15403,1.15411,1.15402,1.15411,82
2019.01.09,21:54,1.1541,1.1543,1.1541,1.15422,89
2019.01.09,21:55,1.15423,1.15425,1.1541,1.15413,62
2019.01.09,21:56,1.15413,1.1542,1.15409,1.15416,75
2019.01.09,21:57,1.15417,1.15421,1.15394,1.15399,84
2019.01.09,21:58,1.15396,1.15422,1.15396,1.15414,142
2019.01.09,21:59,1.15417,1.15444,1.15407,1.1543,158
2019.01.09,22:00,1.15429,1.15458,1.15426,1.15444,203
2019.01.09,22:01,1.15442,1.15446,1.15436,1.15441,88
2019.01.09,22:02,1.15443,1.15464,1.15442,1.15453,70
2019.01.09,22:03,1.15454,1.15458,1.15444,1.15454,63
2019.01.09,22:04,1.15453,1.1547,1.15447,1.1547,99
2019.01.09,22:05,1.15469,1.15474,1.15457,1.15457,75
2019.01.09,22:06,1.15456,1.15456,1.15439,1.15445,82
2019.01.09,22:07,1.15447,1.15458,1.1544,1.15451,73
2019.01.09,22:08,1.1545,1.15456,1.1545,1.15456,50
2019.01.09,22:09,1.15457,1.15487,1.15456,1.15481,114
2019.01.09,22:10,1.15483,1.1549,1.1546,1.15477,135
2019.01.09,22:11,1.15477,1.15478,1.1547,1.15477,60
2019.01.09,22:12,1.15476,1.15478,1.15469,1.15477,77
2019.01.09,22:13,1.15476,1.15479,1.15456,1.15464,73
2019.01.09,22:14,1.15464,1.1547,1.15464,1.15466,67
2019.01.09,22:15,1.15465,1.15469,1.15455,1.15455,64
2019.01.09,22:16,1.15456,1.15462,1.15454,1.15455,45
2019.01.09,22:17,1.15455,1.15458,1.15444,1.1545,55
2019.01.09,22:18,1.15449,1.1545,1.15439,1.15444,54
2019.01.09,22:19,1.15445,1.15448,1.1544,1.15446,95
2019.01.09,22:20,1.15445,1.15447,1.1544,1.15444,88
2019.01.09,22:21,1.15444,1.15447,1.1544,1.15447,26
2019.01.09,22:22,1.15447,1.15447,1.15441,1.15445,54
2019.01.09,22:23,1.15447,1.15457,1.15445,1.15457,90
2019.01.09,22:24,1.15456,1.15472,1.15454,1.15469,103
2019.01.09,22:25,1.15468,1.15474,1.15464,1.15469,63
2019.01.09,22:26,1.15468,1.15475,1.15464,1.15471,80
2019.01.09,22:27,1.15472,1.15472,1.15464,1.15469,55
2019.01.09,22:28,1.15468,1.15484,1.15467,1.15475,109
2019.01.09,22:29,1.15477,1.15483,1.15468,1.1547,69
2019.01.09,22:30,1.1547,1.15477,1.15468,1.15477,104
2019.01.09,22:31,1.15477,1.15488,1.15471,1.15484,101
2019.01.09,22:32,1.15483,1.15488,1.15464,1.15465,78
2019.01.09,22:33,1.15464,1.15469,1.15447,1.15469,102
2019.01.09,22:34,1.1547,1.1547,1.15454,1.15469,93
2019.01.09,22:35,1.1547,1.15483,1.15463,1.15476,124
2019.01.09,22:36,1.15474,1.15509,1.15467,1.15504,89
2019.01.09,22:37,1.15502,1.15535,1.155,1.15535,130
2019.01.09,22:38,1.15535,1.15535,1.15521,1.15523,131
2019.01.09,22:39,1.15523,1.15529,1.15519,1.15525,101
2019.01.09,22:40,1.15525,1.15531,1.15519,1.15524,100
2019.01.09,22:41,1.15523,1.15524,1.15506,1.1551,97
2019.01.09,22:42,1.15508,1.15523,1.15501,1.15505,87
2019.01.09,22:43,1.15504,1.15515,1.15497,1.15512,79
2019.01.09,22:44,1.15514,1.15519,1.15497,1.15499,80
2019.01.09,22:45,1.15498,1.15504,1.15496,1.15498,74
2019.01.09,22:46,1.15499,1.15502,1.15488,1.15493,91
2019.01.09,22:47,1.15494,1.15503,1.15489,1.15498,105
2019.01.09,22:48,1.15497,1.15502,1.15489,1.15497,70
2019.01.09,22:49,1.15497,1.15499,1.15495,1.15499,52
2019.01.09,22:50,1.155,1.15502,1.1548,1.15493,64
2019.01.09,22:51,1.15496,1.15496,1.15476,1.15479,49
2019.01.09,22:52,1.15478,1.1548,1.15474,1.15477,47
2019.01.09,22:53,1.15478,1.15481,1.15464,1.15468,64
2019.01.09,22:54,1.15466,1.15478,1.15463,1.15476,68
2019.01.09,22:55,1.15474,1.15484,1.15469,1.15484,88
2019.01.09,22:56,1.15484,1.15489,1.15476,1.15478,96
2019.01.09,22:57,1.15478,1.1549,1.15474,1.15485,67
2019.01.09,22:58,1.15488,1.15515,1.15488,1.15509,121
2019.01.09,22:59,1.15513,1.15549,1.15513,1.15547,116
2019.01.09,23:00,1.15546,1.15547,1.15522,1.15528,90
2019.01.09,23:01,1.15528,1.15538,1.15528,1.15536,69
2019.01.09,23:02,1.15536,1.15536,1.15518,1.15531,51
2019.01.09,23:03,1.15529,1.1553,1.15523,1.15524,28
2019.01.09,23:04,1.15523,1.15525,1.15517,1.15522,24
2019.01.09,23:05,1.1552,1.1552,1.15515,1.15516,25
2019.01.09,23:06,1.15517,1.15519,1.15516,1.15518,16
2019.01.09,23:07,1.15517,1.15523,1.15515,1.15517,39
2019.01.09,23:08,1.15515,1.15525,1.15514,1.15521,22
2019.01.09,23:09,1.15522,1.15525,1.15519,1.1552,14
2019.01.09,23:10,1.1552,1.15521,1.15519,1.1552,9
2019.01.09,23:11,1.1552,1.1552,1.15518,1.15519,7
2019.01.09,23:12,1.15519,1.1552,1.15518,1.15519,19
2019.01.09,23:13,1.1552,1.15523,1.15519,1.1552,10
2019.01.09,23:14,1.1552,1.15525,1.15515,1.15519,46
2019.01.09,23:15,1.15519,1.15519,1.15514,1.15515,13
2019.01.09,23:16,1.15511,1.15513,1.15506,1.15507,24
2019.01.09,23:17,1.15507,1.15508,1.15494,1.15494,38
2019.01.09,23:18,1.15492,1.15492,1.15483,1.15483,9
2019.01.09,23:19,1.15482,1.15484,1.15481,1.15484,13
2019.01.09,23:20,1.15484,1.15488,1.1548,1.15483,27
2019.01.09,23:21,1.15482,1.15483,1.15479,1.15481,16
2019.01.09,23:22,1.15485,1.15485,1.15474,1.15475,18
2019.01.09,23:23,1.15475,1.15475,1.15472,1.15474,10
2019.01.09,23:24,1.15473,1.15477,1.15469,1.1547,18
2019.01.09,23:25,1.1547,1.15474,1.1547,1.15474,17
2019.01.09,23:26,1.15476,1.15476,1.15472,1.15474,12
2019.01.09,23:27,1.15473,1.15473,1.1547,1.15471,21
2019.01.09,23:28,1.15471,1.15474,1.15469,1.15472,13
2019.01.09,23:29,1.15472,1.15474,1.15468,1.15473,38
2019.01.09,23:30,1.15473,1.15475,1.15468,1.15468,47
2019.01.09,23:31,1.15469,1.1547,1.15466,1.15468,28
2019.01.09,23:32,1.15471,1.15484,1.15471,1.15482,23
2019.01.09,23:33,1.15482,1.15482,1.15477,1.1548,12
2019.01.09,23:34,1.15478,1.1548,1.15468,1.1547,32
2019.01.09,23:35,1.15471,1.15471,1.1546,1.15465,55
2019.01.09,23:36,1.15464,1.15467,1.15462,1.15464,20
2019.01.09,23:37,1.15468,1.1547,1.15468,1.15469,9
2019.01.09,23:38,1.1547,1.1547,1.15456,1.15457,11
2019.01.09,23:39,1.15458,1.15462,1.15452,1.15458,52
2019.01.09,23:40,1.15459,1.15459,1.1545,1.15453,53
2019.01.09,23:41,1.1545,1.15456,1.15447,1.15449,84
2019.01.09,23:42,1.15448,1.15453,1.15442,1.15445,53
2019.01.09,23:43,1.15444,1.15445,1.15442,1.15443,16
2019.01.09,23:44,1.15442,1.15442,1.15433,1.15435,72
2019.01.09,23:45,1.15437,1.15439,1.15434,1.15439,51
2019.01.09,23:46,1.15441,1.15444,1.15438,1.15438,28
2019.01.09,23:47,1.15437,1.15443,1.15429,1.1543,77
2019.01.09,23:48,1.15429,1.15431,1.15422,1.15424,46
2019.01.09,23:49,1.15427,1.1543,1.15422,1.15425,67
2019.01.09,23:50,1.15427,1.15435,1.1542,1.15422,61
2019.01.09,23:51,1.15422,1.15439,1.15422,1.15439,28
2019.01.09,23:52,1.15439,1.15455,1.15439,1.15454,48
2019.01.09,23:53,1.15452,1.15456,1.15442,1.15444,35
2019.01.09,23:54,1.15446,1.15454,1.15445,1.15449,28
2019.01.09,23:55,1.15446,1.15454,1.15443,1.1545,40
2019.01.09,23:56,1.15453,1.15453,1.15433,1.15434,34
2019.01.09,23:57,1.15437,1.15437,1.1542,1.15429,47
2019.01.09,23:58,1.15428,1.15431,1.15427,1.15428,27
2019.01.09,23:59,1.15427,1.15427,1.15422,1.15423,50
2019.01.10,00:00,1.15423,1.15423,1.15423,1.15423,9
2019.01.10,00:01,1.15423,1.15423,1.15415,1.15423,19
2019.01.10,00:02,1.15423,1.15423,1.15423,1.15423,6
2019.01.10,00:03,1.15423,1.15423,1.15417,1.15417,10
2019.01.10,00:04,1.15419,1.15436,1.15419,1.15436,7
2019.01.10,00:05,1.15439,1.15443,1.15438,1.1544,27
2019.01.10,00:06,1.15441,1.15443,1.15439,1.15441,18
2019.01.10,00:07,1.15441,1.1546,1.1544,1.15459,22
2019.01.10,00:08,1.1546,1.1547,1.1545,1.1545,32
2019.01.10,00:09,1.1545,1.1545,1.15385,1.1543,56
2019.01.10,00:10,1.15426,1.15426,1.15404,1.15416,21
2019.01.10,00:11,1.15418,1.15436,1.15418,1.15436,39
2019.01.10,00:12,1.15436,1.15438,1.15429,1.15438,13
2019.01.10,00:13,1.15438,1.15438,1.15438,1.15438,1
2019.01.10,00:14,1.15437,1.15437,1.15433,1.15433,9
2019.01.10,00:15,1.15433,1.1544,1.15428,1.15435,33
2019.01.10,00:16,1.15433,1.15433,1.1542,1.15421,31
2019.01.10,00:17,1.15422,1.15425,1.1542,1.15425,25
2019.01.10,00:18,1.15425,1.15425,1.15398,1.15421,33
2019.01.10,00:19,1.1542,1.15449,1.1542,1.15423,23
2019.01.10,00:20,1.15421,1.15421,1.1541,1.15416,15
2019.01.10,00:21,1.15417,1.1543,1.15416,1.1542,31
2019.01.10,00:22,1.15425,1.15439,1.15425,1.15436,26
2019.01.10,00:23,1.15437,1.15443,1.15434,1.15441,25
2019.01.10,00:24,1.15441,1.15441,1.15436,1.15436,20
2019.01.10,00:25,1.15436,1.1544,1.15435,1.15436,11
2019.01.10,00:26,1.15435,1.15437,1.15435,1.15435,10
2019.01.10,00:27,1.15436,1.15442,1.15436,1.15439,18
2019.01.10,00:28,1.1544,1.15442,1.15439,1.1544,19
2019.01.10,00:29,1.15441,1.15441,1.15433,1.15433,18
2019.01.10,00:30,1.15433,1.15449,1.15431,1.15446,48
2019.01.10,00:31,1.15445,1.15459,1.1544,1.15457,101
2019.01.10,00:32,1.15458,1.15458,1.15439,1.15439,40
2019.01.10,00:33,1.1544,1.15466,1.15439,1.15458,55
2019.01.10,00:34,1.15459,1.15459,1.15441,1.15441,21
2019.01.10,00:35,1.15441,1.15443,1.15422,1.15433,62
2019.01.10,00:36,1.15433,1.15435,1.15424,1.1543,109
2019.01.10,00:37,1.15428,1.15429,1.15425,1.15427,36
2019.01.10,00:38,1.15427,1.15432,1.15426,1.15428,20
2019.01.10,00:39,1.15429,1.15443,1.15428,1.15443,23
2019.01.10,00:40,1.1544,1.1544,1.15432,1.15432,42
2019.01.10,00:41,1.15431,1.15434,1.1543,1.15433,13
2019.01.10,00:42,1.15434,1.15435,1.15426,1.15433,19
2019.01.10,00:43,1.1543,1.1544,1.15428,1.15434,20
2019.01.10,00:44,1.15438,1.15452,1.15436,1.15448,33
2019.01.10,00:45,1.15449,1.15467,1.15445,1.15464,58
2019.01.10,00:46,1.15464,1.15478,1.15438,1.15458,59
2019.01.10,00:47,1.15458,1.15478,1.15458,1.15459,41
2019.01.10,00:48,1.15459,1.15459,1.15458,1.15458,27
2019.01.10,00:49,1.15458,1.15461,1.15458,1.1546,23
2019.01.10,00:50,1.15461,1.15461,1.15458,1.15458,10
2019.01.10,00:51,1.15458,1.15461,1.15458,1.15458,27
2019.01.10,00:52,1.15458,1.15459,1.15458,1.15458,9
2019.01.10,00:53,1.15458,1.15468,1.15458,1.15458,18
2019.01.10,00:54,1.15458,1.1549,1.15458,1.15474,46
2019.01.10,00:55,1.15474,1.1548,1.15468,1.15478,38
2019.01.10,00:56,1.15478,1.15488,1.15478,1.15481,68
2019.01.10,00:57,1.1548,1.15481,1.15471,1.15477,23
2019.01.10,00:58,1.15477,1.15479,1.15476,1.15479,16
2019.01.10,00:59,1.15479,1.15492,1.15479,1.15485,57
2019.01.10,01:00,1.15485,1.15512,1.15484,1.15512,119
2019.01.10,01:01,1.15508,1.15542,1.15507,1.15532,126
2019.01.10,01:02,1.15532,1.15535,1.15524,1.15532,62
2019.01.10,01:03,1.15531,1.15536,1.15529,1.15531,48
2019.01.10,01:04,1.15531,1.15531,1.15509,1.15509,71
2019.01.10,01:05,1.15508,1.15516,1.1548,1.15489,132
2019.01.10,01:06,1.15488,1.15492,1.15487,1.15488,35
2019.01.10,01:07,1.15488,1.155,1.15488,1.15494,68
2019.01.10,01:08,1.15495,1.15499,1.15493,1.15497,36
2019.01.10,01:09,1.15497,1.15507,1.15495,1.15498,54
2019.01.10,01:10,1.15493,1.15493,1.15485,1.15491,39
2019.01.10,01:11,1.15492,1.15494,1.15491,1.15492,24
2019.01.10,01:12,1.15491,1.15493,1.15491,1.15492,33
2019.01.10,01:13,1.15492,1.15492,1.1549,1.15492,19
2019.01.10,01:14,1.15491,1.15492,1.15491,1.15492,7
2019.01.10,01:15,1.15492,1.15493,1.15491,1.15492,22
2019.01.10,01:16,1.15491,1.15493,1.15485,1.15491,32
2019.01.10,01:17,1.15491,1.15491,1.15489,1.1549,16
2019.01.10,01:18,1.15489,1.15491,1.15489,1.1549,22
2019.01.10,01:19,1.15489,1.15491,1.15488,1.15488,10
2019.01.10,01:20,1.15488,1.15488,1.15484,1.15486,18
2019.01.10,01:21,1.15487,1.15488,1.1548,1.1548,15
2019.01.10,01:22,1.15481,1.15488,1.1548,1.15486,16
2019.01.10,01:23,1.15487,1.15489,1.15484,1.15486,28
2019.01.10,01:24,1.15487,1.15502,1.15487,1.15497,29
2019.01.10,01:25,1.15497,1.15501,1.15497,1.15501,12
2019.01.10,01:26,1.155,1.15506,1.155,1.15504,9
2019.01.10,01:27,1.15505,1.15505,1.155,1.155,13
2019.01.10,01:28,1.15501,1.15504,1.15498,1.15503,8
2019.01.10,01:29,1.15504,1.15504,1.15498,1.15498,9
2019.01.10,01:30,1.15498,1.15499,1.15493,1.15494,14
2019.01.10,01:31,1.15493,1.15494,1.15489,1.15489,10
2019.01.10,01:32,1.15489,1.15489,1.15488,1.15489,7
2019.01.10,01:33,1.15489,1.15489,1.15486,1.15486,8
2019.01.10,01:34,1.15486,1.15487,1.15486,1.15487,5
2019.01.10,01:35,1.15488,1.155,1.15488,1.15498,33
2019.01.10,01:36,1.15498,1.15503,1.15497,1.15503,19
2019.01.10,01:37,1.15502,1.15503,1.15502,1.15502,17
2019.01.10,01:38,1.15503,1.15512,1.15501,1.15502,20
2019.01.10,01:39,1.15502,1.15508,1.155,1.15508,14
2019.01.10,01:40,1.15508,1.15509,1.155,1.155,19
2019.01.10,01:41,1.155,1.15502,1.15495,1.15502,31
2019.01.10,01:42,1.15502,1.15504,1.15499,1.15501,44
2019.01.10,01:43,1.15501,1.15505,1.155,1.15501,16
2019.01.10,01:44,1.15501,1.15501,1.155,1.155,10
2019.01.10,01:45,1.155,1.155,1.15496,1.15497,28
2019.01.10,01:46,1.15497,1.15501,1.15497,1.155,21
2019.01.10,01:47,1.155,1.15501,1.15498,1.155,24
2019.01.10,01:48,1.155,1.15502,1.15499,1.15501,38
2019.01.10,01:49,1.15502,1.1551,1.15501,1.15509,17
2019.01.10,01:50,1.15509,1.15517,1.15507,1.15513,29
2019.01.10,01:51,1.15514,1.15516,1.15513,1.15516,16
2019.01.10,01:52,1.15516,1.15519,1.15516,1.15516,23
2019.01.10,01:53,1.15515,1.15519,1.15515,1.15517,27
2019.01.10,01:54,1.15516,1.15517,1.15507,1.1551,33
2019.01.10,01:55,1.1551,1.1551,1.15505,1.15508,29
2019.01.10,01:56,1.15508,1.15521,1.15507,1.1552,19
2019.01.10,01:57,1.1552,1.15538,1.1552,1.15538,63
2019.01.10,01:58,1.15537,1.15549,1.15531,1.15542,71
2019.01.10,01:59,1.15542,1.15548,1.15541,1.15544,33
2019.01.10,02:00,1.15544,1.15548,1.1553,1.15545,76
2019.01.10,02:01,1.15546,1.15586,1.15544,1.15586,97
2019.01.10,02:02,1.15588,1.15588,1.15575,1.15577,73
2019.01.10,02:03,1.15576,1.15577,1.15552,1.15553,57
2019.01.10,02:04,1.15553,1.15557,1.15545,1.15545,40
2019.01.10,02:05,1.15546,1.15547,1.15513,1.15513,61
2019.01.10,02:06,1.15512,1.15532,1.15507,1.15517,138
2019.01.10,02:07,1.15516,1.15524,1.15516,1.15522,55
2019.01.10,02:08,1.15521,1.15521,1.15516,1.1552,58
2019.01.10,02:09,1.15521,1.15534,1.15521,1.15532,56
2019.01.10,02:10,1.15531,1.15531,1.15524,1.15529,48
2019.01.10,02:11,1.15528,1.15539,1.15526,1.15534,43
2019.01.10,02:12,1.15533,1.15548,1.15533,1.15548,61
2019.01.10,02:13,1.15547,1.15554,1.15545,1.15553,66
2019.01.10,02:14,1.15553,1.15564,1.15553,1.15563,60
2019.01.10,02:15,1.15561,1.15563,1.15556,1.15558,30
2019.01.10,02:16,1.15558,1.15558,1.15537,1.15542,74
2019.01.10,02:17,1.15543,1.15544,1.15526,1.15527,30
2019.01.10,02:18,1.15526,1.15534,1.15517,1.15522,76
2019.01.10,02:19,1.15521,1.15529,1.15517,1.15523,39
2019.01.10,02:20,1.15523,1.15524,1.15518,1.15524,21
2019.01.10,02:21,1.15524,1.15527,1.15518,1.15522,27
2019.01.10,02:22,1.15521,1.15525,1.15518,1.1552,43
2019.01.10,02:23,1.1552,1.1552,1.15513,1.15513,64
2019.01.10,02:24,1.15515,1.15517,1.15512,1.15514,32
2019.01.10,02:25,1.15515,1.15533,1.15512,1.15517,59
2019.01.10,02:26,1.15517,1.15522,1.15516,1.15517,47
2019.01.10,02:27,1.15519,1.15519,1.15502,1.15507,67
2019.01.10,02:28,1.15507,1.15509,1.15502,1.15507,39
2019.01.10,02:29,1.15506,1.15511,1.15506,1.15507,54
2019.01.10,02:30,1.15508,1.15517,1.15506,1.15514,66
2019.01.10,02:31,1.15513,1.15517,1.15512,1.15516,25
2019.01.10,02:32,1.15517,1.15531,1.15516,1.15522,89
2019.01.10,02:33,1.15522,1.15527,1.1552,1.15522,46
2019.01.10,02:34,1.15522,1.15524,1.15517,1.15517,35
2019.01.10,02:35,1.15518,1.15518,1.15512,1.15514,18
2019.01.10,02:36,1.15514,1.15516,1.15511,1.15515,33
2019.01.10,02:37,1.15515,1.15522,1.15515,1.15517,37
2019.01.10,02:38,1.15519,1.15523,1.15516,1.15516,42
2019.01.10,02:39,1.15516,1.15519,1.1551,1.15519,38
2019.01.10,02:40,1.15519,1.15523,1.15516,1.15523,35
2019.01.10,02:41,1.15524,1.15527,1.15522,1.15524,10
2019.01.10,02:42,1.15524,1.15529,1.15523,1.15528,10
2019.01.10,02:43,1.15528,1.15537,1.15527,1.15533,22
2019.01.10,02:44,1.15535,1.15543,1.15535,1.15542,30
2019.01.10,02:45,1.15541,1.15542,1.15524,1.15527,37
2019.01.10,02:46,1.15527,1.15543,1.15527,1.15543,34
2019.01.10,02:47,1.15544,1.15573,1.15542,1.15572,64
2019.01.10,02:48,1.1557,1.15579,1.15567,1.1557,79
2019.01.10,02:49,1.15569,1.15573,1.15558,1.15559,53
2019.01.10,02:50,1.15558,1.15565,1.15557,1.15565,44
2019.01.10,02:51,1.15564,1.15564,1.15556,1.15556,38
2019.01.10,02:52,1.15556,1.1557,1.15556,1.15568,77
2019.01.10,02:53,1.15566,1.15569,1.1556,1.15569,50
2019.01.10,02:54,1.15569,1.15572,1.15562,1.15562,77
2019.01.10,02:55,1.15562,1.15563,1.15556,1.1556,58
2019.01.10,02:56,1.15559,1.15562,1.15553,1.15554,53
2019.01.10,02:57,1.15553,1.15553,1.15548,1.15553,43
2019.01.10,02:58,1.15553,1.15558,1.15538,1.15538,78
2019.01.10,02:59,1.15537,1.15558,1.15537,1.15558,87
2019.01.10,03:00,1.15559,1.15579,1.15554,1.15574,119
2019.01.10,03:01,1.15573,1.15606,1.15573,1.15594,167
2019.01.10,03:02,1.15595,1.15596,1.15585,1.15595,70
2019.01.10,03:03,1.15595,1.15602,1.15589,1.1559,76
2019.01.10,03:04,1.1559,1.15595,1.1558,1.1559,91
2019.01.10,03:05,1.15591,1.15592,1.15566,1.15566,71
2019.01.10,03:06,1.15565,1.15572,1.15565,1.15569,91
2019.01.10,03:07,1.15569,1.15574,1.15555,1.15559,55
2019.01.10,03:08,1.15558,1.15566,1.1555,1.1555,80
2019.01.10,03:09,1.15549,1.15558,1.15536,1.15539,88
2019.01.10,03:10,1.15539,1.15549,1.15534,1.15547,78
2019.01.10,03:11,1.15549,1.15549,1.15528,1.15528,45
2019.01.10,03:12,1.15529,1.15534,1.15529,1.1553,38
2019.01.10,03:13,1.15531,1.15532,1.15511,1.15512,69
2019.01.10,03:14,1.15512,1.15512,1.15465,1.15472,192
2019.01.10,03:15,1.15466,1.15474,1.1544,1.15469,205
2019.01.10,03:16,1.15471,1.15501,1.1547,1.15494,105
2019.01.10,03:17,1.15492,1.15495,1.15479,1.15495,64
2019.01.10,03:18,1.15496,1.15501,1.15488,1.155,58
2019.01.10,03:19,1.155,1.15505,1.15495,1.15505,44
2019.01.10,03:20,1.15505,1.15514,1.1549,1.1549,63
2019.01.10,03:21,1.15491,1.15492,1.15472,1.15473,116
2019.01.10,03:22,1.1547,1.15475,1.15468,1.15474,74
2019.01.10,03:23,1.15477,1.15484,1.15472,1.15475,115
2019.01.10,03:24,1.15474,1.1549,1.15474,1.15484,68
2019.01.10,03:25,1.15484,1.15491,1.1548,1.1548,77
2019.01.10,03:26,1.15481,1.1549,1.15481,1.1549,49
2019.01.10,03:27,1.15491,1.15491,1.15473,1.15473,62
2019.01.10,03:28,1.15473,1.15489,1.15468,1.15484,71
2019.01.10,03:29,1.15482,1.15494,1.15469,1.15469,81
2019.01.10,03:30,1.15468,1.15468,1.15441,1.15443,125
2019.01.10,03:31,1.15443,1.15451,1.1544,1.15445,96
2019.01.10,03:32,1.15446,1.15459,1.15437,1.15459,102
2019.01.10,03:33,1.15459,1.15464,1.1545,1.15453,100
2019.01.10,03:34,1.15453,1.1546,1.15452,1.15454,67
2019.01.10,03:35,1.15455,1.1546,1.15448,1.15455,61
2019.01.10,03:36,1.15454,1.15457,1.15445,1.15446,90
2019.01.10,03:37,1.15444,1.1545,1.15434,1.15439,117
2019.01.10,03:38,1.15441,1.1546,1.1544,1.15459,82
2019.01.10,03:39,1.15462,1.15469,1.15461,1.15465,53
2019.01.10,03:40,1.15465,1.15472,1.15465,1.1547,26
2019.01.10,03:41,1.15471,1.1548,1.15468,1.15476,38
2019.01.10,03:42,1.15477,1.15478,1.15449,1.1546,108
2019.01.10,03:43,1.1546,1.15481,1.1546,1.1548,66
2019.01.10,03:44,1.1548,1.15486,1.1547,1.1547,66
2019.01.10,03:45,1.15472,1.15498,1.15472,1.15484,108
2019.01.10,03:46,1.15483,1.15489,1.15474,1.1548,54
2019.01.10,03:47,1.15479,1.15493,1.15478,1.1549,78
2019.01.10,03:48,1.15491,1.15492,1.15479,1.15485,67
2019.01.10,03:49,1.15484,1.15487,1.15484,1.15484,36
2019.01.10,03:50,1.15484,1.15492,1.15481,1.15488,53
2019.01.10,03:51,1.15487,1.15497,1.15485,1.15485,62
2019.01.10,03:52,1.15486,1.15501,1.15485,1.155,58
2019.01.10,03:53,1.155,1.15531,1.15495,1.15531,66
2019.01.10,03:54,1.15529,1.15531,1.15514,1.15526,99
2019.01.10,03:55,1.15529,1.15544,1.15516,1.15525,114
2019.01.10,03:56,1.15525,1.15537,1.15525,1.15533,81
2019.01.10,03:57,1.15533,1.15533,1.1552,1.1552,56
2019.01.10,03:58,1.1552,1.15525,1.15518,1.15525,47
2019.01.10,03:59,1.15525,1.15539,1.1552,1.15539,64
2019.01.10,04:00,1.15539,1.15541,1.15529,1.15536,71
2019.01.10,04:01,1.15536,1.15538,1.1552,1.1552,41
2019.01.10,04:02,1.15521,1.15535,1.1552,1.15533,42
2019.01.10,04:03,1.15532,1.15535,1.1553,1.1553,47
2019.01.10,04:04,1.15531,1.15534,1.1553,1.1553,56
2019.01.10,04:05,1.1553,1.15532,1.15526,1.15529,26
2019.01.10,04:06,1.15528,1.15528,1.15519,1.15519,32
2019.01.10,04:07,1.1552,1.15531,1.1552,1.15528,53
2019.01.10,04:08,1.15526,1.15529,1.15524,1.15528,30
2019.01.10,04:09,1.15528,1.15533,1.15528,1.15528,40
2019.01.10,04:10,1.15528,1.15542,1.15528,1.15542,51
2019.01.10,04:11,1.15543,1.15545,1.15532,1.15534,54
2019.01.10,04:12,1.15533,1.15533,1.15525,1.15525,45
2019.01.10,04:13,1.15525,1.15525,1.15515,1.15515,34
2019.01.10,04:14,1.15517,1.15519,1.15514,1.15515,32
2019.01.10,04:15,1.15515,1.15515,1.15503,1.15509,58
2019.01.10,04:16,1.15508,1.15512,1.15502,1.15505,55
2019.01.10,04:17,1.15505,1.1551,1.15504,1.15505,39
2019.01.10,04:18,1.15504,1.15504,1.15495,1.15495,38
2019.01.10,04:19,1.15495,1.15502,1.15494,1.155,29
2019.01.10,04:20,1.155,1.1551,1.15499,1.1551,32
2019.01.10,04:21,1.15509,1.15516,1.15505,1.15515,38
2019.01.10,04:22,1.15515,1.15516,1.155,1.15501,34
2019.01.10,04:23,1.155,1.15501,1.15488,1.15494,76
2019.01.10,04:24,1.15495,1.15496,1.15492,1.15494,47
2019.01.10,04:25,1.15494,1.15494,1.1549,1.1549,40
2019.01.10,04:26,1.1549,1.15496,1.15489,1.15494,58
2019.01.10,04:27,1.15494,1.15495,1.1549,1.15495,23
2019.01.10,04:28,1.15495,1.15508,1.15495,1.15505,45
2019.01.10,04:29,1.15505,1.15506,1.155,1.155,27
2019.01.10,04:30,1.15501,1.15507,1.15499,1.155,46
2019.01.10,04:31,1.15501,1.15505,1.15499,1.15505,39
2019.01.10,04:32,1.15505,1.15506,1.15502,1.15505,32
2019.01.10,04:33,1.15505,1.15505,1.15499,1.155,40
2019.01.10,04:34,1.15501,1.15502,1.15498,1.15499,22
2019.01.10,04:35,1.15499,1.15501,1.15498,1.15499,27
2019.01.10,04:36,1.15498,1.15504,1.15495,1.15504,33
2019.01.10,04:37,1.15505,1.15507,1.155,1.155,37
2019.01.10,04:38,1.155,1.15512,1.155,1.15511,26
2019.01.10,04:39,1.15511,1.15514,1.1551,1.15512,12
2019.01.10,04:40,1.15511,1.15512,1.15504,1.15505,39
2019.01.10,04:41,1.15509,1.15516,1.15509,1.15516,10
2019.01.10,04:42,1.15517,1.15536,1.15515,1.15535,69
2019.01.10,04:43,1.15535,1.15553,1.15534,1.15553,39
2019.01.10,04:44,1.15553,1.15554,1.15541,1.15546,79
2019.01.10,04:45,1.15547,1.15548,1.15545,1.15547,28
2019.01.10,04:46,1.15547,1.15554,1.15541,1.15542,51
2019.01.10,04:47,1.15541,1.15546,1.15538,1.15539,31
2019.01.10,04:48,1.15538,1.15541,1.15535,1.15539,27
2019.01.10,04:49,1.15539,1.15543,1.15535,1.1554,47
2019.01.10,04:50,1.15539,1.15551,1.15539,1.15551,42
2019.01.10,04:51,1.15549,1.15549,1.1554,1.15544,38
2019.01.10,04:52,1.15545,1.15565,1.15545,1.15558,62
2019.01.10,04:53,1.15557,1.15559,1.15545,1.15547,37
2019.01.10,04:54,1.15548,1.15548,1.15538,1.15543,22
2019.01.10,04:55,1.15544,1.15545,1.15535,1.15535,44
2019.01.10,04:56,1.15535,1.15544,1.15535,1.1554,27
2019.01.10,04:57,1.15541,1.15546,1.1554,1.15545,36
2019.01.10,04:58,1.15544,1.15553,1.15544,1.15549,40
2019.01.10,04:59,1.1555,1.15552,1.15539,1.15546,54
2019.01.10,05:00,1.15546,1.15561,1.15545,1.15561,47
2019.01.10,05:01,1.15561,1.15566,1.15561,1.15562,63
2019.01.10,05:02,1.15562,1.15576,1.15562,1.15576,83
2019.01.10,05:03,1.15576,1.15582,1.15576,1.15577,34
2019.01.10,05:04,1.15577,1.15577,1.15567,1.15577,38
2019.01.10,05:05,1.15577,1.15577,1.15575,1.15575,49
2019.01.10,05:06,1.15576,1.1558,1.15575,1.1558,30
2019.01.10,05:07,1.1558,1.15596,1.15575,1.15594,72
2019.01.10,05:08,1.15594,1.1561,1.1559,1.1561,100
2019.01.10,05:09,1.15609,1.15627,1.15608,1.15626,65
2019.01.10,05:10,1.15627,1.15637,1.15622,1.15632,63
2019.01.10,05:11,1.15636,1.15643,1.15626,1.15626,56
2019.01.10,05:12,1.1563,1.15633,1.15626,1.15626,14
2019.01.10,05:13,1.15626,1.1563,1.1562,1.15629,34
2019.01.10,05:14,1.15629,1.15632,1.15622,1.15632,59
2019.01.10,05:15,1.15631,1.15639,1.15628,1.15637,63
2019.01.10,05:16,1.15638,1.1564,1.15633,1.15637,43
2019.01.10,05:17,1.15637,1.15642,1.15633,1.15642,72
2019.01.10,05:18,1.15642,1.15642,1.15636,1.15637,24
2019.01.10,05:19,1.15637,1.15668,1.15637,1.15662,65
2019.01.10,05:20,1.15665,1.15676,1.15663,1.15673,100
2019.01.10,05:21,1.15674,1.15682,1.15663,1.15663,84
2019.01.10,05:22,1.15664,1.15665,1.15655,1.15662,58
2019.01.10,05:23,1.15662,1.15667,1.15658,1.15662,50
2019.01.10,05:24,1.15662,1.15666,1.15657,1.15661,44
2019.01.10,05:25,1.1566,1.1566,1.15652,1.15656,44
2019.01.10,05:26,1.15657,1.15657,1.15645,1.15652,59
2019.01.10,05:27,1.15653,1.15657,1.15645,1.15647,27
2019.01.10,05:28,1.15646,1.15655,1.15646,1.15651,35
2019.01.10,05:29,1.15651,1.15651,1.15637,1.15641,49
2019.01.10,05:30,1.1564,1.15646,1.15632,1.15646,64
2019.01.10,05:31,1.15647,1.15655,1.15647,1.15652,41
2019.01.10,05:32,1.15652,1.1567,1.15651,1.15656,75
2019.01.10,05:33,1.15656,1.15665,1.15654,1.15661,39
2019.01.10,05:34,1.1566,1.15661,1.15651,1.1566,65
2019.01.10,05:35,1.1566,1.15676,1.15658,1.15675,37
2019.01.10,05:36,1.15676,1.15677,1.1567,1.15675,39
2019.01.10,05:37,1.15677,1.15698,1.15677,1.15696,69
2019.01.10,05:38,1.15696,1.15697,1.15676,1.1568,73
2019.01.10,05:39,1.1568,1.15681,1.15664,1.15664,45
2019.01.10,05:40,1.15665,1.15677,1.15665,1.15677,47
2019.01.10,05:41,1.15676,1.15677,1.15669,1.15676,30
2019.01.10,05:42,1.15675,1.15675,1.15656,1.15657,62
2019.01.10,05:43,1.15659,1.15666,1.15659,1.15665,29
2019.01.10,05:44,1.15663,1.15665,1.15651,1.15651,44
2019.01.10,05:45,1.15651,1.15656,1.15645,1.15651,45
2019.01.10,05:46,1.15652,1.15659,1.15651,1.15654,63
2019.01.10,05:47,1.15653,1.15661,1.15652,1.15657,72
2019.01.10,05:48,1.15656,1.15677,1.15656,1.15675,56
2019.01.10,05:49,1.15675,1.1569,1.15675,1.15682,82
2019.01.10,05:50,1.15682,1.15682,1.15672,1.15676,27
2019.01.10,05:51,1.15676,1.15687,1.15674,1.15686,63
2019.01.10,05:52,1.15687,1.15693,1.1568,1.1568,45
2019.01.10,05:53,1.15681,1.15694,1.15681,1.15685,64
2019.01.10,05:54,1.15684,1.15684,1.1566,1.1566,32
2019.01.10,05:55,1.15661,1.1567,1.1566,1.15665,48
2019.01.10,05:56,1.15666,1.15687,1.15666,1.15686,52
2019.01.10,05:57,1.15686,1.15693,1.15686,1.15691,61
2019.01.10,05:58,1.15692,1.15695,1.1569,1.15691,35
2019.01.10,05:59,1.15691,1.15697,1.15687,1.1569,67
2019.01.10,06:00,1.15687,1.15687,1.15676,1.1568,46
2019.01.10,06:01,1.1568,1.1568,1.1567,1.1567,28
2019.01.10,06:02,1.1567,1.15671,1.15661,1.15663,67
2019.01.10,06:03,1.15662,1.15662,1.15654,1.15654,36
2019.01.10,06:04,1.15655,1.15656,1.15644,1.15645,37
2019.01.10,06:05,1.15645,1.15645,1.15641,1.15645,21
2019.01.10,06:06,1.15643,1.15655,1.15642,1.1565,31
2019.01.10,06:07,1.1565,1.1565,1.15645,1.15647,27
2019.01.10,06:08,1.15646,1.15658,1.15645,1.15656,30
2019.01.10,06:09,1.15657,1.15661,1.15655,1.15661,24
2019.01.10,06:10,1.15661,1.15661,1.15655,1.1566,24
2019.01.10,06:11,1.15659,1.15659,1.1565,1.15652,26
2019.01.10,06:12,1.15652,1.15666,1.15652,1.15665,39
2019.01.10,06:13,1.15665,1.15665,1.15651,1.15655,39
2019.01.10,06:14,1.15655,1.15658,1.1565,1.15651,41
2019.01.10,06:15,1.15651,1.15653,1.15651,1.15653,7
2019.01.10,06:16,1.15653,1.15656,1.1565,1.15651,27
2019.01.10,06:17,1.15651,1.15659,1.1565,1.15652,41
2019.01.10,06:18,1.15651,1.15653,1.15646,1.15646,31
2019.01.10,06:19,1.15646,1.15661,1.15645,1.1566,34
2019.01.10,06:20,1.1566,1.1566,1.15648,1.1565,53
2019.01.10,06:21,1.15649,1.15661,1.15649,1.15651,40
2019.01.10,06:22,1.15651,1.15651,1.15641,1.15641,27
2019.01.10,06:23,1.15641,1.15646,1.15636,1.15636,29
2019.01.10,06:24,1.15636,1.15645,1.15634,1.1564,32
2019.01.10,06:25,1.15643,1.15644,1.15637,1.15639,29
2019.01.10,06:26,1.1564,1.1564,1.15636,1.15636,20
2019.01.10,06:27,1.15637,1.1564,1.15635,1.15636,15
2019.01.10,06:28,1.15635,1.15636,1.1563,1.1563,22
2019.01.10,06:29,1.1563,1.15636,1.1563,1.1563,23
2019.01.10,06:30,1.15631,1.15634,1.15626,1.1563,51
2019.01.10,06:31,1.15629,1.15636,1.15628,1.15631,34
2019.01.10,06:32,1.1563,1.15632,1.15626,1.15626,18
2019.01.10,06:33,1.15626,1.15635,1.15626,1.15628,42
2019.01.10,06:34,1.15628,1.1563,1.15614,1.1562,53
2019.01.10,06:35,1.15617,1.1562,1.15611,1.15617,51
2019.01.10,06:36,1.15617,1.15617,1.15606,1.15611,38
2019.01.10,06:37,1.15611,1.15621,1.15595,1.15601,51
2019.01.10,06:38,1.156,1.15612,1.15595,1.1561,69
2019.01.10,06:39,1.15613,1.15616,1.15605,1.15605,34
2019.01.10,06:40,1.15608,1.15615,1.15606,1.15606,40
2019.01.10,06:41,1.15605,1.15608,1.15605,1.15605,19
2019.01.10,06:42,1.15606,1.15621,1.15606,1.1562,33
2019.01.10,06:43,1.1562,1.15626,1.15618,1.15622,28
2019.01.10,06:44,1.15622,1.15625,1.15621,1.15625,37
2019.01.10,06:45,1.15622,1.15622,1.156,1.156,57
2019.01.10,06:46,1.15599,1.15599,1.1559,1.15596,28
2019.01.10,06:47,1.15596,1.156,1.15589,1.1559,34
2019.01.10,06:48,1.1559,1.15592,1.15585,1.15591,67
2019.01.10,06:49,1.15591,1.15595,1.1559,1.1559,29
2019.01.10,06:50,1.15591,1.15601,1.15591,1.15601,30
2019.01.10,06:51,1.15601,1.15606,1.15596,1.15597,47
2019.01.10,06:52,1.15598,1.15612,1.15598,1.15612,42
2019.01.10,06:53,1.15612,1.15612,1.15604,1.15606,30
2019.01.10,06:54,1.15605,1.15607,1.15601,1.15606,17
2019.01.10,06:55,1.1561,1.15613,1.15606,1.15606,15
2019.01.10,06:56,1.15606,1.15616,1.15606,1.15612,31
2019.01.10,06:57,1.15612,1.15617,1.15601,1.15602,38
2019.01.10,06:58,1.15601,1.15602,1.15596,1.15596,58
2019.01.10,06:59,1.15595,1.15596,1.15582,1.15585,60
2019.01.10,07:00,1.15585,1.15587,1.15569,1.15574,76
2019.01.10,07:01,1.15574,1.15574,1.15566,1.15572,63
2019.01.10,07:02,1.15573,1.15574,1.1556,1.15565,69
2019.01.10,07:03,1.15565,1.15565,1.1556,1.15562,39
2019.01.10,07:04,1.15562,1.15566,1.15556,1.15559,47
2019.01.10,07:05,1.15559,1.15563,1.1555,1.15561,53
2019.01.10,07:06,1.15562,1.15566,1.15561,1.15564,19
2019.01.10,07:07,1.15564,1.15565,1.1556,1.15565,48
2019.01.10,07:08,1.15565,1.15565,1.15548,1.15555,41
2019.01.10,07:09,1.15554,1.15555,1.15549,1.15552,33
2019.01.10,07:10,1.15552,1.15559,1.15552,1.15559,27
2019.01.10,07:11,1.15559,1.15561,1.15559,1.1556,12
2019.01.10,07:12,1.15562,1.15562,1.1556,1.1556,5
2019.01.10,07:13,1.15564,1.15564,1.15555,1.15555,17
2019.01.10,07:14,1.15555,1.15561,1.15552,1.15561,33
2019.01.10,07:15,1.15559,1.15564,1.15556,1.15562,26
2019.01.10,07:16,1.15563,1.1557,1.15563,1.15567,31
2019.01.10,07:17,1.15569,1.15573,1.15568,1.1557,35
2019.01.10,07:18,1.15568,1.15573,1.15561,1.15561,30
2019.01.10,07:19,1.15562,1.15573,1.15561,1.15573,36
2019.01.10,07:20,1.15573,1.15585,1.15571,1.15581,39
2019.01.10,07:21,1.15581,1.15581,1.15577,1.15578,21
2019.01.10,07:22,1.15578,1.15582,1.15578,1.15582,20
2019.01.10,07:23,1.15582,1.15582,1.15581,1.15581,20
2019.01.10,07:24,1.15581,1.15586,1.1558,1.15582,41
2019.01.10,07:25,1.15581,1.15582,1.1558,1.1558,21
2019.01.10,07:26,1.15581,1.15582,1.15566,1.15566,30
2019.01.10,07:27,1.15566,1.15566,1.15555,1.15561,38
2019.01.10,07:28,1.15558,1.15558,1.15535,1.15539,84
2019.01.10,07:29,1.15539,1.15542,1.15536,1.1554,42
2019.01.10,07:30,1.1554,1.15547,1.15536,1.15537,59
2019.01.10,07:31,1.15535,1.1554,1.15535,1.15537,25
2019.01.10,07:32,1.15538,1.15549,1.15537,1.15548,43
2019.01.10,07:33,1.15547,1.15563,1.15545,1.15562,35
2019.01.10,07:34,1.15561,1.15567,1.15558,1.15563,34
2019.01.10,07:35,1.15562,1.15565,1.15557,1.15562,28
2019.01.10,07:36,1.15562,1.15571,1.15562,1.15567,36
2019.01.10,07:37,1.15569,1.1557,1.15562,1.15566,27
2019.01.10,07:38,1.15567,1.15567,1.1556,1.15562,25
2019.01.10,07:39,1.15562,1.15563,1.15561,1.15562,21
2019.01.10,07:40,1.15561,1.15562,1.1556,1.1556,13
2019.01.10,07:41,1.15561,1.15565,1.15556,1.15556,22
2019.01.10,07:42,1.15555,1.15556,1.1555,1.15551,21
2019.01.10,07:43,1.15552,1.15556,1.15551,1.15556,14
2019.01.10,07:44,1.15556,1.15563,1.15556,1.15561,14
2019.01.10,07:45,1.15562,1.15563,1.15561,1.15561,12
2019.01.10,07:46,1.15561,1.15572,1.15561,1.15571,27
2019.01.10,07:47,1.15571,1.15571,1.15568,1.15571,24
2019.01.10,07:48,1.15571,1.15572,1.15565,1.15565,28
2019.01.10,07:49,1.15566,1.15572,1.15566,1.1557,26
2019.01.10,07:50,1.1557,1.15581,1.1557,1.15579,27
2019.01.10,07:51,1.1558,1.15588,1.15579,1.15587,33
2019.01.10,07:52,1.15588,1.15621,1.15587,1.15612,49
2019.01.10,07:53,1.15612,1.15627,1.15609,1.15621,54
2019.01.10,07:54,1.15621,1.15621,1.15615,1.15617,41
2019.01.10,07:55,1.15617,1.15617,1.1559,1.15592,52
2019.01.10,07:56,1.15592,1.15599,1.1559,1.1559,46
2019.01.10,07:57,1.1559,1.1559,1.15585,1.15585,38
2019.01.10,07:58,1.15585,1.156,1.15585,1.15589,55
2019.01.10,07:59,1.15589,1.15607,1.15586,1.15605,92
2019.01.10,08:00,1.15605,1.15611,1.15602,1.15606,74
2019.01.10,08:01,1.15607,1.15611,1.15598,1.156,57
2019.01.10,08:02,1.15601,1.15603,1.15586,1.15586,64
2019.01.10,08:03,1.15585,1.15585,1.15575,1.15583,42
2019.01.10,08:04,1.15584,1.15594,1.15579,1.15593,27
2019.01.10,08:05,1.1559,1.15592,1.1559,1.15591,13
2019.01.10,08:06,1.15591,1.15593,1.1559,1.15592,29
2019.01.10,08:07,1.15592,1.15604,1.15592,1.15594,32
2019.01.10,08:08,1.15592,1.15592,1.1558,1.1558,37
2019.01.10,08:09,1.1558,1.15582,1.15574,1.15574,31
2019.01.10,08:10,1.15578,1.15588,1.15578,1.15585,46
2019.01.10,08:11,1.15584,1.15585,1.1558,1.1558,16
2019.01.10,08:12,1.15578,1.1559,1.15578,1.1559,25
2019.01.10,08:13,1.15594,1.15599,1.15593,1.15595,27
2019.01.10,08:14,1.15597,1.156,1.15589,1.1559,37
2019.01.10,08:15,1.1559,1.15596,1.1559,1.15592,19
2019.01.10,08:16,1.1559,1.15592,1.15585,1.15585,18
2019.01.10,08:17,1.15586,1.1559,1.15585,1.15589,22
2019.01.10,08:18,1.1559,1.1559,1.1558,1.15582,24
2019.01.10,08:19,1.15586,1.15586,1.15567,1.15568,29
2019.01.10,08:20,1.15567,1.15575,1.15566,1.15575,32
2019.01.10,08:21,1.15574,1.15574,1.15555,1.15555,49
2019.01.10,08:22,1.15554,1.15554,1.15543,1.15549,73
2019.01.10,08:23,1.15551,1.15552,1.15543,1.15548,38
2019.01.10,08:24,1.15547,1.15553,1.15545,1.15546,43
2019.01.10,08:25,1.15548,1.15558,1.15545,1.15549,60
2019.01.10,08:26,1.15549,1.15549,1.15545,1.15545,14
2019.01.10,08:27,1.15545,1.15547,1.15545,1.15545,15
2019.01.10,08:28,1.15545,1.15545,1.15545,1.15545,8
2019.01.10,08:29,1.15545,1.1555,1.15544,1.15545,24
2019.01.10,08:30,1.15544,1.15545,1.15529,1.15534,22
2019.01.10,08:31,1.15534,1.15535,1.15513,1.15514,39
2019.01.10,08:32,1.15514,1.15526,1.15509,1.15525,62
2019.01.10,08:33,1.15525,1.15541,1.15525,1.1554,60
2019.01.10,08:34,1.15541,1.15541,1.15536,1.15541,35
2019.01.10,08:35,1.1554,1.15566,1.1554,1.15565,38
2019.01.10,08:36,1.15564,1.15571,1.15564,1.15565,27
2019.01.10,08:37,1.15564,1.1557,1.15555,1.15565,61
2019.01.10,08:38,1.15565,1.15567,1.15552,1.15565,40
2019.01.10,08:39,1.15568,1.15573,1.15555,1.15563,58
2019.01.10,08:40,1.15564,1.15564,1.15554,1.1556,56
2019.01.10,08:41,1.15559,1.15566,1.15524,1.15524,58
2019.01.10,08:42,1.15525,1.1554,1.15525,1.1554,27
2019.01.10,08:43,1.15544,1.15554,1.15544,1.15545,42
2019.01.10,08:44,1.15545,1.15557,1.15545,1.15555,49
2019.01.10,08:45,1.15557,1.15559,1.15555,1.15555,18
2019.01.10,08:46,1.15556,1.15556,1.15541,1.15541,21
2019.01.10,08:47,1.15543,1.15548,1.15536,1.15545,51
2019.01.10,08:48,1.15546,1.15562,1.15545,1.15562,41
2019.01.10,08:49,1.15561,1.15591,1.15561,1.15587,69
2019.01.10,08:50,1.15586,1.15591,1.15575,1.15582,54
2019.01.10,08:51,1.15583,1.15583,1.15575,1.15576,31
2019.01.10,08:52,1.15576,1.15588,1.15575,1.15583,28
2019.01.10,08:53,1.15584,1.15587,1.1558,1.15581,57
2019.01.10,08:54,1.1558,1.15591,1.15576,1.15588,51
2019.01.10,08:55,1.15588,1.15588,1.15555,1.1556,60
2019.01.10,08:56,1.1556,1.15569,1.15554,1.15559,50
2019.01.10,08:57,1.1556,1.15564,1.1554,1.15545,77
2019.01.10,08:58,1.15547,1.15557,1.15547,1.15555,47
2019.01.10,08:59,1.15555,1.15555,1.1552,1.1552,60
2019.01.10,09:00,1.1552,1.1556,1.1551,1.15539,183
2019.01.10,09:01,1.15541,1.15541,1.15518,1.15524,63
2019.01.10,09:02,1.15527,1.15529,1.15514,1.15524,102
2019.01.10,09:03,1.15525,1.15531,1.1552,1.15527,72
2019.01.10,09:04,1.15528,1.15536,1.15521,1.15526,77
2019.01.10,09:05,1.15525,1.15541,1.1552,1.15522,111
2019.01.10,09:06,1.15522,1.15524,1.15512,1.15516,64
2019.01.10,09:07,1.15515,1.15524,1.1551,1.15516,86
2019.01.10,09:08,1.15516,1.15532,1.15511,1.15531,91
2019.01.10,09:09,1.15532,1.15534,1.15521,1.15526,50
2019.01.10,09:10,1.15525,1.15526,1.1551,1.15514,35
2019.01.10,09:11,1.15515,1.1552,1.15505,1.15505,68
2019.01.10,09:12,1.15502,1.15502,1.15452,1.15478,248
2019.01.10,09:13,1.15477,1.15478,1.15428,1.15465,152
2019.01.10,09:14,1.15465,1.15506,1.15464,1.15506,137
2019.01.10,09:15,1.15507,1.15522,1.15501,1.1551,98
2019.01.10,09:16,1.15511,1.15526,1.15509,1.15521,116
2019.01.10,09:17,1.1552,1.15545,1.1552,1.15537,123
2019.01.10,09:18,1.15538,1.15556,1.15536,1.15546,126
2019.01.10,09:19,1.15547,1.15553,1.15527,1.1555,111
2019.01.10,09:20,1.15549,1.1555,1.15533,1.1554,98
2019.01.10,09:21,1.15539,1.15539,1.155,1.155,76
2019.01.10,09:22,1.155,1.15505,1.15482,1.15491,129
2019.01.10,09:23,1.15492,1.15525,1.15491,1.15523,113
2019.01.10,09:24,1.15524,1.15525,1.15499,1.15504,84
2019.01.10,09:25,1.15504,1.15513,1.15496,1.15502,98
2019.01.10,09:26,1.15503,1.15526,1.15503,1.15516,136
2019.01.10,09:27,1.15517,1.15517,1.15498,1.15504,83
2019.01.10,09:28,1.15503,1.15517,1.15503,1.15513,83
2019.01.10,09:29,1.15513,1.15517,1.155,1.15514,98
2019.01.10,09:30,1.15513,1.15516,1.15489,1.15496,84
2019.01.10,09:31,1.15497,1.15515,1.15497,1.15514,93
2019.01.10,09:32,1.15515,1.1555,1.15515,1.15541,105
2019.01.10,09:33,1.15536,1.15555,1.15524,1.1555,112
2019.01.10,09:34,1.1555,1.15552,1.15534,1.15534,51
2019.01.10,09:35,1.15531,1.15531,1.15509,1.15515,100
2019.01.10,09:36,1.15516,1.15521,1.15499,1.15505,50
2019.01.10,09:37,1.15504,1.15511,1.15475,1.15475,90
2019.01.10,09:38,1.15475,1.15484,1.15471,1.15481,84
2019.01.10,09:39,1.15478,1.15478,1.15441,1.15454,110
2019.01.10,09:40,1.15455,1.1546,1.1544,1.15441,87
2019.01.10,09:41,1.1544,1.15444,1.1543,1.15442,100
2019.01.10,09:42,1.1544,1.15444,1.15434,1.15439,87
2019.01.10,09:43,1.15439,1.15444,1.15431,1.15442,83
2019.01.10,09:44,1.15442,1.15481,1.1544,1.15479,115
2019.01.10,09:45,1.1548,1.15484,1.15443,1.15449,138
2019.01.10,09:46,1.15449,1.15459,1.15449,1.15454,66
2019.01.10,09:47,1.15454,1.15462,1.1545,1.15454,47
2019.01.10,09:48,1.15453,1.15453,1.15434,1.15439,92
2019.01.10,09:49,1.15439,1.15447,1.15432,1.15433,66
2019.01.10,09:50,1.15434,1.15434,1.15414,1.15414,101
2019.01.10,09:51,1.15413,1.15414,1.15372,1.15374,151
2019.01.10,09:52,1.15374,1.15382,1.15367,1.15374,134
2019.01.10,09:53,1.15374,1.15381,1.15345,1.15345,142
2019.01.10,09:54,1.15347,1.15379,1.15345,1.15375,190
2019.01.10,09:55,1.15376,1.15394,1.15373,1.15385,141
2019.01.10,09:56,1.15385,1.15392,1.15375,1.15392,100
2019.01.10,09:57,1.15393,1.15405,1.15379,1.15401,155
2019.01.10,09:58,1.15402,1.15406,1.15397,1.15401,124
2019.01.10,09:59,1.15401,1.15419,1.15397,1.15413,198
2019.01.10,10:00,1.15409,1.15416,1.15371,1.1539,196
2019.01.10,10:01,1.1539,1.15417,1.15387,1.15415,164
2019.01.10,10:02,1.15416,1.15434,1.1541,1.1542,158
2019.01.10,10:03,1.15419,1.15433,1.15395,1.15432,159
2019.01.10,10:04,1.15432,1.15507,1.15429,1.15502,178
2019.01.10,10:05,1.15502,1.15533,1.15486,1.15507,198
2019.01.10,10:06,1.15509,1.1551,1.15462,1.1548,198
2019.01.10,10:07,1.15482,1.15484,1.15464,1.15482,119
2019.01.10,10:08,1.15482,1.155,1.15477,1.15482,109
2019.01.10,10:09,1.15481,1.15511,1.15481,1.15497,106
2019.01.10,10:10,1.15496,1.15499,1.15475,1.15492,161
2019.01.10,10:11,1.15491,1.15515,1.15486,1.15512,127
2019.01.10,10:12,1.15512,1.15512,1.15479,1.15495,151
2019.01.10,10:13,1.15494,1.15501,1.15477,1.15477,139
2019.01.10,10:14,1.15477,1.15499,1.15477,1.15496,155
2019.01.10,10:15,1.15495,1.1551,1.15489,1.15509,126
2019.01.10,10:16,1.15509,1.15522,1.15503,1.1552,130
2019.01.10,10:17,1.15519,1.15547,1.15519,1.15545,162
2019.01.10,10:18,1.15546,1.15546,1.15511,1.15531,194
2019.01.10,10:19,1.15532,1.1554,1.15517,1.1554,133
2019.01.10,10:20,1.15539,1.15544,1.15529,1.15543,89
2019.01.10,10:21,1.15543,1.15568,1.15537,1.15562,134
2019.01.10,10:22,1.15562,1.15565,1.15537,1.15565,152
2019.01.10,10:23,1.15565,1.15571,1.15558,1.1557,136
2019.01.10,10:24,1.15569,1.15579,1.15551,1.15567,127
2019.01.10,10:25,1.15567,1.15568,1.1554,1.15546,119
2019.01.10,10:26,1.15546,1.15546,1.15523,1.15528,98
2019.01.10,10:27,1.15527,1.15527,1.15511,1.15511,98
2019.01.10,10:28,1.15512,1.15516,1.15489,1.15494,105
2019.01.10,10:29,1.15495,1.15496,1.15451,1.15451,119
2019.01.10,10:30,1.15452,1.15455,1.15432,1.15445,138
2019.01.10,10:31,1.1545,1.15465,1.1544,1.15465,110
2019.01.10,10:32,1.15467,1.15467,1.15447,1.15461,81
2019.01.10,10:33,1.15463,1.15473,1.15457,1.15457,119
2019.01.10,10:34,1.15458,1.15473,1.15451,1.15471,86
2019.01.10,10:35,1.15471,1.15485,1.15471,1.15476,84
2019.01.10,10:36,1.15477,1.15483,1.15471,1.15474,50
2019.01.10,10:37,1.15475,1.15475,1.1544,1.15441,84
2019.01.10,10:38,1.15442,1.15464,1.15442,1.15455,81
2019.01.10,10:39,1.15455,1.15467,1.15455,1.15457,65
2019.01.10,10:40,1.15458,1.15459,1.15439,1.15448,93
2019.01.10,10:41,1.15447,1.15489,1.15447,1.15475,90
2019.01.10,10:42,1.15474,1.15488,1.1546,1.15469,90
2019.01.10,10:43,1.15468,1.15503,1.15468,1.15501,104
2019.01.10,10:44,1.15502,1.15506,1.15456,1.15457,129
2019.01.10,10:45,1.15459,1.15487,1.15447,1.15481,165
2019.01.10,10:46,1.15481,1.15482,1.15459,1.15474,91
2019.01.10,10:47,1.15472,1.15491,1.15464,1.15472,93
2019.01.10,10:48,1.1547,1.1547,1.15445,1.15445,109
2019.01.10,10:49,1.15445,1.15455,1.15445,1.15455,64
2019.01.10,10:50,1.15455,1.15457,1.15412,1.15416,99
2019.01.10,10:51,1.15416,1.15427,1.15396,1.15398,136
2019.01.10,10:52,1.15397,1.15408,1.15348,1.15365,175
2019.01.10,10:53,1.15367,1.15375,1.1534,1.15341,172
2019.01.10,10:54,1.15335,1.15376,1.15334,1.15367,167
2019.01.10,10:55,1.15366,1.1537,1.15348,1.1535,126
2019.01.10,10:56,1.15351,1.15359,1.15341,1.1535,146
2019.01.10,10:57,1.1535,1.15358,1.15329,1.15329,144
2019.01.10,10:58,1.15328,1.15329,1.15292,1.15315,193
2019.01.10,10:59,1.15315,1.15315,1.15285,1.15288,140
2019.01.10,11:00,1.15289,1.15313,1.15286,1.15309,208
2019.01.10,11:01,1.1531,1.15315,1.15291,1.15304,202
2019.01.10,11:02,1.15304,1.15329,1.15295,1.15295,156
2019.01.10,11:03,1.15294,1.15305,1.15292,1.15303,121
2019.01.10,11:04,1.15302,1.1531,1.153,1.15309,121
2019.01.10,11:05,1.15308,1.1532,1.15294,1.15299,112
2019.01.10,11:06,1.15298,1.15324,1.15294,1.15323,114
2019.01.10,11:07,1.15322,1.15333,1.15321,1.15325,91
2019.01.10,11:08,1.15325,1.1533,1.15311,1.15318,87
2019.01.10,11:09,1.15319,1.15319,1.15294,1.15298,117
2019.01.10,11:10,1.15297,1.153,1.15273,1.15276,134
2019.01.10,11:11,1.15277,1.1528,1.15257,1.15264,148
2019.01.10,11:12,1.15263,1.15319,1.15263,1.15319,142
2019.01.10,11:13,1.15319,1.15323,1.153,1.15314,88
2019.01.10,11:14,1.15314,1.15314,1.1527,1.15274,107
2019.01.10,11:15,1.15276,1.15289,1.15215,1.15225,168
2019.01.10,11:16,1.15226,1.15248,1.15218,1.15248,160
2019.01.10,11:17,1.15246,1.15281,1.15241,1.15281,118
2019.01.10,11:18,1.1528,1.1528,1.15253,1.15265,99
2019.01.10,11:19,1.15266,1.15279,1.15261,1.15279,98
2019.01.10,11:20,1.1528,1.1528,1.15231,1.15245,154
2019.01.10,11:21,1.15248,1.15275,1.15248,1.15269,102
2019.01.10,11:22,1.15267,1.15272,1.15239,1.15251,114
2019.01.10,11:23,1.15254,1.15255,1.15227,1.15245,141
2019.01.10,11:24,1.15244,1.15248,1.15234,1.15248,98
2019.01.10,11:25,1.15252,1.15281,1.1525,1.15276,74
2019.01.10,11:26,1.15276,1.15288,1.1527,1.15277,84
2019.01.10,11:27,1.15276,1.15305,1.15275,1.15286,125
2019.01.10,11:28,1.15286,1.1529,1.15255,1.15264,87
2019.01.10,11:29,1.15263,1.15267,1.15232,1.1525,135
2019.01.10,11:30,1.1525,1.15252,1.15237,1.15248,82
2019.01.10,11:31,1.15248,1.15264,1.15248,1.15264,79
2019.01.10,11:32,1.15263,1.15271,1.1526,1.15265,75
2019.01.10,11:33,1.15263,1.15274,1.1525,1.15259,98
2019.01.10,11:34,1.15259,1.15275,1.15259,1.15263,117
2019.01.10,11:35,1.15262,1.15262,1.15225,1.15228,108
2019.01.10,11:36,1.15229,1.15249,1.15207,1.15209,148
2019.01.10,11:37,1.15212,1.15231,1.15212,1.1523,119
2019.01.10,11:38,1.15231,1.1524,1.15227,1.15234,75
2019.01.10,11:39,1.15234,1.15249,1.1523,1.15239,95
2019.01.10,11:40,1.1524,1.15263,1.15238,1.15255,116
2019.01.10,11:41,1.15253,1.15264,1.15251,1.15252,84
2019.01.10,11:42,1.15251,1.15271,1.15236,1.15255,112
2019.01.10,11:43,1.15255,1.15256,1.1524,1.15247,91
2019.01.10,11:44,1.15248,1.15258,1.15239,1.15254,118
2019.01.10,11:45,1.15255,1.15255,1.15228,1.15233,113
2019.01.10,11:46,1.15231,1.15233,1.15196,1.15197,110
2019.01.10,11:47,1.15199,1.15215,1.15196,1.15199,140
2019.01.10,11:48,1.152,1.15238,1.152,1.15238,107
2019.01.10,11:49,1.15238,1.15239,1.15225,1.15229,53
2019.01.10,11:50,1.15229,1.15229,1.15216,1.15223,102
2019.01.10,11:51,1.1522,1.15244,1.15219,1.15242,78
2019.01.10,11:52,1.15242,1.15254,1.15241,1.1525,63
2019.01.10,11:53,1.15251,1.15259,1.15247,1.15252,52
2019.01.10,11:54,1.15253,1.15255,1.15236,1.15244,67
2019.01.10,11:55,1.15245,1.15264,1.15235,1.15239,100
2019.01.10,11:56,1.1524,1.15251,1.15238,1.15245,69
2019.01.10,11:57,1.15246,1.15246,1.15223,1.15233,99
2019.01.10,11:58,1.15232,1.15234,1.15226,1.1523,86
2019.01.10,11:59,1.1523,1.15248,1.1523,1.15243,78
2019.01.10,12:00,1.15243,1.15243,1.15195,1.15196,157
2019.01.10,12:01,1.15197,1.15228,1.15195,1.15227,96
2019.01.10,12:02,1.15226,1.15226,1.1521,1.15213,68
2019.01.10,12:03,1.15214,1.15217,1.15205,1.1521,58
2019.01.10,12:04,1.1521,1.15215,1.15201,1.15205,68
2019.01.10,12:05,1.15204,1.15218,1.15204,1.1521,57
2019.01.10,12:06,1.1521,1.15218,1.15194,1.15214,93
2019.01.10,12:07,1.15213,1.15218,1.15201,1.15204,52
2019.01.10,12:08,1.15206,1.15226,1.15204,1.15225,54
2019.01.10,12:09,1.15225,1.15246,1.15225,1.15245,86
2019.01.10,12:10,1.15245,1.15266,1.15241,1.15266,108
2019.01.10,12:11,1.15266,1.15284,1.15266,1.15268,137
2019.01.10,12:12,1.15267,1.15274,1.15263,1.15268,97
2019.01.10,12:13,1.15269,1.15278,1.15264,1.15278,54
2019.01.10,12:14,1.15278,1.15301,1.15278,1.15285,126
2019.01.10,12:15,1.15285,1.15285,1.15248,1.15257,109
2019.01.10,12:16,1.15256,1.15267,1.15243,1.15265,104
2019.01.10,12:17,1.15265,1.15278,1.15252,1.15266,123
2019.01.10,12:18,1.15266,1.15297,1.15264,1.15288,108
2019.01.10,12:19,1.15286,1.15302,1.15283,1.15292,84
2019.01.10,12:20,1.15291,1.15294,1.15266,1.15285,89
2019.01.10,12:21,1.15285,1.15294,1.15282,1.15293,63
2019.01.10,12:22,1.15294,1.15306,1.15281,1.15282,96
2019.01.10,12:23,1.15281,1.15297,1.1528,1.15285,95
2019.01.10,12:24,1.15285,1.15301,1.15282,1.15297,87
2019.01.10,12:25,1.15299,1.15305,1.15292,1.15299,88
2019.01.10,12:26,1.153,1.15311,1.15299,1.1531,72
2019.01.10,12:27,1.1531,1.15325,1.15309,1.15323,110
2019.01.10,12:28,1.15322,1.15324,1.15219,1.15219,147
2019.01.10,12:29,1.1522,1.15232,1.15195,1.15196,134
2019.01.10,12:30,1.15195,1.15206,1.15177,1.152,148
2019.01.10,12:31,1.15202,1.1524,1.15201,1.15231,95
2019.01.10,12:32,1.1523,1.15244,1.15228,1.15238,58
2019.01.10,12:33,1.15237,1.1524,1.15233,1.15234,38
2019.01.10,12:34,1.15234,1.15257,1.1523,1.15256,89
2019.01.10,12:35,1.15256,1.15266,1.15251,1.15253,82
2019.01.10,12:36,1.15254,1.15254,1.15222,1.15231,87
2019.01.10,12:37,1.15232,1.15234,1.15223,1.15225,55
2019.01.10,12:38,1.15224,1.15226,1.15211,1.1522,77
2019.01.10,12:39,1.15222,1.15233,1.15215,1.15231,66
2019.01.10,12:40,1.1523,1.15233,1.15206,1.15207,98
2019.01.10,12:41,1.15207,1.1523,1.15207,1.15225,43
2019.01.10,12:42,1.15225,1.15237,1.15222,1.15237,53
2019.01.10,12:43,1.15239,1.15252,1.15238,1.1525,37
2019.01.10,12:44,1.1525,1.15262,1.1525,1.15258,57
2019.01.10,12:45,1.1526,1.15267,1.15257,1.15266,58
2019.01.10,12:46,1.15267,1.15267,1.15262,1.15266,33
2019.01.10,12:47,1.15265,1.15267,1.15259,1.1526,57
2019.01.10,12:48,1.1526,1.15262,1.15242,1.15251,84
2019.01.10,12:49,1.1525,1.15258,1.1525,1.15255,34
2019.01.10,12:50,1.15255,1.15288,1.15255,1.15288,82
2019.01.10,12:51,1.15287,1.15317,1.15286,1.15308,128
2019.01.10,12:52,1.15308,1.15308,1.1529,1.15295,81
2019.01.10,12:53,1.15293,1.15302,1.15276,1.15293,106
2019.01.10,12:54,1.15292,1.15293,1.15274,1.15282,110
2019.01.10,12:55,1.15281,1.15284,1.15274,1.15282,56
2019.01.10,12:56,1.1528,1.1528,1.15268,1.15276,50
2019.01.10,12:57,1.15276,1.15296,1.15272,1.15296,77
2019.01.10,12:58,1.15297,1.153,1.15283,1.15283,85
2019.01.10,12:59,1.15282,1.15287,1.15269,1.15277,87
2019.01.10,13:00,1.15278,1.15285,1.15271,1.15273,85
2019.01.10,13:01,1.15274,1.15285,1.15268,1.15275,84
2019.01.10,13:02,1.15275,1.15285,1.15269,1.15283,60
2019.01.10,13:03,1.15284,1.15291,1.15279,1.15286,50
2019.01.10,13:04,1.15286,1.15306,1.15284,1.153,77
2019.01.10,13:05,1.153,1.15305,1.15296,1.15297,74
2019.01.10,13:06,1.15297,1.15317,1.15297,1.15314,86
2019.01.10,13:07,1.15314,1.15319,1.15313,1.15316,78
2019.01.10,13:08,1.15316,1.15338,1.15314,1.15338,109
2019.01.10,13:09,1.15337,1.15342,1.15333,1.15336,72
2019.01.10,13:10,1.15336,1.15343,1.15335,1.15341,32
2019.01.10,13:11,1.15341,1.15354,1.15341,1.15347,78
2019.01.10,13:12,1.15348,1.15348,1.15344,1.15344,77
2019.01.10,13:13,1.15345,1.15365,1.15345,1.1536,70
2019.01.10,13:14,1.15361,1.15363,1.15344,1.15345,57
2019.01.10,13:15,1.15346,1.15352,1.15343,1.15344,59
2019.01.10,13:16,1.15345,1.15345,1.15337,1.15342,32
2019.01.10,13:17,1.15343,1.15351,1.15342,1.15348,46
2019.01.10,13:18,1.15347,1.15366,1.15346,1.15351,85
2019.01.10,13:19,1.15351,1.15373,1.15351,1.15368,103
2019.01.10,13:20,1.15368,1.15379,1.15368,1.15373,89
2019.01.10,13:21,1.15373,1.15387,1.15372,1.15386,72
2019.01.10,13:22,1.15386,1.15388,1.1538,1.15385,91
2019.01.10,13:23,1.15385,1.15391,1.1538,1.15384,79
2019.01.10,13:24,1.15384,1.15392,1.15379,1.15388,98
2019.01.10,13:25,1.15388,1.15392,1.15378,1.1538,82
2019.01.10,13:26,1.1538,1.15386,1.15379,1.15385,37
2019.01.10,13:27,1.15385,1.15385,1.15378,1.15378,34
2019.01.10,13:28,1.1538,1.1538,1.15366,1.15366,49
2019.01.10,13:29,1.15365,1.15371,1.15357,1.15358,68
2019.01.10,13:30,1.15357,1.15358,1.15332,1.1534,100
2019.01.10,13:31,1.15341,1.15346,1.15332,1.15333,64
2019.01.10,13:32,1.15332,1.15345,1.1533,1.15344,75
2019.01.10,13:33,1.15345,1.15363,1.15341,1.15361,104
2019.01.10,13:34,1.15361,1.15361,1.15325,1.15325,116
2019.01.10,13:35,1.15325,1.15325,1.15301,1.15316,120
2019.01.10,13:36,1.15317,1.15342,1.15312,1.15342,106
2019.01.10,13:37,1.15339,1.1534,1.15326,1.15326,98
2019.01.10,13:38,1.15325,1.15347,1.15323,1.15346,77
2019.01.10,13:39,1.15347,1.15349,1.15337,1.15337,55
2019.01.10,13:40,1.15334,1.15337,1.15302,1.15312,92
2019.01.10,13:41,1.15314,1.15329,1.15314,1.15317,102
2019.01.10,13:42,1.15317,1.15317,1.15291,1.15294,109
2019.01.10,13:43,1.15294,1.15296,1.15286,1.15295,84
2019.01.10,13:44,1.15297,1.15306,1.15291,1.15306,62
2019.01.10,13:45,1.15304,1.15307,1.15298,1.15306,59
2019.01.10,13:46,1.15306,1.15309,1.15297,1.15304,53
2019.01.10,13:47,1.15305,1.15315,1.15305,1.15308,83
2019.01.10,13:48,1.15308,1.15315,1.15301,1.1531,66
2019.01.10,13:49,1.1531,1.15337,1.1531,1.15325,79
2019.01.10,13:50,1.15325,1.15325,1.153,1.15309,64
2019.01.10,13:51,1.1531,1.1531,1.153,1.15302,56
2019.01.10,13:52,1.15301,1.15307,1.15299,1.15303,66
2019.01.10,13:53,1.15304,1.15339,1.15304,1.15326,75
2019.01.10,13:54,1.15321,1.15321,1.1527,1.15275,106
2019.01.10,13:55,1.15276,1.15286,1.15271,1.15283,86
2019.01.10,13:56,1.15283,1.15297,1.15275,1.15276,76
2019.01.10,13:57,1.15275,1.1528,1.15259,1.15264,120
2019.01.10,13:58,1.15265,1.15285,1.15265,1.15285,74
2019.01.10,13:59,1.15284,1.15298,1.15284,1.15293,98
2019.01.10,14:00,1.15294,1.15295,1.15253,1.15255,101
2019.01.10,14:01,1.15256,1.1526,1.15251,1.15253,102
2019.01.10,14:02,1.15254,1.1527,1.15241,1.1526,70
2019.01.10,14:03,1.15259,1.1526,1.15239,1.15249,63
2019.01.10,14:04,1.15251,1.15263,1.15241,1.15241,60
2019.01.10,14:05,1.15243,1.15251,1.15243,1.15244,87
2019.01.10,14:06,1.15244,1.15268,1.15244,1.15256,60
2019.01.10,14:07,1.15259,1.15283,1.15255,1.15283,99
2019.01.10,14:08,1.15283,1.15296,1.1528,1.15296,77
2019.01.10,14:09,1.15296,1.15316,1.15296,1.15316,95
2019.01.10,14:10,1.15317,1.15318,1.15293,1.15297,73
2019.01.10,14:11,1.15296,1.15319,1.15294,1.15312,100
2019.01.10,14:12,1.15314,1.15342,1.15314,1.15341,84
2019.01.10,14:13,1.1534,1.15348,1.15333,1.15348,81
2019.01.10,14:14,1.15347,1.15351,1.15343,1.15345,94
2019.01.10,14:15,1.15344,1.15345,1.15326,1.15335,76
2019.01.10,14:16,1.15339,1.15342,1.15312,1.15321,103
2019.01.10,14:17,1.15323,1.15332,1.1532,1.15329,43
2019.01.10,14:18,1.1533,1.15338,1.1533,1.15337,33
2019.01.10,14:19,1.15339,1.15345,1.15335,1.15339,80
2019.01.10,14:20,1.1534,1.1534,1.1531,1.15311,66
2019.01.10,14:21,1.1531,1.15314,1.15301,1.15312,74
2019.01.10,14:22,1.15313,1.1533,1.15311,1.15328,78
2019.01.10,14:23,1.15328,1.15336,1.15326,1.15334,73
2019.01.10,14:24,1.15333,1.15333,1.15319,1.15323,77
2019.01.10,14:25,1.15321,1.15339,1.15321,1.15339,57
2019.01.10,14:26,1.15339,1.15355,1.15339,1.15348,73
2019.01.10,14:27,1.15349,1.15349,1.15335,1.15336,44
2019.01.10,14:28,1.15335,1.1534,1.1533,1.15331,54
2019.01.10,14:29,1.15331,1.15333,1.15325,1.15326,36
2019.01.10,14:30,1.15326,1.15356,1.15283,1.15353,175
2019.01.10,14:31,1.15352,1.15385,1.15343,1.15385,117
2019.01.10,14:32,1.1539,1.1539,1.15371,1.15386,116
2019.01.10,14:33,1.15386,1.15392,1.15359,1.1536,120
2019.01.10,14:34,1.1536,1.1536,1.15342,1.15343,117
2019.01.10,14:35,1.15344,1.15345,1.15333,1.15334,93
2019.01.10,14:36,1.15334,1.15335,1.15328,1.15331,60
2019.01.10,14:37,1.15332,1.15338,1.15325,1.15337,63
2019.01.10,14:38,1.15337,1.15376,1.15336,1.15373,108
2019.01.10,14:39,1.15372,1.15383,1.15369,1.1538,90
2019.01.10,14:40,1.1538,1.15386,1.15379,1.15382,52
2019.01.10,14:41,1.15383,1.15383,1.15357,1.15357,58
2019.01.10,14:42,1.15356,1.15359,1.15339,1.15345,95
2019.01.10,14:43,1.15347,1.15351,1.15338,1.15341,71
2019.01.10,14:44,1.15342,1.1536,1.15341,1.15344,67
2019.01.10,14:45,1.15344,1.15371,1.15344,1.15368,50
2019.01.10,14:46,1.15367,1.15367,1.15345,1.1535,60
2019.01.10,14:47,1.1535,1.15351,1.15346,1.15346,37
2019.01.10,14:48,1.15345,1.15354,1.15343,1.15351,43
2019.01.10,14:49,1.1535,1.15359,1.15347,1.15349,57
2019.01.10,14:50,1.15349,1.15366,1.15342,1.15347,107
2019.01.10,14:51,1.15348,1.15365,1.15342,1.15364,73
2019.01.10,14:52,1.15365,1.15379,1.15362,1.15378,59
2019.01.10,14:53,1.15378,1.15389,1.15367,1.1537,68
2019.01.10,14:54,1.1537,1.15389,1.1537,1.15386,69
2019.01.10,14:55,1.15385,1.15385,1.1536,1.15361,107
2019.01.10,14:56,1.15361,1.15369,1.1535,1.15351,102
2019.01.10,14:57,1.15351,1.15351,1.15308,1.15312,159
2019.01.10,14:58,1.15313,1.15342,1.15309,1.15325,134
2019.01.10,14:59,1.15327,1.15339,1.1532,1.15338,117
2019.01.10,15:00,1.15338,1.15374,1.15338,1.15366,162
2019.01.10,15:01,1.15367,1.15388,1.1536,1.15385,119
2019.01.10,15:02,1.15386,1.15388,1.15358,1.15359,147
2019.01.10,15:03,1.15358,1.1536,1.15337,1.15351,118
2019.01.10,15:04,1.15352,1.15377,1.15351,1.15375,95
2019.01.10,15:05,1.15375,1.15379,1.15369,1.15375,54
2019.01.10,15:06,1.15375,1.15389,1.15375,1.15389,70
2019.01.10,15:07,1.15385,1.15385,1.15377,1.1538,56
2019.01.10,15:08,1.1538,1.15381,1.1537,1.15373,47
2019.01.10,15:09,1.15372,1.15373,1.15355,1.15365,87
2019.01.10,15:10,1.15365,1.15384,1.15365,1.1538,57
2019.01.10,15:11,1.1538,1.15384,1.15378,1.15383,48
2019.01.10,15:12,1.15383,1.15383,1.15351,1.15351,70
2019.01.10,15:13,1.15349,1.15357,1.15346,1.15347,108
2019.01.10,15:14,1.15345,1.15357,1.15344,1.15349,136
2019.01.10,15:15,1.15351,1.15351,1.15312,1.15317,142
2019.01.10,15:16,1.15316,1.15328,1.15315,1.15327,77
2019.01.10,15:17,1.1533,1.15344,1.1533,1.15343,73
2019.01.10,15:18,1.15345,1.15362,1.15343,1.15358,99
2019.01.10,15:19,1.15357,1.15377,1.15344,1.15373,114
2019.01.10,15:20,1.15377,1.15387,1.15363,1.15379,161
2019.01.10,15:21,1.15378,1.15419,1.15376,1.15409,144
2019.01.10,15:22,1.15408,1.15419,1.15389,1.15403,140
2019.01.10,15:23,1.15407,1.15417,1.15401,1.15416,103
2019.01.10,15:24,1.15415,1.15452,1.15413,1.15434,141
2019.01.10,15:25,1.15436,1.15437,1.15407,1.15421,83
2019.01.10,15:26,1.15422,1.15427,1.15404,1.15409,93
2019.01.10,15:27,1.15408,1.15409,1.15391,1.15394,65
2019.01.10,15:28,1.15393,1.15397,1.15384,1.15385,56
2019.01.10,15:29,1.15384,1.1539,1.15367,1.15378,94
2019.01.10,15:30,1.1538,1.1538,1.15352,1.15353,136
2019.01.10,15:31,1.15352,1.15383,1.15343,1.15378,113
2019.01.10,15:32,1.15379,1.15397,1.15347,1.15348,159
2019.01.10,15:33,1.15347,1.15365,1.15341,1.15358,162
2019.01.10,15:34,1.15361,1.15372,1.15324,1.15324,178
2019.01.10,15:35,1.15324,1.1535,1.15324,1.15345,148
2019.01.10,15:36,1.15347,1.15371,1.15337,1.15365,145
2019.01.10,15:37,1.15364,1.15385,1.1536,1.15366,137
2019.01.10,15:38,1.15366,1.15371,1.15314,1.15318,161
2019.01.10,15:39,1.15316,1.1534,1.15293,1.1532,163
2019.01.10,15:40,1.15321,1.15331,1.15308,1.15315,91
2019.01.10,15:41,1.15316,1.15336,1.15314,1.15327,109
2019.01.10,15:42,1.15327,1.15341,1.15313,1.1532,115
2019.01.10,15:43,1.15321,1.15348,1.15314,1.15334,130
2019.01.10,15:44,1.15333,1.15349,1.1532,1.15338,94
2019.01.10,15:45,1.15339,1.1534,1.15318,1.15318,80
2019.01.10,15:46,1.15319,1.15342,1.15314,1.15327,111
2019.01.10,15:47,1.15325,1.15341,1.15314,1.15339,148
2019.01.10,15:48,1.15339,1.15351,1.15324,1.15341,110
2019.01.10,15:49,1.1534,1.1534,1.15329,1.15338,81
2019.01.10,15:50,1.15337,1.1534,1.15323,1.15338,87
2019.01.10,15:51,1.15338,1.15342,1.15336,1.15341,80
2019.01.10,15:52,1.15342,1.15349,1.15335,1.15342,95
2019.01.10,15:53,1.15343,1.15343,1.15325,1.15342,85
2019.01.10,15:54,1.15342,1.15344,1.15337,1.15339,54
2019.01.10,15:55,1.15338,1.15339,1.1531,1.15314,61
2019.01.10,15:56,1.15315,1.15323,1.15306,1.15306,82
2019.01.10,15:57,1.15304,1.15304,1.15248,1.15262,197
2019.01.10,15:58,1.15265,1.15278,1.15217,1.15225,165
2019.01.10,15:59,1.15225,1.15233,1.15194,1.15204,205
2019.01.10,16:00,1.15206,1.15233,1.15198,1.15198,199
2019.01.10,16:01,1.15197,1.15199,1.15165,1.15167,210
2019.01.10,16:02,1.15169,1.15233,1.15168,1.15223,243
2019.01.10,16:03,1.15225,1.15242,1.15223,1.15239,110
2019.01.10,16:04,1.15238,1.15238,1.15205,1.15214,139
2019.01.10,16:05,1.15213,1.15227,1.15211,1.15227,138
2019.01.10,16:06,1.15231,1.15244,1.1522,1.15234,119
2019.01.10,16:07,1.15233,1.1525,1.15232,1.15249,59
2019.01.10,16:08,1.1525,1.15254,1.15244,1.15246,48
2019.01.10,16:09,1.15249,1.15249,1.15236,1.15236,74
2019.01.10,16:10,1.15239,1.15251,1.15235,1.15248,88
2019.01.10,16:11,1.15248,1.15254,1.15235,1.15238,119
2019.01.10,16:12,1.15239,1.15247,1.15227,1.15247,97
2019.01.10,16:13,1.15247,1.15255,1.15242,1.15248,89
2019.01.10,16:14,1.15248,1.15254,1.15244,1.15253,58
2019.01.10,16:15,1.15254,1.15258,1.15235,1.15239,89
2019.01.10,16:16,1.15238,1.15247,1.1523,1.15247,82
2019.01.10,16:17,1.15247,1.15256,1.15242,1.15253,76
2019.01.10,16:18,1.15253,1.15257,1.15247,1.15247,65
2019.01.10,16:19,1.15248,1.15298,1.15247,1.15298,93
2019.01.10,16:20,1.15303,1.15308,1.15282,1.15283,95
2019.01.10,16:21,1.15283,1.15286,1.15266,1.15285,63
2019.01.10,16:22,1.15286,1.15301,1.15286,1.15297,82
2019.01.10,16:23,1.15297,1.15298,1.15281,1.15294,47
2019.01.10,16:24,1.15292,1.15294,1.15284,1.15284,64
2019.01.10,16:25,1.15285,1.15289,1.15266,1.15268,57
2019.01.10,16:26,1.15269,1.15278,1.15266,1.15277,51
2019.01.10,16:27,1.15276,1.15276,1.1525,1.15251,93
2019.01.10,16:28,1.15253,1.15253,1.15222,1.15232,142
2019.01.10,16:29,1.15231,1.15243,1.15212,1.15214,117
2019.01.10,16:30,1.15214,1.1526,1.15214,1.15253,174
2019.01.10,16:31,1.15252,1.15273,1.15239,1.15273,119
2019.01.10,16:32,1.15272,1.15272,1.15237,1.15245,109
2019.01.10,16:33,1.15247,1.15271,1.15247,1.15255,89
2019.01.10,16:34,1.15254,1.15298,1.15254,1.15287,95
2019.01.10,16:35,1.15286,1.1529,1.15276,1.15281,123
2019.01.10,16:36,1.15282,1.15292,1.1528,1.15283,110
2019.01.10,16:37,1.15282,1.15289,1.15269,1.15287,136
2019.01.10,16:38,1.15285,1.15292,1.15269,1.15279,120
2019.01.10,16:39,1.15277,1.15278,1.1526,1.15262,91
2019.01.10,16:40,1.15263,1.15267,1.15251,1.15267,125
2019.01.10,16:41,1.15266,1.15277,1.15262,1.15266,102
2019.01.10,16:42,1.15266,1.1527,1.15257,1.15264,70
2019.01.10,16:43,1.15266,1.15272,1.15231,1.15246,149
2019.01.10,16:44,1.15247,1.15253,1.15231,1.15232,141
2019.01.10,16:45,1.15231,1.15242,1.15203,1.15204,161
2019.01.10,16:46,1.15203,1.15249,1.15199,1.15242,171
2019.01.10,16:47,1.15244,1.15248,1.1521,1.15224,156
2019.01.10,16:48,1.15223,1.15231,1.15217,1.15218,108
2019.01.10,16:49,1.15223,1.15231,1.15218,1.15227,94
2019.01.10,16:50,1.15227,1.15251,1.15227,1.15242,146
2019.01.10,16:51,1.15242,1.15257,1.15242,1.1525,105
2019.01.10,16:52,1.1525,1.15257,1.15241,1.15245,124
2019.01.10,16:53,1.15245,1.15256,1.15241,1.15249,124
2019.01.10,16:54,1.15249,1.15255,1.15242,1.15255,79
2019.01.10,16:55,1.15257,1.15274,1.15251,1.15262,156
2019.01.10,16:56,1.15261,1.15263,1.15253,1.15257,91
2019.01.10,16:57,1.15257,1.15259,1.15237,1.1524,95
2019.01.10,16:58,1.1524,1.15261,1.15236,1.15261,130
2019.01.10,16:59,1.15261,1.15263,1.15242,1.15257,161
2019.01.10,17:00,1.15257,1.15262,1.15217,1.15259,199
2019.01.10,17:01,1.15259,1.15261,1.15243,1.15259,129
2019.01.10,17:02,1.1526,1.15263,1.15252,1.15262,99
2019.01.10,17:03,1.15262,1.15274,1.15222,1.15228,151
2019.01.10,17:04,1.15227,1.15239,1.15218,1.15228,115
2019.01.10,17:05,1.15228,1.15229,1.15216,1.15218,103
2019.01.10,17:06,1.15219,1.15219,1.1515,1.1516,253
2019.01.10,17:07,1.15159,1.15178,1.1515,1.1515,166
2019.01.10,17:08,1.1515,1.15174,1.1515,1.15173,169
2019.01.10,17:09,1.15175,1.15188,1.15168,1.15184,145
2019.01.10,17:10,1.15183,1.15203,1.15172,1.15199,152
2019.01.10,17:11,1.15199,1.15221,1.15199,1.15218,129
2019.01.10,17:12,1.15219,1.15234,1.15218,1.15228,121
2019.01.10,17:13,1.15229,1.15229,1.15203,1.15203,114
2019.01.10,17:14,1.15202,1.15208,1.15191,1.15197,107
2019.01.10,17:15,1.15198,1.15201,1.15186,1.15198,139
2019.01.10,17:16,1.152,1.1521,1.15198,1.15207,100
2019.01.10,17:17,1.15208,1.15211,1.15172,1.15173,144
2019.01.10,17:18,1.15174,1.15199,1.15173,1.15196,98
2019.01.10,17:19,1.15197,1.15198,1.15182,1.15192,80
2019.01.10,17:20,1.15192,1.15207,1.15192,1.15204,65
2019.01.10,17:21,1.15205,1.15205,1.15198,1.152,67
2019.01.10,17:22,1.152,1.15203,1.15189,1.15197,100
2019.01.10,17:23,1.15198,1.15227,1.15195,1.15227,117
2019.01.10,17:24,1.15225,1.15225,1.15199,1.1521,83
2019.01.10,17:25,1.1521,1.1521,1.15164,1.15185,102
2019.01.10,17:26,1.15185,1.15198,1.15173,1.15194,106
2019.01.10,17:27,1.15193,1.15199,1.15185,1.15192,83
2019.01.10,17:28,1.15192,1.15206,1.15182,1.15185,88
2019.01.10,17:29,1.15189,1.15198,1.15186,1.15193,112
2019.01.10,17:30,1.15192,1.15195,1.15176,1.15194,155
2019.01.10,17:31,1.15195,1.15203,1.15192,1.15198,111
2019.01.10,17:32,1.15198,1.1521,1.1519,1.15197,119
2019.01.10,17:33,1.15198,1.15201,1.15187,1.15188,89
2019.01.10,17:34,1.15189,1.15191,1.15164,1.15189,120
2019.01.10,17:35,1.15188,1.15193,1.15186,1.15192,86
2019.01.10,17:36,1.15192,1.15201,1.15189,1.15195,88
2019.01.10,17:37,1.15195,1.15214,1.15192,1.15209,112
2019.01.10,17:38,1.15208,1.15218,1.15199,1.15216,115
2019.01.10,17:39,1.15215,1.15248,1.15215,1.15229,191
2019.01.10,17:40,1.15231,1.15231,1.15204,1.15204,145
2019.01.10,17:41,1.15206,1.15211,1.15184,1.15184,133
2019.01.10,17:42,1.15185,1.15192,1.15168,1.15187,149
2019.01.10,17:43,1.15184,1.15188,1.15149,1.15161,155
2019.01.10,17:44,1.15164,1.15183,1.15164,1.1518,124
2019.01.10,17:45,1.15183,1.15202,1.15179,1.15196,113
2019.01.10,17:46,1.15195,1.15218,1.15192,1.15206,151
2019.01.10,17:47,1.15206,1.15214,1.15191,1.15198,145
2019.01.10,17:48,1.15199,1.15204,1.15188,1.15193,131
2019.01.10,17:49,1.15195,1.15214,1.15181,1.15214,120
2019.01.10,17:50,1.15214,1.15224,1.15202,1.15211,140
2019.01.10,17:51,1.1521,1.15212,1.15194,1.15195,103
2019.01.10,17:52,1.15197,1.15257,1.15195,1.15224,224
2019.01.10,17:53,1.15225,1.15225,1.15201,1.15219,127
2019.01.10,17:54,1.15221,1.15237,1.15221,1.15222,159
2019.01.10,17:55,1.15223,1.15232,1.15204,1.15227,205
2019.01.10,17:56,1.15227,1.15238,1.15221,1.15231,126
2019.01.10,17:57,1.15232,1.15237,1.152,1.15207,194
2019.01.10,17:58,1.15207,1.15234,1.15202,1.15208,219
2019.01.10,17:59,1.15207,1.1523,1.15199,1.1523,255
2019.01.10,18:00,1.15229,1.15234,1.15203,1.15218,234
2019.01.10,18:01,1.15218,1.15227,1.15195,1.15204,223
2019.01.10,18:02,1.15204,1.1521,1.15196,1.15205,128
2019.01.10,18:03,1.15204,1.15214,1.15201,1.15208,120
2019.01.10,18:04,1.15206,1.15207,1.15184,1.15202,140
2019.01.10,18:05,1.15202,1.15203,1.15179,1.1519,124
2019.01.10,18:06,1.1519,1.15196,1.15179,1.15192,116
2019.01.10,18:07,1.15194,1.15197,1.15177,1.15179,108
2019.01.10,18:08,1.15175,1.15185,1.15175,1.1518,84
2019.01.10,18:09,1.15178,1.15183,1.15169,1.15172,100
2019.01.10,18:10,1.15168,1.15169,1.15152,1.15158,137
2019.01.10,18:11,1.15158,1.15174,1.15156,1.15167,95
2019.01.10,18:12,1.15167,1.15186,1.15167,1.15184,121
2019.01.10,18:13,1.15181,1.15208,1.15181,1.15205,129
2019.01.10,18:14,1.15204,1.1523,1.15203,1.15227,125
2019.01.10,18:15,1.15226,1.15234,1.15198,1.15203,141
2019.01.10,18:16,1.15204,1.15212,1.15196,1.152,114
2019.01.10,18:17,1.15199,1.15217,1.15197,1.152,126
2019.01.10,18:18,1.15199,1.15199,1.15173,1.15181,116
2019.01.10,18:19,1.15182,1.15195,1.15174,1.15193,102
2019.01.10,18:20,1.15192,1.15202,1.15174,1.15177,86
2019.01.10,18:21,1.15175,1.15203,1.15174,1.15199,132
2019.01.10,18:22,1.15199,1.15213,1.15195,1.15206,105
2019.01.10,18:23,1.15205,1.15206,1.15196,1.15201,87
2019.01.10,18:24,1.15201,1.15208,1.15192,1.15196,139
2019.01.10,18:25,1.15196,1.15204,1.15183,1.15203,95
2019.01.10,18:26,1.15196,1.15213,1.15174,1.15181,145
2019.01.10,18:27,1.1518,1.15181,1.15163,1.15165,121
2019.01.10,18:28,1.15165,1.15169,1.15154,1.15155,124
2019.01.10,18:29,1.15154,1.15154,1.15117,1.15124,167
2019.01.10,18:30,1.15122,1.15131,1.15114,1.15129,128
2019.01.10,18:31,1.15128,1.15138,1.15122,1.15137,87
2019.01.10,18:32,1.15137,1.15148,1.15121,1.15147,123
2019.01.10,18:33,1.15146,1.15152,1.15141,1.15145,124
2019.01.10,18:34,1.15146,1.15147,1.15121,1.15139,115
2019.01.10,18:35,1.15138,1.15144,1.15122,1.15127,94
2019.01.10,18:36,1.15126,1.15153,1.15114,1.15145,134
2019.01.10,18:37,1.15144,1.15152,1.15134,1.15146,130
2019.01.10,18:38,1.15147,1.15147,1.15137,1.15137,91
2019.01.10,18:39,1.15136,1.15137,1.15124,1.15129,75
2019.01.10,18:40,1.15129,1.15131,1.15102,1.15103,89
2019.01.10,18:41,1.15106,1.15127,1.15103,1.15127,49
2019.01.10,18:42,1.15126,1.15132,1.15119,1.15121,71
2019.01.10,18:43,1.15119,1.15128,1.15119,1.15126,54
2019.01.10,18:44,1.15127,1.15128,1.15118,1.15122,71
2019.01.10,18:45,1.15122,1.15143,1.15121,1.15137,113
2019.01.10,18:46,1.15136,1.15143,1.15133,1.15136,66
2019.01.10,18:47,1.15135,1.15146,1.1513,1.15146,60
2019.01.10,18:48,1.15146,1.1516,1.15146,1.1516,84
2019.01.10,18:49,1.1516,1.1517,1.15155,1.15164,77
2019.01.10,18:50,1.15167,1.15168,1.15163,1.15167,72
2019.01.10,18:51,1.15165,1.15181,1.15165,1.15179,101
2019.01.10,18:52,1.15177,1.15186,1.15168,1.15168,114
2019.01.10,18:53,1.15169,1.15177,1.15164,1.15176,61
2019.01.10,18:54,1.15176,1.15177,1.15157,1.15172,84
2019.01.10,18:55,1.15171,1.15182,1.15166,1.15168,73
2019.01.10,18:56,1.15168,1.15182,1.1515,1.15177,101
2019.01.10,18:57,1.15177,1.15198,1.15175,1.15194,118
2019.01.10,18:58,1.15194,1.15216,1.15191,1.15214,86
2019.01.10,18:59,1.15214,1.15214,1.15164,1.15165,126
2019.01.10,19:00,1.15166,1.15184,1.15163,1.15169,120
2019.01.10,19:01,1.15168,1.15174,1.15141,1.15147,128
2019.01.10,19:02,1.15147,1.15153,1.15146,1.1515,81
2019.01.10,19:03,1.1515,1.1515,1.1512,1.15126,117
2019.01.10,19:04,1.15125,1.1513,1.15107,1.1513,136
2019.01.10,19:05,1.15127,1.15138,1.15107,1.1512,117
2019.01.10,19:06,1.15119,1.1512,1.15085,1.15091,113
2019.01.10,19:07,1.15092,1.15094,1.15076,1.15079,130
2019.01.10,19:08,1.15078,1.15079,1.15054,1.15062,197
2019.01.10,19:09,1.15061,1.15072,1.15061,1.15064,93
2019.01.10,19:10,1.15063,1.1509,1.15061,1.15084,106
2019.01.10,19:11,1.15084,1.15124,1.15081,1.15102,130
2019.01.10,19:12,1.15103,1.15131,1.15095,1.15126,135
2019.01.10,19:13,1.15123,1.15123,1.1511,1.15123,111
2019.01.10,19:14,1.15123,1.15132,1.15116,1.15124,78
2019.01.10,19:15,1.15121,1.15134,1.15121,1.15128,95
2019.01.10,19:16,1.15128,1.15128,1.15101,1.15122,118
2019.01.10,19:17,1.15123,1.15144,1.15122,1.15142,104
2019.01.10,19:18,1.15148,1.15148,1.15139,1.15148,101
2019.01.10,19:19,1.15149,1.15149,1.15106,1.15113,131
2019.01.10,19:20,1.15112,1.15118,1.15109,1.15112,69
2019.01.10,19:21,1.15112,1.15136,1.15106,1.15132,94
2019.01.10,19:22,1.15131,1.15133,1.1511,1.1512,108
2019.01.10,19:23,1.15119,1.15122,1.15112,1.15115,88
2019.01.10,19:24,1.15117,1.15118,1.15076,1.15088,108
2019.01.10,19:25,1.15088,1.15089,1.15076,1.15077,126
2019.01.10,19:26,1.15076,1.15084,1.15066,1.15079,99
2019.01.10,19:27,1.15078,1.15089,1.15077,1.15087,46
2019.01.10,19:28,1.15086,1.15101,1.15086,1.15101,81
2019.01.10,19:29,1.15103,1.15118,1.15102,1.15109,54
2019.01.10,19:30,1.15107,1.15113,1.15099,1.15107,83
2019.01.10,19:31,1.15108,1.15111,1.15081,1.15082,73
2019.01.10,19:32,1.15083,1.15085,1.15077,1.15077,65
2019.01.10,19:33,1.15077,1.1508,1.15075,1.15077,35
2019.01.10,19:34,1.15076,1.15081,1.15069,1.15075,63
2019.01.10,19:35,1.15072,1.15074,1.15062,1.15073,61
2019.01.10,19:36,1.15072,1.15077,1.15062,1.15065,87
2019.01.10,19:37,1.15065,1.15076,1.15061,1.15071,88
2019.01.10,19:38,1.15071,1.15075,1.15066,1.15069,52
2019.01.10,19:39,1.1507,1.15075,1.15065,1.15068,97
2019.01.10,19:40,1.15071,1.15076,1.15069,1.15074,50
2019.01.10,19:41,1.15074,1.15091,1.15071,1.15091,70
2019.01.10,19:42,1.1509,1.15093,1.15077,1.15082,97
2019.01.10,19:43,1.15082,1.15083,1.15068,1.15068,108
2019.01.10,19:44,1.15068,1.15071,1.15054,1.15057,111
2019.01.10,19:45,1.15058,1.15061,1.15028,1.15034,123
2019.01.10,19:46,1.15035,1.15056,1.15034,1.15043,117
2019.01.10,19:47,1.15041,1.15047,1.15035,1.15042,99
2019.01.10,19:48,1.15041,1.15114,1.15035,1.15086,217
2019.01.10,19:49,1.15087,1.15124,1.15033,1.15058,289
2019.01.10,19:50,1.15058,1.15117,1.15058,1.15114,239
2019.01.10,19:51,1.15113,1.15116,1.15087,1.15087,184
2019.01.10,19:52,1.15085,1.15085,1.15054,1.15063,147
2019.01.10,19:53,1.15063,1.15078,1.15049,1.15078,123
2019.01.10,19:54,1.15078,1.15079,1.15049,1.15058,119
2019.01.10,19:55,1.15059,1.15074,1.15059,1.15063,105
2019.01.10,19:56,1.15062,1.15074,1.15036,1.15043,110
2019.01.10,19:57,1.15036,1.15041,1.14972,1.15008,238
2019.01.10,19:58,1.15007,1.15059,1.15007,1.15048,131
2019.01.10,19:59,1.15047,1.15074,1.15045,1.15062,162
2019.01.10,20:00,1.1506,1.15064,1.15021,1.15027,176
2019.01.10,20:01,1.15026,1.15033,1.15011,1.15028,147
2019.01.10,20:02,1.15028,1.15077,1.14977,1.15064,291
2019.01.10,20:03,1.15068,1.15079,1.15029,1.1503,202
2019.01.10,20:04,1.15032,1.1506,1.15027,1.15059,86
2019.01.10,20:05,1.1506,1.1507,1.15028,1.15044,120
2019.01.10,20:06,1.15043,1.15052,1.15032,1.15041,110
2019.01.10,20:07,1.15042,1.15071,1.15042,1.15062,170
2019.01.10,20:08,1.15057,1.15072,1.15055,1.15072,137
2019.01.10,20:09,1.15071,1.15093,1.15062,1.15088,151
2019.01.10,20:10,1.15087,1.15111,1.15087,1.15111,138
2019.01.10,20:11,1.1511,1.1511,1.15077,1.15099,84
2019.01.10,20:12,1.15098,1.15098,1.1508,1.15085,94
2019.01.10,20:13,1.15087,1.151,1.15082,1.151,65
2019.01.10,20:14,1.15099,1.15105,1.15093,1.15103,77
2019.01.10,20:15,1.15102,1.15116,1.15087,1.15107,199
2019.01.10,20:16,1.15107,1.15118,1.15096,1.15118,121
2019.01.10,20:17,1.15118,1.15128,1.15103,1.15121,143
2019.01.10,20:18,1.15121,1.15133,1.15111,1.15122,96
2019.01.10,20:19,1.15123,1.15132,1.151,1.15105,169
2019.01.10,20:20,1.15104,1.15109,1.15084,1.15086,125
2019.01.10,20:21,1.15087,1.15089,1.15062,1.15064,107
2019.01.10,20:22,1.15063,1.15063,1.15018,1.1502,109
2019.01.10,20:23,1.15018,1.15033,1.1501,1.15019,104
2019.01.10,20:24,1.1502,1.15023,1.14974,1.14974,131
2019.01.10,20:25,1.14974,1.14994,1.14963,1.14983,137
2019.01.10,20:26,1.14983,1.14987,1.14972,1.14986,115
2019.01.10,20:27,1.14987,1.14992,1.14966,1.14967,135
2019.01.10,20:28,1.14967,1.14967,1.14844,1.14851,325
2019.01.10,20:29,1.1485,1.1491,1.14849,1.14905,197
2019.01.10,20:30,1.14905,1.14906,1.14872,1.14892,151
2019.01.10,20:31,1.14894,1.14913,1.14891,1.1491,93
2019.01.10,20:32,1.14911,1.14916,1.14903,1.14909,106
2019.01.10,20:33,1.14906,1.1492,1.14902,1.1492,55
2019.01.10,20:34,1.14921,1.14932,1.14911,1.14932,86
2019.01.10,20:35,1.14933,1.14933,1.14916,1.14916,87
2019.01.10,20:36,1.14916,1.14939,1.14914,1.14936,96
2019.01.10,20:37,1.14933,1.14934,1.14913,1.14925,89
2019.01.10,20:38,1.14924,1.14935,1.14924,1.14931,54
2019.01.10,20:39,1.14933,1.14949,1.1493,1.14946,80
2019.01.10,20:40,1.14948,1.1496,1.14944,1.1496,67
2019.01.10,20:41,1.14962,1.14984,1.14958,1.14982,124
2019.01.10,20:42,1.14977,1.14987,1.14976,1.1498,71
2019.01.10,20:43,1.14979,1.15003,1.14978,1.14999,87
2019.01.10,20:44,1.14999,1.14999,1.14984,1.14985,129
2019.01.10,20:45,1.14983,1.14983,1.1496,1.14962,118
2019.01.10,20:46,1.14962,1.14996,1.14962,1.14988,79
2019.01.10,20:47,1.14989,1.15003,1.14989,1.15003,91
2019.01.10,20:48,1.15006,1.15019,1.14998,1.15018,141
2019.01.10,20:49,1.15019,1.15022,1.15007,1.15016,113
2019.01.10,20:50,1.15014,1.15019,1.15005,1.15018,119
2019.01.10,20:51,1.15017,1.15022,1.15006,1.15012,113
2019.01.10,20:52,1.15011,1.15018,1.15009,1.15016,106
2019.01.10,20:53,1.15017,1.15028,1.15016,1.15021,79
2019.01.10,20:54,1.15021,1.15032,1.15015,1.15026,126
2019.01.10,20:55,1.15027,1.15029,1.15013,1.1502,148
2019.01.10,20:56,1.1502,1.15036,1.15012,1.15026,98
2019.01.10,20:57,1.15024,1.15024,1.14999,1.14999,100
2019.01.10,20:58,1.14998,1.15004,1.14991,1.14991,115
2019.01.10,20:59,1.14989,1.14999,1.1497,1.14979,188
2019.01.10,21:00,1.14977,1.14977,1.14962,1.14971,144
2019.01.10,21:01,1.14971,1.14974,1.14961,1.14964,99
2019.01.10,21:02,1.14964,1.14973,1.14951,1.14965,120
2019.01.10,21:03,1.14966,1.14993,1.14962,1.14992,137
2019.01.10,21:04,1.14993,1.15007,1.14991,1.14999,97
2019.01.10,21:05,1.14999,1.15007,1.14995,1.15001,79
2019.01.10,21:06,1.15002,1.15018,1.15001,1.15007,109
2019.01.10,21:07,1.15006,1.15014,1.15001,1.15012,84
2019.01.10,21:08,1.15012,1.1502,1.15002,1.15015,105
2019.01.10,21:09,1.15011,1.15018,1.14991,1.14997,91
2019.01.10,21:10,1.14998,1.15013,1.14993,1.15012,101
2019.01.10,21:11,1.15011,1.15032,1.15008,1.15026,119
2019.01.10,21:12,1.15026,1.15035,1.15018,1.15031,121
2019.01.10,21:13,1.15027,1.1503,1.15013,1.1502,89
2019.01.10,21:14,1.15019,1.15022,1.15009,1.15012,73
2019.01.10,21:15,1.15012,1.15017,1.1501,1.15011,50
2019.01.10,21:16,1.15011,1.15019,1.1501,1.15016,43
2019.01.10,21:17,1.15016,1.15016,1.15009,1.15014,34
2019.01.10,21:18,1.15014,1.15018,1.15011,1.15011,35
2019.01.10,21:19,1.15012,1.15023,1.15011,1.15017,65
2019.01.10,21:20,1.15015,1.15019,1.1501,1.1501,39
2019.01.10,21:21,1.15009,1.15021,1.15006,1.15017,88
2019.01.10,21:22,1.15016,1.15019,1.15009,1.15012,72
2019.01.10,21:23,1.15013,1.15017,1.15001,1.15002,59
2019.01.10,21:24,1.15002,1.15002,1.1499,1.1499,57
2019.01.10,21:25,1.14989,1.14991,1.14981,1.14984,36
2019.01.10,21:26,1.14982,1.14991,1.1498,1.1499,46
2019.01.10,21:27,1.14991,1.14999,1.14991,1.14996,32
2019.01.10,21:28,1.14995,1.15,1.1499,1.14995,53
2019.01.10,21:29,1.14996,1.15015,1.14995,1.15006,89
2019.01.10,21:30,1.15008,1.1501,1.14999,1.1501,57
2019.01.10,21:31,1.15012,1.15015,1.15004,1.15004,33
2019.01.10,21:32,1.15005,1.15006,1.14997,1.14998,42
2019.01.10,21:33,1.15001,1.15002,1.14989,1.15,57
2019.01.10,21:34,1.15,1.15,1.14991,1.14996,29
2019.01.10,21:35,1.14997,1.14997,1.1499,1.14997,38
2019.01.10,21:36,1.14996,1.15004,1.14994,1.15001,54
2019.01.10,21:37,1.15001,1.15002,1.14979,1.14981,44
2019.01.10,21:38,1.14981,1.14997,1.14979,1.14992,52
2019.01.10,21:39,1.14992,1.14999,1.14992,1.14998,39
2019.01.10,21:40,1.14995,1.14996,1.14994,1.14995,12
2019.01.10,21:41,1.14993,1.14994,1.14984,1.14985,35
2019.01.10,21:42,1.14984,1.14985,1.14967,1.14968,54
2019.01.10,21:43,1.14969,1.14981,1.14969,1.14979,51
2019.01.10,21:44,1.14984,1.15006,1.14984,1.15001,42
2019.01.10,21:45,1.15,1.15021,1.15,1.15017,72
2019.01.10,21:46,1.15016,1.15016,1.15006,1.1501,90
2019.01.10,21:47,1.1501,1.15019,1.15005,1.15016,69
2019.01.10,21:48,1.15017,1.15021,1.15015,1.15017,46
2019.01.10,21:49,1.15016,1.15036,1.15016,1.15034,50
2019.01.10,21:50,1.15035,1.15045,1.15032,1.15045,69
2019.01.10,21:51,1.15045,1.15057,1.15044,1.15048,74
2019.01.10,21:52,1.15048,1.15053,1.15047,1.15049,63
2019.01.10,21:53,1.15049,1.15056,1.15037,1.15037,53
2019.01.10,21:54,1.15038,1.15039,1.15016,1.15019,53
2019.01.10,21:55,1.1502,1.1502,1.14999,1.15006,81
2019.01.10,21:56,1.15005,1.15026,1.15005,1.15025,35
2019.01.10,21:57,1.15026,1.15028,1.15019,1.15019,31
2019.01.10,21:58,1.15018,1.15018,1.15,1.15011,59
2019.01.10,21:59,1.15011,1.15011,1.14987,1.14995,152
2019.01.10,22:00,1.14994,1.14999,1.14981,1.14982,64
2019.01.10,22:01,1.14981,1.14988,1.14973,1.14987,39
2019.01.10,22:02,1.14986,1.15002,1.14981,1.14999,50
2019.01.10,22:03,1.14998,1.15001,1.1498,1.14986,47
2019.01.10,22:04,1.14986,1.14987,1.14971,1.14985,83
2019.01.10,22:05,1.14986,1.14986,1.14977,1.14977,41
2019.01.10,22:06,1.14975,1.1498,1.14972,1.14973,33
2019.01.10,22:07,1.14974,1.14981,1.14974,1.14981,31
2019.01.10,22:08,1.14982,1.14988,1.14981,1.14988,16
2019.01.10,22:09,1.1499,1.1499,1.14972,1.14982,60
2019.01.10,22:10,1.14985,1.14989,1.14982,1.14983,45
2019.01.10,22:11,1.14983,1.14984,1.14976,1.14979,46
2019.01.10,22:12,1.14979,1.14979,1.14956,1.14958,86
2019.01.10,22:13,1.1496,1.14967,1.14952,1.14964,56
2019.01.10,22:14,1.14962,1.14969,1.14959,1.14965,60
2019.01.10,22:15,1.14966,1.14967,1.14965,1.14966,22
2019.01.10,22:16,1.14967,1.14987,1.14966,1.14986,46
2019.01.10,22:17,1.14985,1.1499,1.1498,1.1498,45
2019.01.10,22:18,1.14981,1.14985,1.1498,1.14983,25
2019.01.10,22:19,1.14981,1.14989,1.14981,1.14988,39
2019.01.10,22:20,1.14989,1.15001,1.14987,1.14999,60
2019.01.10,22:21,1.14999,1.15001,1.14993,1.14993,34
2019.01.10,22:22,1.14992,1.14994,1.14992,1.14993,11
2019.01.10,22:23,1.14993,1.14996,1.14992,1.14996,13
2019.01.10,22:24,1.14995,1.14998,1.14994,1.14997,19
2019.01.10,22:25,1.14996,1.14996,1.14986,1.14986,30
2019.01.10,22:26,1.14987,1.14988,1.14975,1.14975,29
2019.01.10,22:27,1.14976,1.14984,1.14976,1.14982,35
2019.01.10,22:28,1.14981,1.14984,1.1498,1.14981,16
2019.01.10,22:29,1.1498,1.1498,1.14967,1.14976,33
2019.01.10,22:30,1.14977,1.14986,1.14976,1.14985,27
2019.01.10,22:31,1.14985,1.14985,1.14977,1.14981,20
2019.01.10,22:32,1.14982,1.14982,1.14972,1.14972,20
2019.01.10,22:33,1.14971,1.14981,1.14971,1.14981,33
2019.01.10,22:34,1.1498,1.14982,1.14976,1.14976,23
2019.01.10,22:35,1.14977,1.14983,1.14967,1.14967,41
2019.01.10,22:36,1.14968,1.14972,1.14966,1.14971,12
2019.01.10,22:37,1.1497,1.14972,1.14968,1.14972,24
2019.01.10,22:38,1.14971,1.14974,1.14971,1.14972,8
2019.01.10,22:39,1.14972,1.14975,1.14971,1.14975,10
2019.01.10,22:40,1.14976,1.14987,1.14976,1.14986,39
2019.01.10,22:41,1.14987,1.14987,1.14981,1.14981,18
2019.01.10,22:42,1.14983,1.14987,1.14983,1.14987,20
2019.01.10,22:43,1.14987,1.14993,1.14987,1.14993,19
2019.01.10,22:44,1.14993,1.14993,1.14992,1.14993,17
2019.01.10,22:45,1.14994,1.14995,1.14993,1.14994,12
2019.01.10,22:46,1.14993,1.15,1.14993,1.15,37
2019.01.10,22:47,1.14998,1.14998,1.14989,1.14993,25
2019.01.10,22:48,1.14995,1.14995,1.14977,1.14978,46
2019.01.10,22:49,1.14978,1.1498,1.1497,1.1497,26
2019.01.10,22:50,1.14971,1.14971,1.14954,1.14966,47
2019.01.10,22:51,1.14969,1.14972,1.14965,1.14965,32
2019.01.10,22:52,1.14966,1.14967,1.14961,1.14964,20
2019.01.10,22:53,1.14965,1.14971,1.14964,1.14968,34
2019.01.10,22:54,1.14967,1.14973,1.14967,1.14972,22
2019.01.10,22:55,1.14971,1.14975,1.14969,1.14974,27
2019.01.10,22:56,1.14978,1.14983,1.14969,1.1497,39
2019.01.10,22:57,1.14971,1.14974,1.14967,1.14973,41
2019.01.10,22:58,1.14974,1.14979,1.14971,1.14976,49
2019.01.10,22:59,1.14976,1.14984,1.14968,1.14979,89
2019.01.10,23:00,1.14977,1.14993,1.14977,1.14991,74
2019.01.10,23:01,1.1499,1.14994,1.14986,1.14992,61
2019.01.10,23:02,1.14993,1.15002,1.14988,1.15001,57
2019.01.10,23:03,1.15001,1.15003,1.14997,1.14997,25
2019.01.10,23:04,1.14996,1.14996,1.14995,1.14995,12
2019.01.10,23:05,1.14996,1.15,1.14996,1.14999,23
2019.01.10,23:06,1.15,1.15001,1.14997,1.14998,16
2019.01.10,23:07,1.14999,1.15006,1.14996,1.15006,15
2019.01.10,23:08,1.15005,1.15006,1.14999,1.15003,25
2019.01.10,23:09,1.15002,1.15002,1.15001,1.15002,11
2019.01.10,23:10,1.15001,1.15001,1.14997,1.14997,11
2019.01.10,23:11,1.14996,1.14997,1.14987,1.14989,23
2019.01.10,23:12,1.14988,1.14991,1.14987,1.14987,27
2019.01.10,23:13,1.14987,1.14989,1.14987,1.14989,9
2019.01.10,23:14,1.14989,1.14991,1.14988,1.14989,11
2019.01.10,23:15,1.1499,1.14992,1.1499,1.14991,11
2019.01.10,23:16,1.1499,1.14995,1.1499,1.14991,18
2019.01.10,23:17,1.14993,1.14993,1.14988,1.14988,10
2019.01.10,23:18,1.14986,1.14986,1.14983,1.14983,6
2019.01.10,23:19,1.14983,1.14985,1.14983,1.14983,9
2019.01.10,23:20,1.14982,1.14982,1.14982,1.14982,5
2019.01.10,23:21,1.14982,1.14982,1.14982,1.14982,6
2019.01.10,23:22,1.14982,1.14983,1.14982,1.14982,6
2019.01.10,23:23,1.14984,1.14984,1.14981,1.14981,11
2019.01.10,23:24,1.14981,1.14981,1.1498,1.1498,7
2019.01.10,23:25,1.14981,1.14982,1.14976,1.14979,31
2019.01.10,23:26,1.14979,1.14979,1.14978,1.14978,5
2019.01.10,23:27,1.14981,1.14984,1.14981,1.14981,9
2019.01.10,23:29,1.14984,1.14986,1.14981,1.14983,18
2019.01.10,23:30,1.14984,1.14985,1.14977,1.14982,37
2019.01.10,23:31,1.14981,1.14983,1.14976,1.14976,23
2019.01.10,23:32,1.1498,1.14987,1.1498,1.14986,12
2019.01.10,23:33,1.14986,1.14989,1.14986,1.14987,18
2019.01.10,23:34,1.14986,1.14992,1.14986,1.1499,27
2019.01.10,23:35,1.14991,1.14992,1.14987,1.14991,31
2019.01.10,23:36,1.14991,1.14993,1.14987,1.14992,28
2019.01.10,23:37,1.14993,1.14995,1.14987,1.14987,26
2019.01.10,23:38,1.14987,1.15001,1.14987,1.14997,46
2019.01.10,23:39,1.14997,1.15,1.14996,1.15,17
2019.01.10,23:40,1.15001,1.15006,1.15,1.15005,34
2019.01.10,23:41,1.15005,1.15007,1.15002,1.15005,15
2019.01.10,23:42,1.15002,1.15011,1.15002,1.15009,39
2019.01.10,23:43,1.15008,1.15009,1.15,1.15,27
2019.01.10,23:44,1.15,1.15003,1.14996,1.15001,39
2019.01.10,23:45,1.15001,1.15004,1.14985,1.14985,64
2019.01.10,23:46,1.14986,1.15001,1.14984,1.14998,36
2019.01.10,23:47,1.14997,1.15001,1.14994,1.15001,35
2019.01.10,23:48,1.15,1.15001,1.14995,1.14995,21
2019.01.10,23:49,1.14996,1.14997,1.14982,1.14984,63
2019.01.10,23:50,1.14984,1.14994,1.14983,1.14993,64
2019.01.10,23:51,1.14992,1.14996,1.14988,1.14992,25
2019.01.10,23:52,1.14992,1.14993,1.14989,1.1499,15
2019.01.10,23:53,1.1499,1.14992,1.1499,1.14991,19
2019.01.10,23:54,1.14992,1.14999,1.14991,1.14998,21
2019.01.10,23:55,1.14997,1.15006,1.14997,1.15003,33
2019.01.10,23:56,1.15004,1.15005,1.14999,1.15002,44
2019.01.10,23:57,1.15003,1.15006,1.15001,1.15002,16
2019.01.10,23:58,1.15001,1.15003,1.15001,1.15003,12
2019.01.10,23:59,1.15004,1.15006,1.14994,1.14997,22
2019.01.11,00:00,1.14998,1.14998,1.14998,1.14998,1
2019.01.11,00:01,1.14996,1.14997,1.14992,1.14995,8
2019.01.11,00:02,1.14992,1.14992,1.14981,1.14991,4
2019.01.11,00:03,1.14981,1.14983,1.14981,1.14983,2
2019.01.11,00:04,1.14985,1.15001,1.14985,1.1499,8
2019.01.11,00:05,1.14991,1.14991,1.14991,1.14991,1
2019.01.11,00:06,1.14992,1.14992,1.14992,1.14992,1
2019.01.11,00:08,1.14987,1.14987,1.14981,1.14981,2
2019.01.11,00:09,1.14983,1.14993,1.14983,1.14993,7
2019.01.11,00:10,1.14989,1.14992,1.14985,1.14987,14
2019.01.11,00:11,1.14988,1.14993,1.14988,1.1499,21
2019.01.11,00:12,1.14991,1.14991,1.1499,1.1499,2
2019.01.11,00:13,1.14992,1.14992,1.14989,1.14989,2
2019.01.11,00:14,1.14992,1.14992,1.14992,1.14992,2
2019.01.11,00:15,1.14992,1.14993,1.14992,1.14993,2
2019.01.11,00:16,1.1499,1.1499,1.1499,1.1499,1
2019.01.11,00:17,1.14991,1.14993,1.14991,1.14993,3
2019.01.11,00:18,1.14992,1.14992,1.14989,1.14991,3
2019.01.11,00:19,1.14992,1.14993,1.14992,1.14993,2
2019.01.11,00:20,1.14967,1.14994,1.14967,1.14994,8
2019.01.11,00:21,1.14972,1.14985,1.14971,1.14979,23
2019.01.11,00:22,1.1498,1.14995,1.14978,1.14992,12
2019.01.11,00:23,1.14993,1.14993,1.14993,1.14993,1
2019.01.11,00:25,1.14995,1.14995,1.14995,1.14995,3
2019.01.11,00:26,1.14995,1.14995,1.14976,1.14976,15
2019.01.11,00:27,1.14978,1.14988,1.14975,1.14981,34
2019.01.11,00:28,1.14983,1.14992,1.14983,1.14991,15
2019.01.11,00:29,1.1499,1.1499,1.14974,1.14987,42
2019.01.11,00:30,1.14983,1.14989,1.14979,1.14981,56
2019.01.11,00:31,1.14981,1.14988,1.14981,1.14984,65
2019.01.11,00:32,1.14984,1.14992,1.14981,1.14981,39
2019.01.11,00:33,1.14981,1.14991,1.14977,1.14991,52
2019.01.11,00:34,1.14984,1.1499,1.14983,1.14984,12
2019.01.11,00:35,1.14989,1.14995,1.14989,1.1499,25
2019.01.11,00:36,1.14988,1.14991,1.14988,1.14988,29
2019.01.11,00:37,1.14988,1.14988,1.14987,1.14987,23
2019.01.11,00:38,1.14987,1.14988,1.14987,1.14988,12
2019.01.11,00:39,1.14988,1.14988,1.14965,1.14983,43
2019.01.11,00:40,1.14978,1.14988,1.14977,1.14981,31
2019.01.11,00:41,1.1498,1.14983,1.14979,1.14981,17
2019.01.11,00:42,1.1498,1.1498,1.14978,1.14979,6
2019.01.11,00:43,1.14978,1.14982,1.14978,1.14978,7
2019.01.11,00:44,1.1498,1.14984,1.1498,1.1498,12
2019.01.11,00:45,1.1498,1.14994,1.14975,1.14981,51
2019.01.11,00:46,1.14981,1.14981,1.14975,1.14976,15
2019.01.11,00:47,1.14977,1.14978,1.14976,1.14978,7
2019.01.11,00:48,1.14977,1.14979,1.14977,1.14979,12
2019.01.11,00:49,1.14979,1.14979,1.14975,1.14975,19
2019.01.11,00:50,1.14976,1.14979,1.14976,1.14978,13
2019.01.11,00:51,1.14978,1.14978,1.1497,1.14971,16
2019.01.11,00:52,1.1497,1.14974,1.14963,1.14971,18
2019.01.11,00:53,1.14972,1.14973,1.14969,1.14969,9
2019.01.11,00:54,1.1497,1.14999,1.14968,1.14981,29
2019.01.11,00:55,1.14979,1.14979,1.14978,1.14978,30
2019.01.11,00:56,1.14978,1.14985,1.14978,1.14982,18
2019.01.11,00:57,1.14982,1.14983,1.14982,1.14983,24
2019.01.11,00:58,1.14983,1.14983,1.14982,1.14982,11
2019.01.11,00:59,1.14982,1.14982,1.14968,1.14968,25
2019.01.11,01:00,1.14967,1.14995,1.14957,1.14994,85
2019.01.11,01:01,1.14993,1.14993,1.14983,1.14983,21
2019.01.11,01:02,1.14983,1.14984,1.14981,1.14982,21
2019.01.11,01:03,1.14983,1.14993,1.14983,1.14992,38
2019.01.11,01:04,1.14992,1.14992,1.14984,1.14988,26
2019.01.11,01:05,1.14989,1.14996,1.14986,1.14996,33
2019.01.11,01:06,1.14997,1.14999,1.14992,1.14998,32
2019.01.11,01:07,1.14999,1.15006,1.14998,1.15004,50
2019.01.11,01:08,1.15004,1.15011,1.14999,1.14999,38
2019.01.11,01:09,1.14999,1.15004,1.14994,1.14994,18
2019.01.11,01:10,1.14994,1.14998,1.14994,1.14995,22
2019.01.11,01:11,1.14995,1.14998,1.14995,1.14998,19
2019.01.11,01:12,1.14997,1.15004,1.14997,1.15004,16
2019.01.11,01:13,1.15005,1.15007,1.15004,1.15006,8
2019.01.11,01:14,1.15005,1.15005,1.15004,1.15004,8
2019.01.11,01:15,1.15004,1.15006,1.15003,1.15003,25
2019.01.11,01:16,1.15007,1.15014,1.15003,1.15013,35
2019.01.11,01:17,1.15013,1.15015,1.15012,1.15014,35
2019.01.11,01:18,1.15015,1.15021,1.15013,1.1502,47
2019.01.11,01:19,1.15019,1.1502,1.15017,1.15017,23
2019.01.11,01:20,1.15016,1.15023,1.15016,1.1502,19
2019.01.11,01:21,1.1502,1.15031,1.15019,1.15025,26
2019.01.11,01:22,1.15025,1.1503,1.15025,1.15029,16
2019.01.11,01:23,1.15026,1.15032,1.15024,1.15031,32
2019.01.11,01:24,1.15034,1.15037,1.15033,1.15033,13
2019.01.11,01:25,1.15033,1.15041,1.15031,1.1504,36
2019.01.11,01:26,1.15039,1.15046,1.15037,1.15041,36
2019.01.11,01:27,1.15043,1.15045,1.1504,1.15044,21
2019.01.11,01:28,1.15044,1.15045,1.15041,1.15043,24
2019.01.11,01:29,1.15042,1.1505,1.15042,1.1505,37
2019.01.11,01:30,1.15049,1.15059,1.15045,1.15054,44
2019.01.11,01:31,1.15054,1.15059,1.1505,1.15055,33
2019.01.11,01:32,1.15056,1.15057,1.15052,1.15056,29
2019.01.11,01:33,1.15055,1.15065,1.15053,1.15065,38
2019.01.11,01:34,1.15065,1.15072,1.15064,1.15064,65
2019.01.11,01:35,1.15064,1.15075,1.15064,1.15065,40
2019.01.11,01:36,1.15065,1.15067,1.15056,1.15056,34
2019.01.11,01:37,1.15057,1.15057,1.15052,1.15052,28
2019.01.11,01:38,1.15053,1.15053,1.1505,1.15051,26
2019.01.11,01:39,1.15051,1.15051,1.15046,1.1505,43
2019.01.11,01:40,1.15051,1.15069,1.15051,1.15066,35
2019.01.11,01:41,1.15065,1.15069,1.15055,1.15057,27
2019.01.11,01:42,1.15056,1.15059,1.15056,1.15058,18
2019.01.11,01:43,1.15058,1.15059,1.15057,1.15059,23
2019.01.11,01:44,1.15059,1.15061,1.15059,1.15061,22
2019.01.11,01:45,1.1506,1.15079,1.15046,1.15066,59
2019.01.11,01:46,1.15066,1.15077,1.15066,1.15073,32
2019.01.11,01:47,1.15074,1.15074,1.15071,1.15073,13
2019.01.11,01:48,1.15073,1.15074,1.15066,1.15066,34
2019.01.11,01:49,1.15065,1.15067,1.15058,1.1506,53
2019.01.11,01:50,1.15059,1.15072,1.15059,1.15071,57
2019.01.11,01:51,1.15069,1.15073,1.15064,1.15064,19
2019.01.11,01:52,1.15062,1.15065,1.15056,1.15057,20
2019.01.11,01:53,1.15058,1.15059,1.15055,1.15057,33
2019.01.11,01:54,1.15056,1.15056,1.15055,1.15055,8
2019.01.11,01:55,1.15055,1.15056,1.15054,1.15054,10
2019.01.11,01:56,1.15055,1.15058,1.15053,1.15056,14
2019.01.11,01:57,1.1506,1.15063,1.1506,1.15062,13
2019.01.11,01:58,1.15064,1.15077,1.15064,1.15075,44
2019.01.11,01:59,1.15074,1.15083,1.15071,1.15082,53
2019.01.11,02:00,1.15082,1.15167,1.15082,1.15149,209
2019.01.11,02:01,1.1515,1.15154,1.1513,1.15133,91
2019.01.11,02:02,1.15134,1.1514,1.15118,1.15119,122
2019.01.11,02:03,1.15118,1.15118,1.15101,1.15106,58
2019.01.11,02:04,1.15106,1.15113,1.15101,1.15111,36
2019.01.11,02:05,1.1511,1.15111,1.15104,1.15104,44
2019.01.11,02:06,1.15105,1.15105,1.15095,1.15095,53
2019.01.11,02:07,1.15095,1.15095,1.15079,1.15084,55
2019.01.11,02:08,1.15082,1.15085,1.15078,1.1508,39
2019.01.11,02:09,1.15081,1.15081,1.15069,1.15069,41
2019.01.11,02:10,1.15069,1.1507,1.15062,1.15063,68
2019.01.11,02:11,1.15063,1.15071,1.15062,1.15071,34
2019.01.11,02:12,1.15071,1.15072,1.15067,1.1507,39
2019.01.11,02:13,1.15069,1.1507,1.15066,1.15069,20
2019.01.11,02:14,1.15069,1.15069,1.15059,1.1506,19
2019.01.11,02:15,1.1506,1.15064,1.15059,1.15064,33
2019.01.11,02:16,1.15064,1.15069,1.15064,1.15069,26
2019.01.11,02:17,1.15069,1.15074,1.15069,1.15074,26
2019.01.11,02:18,1.15072,1.15085,1.1507,1.15085,47
2019.01.11,02:19,1.15085,1.15086,1.15074,1.15077,56
2019.01.11,02:20,1.15077,1.15079,1.15071,1.15079,40
2019.01.11,02:21,1.1508,1.15104,1.1508,1.15101,60
2019.01.11,02:22,1.15102,1.1511,1.151,1.15105,24
2019.01.11,02:23,1.15105,1.15115,1.15104,1.15115,50
2019.01.11,02:24,1.15114,1.15114,1.15106,1.1511,27
2019.01.11,02:25,1.1511,1.1511,1.15105,1.15105,22
2019.01.11,02:26,1.15105,1.15133,1.15104,1.15132,72
2019.01.11,02:27,1.15131,1.15144,1.15131,1.15134,49
2019.01.11,02:28,1.15135,1.1514,1.15135,1.15139,23
2019.01.11,02:29,1.15139,1.15142,1.15135,1.15139,33
2019.01.11,02:30,1.1514,1.15172,1.1514,1.15167,103
2019.01.11,02:31,1.15166,1.15166,1.15151,1.15152,43
2019.01.11,02:32,1.15154,1.15156,1.15143,1.15145,47
2019.01.11,02:33,1.15144,1.15144,1.15119,1.15119,97
2019.01.11,02:34,1.15121,1.15128,1.15119,1.15128,49
2019.01.11,02:35,1.15127,1.15131,1.15124,1.1513,27
2019.01.11,02:36,1.1513,1.1514,1.1513,1.1514,27
2019.01.11,02:37,1.15139,1.15151,1.15139,1.15145,39
2019.01.11,02:38,1.15146,1.15146,1.15142,1.15146,29
2019.01.11,02:39,1.15145,1.15146,1.15141,1.15146,34
2019.01.11,02:40,1.15149,1.15153,1.15145,1.15151,25
2019.01.11,02:41,1.15151,1.15152,1.15145,1.15147,41
2019.01.11,02:42,1.15147,1.15147,1.15143,1.15143,18
2019.01.11,02:43,1.15144,1.15148,1.15143,1.15145,28
2019.01.11,02:44,1.15145,1.15152,1.15145,1.1515,14
2019.01.11,02:45,1.1515,1.1515,1.15139,1.15139,30
2019.01.11,02:46,1.1514,1.1514,1.15135,1.15136,28
2019.01.11,02:47,1.15136,1.15137,1.15132,1.15135,31
2019.01.11,02:48,1.15135,1.15136,1.15133,1.15134,26
2019.01.11,02:49,1.15135,1.15139,1.15134,1.15138,23
2019.01.11,02:50,1.15138,1.15139,1.15123,1.15125,42
2019.01.11,02:51,1.15124,1.15124,1.15111,1.15111,32
2019.01.11,02:52,1.15113,1.15122,1.15106,1.15111,100
2019.01.11,02:53,1.1511,1.15116,1.15103,1.15113,86
2019.01.11,02:54,1.15114,1.15119,1.15112,1.15116,60
2019.01.11,02:55,1.15116,1.15116,1.15104,1.15108,75
2019.01.11,02:56,1.15109,1.15111,1.15101,1.15105,97
2019.01.11,02:57,1.15105,1.1511,1.15103,1.1511,32
2019.01.11,02:58,1.15111,1.15111,1.15106,1.1511,40
2019.01.11,02:59,1.15109,1.15116,1.15109,1.15113,51
2019.01.11,03:00,1.15113,1.15132,1.15112,1.15132,47
2019.01.11,03:01,1.15132,1.15141,1.15129,1.15138,84
2019.01.11,03:02,1.1514,1.15143,1.15138,1.15139,39
2019.01.11,03:03,1.15137,1.15146,1.15137,1.15145,37
2019.01.11,03:04,1.15146,1.15152,1.15145,1.15151,56
2019.01.11,03:05,1.15152,1.15152,1.15145,1.15149,36
2019.01.11,03:06,1.15148,1.1515,1.15145,1.1515,23
2019.01.11,03:07,1.15151,1.1516,1.1515,1.15157,30
2019.01.11,03:08,1.15157,1.15157,1.15155,1.15155,18
2019.01.11,03:09,1.15155,1.15156,1.15155,1.15155,4
2019.01.11,03:10,1.15155,1.15155,1.15138,1.15138,45
2019.01.11,03:11,1.15138,1.15142,1.15135,1.15141,42
2019.01.11,03:12,1.1514,1.15145,1.1514,1.15145,24
2019.01.11,03:13,1.15144,1.15145,1.15139,1.15139,22
2019.01.11,03:14,1.15139,1.15139,1.15126,1.15129,49
2019.01.11,03:15,1.1513,1.15141,1.15129,1.1514,46
2019.01.11,03:16,1.15141,1.15143,1.15139,1.1514,22
2019.01.11,03:17,1.1514,1.15149,1.15139,1.15145,32
2019.01.11,03:18,1.15146,1.15149,1.15146,1.15147,19
2019.01.11,03:19,1.15147,1.15147,1.15139,1.1514,20
2019.01.11,03:20,1.15141,1.15141,1.15139,1.15139,13
2019.01.11,03:21,1.15139,1.15141,1.15131,1.15131,43
2019.01.11,03:22,1.15132,1.15132,1.15117,1.15119,48
2019.01.11,03:23,1.15121,1.15121,1.15074,1.1508,98
2019.01.11,03:24,1.15082,1.15084,1.1507,1.15081,78
2019.01.11,03:25,1.15081,1.15088,1.1508,1.15081,66
2019.01.11,03:26,1.15083,1.15085,1.1508,1.15085,20
2019.01.11,03:27,1.15087,1.15089,1.1508,1.15083,41
2019.01.11,03:28,1.15084,1.15088,1.1508,1.15081,31
2019.01.11,03:29,1.15081,1.15084,1.15081,1.15082,38
2019.01.11,03:30,1.15081,1.15084,1.15076,1.15076,51
2019.01.11,03:31,1.15078,1.1508,1.15078,1.15079,25
2019.01.11,03:32,1.15078,1.15098,1.15078,1.15098,41
2019.01.11,03:33,1.15097,1.15132,1.15091,1.15125,98
2019.01.11,03:34,1.15125,1.15146,1.15122,1.1513,76
2019.01.11,03:35,1.15128,1.15134,1.15126,1.15127,62
2019.01.11,03:36,1.15127,1.15148,1.15126,1.15147,56
2019.01.11,03:37,1.15145,1.15171,1.15145,1.15171,82
2019.01.11,03:38,1.1517,1.1518,1.1517,1.15177,76
2019.01.11,03:39,1.15176,1.15178,1.15172,1.15176,72
2019.01.11,03:40,1.15176,1.15178,1.15171,1.15175,54
2019.01.11,03:41,1.15175,1.15179,1.15173,1.15176,47
2019.01.11,03:42,1.15175,1.152,1.15175,1.15194,98
2019.01.11,03:43,1.15193,1.15197,1.15191,1.15195,41
2019.01.11,03:44,1.15195,1.15206,1.15188,1.15206,88
2019.01.11,03:45,1.15207,1.15211,1.15205,1.1521,60
2019.01.11,03:46,1.15211,1.15213,1.15202,1.15205,67
2019.01.11,03:47,1.15205,1.15216,1.15201,1.15215,53
2019.01.11,03:48,1.15216,1.15227,1.15215,1.15221,66
2019.01.11,03:49,1.1522,1.15221,1.15212,1.15212,37
2019.01.11,03:50,1.15211,1.15211,1.15201,1.15201,31
2019.01.11,03:51,1.15201,1.15206,1.15198,1.15201,51
2019.01.11,03:52,1.152,1.15202,1.15186,1.15191,54
2019.01.11,03:53,1.1519,1.15191,1.15179,1.1518,54
2019.01.11,03:54,1.1518,1.1518,1.15163,1.15168,75
2019.01.11,03:55,1.15167,1.15168,1.15163,1.15164,50
2019.01.11,03:56,1.15166,1.15181,1.15166,1.15179,43
2019.01.11,03:57,1.15178,1.1518,1.15175,1.15178,50
2019.01.11,03:58,1.15177,1.15179,1.15174,1.15176,49
2019.01.11,03:59,1.15178,1.15179,1.15172,1.15176,74
2019.01.11,04:00,1.15175,1.15179,1.1517,1.15178,42
2019.01.11,04:01,1.15179,1.1518,1.15165,1.15169,45
2019.01.11,04:02,1.15169,1.1517,1.15162,1.15168,58
2019.01.11,04:03,1.15169,1.15171,1.1516,1.15161,74
2019.01.11,04:04,1.15161,1.15164,1.15153,1.15157,64
2019.01.11,04:05,1.15158,1.15169,1.15158,1.15165,39
2019.01.11,04:06,1.15165,1.15168,1.15165,1.15166,18
2019.01.11,04:07,1.15166,1.15166,1.15158,1.15161,30
2019.01.11,04:08,1.15161,1.15164,1.15148,1.1515,37
2019.01.11,04:09,1.15151,1.15151,1.15135,1.15144,46
2019.01.11,04:10,1.15143,1.15147,1.15142,1.15146,22
2019.01.11,04:11,1.15145,1.15159,1.15145,1.15158,27
2019.01.11,04:12,1.15159,1.15162,1.15155,1.15156,34
2019.01.11,04:13,1.15157,1.1516,1.15156,1.1516,26
2019.01.11,04:14,1.1516,1.15165,1.15155,1.15156,29
2019.01.11,04:15,1.15156,1.15165,1.15155,1.15165,38
2019.01.11,04:16,1.15165,1.15165,1.15155,1.15155,23
2019.01.11,04:17,1.15155,1.15158,1.15152,1.15158,24
2019.01.11,04:18,1.15158,1.15177,1.15158,1.1517,45
2019.01.11,04:19,1.1517,1.15173,1.15169,1.1517,22
2019.01.11,04:20,1.15171,1.15184,1.15169,1.15184,33
2019.01.11,04:21,1.15185,1.15189,1.15182,1.15188,52
2019.01.11,04:22,1.15188,1.15188,1.15175,1.15185,42
2019.01.11,04:23,1.15185,1.15187,1.15182,1.15182,40
2019.01.11,04:24,1.15182,1.15182,1.15169,1.15174,58
2019.01.11,04:25,1.15175,1.15184,1.15174,1.15182,41
2019.01.11,04:26,1.15181,1.15183,1.15175,1.1518,46
2019.01.11,04:27,1.15179,1.15185,1.15177,1.15177,33
2019.01.11,04:28,1.15176,1.15181,1.15171,1.15181,35
2019.01.11,04:29,1.15181,1.15181,1.15178,1.1518,21
2019.01.11,04:30,1.15178,1.15185,1.15178,1.15185,28
2019.01.11,04:31,1.15184,1.15185,1.15184,1.15185,12
2019.01.11,04:32,1.15185,1.15194,1.15184,1.15187,53
2019.01.11,04:33,1.15187,1.15204,1.15187,1.15204,44
2019.01.11,04:34,1.15207,1.15249,1.15207,1.15246,139
2019.01.11,04:35,1.15246,1.15249,1.15237,1.15237,55
2019.01.11,04:36,1.15237,1.15237,1.15228,1.15229,73
2019.01.11,04:37,1.1523,1.15233,1.15229,1.15229,19
2019.01.11,04:38,1.15229,1.1523,1.15223,1.15225,35
2019.01.11,04:39,1.15224,1.15228,1.15223,1.15223,38
2019.01.11,04:40,1.15221,1.15221,1.15218,1.15219,41
2019.01.11,04:41,1.15219,1.15236,1.15219,1.15229,26
2019.01.11,04:42,1.15229,1.15233,1.15227,1.1523,37
2019.01.11,04:43,1.15231,1.15233,1.15228,1.1523,46
2019.01.11,04:44,1.1523,1.15233,1.15228,1.1523,32
2019.01.11,04:45,1.15229,1.15233,1.15229,1.15231,25
2019.01.11,04:46,1.15232,1.15246,1.15232,1.15245,37
2019.01.11,04:47,1.15246,1.15248,1.15245,1.15246,37
2019.01.11,04:48,1.15245,1.15245,1.1523,1.1523,29
2019.01.11,04:49,1.15231,1.15233,1.1523,1.1523,14
2019.01.11,04:50,1.1523,1.15231,1.15228,1.1523,25
2019.01.11,04:51,1.1523,1.15236,1.15229,1.1523,34
2019.01.11,04:52,1.1523,1.15231,1.15228,1.1523,24
2019.01.11,04:53,1.15229,1.15232,1.15229,1.1523,16
2019.01.11,04:54,1.1523,1.15232,1.15228,1.15228,15
2019.01.11,04:55,1.15229,1.15235,1.15228,1.15232,25
2019.01.11,04:56,1.15231,1.15237,1.15231,1.15231,24
2019.01.11,04:57,1.15229,1.15234,1.15229,1.1523,16
2019.01.11,04:58,1.1523,1.1523,1.15219,1.1522,41
2019.01.11,04:59,1.1522,1.15222,1.15218,1.15219,37
2019.01.11,05:00,1.15219,1.15219,1.15208,1.15211,40
2019.01.11,05:01,1.1521,1.15217,1.1521,1.15214,21
2019.01.11,05:02,1.15213,1.15213,1.15205,1.15205,34
2019.01.11,05:03,1.15205,1.15205,1.15202,1.15202,16
2019.01.11,05:04,1.15202,1.15207,1.15202,1.15207,20
2019.01.11,05:05,1.15204,1.15207,1.15199,1.15201,49
2019.01.11,05:06,1.152,1.15202,1.15197,1.15199,36
2019.01.11,05:07,1.152,1.15205,1.15198,1.15204,23
2019.01.11,05:08,1.15205,1.1522,1.15204,1.15219,34
2019.01.11,05:09,1.15219,1.15219,1.15218,1.15218,10
2019.01.11,05:10,1.15219,1.15219,1.15216,1.15216,22
2019.01.11,05:11,1.15215,1.15215,1.15207,1.15208,23
2019.01.11,05:12,1.15209,1.15215,1.15209,1.15209,14
2019.01.11,05:13,1.1521,1.1521,1.15194,1.15195,34
2019.01.11,05:14,1.15196,1.15198,1.15187,1.15194,44
2019.01.11,05:15,1.15193,1.15203,1.15193,1.15203,33
2019.01.11,05:16,1.152,1.15205,1.15198,1.15205,26
2019.01.11,05:17,1.15206,1.15208,1.15205,1.15208,19
2019.01.11,05:18,1.15205,1.15205,1.15197,1.15199,24
2019.01.11,05:19,1.15199,1.15203,1.15197,1.15198,46
2019.01.11,05:20,1.15199,1.152,1.15198,1.15199,9
2019.01.11,05:21,1.152,1.152,1.15199,1.152,11
2019.01.11,05:22,1.152,1.15203,1.15199,1.15203,13
2019.01.11,05:23,1.15204,1.15225,1.15204,1.15225,27
2019.01.11,05:24,1.15224,1.15224,1.15219,1.15221,26
2019.01.11,05:25,1.15221,1.15225,1.1522,1.15225,33
2019.01.11,05:26,1.15225,1.1523,1.15224,1.15229,26
2019.01.11,05:27,1.1523,1.15234,1.15227,1.15234,31
2019.01.11,05:28,1.15234,1.15238,1.15231,1.15236,32
2019.01.11,05:29,1.15241,1.15252,1.15237,1.15252,88
2019.01.11,05:30,1.15251,1.15278,1.15251,1.15269,191
2019.01.11,05:31,1.15269,1.15272,1.15254,1.15254,60
2019.01.11,05:32,1.15252,1.15253,1.15246,1.15253,36
2019.01.11,05:33,1.15252,1.15256,1.1525,1.1525,33
2019.01.11,05:34,1.1525,1.15254,1.1525,1.15252,24
2019.01.11,05:35,1.15251,1.15253,1.1525,1.15251,17
2019.01.11,05:36,1.15251,1.15253,1.15249,1.15253,21
2019.01.11,05:37,1.15254,1.15257,1.15247,1.15248,25
2019.01.11,05:38,1.15248,1.15253,1.15244,1.15251,33
2019.01.11,05:39,1.1525,1.15258,1.15249,1.15249,40
2019.01.11,05:40,1.15248,1.15249,1.15238,1.15241,41
2019.01.11,05:41,1.15242,1.15244,1.1524,1.15244,23
2019.01.11,05:42,1.15244,1.15255,1.15244,1.15255,24
2019.01.11,05:43,1.15255,1.15259,1.15255,1.15258,22
2019.01.11,05:44,1.15258,1.15258,1.1525,1.15251,17
2019.01.11,05:45,1.15253,1.15253,1.15248,1.15249,10
2019.01.11,05:46,1.15249,1.15254,1.15249,1.15254,11
2019.01.11,05:47,1.15254,1.15255,1.15253,1.15254,20
2019.01.11,05:48,1.15253,1.15256,1.15251,1.15255,29
2019.01.11,05:49,1.15256,1.15258,1.15253,1.15258,27
2019.01.11,05:50,1.15259,1.15264,1.15255,1.15257,35
2019.01.11,05:51,1.15258,1.15258,1.15255,1.15257,12
2019.01.11,05:52,1.15256,1.15258,1.15254,1.15256,12
2019.01.11,05:53,1.15257,1.15258,1.15249,1.15249,23
2019.01.11,05:54,1.15249,1.1525,1.15243,1.15243,11
2019.01.11,05:55,1.15243,1.15244,1.15237,1.15238,17
2019.01.11,05:56,1.15236,1.15239,1.15235,1.15237,22
2019.01.11,05:57,1.15237,1.15238,1.15234,1.15236,29
2019.01.11,05:58,1.15237,1.15265,1.15237,1.15261,35
2019.01.11,05:59,1.15261,1.15261,1.15247,1.15249,42
2019.01.11,06:00,1.15248,1.15248,1.15237,1.15241,40
2019.01.11,06:01,1.1524,1.15241,1.15236,1.1524,32
2019.01.11,06:02,1.15241,1.15241,1.15237,1.15239,37
2019.01.11,06:03,1.15238,1.15242,1.15231,1.15239,65
2019.01.11,06:04,1.15239,1.1524,1.15228,1.15232,35
2019.01.11,06:05,1.15233,1.15234,1.15226,1.15226,28
2019.01.11,06:06,1.15227,1.15239,1.15224,1.15236,44
2019.01.11,06:07,1.15235,1.15242,1.15235,1.15241,29
2019.01.11,06:08,1.15241,1.15241,1.15236,1.15241,48
2019.01.11,06:09,1.15241,1.15241,1.15235,1.15235,26
2019.01.11,06:10,1.15235,1.15235,1.1523,1.15234,23
2019.01.11,06:11,1.15233,1.15233,1.15227,1.1523,39
2019.01.11,06:12,1.1523,1.15233,1.15229,1.15233,22
2019.01.11,06:13,1.15234,1.15236,1.15231,1.15233,21
2019.01.11,06:14,1.15234,1.15234,1.15233,1.15234,9
2019.01.11,06:15,1.15233,1.15251,1.15233,1.15249,41
2019.01.11,06:16,1.15248,1.15263,1.15246,1.1526,51
2019.01.11,06:17,1.15259,1.1526,1.15255,1.15255,19
2019.01.11,06:18,1.15255,1.15259,1.15254,1.15259,21
2019.01.11,06:19,1.15258,1.1527,1.15258,1.15267,83
2019.01.11,06:20,1.1527,1.15274,1.15269,1.15271,64
2019.01.11,06:21,1.15271,1.15277,1.15271,1.15275,47
2019.01.11,06:22,1.15275,1.15277,1.15271,1.15271,38
2019.01.11,06:23,1.15271,1.15275,1.1527,1.15275,16
2019.01.11,06:24,1.15274,1.15274,1.1527,1.15271,15
2019.01.11,06:25,1.15272,1.15274,1.1527,1.15271,31
2019.01.11,06:26,1.15271,1.15274,1.15269,1.15273,23
2019.01.11,06:27,1.15274,1.15278,1.15271,1.15278,28
2019.01.11,06:28,1.15279,1.15281,1.15272,1.15281,50
2019.01.11,06:29,1.1528,1.15293,1.1528,1.15293,74
2019.01.11,06:30,1.15292,1.15292,1.15272,1.15274,47
2019.01.11,06:31,1.15273,1.15274,1.15271,1.15273,26
2019.01.11,06:32,1.15274,1.15279,1.15272,1.15274,25
2019.01.11,06:33,1.15272,1.15272,1.15269,1.15271,20
2019.01.11,06:34,1.15272,1.15281,1.15271,1.15278,44
2019.01.11,06:35,1.15278,1.15279,1.15269,1.15274,37
2019.01.11,06:36,1.15276,1.15279,1.15273,1.15279,15
2019.01.11,06:37,1.15279,1.15283,1.15277,1.15278,23
2019.01.11,06:38,1.15279,1.15298,1.15278,1.15298,45
2019.01.11,06:39,1.15297,1.153,1.15289,1.15291,43
2019.01.11,06:40,1.15291,1.15291,1.15282,1.15284,32
2019.01.11,06:41,1.15285,1.15289,1.1528,1.1528,31
2019.01.11,06:42,1.15279,1.15282,1.15279,1.15279,9
2019.01.11,06:43,1.15276,1.15278,1.15274,1.15276,26
2019.01.11,06:44,1.15276,1.15279,1.15276,1.15278,15
2019.01.11,06:45,1.15276,1.15276,1.15268,1.15268,24
2019.01.11,06:46,1.15269,1.15269,1.15262,1.15262,16
2019.01.11,06:47,1.15263,1.15268,1.15261,1.15267,38
2019.01.11,06:48,1.15267,1.15268,1.15258,1.15267,30
2019.01.11,06:49,1.15268,1.15268,1.15263,1.15263,18
2019.01.11,06:50,1.15262,1.15263,1.15258,1.1526,44
2019.01.11,06:51,1.15258,1.15262,1.15257,1.15258,31
2019.01.11,06:52,1.15257,1.15259,1.15257,1.15259,9
2019.01.11,06:53,1.15259,1.15261,1.15258,1.1526,17
2019.01.11,06:54,1.15259,1.1526,1.15255,1.1526,29
2019.01.11,06:55,1.1526,1.15266,1.1526,1.15265,26
2019.01.11,06:56,1.15265,1.15265,1.15263,1.15264,17
2019.01.11,06:57,1.15265,1.1527,1.15264,1.1527,20
2019.01.11,06:58,1.15272,1.15281,1.15272,1.15281,36
2019.01.11,06:59,1.15282,1.15295,1.15282,1.15289,56
2019.01.11,07:00,1.15292,1.15299,1.15291,1.15299,39
2019.01.11,07:01,1.15298,1.15298,1.15294,1.15295,16
2019.01.11,07:02,1.15295,1.15297,1.15294,1.15295,23
2019.01.11,07:03,1.15295,1.15295,1.15285,1.15292,30
2019.01.11,07:04,1.15292,1.15292,1.15288,1.15288,17
2019.01.11,07:05,1.15288,1.1529,1.15283,1.1529,29
2019.01.11,07:06,1.1529,1.1529,1.15289,1.15289,13
2019.01.11,07:07,1.15289,1.15289,1.15288,1.15289,9
2019.01.11,07:08,1.15288,1.15288,1.1528,1.15281,25
2019.01.11,07:09,1.15277,1.1528,1.15276,1.15279,20
2019.01.11,07:10,1.15277,1.15282,1.15273,1.15281,26
2019.01.11,07:11,1.15282,1.15289,1.1528,1.1528,32
2019.01.11,07:12,1.15281,1.15285,1.15281,1.15285,18
2019.01.11,07:13,1.15286,1.15286,1.15282,1.15285,26
2019.01.11,07:14,1.15285,1.15289,1.15285,1.15285,17
2019.01.11,07:15,1.15285,1.1529,1.15285,1.1529,26
2019.01.11,07:16,1.15289,1.15289,1.15284,1.15289,26
2019.01.11,07:17,1.15288,1.1529,1.15287,1.15289,18
2019.01.11,07:18,1.15289,1.1529,1.15281,1.15284,40
2019.01.11,07:19,1.15285,1.15309,1.15285,1.15307,41
2019.01.11,07:20,1.15306,1.15309,1.15297,1.15297,35
2019.01.11,07:21,1.15297,1.15299,1.15293,1.15293,29
2019.01.11,07:22,1.15293,1.15295,1.15287,1.15289,17
2019.01.11,07:23,1.15289,1.1529,1.15285,1.15285,18
2019.01.11,07:24,1.15286,1.15295,1.15286,1.15293,30
2019.01.11,07:25,1.15292,1.15292,1.15286,1.15289,14
2019.01.11,07:26,1.15289,1.1529,1.15286,1.15289,26
2019.01.11,07:27,1.1529,1.15291,1.15289,1.1529,11
2019.01.11,07:28,1.15294,1.15299,1.1529,1.15295,40
2019.01.11,07:29,1.15293,1.153,1.15289,1.15298,24
2019.01.11,07:30,1.15299,1.15305,1.15296,1.153,52
2019.01.11,07:31,1.153,1.15304,1.15299,1.15301,40
2019.01.11,07:32,1.15301,1.15302,1.15294,1.15296,52
2019.01.11,07:33,1.15297,1.15297,1.15291,1.15291,30
2019.01.11,07:34,1.15291,1.15291,1.15281,1.15282,28
2019.01.11,07:35,1.15282,1.15292,1.15281,1.1529,17
2019.01.11,07:36,1.15292,1.15292,1.15274,1.15274,26
2019.01.11,07:37,1.15275,1.15281,1.1527,1.15281,50
2019.01.11,07:38,1.15281,1.15287,1.1528,1.15285,32
2019.01.11,07:39,1.15284,1.15284,1.15279,1.15281,16
2019.01.11,07:40,1.15281,1.15281,1.15275,1.15277,27
2019.01.11,07:41,1.15277,1.15278,1.15271,1.15274,38
2019.01.11,07:42,1.15274,1.15275,1.15272,1.15275,31
2019.01.11,07:43,1.15276,1.1528,1.1527,1.15271,37
2019.01.11,07:44,1.15271,1.15279,1.1527,1.15277,43
2019.01.11,07:45,1.15276,1.15285,1.1527,1.15285,55
2019.01.11,07:46,1.15284,1.15284,1.15278,1.15282,35
2019.01.11,07:47,1.15282,1.15284,1.15282,1.15282,11
2019.01.11,07:48,1.15282,1.1529,1.15278,1.1529,32
2019.01.11,07:49,1.15288,1.1529,1.1528,1.1528,25
2019.01.11,07:50,1.1528,1.1528,1.15268,1.15269,31
2019.01.11,07:51,1.15268,1.15268,1.15256,1.15263,42
2019.01.11,07:52,1.15263,1.15264,1.15248,1.15249,43
2019.01.11,07:53,1.15248,1.1525,1.15239,1.15241,73
2019.01.11,07:54,1.1524,1.15243,1.15217,1.15224,80
2019.01.11,07:55,1.15223,1.15236,1.15223,1.15236,42
2019.01.11,07:56,1.15237,1.15249,1.15237,1.15246,40
2019.01.11,07:57,1.15246,1.15263,1.15245,1.15258,47
2019.01.11,07:58,1.15259,1.15266,1.15256,1.15263,53
2019.01.11,07:59,1.15263,1.15263,1.15244,1.15253,52
2019.01.11,08:00,1.15254,1.1526,1.15251,1.15255,54
2019.01.11,08:01,1.15255,1.15285,1.15255,1.15283,58
2019.01.11,08:02,1.15282,1.15292,1.15282,1.15287,45
2019.01.11,08:03,1.15288,1.15292,1.15271,1.15271,34
2019.01.11,08:04,1.1527,1.15275,1.15256,1.1527,40
2019.01.11,08:05,1.15269,1.15269,1.15249,1.15254,39
2019.01.11,08:06,1.15254,1.15256,1.15243,1.15244,43
2019.01.11,08:07,1.15244,1.1525,1.15238,1.1525,53
2019.01.11,08:08,1.15249,1.15249,1.15231,1.15235,55
2019.01.11,08:09,1.15234,1.15235,1.15225,1.15228,23
2019.01.11,08:10,1.15228,1.1524,1.15228,1.1523,42
2019.01.11,08:11,1.1523,1.1524,1.15227,1.1524,25
2019.01.11,08:12,1.15244,1.15251,1.1523,1.15232,39
2019.01.11,08:13,1.15232,1.15245,1.15232,1.15245,27
2019.01.11,08:14,1.15244,1.15244,1.15238,1.15239,24
2019.01.11,08:15,1.1524,1.15245,1.15235,1.1524,34
2019.01.11,08:16,1.1524,1.15247,1.15236,1.15244,44
2019.01.11,08:17,1.15246,1.1525,1.15242,1.15242,29
2019.01.11,08:18,1.15239,1.15253,1.15238,1.15238,41
2019.01.11,08:19,1.15238,1.15243,1.15233,1.15235,24
2019.01.11,08:20,1.15234,1.15239,1.15233,1.15237,27
2019.01.11,08:21,1.15237,1.15239,1.15233,1.15239,19
2019.01.11,08:22,1.15239,1.15239,1.15224,1.15228,39
2019.01.11,08:23,1.15229,1.15229,1.15222,1.15224,21
2019.01.11,08:24,1.15224,1.15232,1.15223,1.1523,44
2019.01.11,08:25,1.15228,1.15234,1.15228,1.1523,23
2019.01.11,08:26,1.1523,1.15245,1.15228,1.15235,36
2019.01.11,08:27,1.15235,1.15252,1.15234,1.15251,42
2019.01.11,08:28,1.1525,1.15258,1.15244,1.15258,58
2019.01.11,08:29,1.15258,1.15258,1.15233,1.15234,44
2019.01.11,08:30,1.15233,1.15233,1.15215,1.15222,68
2019.01.11,08:31,1.1522,1.15225,1.15211,1.15215,53
2019.01.11,08:32,1.15215,1.15219,1.15208,1.15208,40
2019.01.11,08:33,1.15209,1.15218,1.15209,1.15218,39
2019.01.11,08:34,1.15219,1.15226,1.15213,1.15225,37
2019.01.11,08:35,1.15224,1.15224,1.15218,1.15218,19
2019.01.11,08:36,1.15218,1.15227,1.15218,1.15224,24
2019.01.11,08:37,1.15224,1.15226,1.15213,1.15213,29
2019.01.11,08:38,1.15213,1.15219,1.15213,1.15214,14
2019.01.11,08:39,1.15214,1.15214,1.15197,1.15197,38
2019.01.11,08:40,1.15197,1.15202,1.15195,1.15195,34
2019.01.11,08:41,1.15196,1.15198,1.15187,1.15188,58
2019.01.11,08:42,1.15188,1.1519,1.15172,1.15183,64
2019.01.11,08:43,1.15184,1.15184,1.15178,1.15183,14
2019.01.11,08:44,1.15183,1.15192,1.15182,1.15188,25
2019.01.11,08:45,1.1519,1.15199,1.1519,1.15195,37
2019.01.11,08:46,1.15195,1.15195,1.15194,1.15194,9
2019.01.11,08:47,1.15195,1.15201,1.15194,1.15198,15
2019.01.11,08:48,1.15199,1.15209,1.15198,1.15205,30
2019.01.11,08:49,1.15204,1.15209,1.152,1.15206,42
2019.01.11,08:50,1.15206,1.15213,1.15204,1.15209,35
2019.01.11,08:51,1.15209,1.15209,1.15198,1.15209,45
2019.01.11,08:52,1.15209,1.15213,1.15209,1.1521,26
2019.01.11,08:53,1.15211,1.15213,1.15199,1.15209,33
2019.01.11,08:54,1.15209,1.15215,1.15209,1.15215,14
2019.01.11,08:55,1.15218,1.15221,1.15218,1.1522,18
2019.01.11,08:56,1.15221,1.15226,1.15221,1.15224,28
2019.01.11,08:57,1.15225,1.15228,1.15221,1.15223,30
2019.01.11,08:58,1.15223,1.15224,1.15223,1.15224,9
2019.01.11,08:59,1.15222,1.15229,1.1522,1.15225,33
2019.01.11,09:00,1.15225,1.15263,1.15225,1.15251,70
2019.01.11,09:01,1.1525,1.15273,1.1525,1.15265,82
2019.01.11,09:02,1.15263,1.1528,1.1526,1.15276,113
2019.01.11,09:03,1.15275,1.1528,1.1526,1.1526,66
2019.01.11,09:04,1.1526,1.15264,1.1524,1.15258,84
2019.01.11,09:05,1.1526,1.15263,1.15231,1.15234,65
2019.01.11,09:06,1.15233,1.15259,1.15233,1.15259,95
2019.01.11,09:07,1.15259,1.15287,1.15259,1.15285,65
2019.01.11,09:08,1.15284,1.15294,1.15282,1.15285,90
2019.01.11,09:09,1.15285,1.15285,1.15272,1.15274,65
2019.01.11,09:10,1.15274,1.15293,1.15273,1.15284,88
2019.01.11,09:11,1.15283,1.15284,1.1528,1.15281,34
2019.01.11,09:12,1.15279,1.15279,1.15262,1.15266,72
2019.01.11,09:13,1.15265,1.15295,1.15264,1.1529,99
2019.01.11,09:14,1.15291,1.153,1.1527,1.15271,84
2019.01.11,09:15,1.15272,1.15287,1.15261,1.15262,68
2019.01.11,09:16,1.15262,1.15262,1.15251,1.15253,29
2019.01.11,09:17,1.15254,1.15261,1.15252,1.1526,48
2019.01.11,09:18,1.1526,1.15274,1.15259,1.15272,40
2019.01.11,09:19,1.15273,1.1528,1.1527,1.15272,33
2019.01.11,09:20,1.15271,1.15285,1.15269,1.15269,52
2019.01.11,09:21,1.1527,1.15274,1.15266,1.1527,40
2019.01.11,09:22,1.1527,1.15284,1.15268,1.15284,39
2019.01.11,09:23,1.15283,1.15291,1.15278,1.15291,38
2019.01.11,09:24,1.15293,1.15307,1.15289,1.15306,71
2019.01.11,09:25,1.15306,1.15322,1.15306,1.15313,88
2019.01.11,09:26,1.15312,1.15317,1.15305,1.15308,61
2019.01.11,09:27,1.15308,1.15309,1.15293,1.15305,43
2019.01.11,09:28,1.15306,1.15307,1.15284,1.15289,70
2019.01.11,09:29,1.15289,1.153,1.15283,1.15299,66
2019.01.11,09:30,1.15299,1.15304,1.15294,1.15298,82
2019.01.11,09:31,1.15296,1.15305,1.15294,1.15299,52
2019.01.11,09:32,1.15298,1.15313,1.15298,1.1531,55
2019.01.11,09:33,1.1531,1.1531,1.153,1.153,44
2019.01.11,09:34,1.15298,1.15298,1.15272,1.15275,80
2019.01.11,09:35,1.15277,1.153,1.15277,1.15289,54
2019.01.11,09:36,1.1529,1.1529,1.15258,1.15258,75
2019.01.11,09:37,1.15259,1.1527,1.15237,1.1526,110
2019.01.11,09:38,1.15259,1.1526,1.15249,1.15257,90
2019.01.11,09:39,1.15256,1.15259,1.15243,1.15244,64
2019.01.11,09:40,1.1524,1.1524,1.15228,1.15235,91
2019.01.11,09:41,1.15234,1.15235,1.15226,1.15227,63
2019.01.11,09:42,1.15227,1.15249,1.15227,1.15242,103
2019.01.11,09:43,1.15241,1.15242,1.15227,1.15229,109
2019.01.11,09:44,1.15229,1.15251,1.15229,1.1525,52
2019.01.11,09:45,1.1525,1.15259,1.15248,1.15254,45
2019.01.11,09:46,1.15255,1.15256,1.15244,1.15244,42
2019.01.11,09:47,1.15245,1.15249,1.15229,1.15235,57
2019.01.11,09:48,1.15235,1.15255,1.15235,1.15249,48
2019.01.11,09:49,1.15248,1.15264,1.15248,1.15264,58
2019.01.11,09:50,1.15265,1.1527,1.15241,1.15244,65
2019.01.11,09:51,1.15245,1.15255,1.1524,1.1525,43
2019.01.11,09:52,1.15251,1.15261,1.15249,1.15249,47
2019.01.11,09:53,1.1525,1.1525,1.15238,1.1524,84
2019.01.11,09:54,1.15242,1.15249,1.15229,1.15229,72
2019.01.11,09:55,1.15229,1.15235,1.15219,1.15229,88
2019.01.11,09:56,1.15228,1.15229,1.15216,1.15217,69
2019.01.11,09:57,1.15218,1.15234,1.15218,1.15227,58
2019.01.11,09:58,1.15227,1.15268,1.15227,1.15264,106
2019.01.11,09:59,1.15265,1.15275,1.15256,1.15257,129
2019.01.11,10:00,1.15257,1.15258,1.15235,1.15255,104
2019.01.11,10:01,1.15257,1.15285,1.15257,1.15284,80
2019.01.11,10:02,1.15284,1.15286,1.15275,1.15275,70
2019.01.11,10:03,1.15275,1.15284,1.15273,1.1528,64
2019.01.11,10:04,1.1528,1.15289,1.15279,1.15284,61
2019.01.11,10:05,1.15284,1.15297,1.15279,1.15296,71
2019.01.11,10:06,1.15296,1.15299,1.15292,1.15294,83
2019.01.11,10:07,1.15293,1.15299,1.15283,1.15295,125
2019.01.11,10:08,1.15295,1.15297,1.15288,1.15289,48
2019.01.11,10:09,1.1529,1.15294,1.15287,1.15292,89
2019.01.11,10:10,1.15292,1.15297,1.1528,1.1528,94
2019.01.11,10:11,1.15281,1.15282,1.15254,1.15259,120
2019.01.11,10:12,1.15259,1.15278,1.15253,1.1527,121
2019.01.11,10:13,1.15269,1.15274,1.15265,1.15266,100
2019.01.11,10:14,1.15265,1.15265,1.15249,1.15259,75
2019.01.11,10:15,1.15259,1.1526,1.15223,1.15223,98
2019.01.11,10:16,1.15221,1.15223,1.15188,1.15189,128
2019.01.11,10:17,1.15187,1.15218,1.15183,1.15213,121
2019.01.11,10:18,1.15213,1.15239,1.15212,1.15239,81
2019.01.11,10:19,1.1524,1.15245,1.15232,1.15239,113
2019.01.11,10:20,1.15237,1.15244,1.1523,1.15235,63
2019.01.11,10:21,1.15235,1.1526,1.15234,1.1526,60
2019.01.11,10:22,1.15259,1.15265,1.15257,1.1526,72
2019.01.11,10:23,1.15259,1.1526,1.15239,1.15239,43
2019.01.11,10:24,1.15241,1.15259,1.15232,1.15254,80
2019.01.11,10:25,1.15254,1.15259,1.15223,1.1524,91
2019.01.11,10:26,1.15241,1.15244,1.15228,1.15237,62
2019.01.11,10:27,1.15239,1.15239,1.15209,1.15209,114
2019.01.11,10:28,1.1521,1.15224,1.15209,1.15223,84
2019.01.11,10:29,1.15224,1.1523,1.15202,1.15203,71
2019.01.11,10:30,1.15202,1.15212,1.15185,1.15185,127
2019.01.11,10:31,1.15187,1.15211,1.15175,1.15201,148
2019.01.11,10:32,1.152,1.15234,1.152,1.15234,98
2019.01.11,10:33,1.15235,1.15252,1.15235,1.15248,84
2019.01.11,10:34,1.15248,1.15268,1.15243,1.15257,102
2019.01.11,10:35,1.15258,1.15278,1.15256,1.15258,166
2019.01.11,10:36,1.15256,1.15259,1.1524,1.15257,91
2019.01.11,10:37,1.15254,1.15263,1.15253,1.15263,69
2019.01.11,10:38,1.15263,1.15272,1.15242,1.15244,95
2019.01.11,10:39,1.15243,1.15254,1.15239,1.15245,76
2019.01.11,10:40,1.15244,1.15257,1.15239,1.15252,77
2019.01.11,10:41,1.15253,1.15268,1.15252,1.15266,45
2019.01.11,10:42,1.15267,1.15268,1.15252,1.15257,57
2019.01.11,10:43,1.1526,1.15275,1.15228,1.15232,99
2019.01.11,10:44,1.15231,1.15235,1.15227,1.15234,75
2019.01.11,10:45,1.15235,1.15242,1.15214,1.15239,120
2019.01.11,10:46,1.15238,1.15272,1.15237,1.15267,109
2019.01.11,10:47,1.15266,1.15288,1.15261,1.15283,92
2019.01.11,10:48,1.15284,1.15296,1.15283,1.15296,91
2019.01.11,10:49,1.15297,1.153,1.15288,1.15289,67
2019.01.11,10:50,1.15287,1.15298,1.15286,1.15286,95
2019.01.11,10:51,1.15287,1.15296,1.15286,1.15288,51
2019.01.11,10:52,1.15288,1.15295,1.15282,1.15284,81
2019.01.11,10:53,1.15284,1.15291,1.15283,1.15288,83
2019.01.11,10:54,1.15287,1.153,1.15283,1.15286,97
2019.01.11,10:55,1.15287,1.15288,1.15276,1.15277,76
2019.01.11,10:56,1.15276,1.15292,1.15274,1.15288,70
2019.01.11,10:57,1.15285,1.15285,1.15274,1.15277,103
2019.01.11,10:58,1.15276,1.153,1.15274,1.15298,104
2019.01.11,10:59,1.15298,1.15299,1.15292,1.15294,76
2019.01.11,11:00,1.15296,1.15297,1.15274,1.15274,88
2019.01.11,11:01,1.15273,1.15281,1.15258,1.15281,75
2019.01.11,11:02,1.1528,1.15284,1.15275,1.15276,59
2019.01.11,11:03,1.15275,1.15276,1.15258,1.1526,87
2019.01.11,11:04,1.1526,1.15275,1.15253,1.15254,101
2019.01.11,11:05,1.15253,1.15253,1.15234,1.15234,117
2019.01.11,11:06,1.15234,1.15238,1.15216,1.1523,167
2019.01.11,11:07,1.15229,1.15246,1.15218,1.15219,94
2019.01.11,11:08,1.15218,1.15225,1.15207,1.15216,165
2019.01.11,11:09,1.15217,1.15226,1.15178,1.15179,169
2019.01.11,11:10,1.15179,1.15225,1.15165,1.15223,165
2019.01.11,11:11,1.15224,1.15232,1.15217,1.15222,83
2019.01.11,11:12,1.15224,1.15236,1.15223,1.15236,64
2019.01.11,11:13,1.15235,1.15243,1.1522,1.15237,110
2019.01.11,11:14,1.15236,1.15258,1.15221,1.15247,104
2019.01.11,11:15,1.15246,1.15246,1.15212,1.15228,118
2019.01.11,11:16,1.15228,1.15237,1.15223,1.15232,65
2019.01.11,11:17,1.15232,1.15244,1.15227,1.15244,42
2019.01.11,11:18,1.15243,1.15244,1.15228,1.15236,58
2019.01.11,11:19,1.15237,1.15242,1.15231,1.15238,61
2019.01.11,11:20,1.15236,1.15247,1.15231,1.15247,66
2019.01.11,11:21,1.15247,1.15247,1.15238,1.15243,76
2019.01.11,11:22,1.15244,1.15267,1.15244,1.15257,72
2019.01.11,11:23,1.15252,1.15277,1.15224,1.15274,83
2019.01.11,11:24,1.15272,1.15275,1.15257,1.15257,54
2019.01.11,11:25,1.15257,1.15259,1.15241,1.15242,89
2019.01.11,11:26,1.15243,1.1525,1.1524,1.15244,47
2019.01.11,11:27,1.15244,1.15244,1.15209,1.15209,64
2019.01.11,11:28,1.15208,1.15215,1.15206,1.15214,52
2019.01.11,11:29,1.15219,1.15219,1.15177,1.1518,93
2019.01.11,11:30,1.15181,1.15213,1.1518,1.15206,99
2019.01.11,11:31,1.15207,1.15226,1.15206,1.15222,90
2019.01.11,11:32,1.15221,1.15233,1.15211,1.15228,93
2019.01.11,11:33,1.15227,1.15246,1.15222,1.15225,113
2019.01.11,11:34,1.15225,1.15247,1.15225,1.15241,93
2019.01.11,11:35,1.1524,1.1524,1.15224,1.15224,62
2019.01.11,11:36,1.15223,1.15229,1.15222,1.15223,81
2019.01.11,11:37,1.15222,1.15233,1.15211,1.15213,78
2019.01.11,11:38,1.15214,1.15227,1.1521,1.15227,89
2019.01.11,11:39,1.15226,1.15229,1.15216,1.15218,66
2019.01.11,11:40,1.15219,1.15236,1.15215,1.15223,78
2019.01.11,11:41,1.15223,1.15235,1.15222,1.15232,62
2019.01.11,11:42,1.15232,1.15232,1.15219,1.15226,71
2019.01.11,11:43,1.15226,1.15233,1.15222,1.15222,54
2019.01.11,11:44,1.15218,1.1522,1.15212,1.15217,68
2019.01.11,11:45,1.15217,1.15219,1.15182,1.1519,86
2019.01.11,11:46,1.1519,1.15206,1.15187,1.15202,113
2019.01.11,11:47,1.15201,1.15208,1.15196,1.15204,102
2019.01.11,11:48,1.15202,1.15204,1.15195,1.15201,77
2019.01.11,11:49,1.15201,1.15204,1.15188,1.15196,78
2019.01.11,11:50,1.15196,1.15196,1.15175,1.15175,94
2019.01.11,11:51,1.15175,1.15177,1.15169,1.15175,62
2019.01.11,11:52,1.15174,1.15182,1.1517,1.15177,71
2019.01.11,11:53,1.15179,1.15189,1.1517,1.15188,96
2019.01.11,11:54,1.15189,1.1519,1.15182,1.15183,58
2019.01.11,11:55,1.15182,1.15186,1.15176,1.15185,94
2019.01.11,11:56,1.15186,1.15198,1.15186,1.15188,100
2019.01.11,11:57,1.15188,1.15199,1.15177,1.15195,78
2019.01.11,11:58,1.15196,1.15202,1.15192,1.15202,87
2019.01.11,11:59,1.15203,1.1522,1.15197,1.15201,133
2019.01.11,12:00,1.15201,1.15207,1.15182,1.15186,136
2019.01.11,12:01,1.15186,1.15194,1.15173,1.15173,112
2019.01.11,12:02,1.15173,1.15177,1.15156,1.15158,125
2019.01.11,12:03,1.15157,1.15187,1.15157,1.15177,81
2019.01.11,12:04,1.15176,1.15191,1.15172,1.15191,60
2019.01.11,12:05,1.15191,1.15199,1.15191,1.15199,67
2019.01.11,12:06,1.15198,1.15233,1.15197,1.15228,122
2019.01.11,12:07,1.15227,1.15234,1.15227,1.15232,71
2019.01.11,12:08,1.15232,1.15237,1.1522,1.15223,94
2019.01.11,12:09,1.15222,1.15227,1.15201,1.15201,58
2019.01.11,12:10,1.15203,1.15212,1.15191,1.15197,72
2019.01.11,12:11,1.15197,1.15225,1.15192,1.15223,111
2019.01.11,12:12,1.15223,1.15238,1.15221,1.15237,98
2019.01.11,12:13,1.15238,1.15243,1.15235,1.15235,97
2019.01.11,12:14,1.15236,1.15251,1.1523,1.15237,67
2019.01.11,12:15,1.15237,1.15251,1.15237,1.15243,95
2019.01.11,12:16,1.15244,1.15247,1.15227,1.15233,77
2019.01.11,12:17,1.15233,1.15241,1.15225,1.15225,68
2019.01.11,12:18,1.15226,1.15226,1.15208,1.15214,49
2019.01.11,12:19,1.15215,1.15221,1.15213,1.15219,48
2019.01.11,12:20,1.15218,1.15236,1.15215,1.1523,88
2019.01.11,12:21,1.1523,1.15242,1.1523,1.15233,73
2019.01.11,12:22,1.15232,1.15235,1.15218,1.15225,67
2019.01.11,12:23,1.15226,1.15234,1.15226,1.15233,49
2019.01.11,12:24,1.15233,1.15241,1.15217,1.15222,64
2019.01.11,12:25,1.15221,1.15242,1.15221,1.15232,66
2019.01.11,12:26,1.15231,1.15242,1.1523,1.15242,42
2019.01.11,12:27,1.15242,1.15242,1.15232,1.15233,64
2019.01.11,12:28,1.15232,1.15249,1.15232,1.15246,58
2019.01.11,12:29,1.15245,1.15249,1.15239,1.15242,53
2019.01.11,12:30,1.15242,1.15248,1.15235,1.15237,72
2019.01.11,12:31,1.15239,1.15239,1.15231,1.15236,74
2019.01.11,12:32,1.15236,1.15237,1.15226,1.15229,86
2019.01.11,12:33,1.15229,1.15233,1.15221,1.15232,53
2019.01.11,12:34,1.15234,1.15236,1.15227,1.15234,62
2019.01.11,12:35,1.15233,1.15234,1.1522,1.15222,53
2019.01.11,12:36,1.15223,1.15223,1.15203,1.15212,65
2019.01.11,12:37,1.15211,1.15232,1.15209,1.15232,78
2019.01.11,12:38,1.15232,1.15242,1.15225,1.15236,66
2019.01.11,12:39,1.15235,1.15237,1.15225,1.15228,39
2019.01.11,12:40,1.15227,1.15248,1.15225,1.15239,64
2019.01.11,12:41,1.1524,1.15245,1.15235,1.15245,50
2019.01.11,12:42,1.15243,1.15261,1.15238,1.15259,98
2019.01.11,12:43,1.15261,1.1528,1.15259,1.15273,60
2019.01.11,12:44,1.15271,1.15279,1.15267,1.15271,65
2019.01.11,12:45,1.15271,1.15275,1.15267,1.1527,70
2019.01.11,12:46,1.1527,1.15282,1.15261,1.15276,57
2019.01.11,12:47,1.1528,1.15292,1.15267,1.15268,108
2019.01.11,12:48,1.15268,1.15268,1.15251,1.15255,73
2019.01.11,12:49,1.15259,1.1527,1.15257,1.1527,96
2019.01.11,12:50,1.15269,1.15289,1.15269,1.15286,101
2019.01.11,12:51,1.1528,1.1528,1.15258,1.15264,101
2019.01.11,12:52,1.15264,1.15348,1.15264,1.15348,187
2019.01.11,12:53,1.15348,1.15395,1.15341,1.15385,423
2019.01.11,12:54,1.15387,1.15403,1.15352,1.15366,389
2019.01.11,12:55,1.15367,1.15372,1.15325,1.15365,285
2019.01.11,12:56,1.15364,1.15366,1.15335,1.1535,341
2019.01.11,12:57,1.15349,1.15353,1.15326,1.15342,198
2019.01.11,12:58,1.15341,1.15355,1.15328,1.15332,186
2019.01.11,12:59,1.15331,1.15352,1.15331,1.15347,198
2019.01.11,13:00,1.15345,1.15347,1.15314,1.15315,217
2019.01.11,13:01,1.15319,1.15319,1.15295,1.15296,166
2019.01.11,13:02,1.15296,1.15299,1.15281,1.1529,129
2019.01.11,13:03,1.15289,1.15298,1.15282,1.15296,143
2019.01.11,13:04,1.15297,1.15309,1.15291,1.15308,151
2019.01.11,13:05,1.15309,1.15324,1.15307,1.15312,103
2019.01.11,13:06,1.15312,1.15312,1.15299,1.15307,82
2019.01.11,13:07,1.15306,1.15318,1.15301,1.15305,91
2019.01.11,13:08,1.15304,1.15318,1.15296,1.15318,75
2019.01.11,13:09,1.15315,1.15328,1.15299,1.15312,75
2019.01.11,13:10,1.15314,1.15319,1.15298,1.15316,165
2019.01.11,13:11,1.15315,1.15319,1.1531,1.1531,110
2019.01.11,13:12,1.1531,1.15318,1.15277,1.15306,207
2019.01.11,13:13,1.15307,1.15317,1.15281,1.15281,236
2019.01.11,13:14,1.15281,1.15281,1.1521,1.15243,242
2019.01.11,13:15,1.1524,1.15251,1.15221,1.15227,152
2019.01.11,13:16,1.15227,1.15229,1.15206,1.15207,92
2019.01.11,13:17,1.15206,1.1521,1.15195,1.15195,101
2019.01.11,13:18,1.15194,1.15222,1.15189,1.15222,132
2019.01.11,13:19,1.15225,1.15242,1.15224,1.15241,67
2019.01.11,13:20,1.15239,1.15249,1.15236,1.15246,95
2019.01.11,13:21,1.15246,1.15248,1.15202,1.15216,129
2019.01.11,13:22,1.15216,1.15233,1.15209,1.15233,81
2019.01.11,13:23,1.15234,1.15234,1.1521,1.15212,70
2019.01.11,13:24,1.15212,1.15226,1.15197,1.15225,84
2019.01.11,13:25,1.15223,1.15227,1.15212,1.15225,83
2019.01.11,13:26,1.15226,1.15242,1.15226,1.15242,100
2019.01.11,13:27,1.15241,1.15241,1.15227,1.15228,67
2019.01.11,13:28,1.15229,1.15235,1.1522,1.15225,72
2019.01.11,13:29,1.15226,1.15235,1.15214,1.15232,67
2019.01.11,13:30,1.15233,1.15253,1.15233,1.15245,85
2019.01.11,13:31,1.15246,1.15252,1.15233,1.15251,89
2019.01.11,13:32,1.15253,1.15262,1.15244,1.15253,82
2019.01.11,13:33,1.15252,1.15256,1.15232,1.15255,121
2019.01.11,13:34,1.15254,1.15271,1.15248,1.1525,134
2019.01.11,13:35,1.1525,1.15257,1.15249,1.15249,45
2019.01.11,13:36,1.15249,1.15252,1.15244,1.15247,50
2019.01.11,13:37,1.15246,1.15254,1.15242,1.15253,64
2019.01.11,13:38,1.15254,1.15267,1.15254,1.15262,49
2019.01.11,13:39,1.15262,1.15262,1.15252,1.15261,65
2019.01.11,13:40,1.15264,1.15273,1.15262,1.15267,52
2019.01.11,13:41,1.1527,1.15283,1.15267,1.15282,59
2019.01.11,13:42,1.15279,1.15292,1.15278,1.1528,81
2019.01.11,13:43,1.15277,1.15296,1.15277,1.15287,78
2019.01.11,13:44,1.15287,1.15297,1.15283,1.15287,90
2019.01.11,13:45,1.15286,1.15297,1.15282,1.15282,86
2019.01.11,13:46,1.15284,1.15285,1.15251,1.15256,116
2019.01.11,13:47,1.15259,1.15291,1.15259,1.15289,91
2019.01.11,13:48,1.15288,1.15302,1.15283,1.15297,72
2019.01.11,13:49,1.15297,1.15308,1.15294,1.15307,102
2019.01.11,13:50,1.15308,1.15325,1.15299,1.15306,154
2019.01.11,13:51,1.15305,1.15327,1.15301,1.15327,105
2019.01.11,13:52,1.15326,1.15331,1.15309,1.15315,79
2019.01.11,13:53,1.15315,1.15325,1.15312,1.15315,112
2019.01.11,13:54,1.15314,1.15317,1.1531,1.15311,52
2019.01.11,13:55,1.15311,1.15312,1.15303,1.15305,100
2019.01.11,13:56,1.15307,1.15309,1.1529,1.1529,70
2019.01.11,13:57,1.15293,1.15299,1.15285,1.15289,147
2019.01.11,13:58,1.15291,1.15301,1.1528,1.15301,127
2019.01.11,13:59,1.15303,1.1532,1.15303,1.1532,102
2019.01.11,14:00,1.15318,1.15345,1.15291,1.1532,178
2019.01.11,14:01,1.15319,1.15348,1.15316,1.15326,111
2019.01.11,14:02,1.15325,1.15344,1.1532,1.15341,86
2019.01.11,14:03,1.1534,1.15344,1.15335,1.15339,64
2019.01.11,14:04,1.15338,1.15341,1.15329,1.15335,60
2019.01.11,14:05,1.15332,1.15339,1.1533,1.15335,77
2019.01.11,14:06,1.15334,1.15334,1.15325,1.15331,50
2019.01.11,14:07,1.15332,1.15336,1.15326,1.15335,74
2019.01.11,14:08,1.15335,1.15343,1.15334,1.1534,48
2019.01.11,14:09,1.15342,1.15347,1.15338,1.15346,41
2019.01.11,14:10,1.15346,1.15354,1.15337,1.15346,108
2019.01.11,14:11,1.15346,1.15349,1.15325,1.1533,111
2019.01.11,14:12,1.1533,1.15346,1.1533,1.1534,104
2019.01.11,14:13,1.15341,1.15345,1.15334,1.15334,68
2019.01.11,14:14,1.15336,1.15345,1.15336,1.15342,49
2019.01.11,14:15,1.15342,1.15343,1.15334,1.15335,53
2019.01.11,14:16,1.15335,1.15337,1.15313,1.1532,76
2019.01.11,14:17,1.15321,1.15325,1.15316,1.15323,73
2019.01.11,14:18,1.15321,1.15323,1.15311,1.15314,95
2019.01.11,14:19,1.15315,1.15315,1.15313,1.15314,22
2019.01.11,14:20,1.15314,1.15343,1.15314,1.15339,71
2019.01.11,14:21,1.15338,1.15338,1.15322,1.15335,78
2019.01.11,14:22,1.15333,1.15344,1.15333,1.15344,64
2019.01.11,14:23,1.15344,1.1536,1.15341,1.1535,83
2019.01.11,14:24,1.15352,1.15353,1.15316,1.15335,100
2019.01.11,14:25,1.15335,1.15348,1.15334,1.15343,86
2019.01.11,14:26,1.15343,1.15347,1.1534,1.15341,54
2019.01.11,14:27,1.15341,1.15355,1.15341,1.1535,61
2019.01.11,14:28,1.1535,1.1535,1.15334,1.15341,43
2019.01.11,14:29,1.15336,1.15346,1.15334,1.15334,58
2019.01.11,14:30,1.15335,1.15351,1.15335,1.15351,68
2019.01.11,14:31,1.15349,1.15363,1.15348,1.15353,57
2019.01.11,14:32,1.15353,1.1536,1.1535,1.15354,51
2019.01.11,14:33,1.15355,1.1536,1.15355,1.15355,35
2019.01.11,14:34,1.15354,1.15361,1.15342,1.15344,61
2019.01.11,14:35,1.15344,1.15345,1.15339,1.15339,52
2019.01.11,14:36,1.15339,1.15354,1.15339,1.15354,57
2019.01.11,14:37,1.15353,1.15355,1.15343,1.1535,51
2019.01.11,14:38,1.15349,1.1535,1.15341,1.15341,40
2019.01.11,14:39,1.15341,1.15345,1.15338,1.15343,44
2019.01.11,14:40,1.15344,1.15354,1.15342,1.15349,51
2019.01.11,14:41,1.15348,1.1535,1.15344,1.15344,34
2019.01.11,14:42,1.15338,1.15344,1.15329,1.15331,62
2019.01.11,14:43,1.1533,1.15347,1.1533,1.15339,56
2019.01.11,14:44,1.15339,1.15351,1.15338,1.1535,27
2019.01.11,14:45,1.15351,1.15364,1.15351,1.15362,49
2019.01.11,14:46,1.15361,1.15361,1.15338,1.15359,74
2019.01.11,14:47,1.15359,1.15359,1.15353,1.15354,42
2019.01.11,14:48,1.15354,1.15354,1.15337,1.15338,49
2019.01.11,14:49,1.1534,1.15346,1.15315,1.15324,67
2019.01.11,14:50,1.15326,1.15327,1.15254,1.1526,192
2019.01.11,14:51,1.1526,1.1528,1.15249,1.15254,123
2019.01.11,14:52,1.15254,1.15258,1.15223,1.15237,195
2019.01.11,14:53,1.15238,1.15249,1.15236,1.15243,100
2019.01.11,14:54,1.15243,1.15257,1.15233,1.15255,123
2019.01.11,14:55,1.15256,1.15271,1.1525,1.1527,92
2019.01.11,14:56,1.15269,1.1527,1.15251,1.15252,94
2019.01.11,14:57,1.15254,1.15258,1.15234,1.15237,85
2019.01.11,14:58,1.1524,1.15271,1.15235,1.15269,109
2019.01.11,14:59,1.15269,1.1528,1.15264,1.1528,65
2019.01.11,15:00,1.15282,1.15284,1.15239,1.1526,166
2019.01.11,15:01,1.1526,1.15283,1.15259,1.15263,98
2019.01.11,15:02,1.15264,1.15277,1.15253,1.15259,112
2019.01.11,15:03,1.1526,1.1528,1.15255,1.15278,92
2019.01.11,15:04,1.15279,1.15279,1.15263,1.15268,87
2019.01.11,15:05,1.15271,1.15285,1.15271,1.15279,125
2019.01.11,15:06,1.1528,1.15288,1.15268,1.15287,132
2019.01.11,15:07,1.15288,1.15299,1.15284,1.15297,112
2019.01.11,15:08,1.15297,1.15316,1.15294,1.15316,118
2019.01.11,15:09,1.15317,1.1533,1.15316,1.15327,111
2019.01.11,15:10,1.15328,1.15329,1.15315,1.1532,122
2019.01.11,15:11,1.1532,1.15324,1.15309,1.15314,106
2019.01.11,15:12,1.15313,1.15328,1.15313,1.15318,106
2019.01.11,15:13,1.15317,1.15337,1.15317,1.15334,118
2019.01.11,15:14,1.15333,1.15338,1.15323,1.15333,97
2019.01.11,15:15,1.15332,1.15332,1.15313,1.15319,86
2019.01.11,15:16,1.1532,1.15329,1.15315,1.15328,87
2019.01.11,15:17,1.15328,1.15332,1.15317,1.15318,106
2019.01.11,15:18,1.15316,1.15318,1.15303,1.15308,68
2019.01.11,15:19,1.15308,1.15308,1.15284,1.15288,62
2019.01.11,15:20,1.15288,1.15288,1.15238,1.1524,157
2019.01.11,15:21,1.15239,1.15262,1.15236,1.15255,115
2019.01.11,15:22,1.15254,1.15276,1.15249,1.15264,100
2019.01.11,15:23,1.15264,1.15281,1.15262,1.15275,78
2019.01.11,15:24,1.15275,1.15291,1.15271,1.15285,68
2019.01.11,15:25,1.15285,1.15286,1.15266,1.15277,44
2019.01.11,15:26,1.15278,1.1529,1.15278,1.15288,42
2019.01.11,15:27,1.15288,1.15292,1.15282,1.15292,39
2019.01.11,15:28,1.15291,1.15296,1.15279,1.15279,94
2019.01.11,15:29,1.15279,1.15284,1.15261,1.15267,133
2019.01.11,15:30,1.15267,1.15344,1.15249,1.15344,244
2019.01.11,15:31,1.15342,1.1535,1.15292,1.15299,191
2019.01.11,15:32,1.153,1.15301,1.15236,1.1527,200
2019.01.11,15:33,1.15269,1.15269,1.152,1.15204,222
2019.01.11,15:34,1.15203,1.15244,1.15202,1.15241,203
2019.01.11,15:35,1.1524,1.15242,1.15218,1.15236,147
2019.01.11,15:36,1.15235,1.15285,1.15235,1.15267,176
2019.01.11,15:37,1.15267,1.15297,1.15265,1.15288,157
2019.01.11,15:38,1.15288,1.15349,1.15288,1.15345,231
2019.01.11,15:39,1.15344,1.15359,1.15292,1.15299,213
2019.01.11,15:40,1.15295,1.15322,1.15287,1.15299,129
2019.01.11,15:41,1.15299,1.15323,1.15287,1.15314,165
2019.01.11,15:42,1.15314,1.15318,1.15292,1.15294,94
2019.01.11,15:43,1.15295,1.15298,1.15242,1.15243,139
2019.01.11,15:44,1.15242,1.15253,1.15207,1.15253,156
2019.01.11,15:45,1.15252,1.15272,1.15243,1.15257,163
2019.01.11,15:46,1.15255,1.15262,1.15241,1.15253,189
2019.01.11,15:47,1.15254,1.15269,1.15251,1.15265,136
2019.01.11,15:48,1.15264,1.153,1.15262,1.15296,164
2019.01.11,15:49,1.15294,1.15296,1.1528,1.15287,134
2019.01.11,15:50,1.15289,1.15289,1.15269,1.1528,142
2019.01.11,15:51,1.15281,1.15291,1.15272,1.15274,92
2019.01.11,15:52,1.15275,1.1528,1.15267,1.15274,90
2019.01.11,15:53,1.15275,1.15283,1.15268,1.15272,66
2019.01.11,15:54,1.15271,1.15271,1.15252,1.15253,78
2019.01.11,15:55,1.15253,1.15255,1.15238,1.15245,99
2019.01.11,15:56,1.15249,1.15264,1.15241,1.15264,115
2019.01.11,15:57,1.15263,1.15263,1.1524,1.15261,117
2019.01.11,15:58,1.15259,1.15259,1.15245,1.15246,62
2019.01.11,15:59,1.15245,1.15272,1.15244,1.15266,90
2019.01.11,16:00,1.15265,1.15269,1.15244,1.1525,92
2019.01.11,16:01,1.1525,1.15268,1.15244,1.15245,93
2019.01.11,16:02,1.15246,1.15251,1.15237,1.15246,67
2019.01.11,16:03,1.15245,1.15267,1.15245,1.15245,116
2019.01.11,16:04,1.15245,1.15267,1.15245,1.15265,95
2019.01.11,16:05,1.1527,1.1527,1.15221,1.15225,121
2019.01.11,16:06,1.15227,1.15231,1.15207,1.1521,97
2019.01.11,16:07,1.15209,1.15212,1.15111,1.15119,243
2019.01.11,16:08,1.1512,1.1512,1.15059,1.15087,278
2019.01.11,16:09,1.15089,1.15099,1.15079,1.15096,214
2019.01.11,16:10,1.15095,1.15095,1.15051,1.15061,162
2019.01.11,16:11,1.15064,1.15071,1.15048,1.15063,178
2019.01.11,16:12,1.15062,1.15062,1.14956,1.14963,300
2019.01.11,16:13,1.14965,1.14993,1.14931,1.14949,278
2019.01.11,16:14,1.14947,1.14975,1.14934,1.14961,249
2019.01.11,16:15,1.14962,1.14964,1.14916,1.14922,237
2019.01.11,16:16,1.14921,1.14949,1.14913,1.14915,210
2019.01.11,16:17,1.14914,1.1493,1.14876,1.14906,254
2019.01.11,16:18,1.14905,1.14944,1.14897,1.14939,233
2019.01.11,16:19,1.14935,1.14936,1.14921,1.14928,155
2019.01.11,16:20,1.14928,1.14928,1.14911,1.14917,144
2019.01.11,16:21,1.14917,1.14923,1.14832,1.14858,250
2019.01.11,16:22,1.14861,1.14888,1.14852,1.14858,262
2019.01.11,16:23,1.14859,1.14859,1.14753,1.14758,382
2019.01.11,16:24,1.14763,1.14833,1.14759,1.14826,344
2019.01.11,16:25,1.14828,1.14861,1.14802,1.14856,327
2019.01.11,16:26,1.14857,1.14862,1.14825,1.14855,242
2019.01.11,16:27,1.14854,1.14857,1.14814,1.14827,185
2019.01.11,16:28,1.14827,1.14857,1.14809,1.14856,175
2019.01.11,16:29,1.14857,1.14883,1.14856,1.14872,180
2019.01.11,16:30,1.14871,1.1491,1.14856,1.14885,216
2019.01.11,16:31,1.14885,1.14928,1.14885,1.14922,155
2019.01.11,16:32,1.14924,1.14924,1.14893,1.14921,169
2019.01.11,16:33,1.14919,1.14943,1.14916,1.1494,156
2019.01.11,16:34,1.1494,1.14942,1.14894,1.14894,159
2019.01.11,16:35,1.14895,1.14917,1.14884,1.149,137
2019.01.11,16:36,1.149,1.149,1.14862,1.14874,130
2019.01.11,16:37,1.14879,1.14884,1.1486,1.14873,159
2019.01.11,16:38,1.14872,1.14877,1.14843,1.14862,181
2019.01.11,16:39,1.14864,1.14886,1.14853,1.14871,146
2019.01.11,16:40,1.14867,1.14867,1.14847,1.14854,135
2019.01.11,16:41,1.1486,1.14886,1.14859,1.14885,118
2019.01.11,16:42,1.14886,1.1489,1.14864,1.1488,154
2019.01.11,16:43,1.14877,1.14882,1.14857,1.1487,185
2019.01.11,16:44,1.14871,1.14873,1.14829,1.14836,158
2019.01.11,16:45,1.14836,1.14842,1.14753,1.14753,217
2019.01.11,16:46,1.14755,1.14756,1.14678,1.14695,359
2019.01.11,16:47,1.14694,1.14713,1.14593,1.14606,336
2019.01.11,16:48,1.14606,1.14648,1.14585,1.14634,282
2019.01.11,16:49,1.14634,1.14634,1.14581,1.14614,260
2019.01.11,16:50,1.14615,1.14636,1.14602,1.14602,218
2019.01.11,16:51,1.14603,1.14627,1.14585,1.14612,236
2019.01.11,16:52,1.14611,1.14658,1.14611,1.14642,181
2019.01.11,16:53,1.14642,1.14668,1.1464,1.14651,177
2019.01.11,16:54,1.14651,1.1468,1.14634,1.14644,161
2019.01.11,16:55,1.14645,1.14681,1.14637,1.14681,133
2019.01.11,16:56,1.14681,1.14692,1.14669,1.14692,165
2019.01.11,16:57,1.14691,1.14696,1.14682,1.14693,111
2019.01.11,16:58,1.14691,1.14691,1.14647,1.14661,168
2019.01.11,16:59,1.14659,1.14702,1.14621,1.14696,178
2019.01.11,17:00,1.14695,1.14702,1.14664,1.14685,197
2019.01.11,17:01,1.14684,1.14684,1.1463,1.1463,171
2019.01.11,17:02,1.14631,1.14645,1.1462,1.14645,123
2019.01.11,17:03,1.14645,1.14673,1.14634,1.14665,119
2019.01.11,17:04,1.14663,1.14702,1.14658,1.14692,152
2019.01.11,17:05,1.14691,1.14734,1.14684,1.14723,189
2019.01.11,17:06,1.14724,1.14725,1.14696,1.14712,125
2019.01.11,17:07,1.14715,1.14728,1.14708,1.14717,98
2019.01.11,17:08,1.14717,1.14733,1.14713,1.14731,129
2019.01.11,17:09,1.1473,1.14745,1.1472,1.14739,122
2019.01.11,17:10,1.14737,1.1474,1.14724,1.1473,126
2019.01.11,17:11,1.14731,1.14745,1.14728,1.14735,127
2019.01.11,17:12,1.14731,1.14737,1.14713,1.14713,120
2019.01.11,17:13,1.14714,1.14714,1.1466,1.14663,187
2019.01.11,17:14,1.14663,1.14694,1.14662,1.14692,98
2019.01.11,17:15,1.14687,1.14692,1.14672,1.14676,116
2019.01.11,17:16,1.14677,1.14696,1.14676,1.14696,98
2019.01.11,17:17,1.14694,1.14698,1.14682,1.14694,86
2019.01.11,17:18,1.14695,1.147,1.14686,1.14688,77
2019.01.11,17:19,1.14687,1.14691,1.14661,1.14691,144
2019.01.11,17:20,1.14691,1.14691,1.14671,1.14681,86
2019.01.11,17:21,1.14681,1.14695,1.14681,1.14687,76
2019.01.11,17:22,1.14687,1.14695,1.14682,1.14691,66
2019.01.11,17:23,1.14689,1.14689,1.14661,1.14672,103
2019.01.11,17:24,1.14672,1.14676,1.14666,1.1467,64
2019.01.11,17:25,1.1467,1.14705,1.1467,1.147,117
2019.01.11,17:26,1.14701,1.14738,1.14699,1.14737,141
2019.01.11,17:27,1.14737,1.14737,1.14709,1.14725,92
2019.01.11,17:28,1.14725,1.14725,1.147,1.1471,90
2019.01.11,17:29,1.14708,1.14734,1.14704,1.14731,99
2019.01.11,17:30,1.14731,1.14749,1.14731,1.14746,110
2019.01.11,17:31,1.14747,1.14747,1.14731,1.14734,117
2019.01.11,17:32,1.14732,1.14737,1.14714,1.1473,102
2019.01.11,17:33,1.14729,1.1473,1.1472,1.14725,106
2019.01.11,17:34,1.14725,1.14746,1.14725,1.14735,137
2019.01.11,17:35,1.14735,1.14771,1.14735,1.14765,115
2019.01.11,17:36,1.14764,1.14764,1.14731,1.14735,154
2019.01.11,17:37,1.14733,1.14749,1.14724,1.14724,102
2019.01.11,17:38,1.14725,1.1474,1.1472,1.14731,87
2019.01.11,17:39,1.14732,1.14732,1.1471,1.14714,116
2019.01.11,17:40,1.14715,1.14726,1.14701,1.14726,100
2019.01.11,17:41,1.14726,1.14749,1.1471,1.14725,169
2019.01.11,17:42,1.14721,1.14731,1.14704,1.1473,84
2019.01.11,17:43,1.14731,1.14749,1.14727,1.14748,121
2019.01.11,17:44,1.14746,1.14794,1.14742,1.1479,155
2019.01.11,17:45,1.14788,1.14788,1.14761,1.14774,88
2019.01.11,17:46,1.14771,1.14808,1.14761,1.14765,191
2019.01.11,17:47,1.14765,1.14797,1.14761,1.14761,133
2019.01.11,17:48,1.14759,1.14761,1.14738,1.14754,130
2019.01.11,17:49,1.14756,1.1478,1.14723,1.1478,161
2019.01.11,17:50,1.1478,1.1481,1.14775,1.14786,227
2019.01.11,17:51,1.14786,1.14789,1.14741,1.1476,154
2019.01.11,17:52,1.14761,1.14774,1.14745,1.14765,142
2019.01.11,17:53,1.14765,1.14796,1.14762,1.14784,98
2019.01.11,17:54,1.14782,1.14805,1.14781,1.14797,136
2019.01.11,17:55,1.14797,1.14811,1.1479,1.14797,144
2019.01.11,17:56,1.14794,1.14805,1.14775,1.1478,171
2019.01.11,17:57,1.14785,1.1481,1.14776,1.14776,200
2019.01.11,17:58,1.14775,1.14788,1.1476,1.14773,173
2019.01.11,17:59,1.14772,1.14778,1.1476,1.14775,237
2019.01.11,18:00,1.14778,1.14785,1.14766,1.14774,180
2019.01.11,18:01,1.14772,1.14777,1.14759,1.14766,135
2019.01.11,18:02,1.14765,1.14774,1.14746,1.14766,130
2019.01.11,18:03,1.14766,1.14769,1.1475,1.14758,77
2019.01.11,18:04,1.14757,1.14759,1.14741,1.14759,95
2019.01.11,18:05,1.14759,1.14761,1.14738,1.14742,81
2019.01.11,18:06,1.14741,1.14747,1.14732,1.14744,70
2019.01.11,18:07,1.14744,1.1475,1.14737,1.14744,79
2019.01.11,18:08,1.14745,1.1476,1.14741,1.1476,76
2019.01.11,18:09,1.1476,1.14762,1.14751,1.1476,66
2019.01.11,18:10,1.1476,1.14786,1.14756,1.14773,95
2019.01.11,18:11,1.14773,1.14777,1.14763,1.1477,84
2019.01.11,18:12,1.14768,1.14768,1.14742,1.14744,78
2019.01.11,18:13,1.14749,1.14749,1.14722,1.14725,110
2019.01.11,18:14,1.14725,1.14737,1.14725,1.14732,71
2019.01.11,18:15,1.14731,1.14737,1.14725,1.14734,76
2019.01.11,18:16,1.14737,1.14737,1.14721,1.1473,95
2019.01.11,18:17,1.14729,1.14755,1.14729,1.14754,81
2019.01.11,18:18,1.14756,1.14756,1.14732,1.14745,91
2019.01.11,18:19,1.14745,1.14763,1.14745,1.14746,95
2019.01.11,18:20,1.14747,1.14752,1.14731,1.14733,62
2019.01.11,18:21,1.14732,1.14732,1.14717,1.14724,94
2019.01.11,18:22,1.14725,1.1473,1.14717,1.14719,67
2019.01.11,18:23,1.1472,1.14733,1.1472,1.14731,64
2019.01.11,18:24,1.14731,1.14736,1.14721,1.14725,67
2019.01.11,18:25,1.14725,1.14735,1.14722,1.1473,49
2019.01.11,18:26,1.14732,1.1474,1.1473,1.14736,69
2019.01.11,18:27,1.14736,1.14741,1.14723,1.14724,62
2019.01.11,18:28,1.14725,1.1473,1.14709,1.1473,96
2019.01.11,18:29,1.14729,1.14731,1.14715,1.14715,60
2019.01.11,18:30,1.14717,1.14727,1.14704,1.14704,145
2019.01.11,18:31,1.14704,1.14705,1.14671,1.14671,169
2019.01.11,18:32,1.14673,1.14696,1.14672,1.14695,185
2019.01.11,18:33,1.14694,1.14722,1.14689,1.1472,127
2019.01.11,18:34,1.1472,1.14724,1.14696,1.14697,105
2019.01.11,18:35,1.14696,1.14717,1.14694,1.14699,112
2019.01.11,18:36,1.14698,1.14715,1.14691,1.147,128
2019.01.11,18:37,1.14702,1.14719,1.14697,1.14713,104
2019.01.11,18:38,1.14713,1.14723,1.14707,1.14723,115
2019.01.11,18:39,1.14723,1.14725,1.14711,1.14721,102
2019.01.11,18:40,1.14722,1.14733,1.14718,1.14722,95
2019.01.11,18:41,1.1472,1.1472,1.1468,1.14681,108
2019.01.11,18:42,1.14681,1.14695,1.14681,1.14683,153
2019.01.11,18:43,1.14684,1.14685,1.14667,1.14668,123
2019.01.11,18:44,1.14667,1.14675,1.14646,1.14674,122
2019.01.11,18:45,1.14674,1.14703,1.14672,1.14697,142
2019.01.11,18:46,1.14697,1.1471,1.14691,1.14706,76
2019.01.11,18:47,1.14705,1.14727,1.14705,1.14721,109
2019.01.11,18:48,1.14721,1.14748,1.14721,1.14745,102
2019.01.11,18:49,1.14745,1.14755,1.14742,1.14749,76
2019.01.11,18:50,1.14747,1.14763,1.14722,1.14755,119
2019.01.11,18:51,1.14755,1.14755,1.14739,1.14749,71
2019.01.11,18:52,1.14748,1.14759,1.14743,1.14746,87
2019.01.11,18:53,1.14748,1.14759,1.14739,1.14758,94
2019.01.11,18:54,1.14757,1.14776,1.14757,1.14775,102
2019.01.11,18:55,1.14778,1.14779,1.14771,1.14772,102
2019.01.11,18:56,1.14772,1.14789,1.14768,1.14784,101
2019.01.11,18:57,1.14784,1.14795,1.14768,1.14791,57
2019.01.11,18:58,1.14791,1.14791,1.14775,1.14775,110
2019.01.11,18:59,1.14775,1.14784,1.14767,1.14783,118
2019.01.11,19:00,1.14783,1.14799,1.14783,1.14798,72
2019.01.11,19:01,1.14801,1.14805,1.14789,1.14794,102
2019.01.11,19:02,1.14798,1.14804,1.14782,1.14787,104
2019.01.11,19:03,1.14787,1.1479,1.14781,1.1479,84
2019.01.11,19:04,1.14792,1.14796,1.14784,1.14785,53
2019.01.11,19:05,1.14786,1.14793,1.14785,1.14787,52
2019.01.11,19:06,1.14787,1.14826,1.14786,1.14804,117
2019.01.11,19:07,1.14805,1.14808,1.14794,1.14804,116
2019.01.11,19:08,1.14803,1.14816,1.148,1.14816,50
2019.01.11,19:09,1.14815,1.14822,1.14808,1.14818,96
2019.01.11,19:10,1.14816,1.14818,1.14779,1.14787,103
2019.01.11,19:11,1.14784,1.14798,1.14781,1.14785,78
2019.01.11,19:12,1.14782,1.14791,1.14777,1.14789,77
2019.01.11,19:13,1.1479,1.14815,1.14789,1.14795,70
2019.01.11,19:14,1.14795,1.14818,1.14792,1.14814,70
2019.01.11,19:15,1.14814,1.14818,1.14812,1.14816,24
2019.01.11,19:16,1.14814,1.14814,1.14797,1.14808,64
2019.01.11,19:17,1.14808,1.14815,1.14805,1.14809,54
2019.01.11,19:18,1.1481,1.14818,1.14809,1.14815,43
2019.01.11,19:19,1.14816,1.14826,1.14812,1.1482,60
2019.01.11,19:20,1.1482,1.14838,1.1482,1.14834,89
2019.01.11,19:21,1.14834,1.14846,1.14833,1.14842,60
2019.01.11,19:22,1.14843,1.14843,1.14833,1.1484,45
2019.01.11,19:23,1.14839,1.14845,1.14839,1.14844,18
2019.01.11,19:24,1.14847,1.14859,1.14847,1.1485,72
2019.01.11,19:25,1.14847,1.14856,1.14829,1.14834,105
2019.01.11,19:26,1.14835,1.14846,1.14833,1.1484,68
2019.01.11,19:27,1.1484,1.14847,1.14833,1.14838,77
2019.01.11,19:28,1.14837,1.14839,1.14828,1.14829,62
2019.01.11,19:29,1.14829,1.14831,1.14823,1.14823,49
2019.01.11,19:30,1.14823,1.14823,1.14809,1.14814,119
2019.01.11,19:31,1.14813,1.14818,1.14807,1.14811,76
2019.01.11,19:32,1.14812,1.14829,1.14807,1.14828,126
2019.01.11,19:33,1.14827,1.14828,1.14818,1.14824,85
2019.01.11,19:34,1.14822,1.14824,1.14804,1.14806,88
2019.01.11,19:35,1.14807,1.14808,1.14791,1.14792,72
2019.01.11,19:36,1.14792,1.14802,1.14787,1.14802,52
2019.01.11,19:37,1.14805,1.14805,1.14786,1.14797,76
2019.01.11,19:38,1.14799,1.1481,1.14798,1.14803,50
2019.01.11,19:39,1.14802,1.14803,1.14796,1.148,43
2019.01.11,19:40,1.14799,1.14803,1.14787,1.14795,96
2019.01.11,19:41,1.14795,1.14817,1.14795,1.14812,60
2019.01.11,19:42,1.14811,1.14823,1.14799,1.14822,79
2019.01.11,19:43,1.14822,1.14828,1.14817,1.14822,43
2019.01.11,19:44,1.14822,1.14822,1.1479,1.14793,50
2019.01.11,19:45,1.14791,1.14817,1.14788,1.14805,89
2019.01.11,19:46,1.14805,1.14814,1.14805,1.14808,44
2019.01.11,19:47,1.14811,1.14834,1.14809,1.14833,59
2019.01.11,19:48,1.14833,1.14853,1.14833,1.14841,78
2019.01.11,19:49,1.14841,1.14843,1.14821,1.14822,65
2019.01.11,19:50,1.14819,1.14825,1.14813,1.14815,101
2019.01.11,19:51,1.14815,1.14817,1.14808,1.14808,67
2019.01.11,19:52,1.14808,1.14809,1.14802,1.14807,78
2019.01.11,19:53,1.14809,1.14817,1.14804,1.14804,55
2019.01.11,19:54,1.14803,1.14807,1.1479,1.14804,89
2019.01.11,19:55,1.14803,1.14815,1.14799,1.14811,77
2019.01.11,19:56,1.14811,1.14822,1.14807,1.14817,58
2019.01.11,19:57,1.14817,1.14828,1.14816,1.14825,54
2019.01.11,19:58,1.14826,1.14843,1.14816,1.1483,92
2019.01.11,19:59,1.1483,1.14831,1.14823,1.14824,41
2019.01.11,20:00,1.14826,1.14838,1.14805,1.14809,85
2019.01.11,20:01,1.1481,1.14812,1.14795,1.14797,58
2019.01.11,20:02,1.14795,1.14804,1.14787,1.14803,60
2019.01.11,20:03,1.14804,1.14813,1.14804,1.14808,43
2019.01.11,20:04,1.14807,1.14812,1.14803,1.14803,45
2019.01.11,20:05,1.14806,1.14807,1.14791,1.14797,64
2019.01.11,20:06,1.14796,1.14805,1.1479,1.14801,67
2019.01.11,20:07,1.14802,1.14803,1.148,1.14802,19
2019.01.11,20:08,1.14802,1.14803,1.14792,1.14798,40
2019.01.11,20:09,1.14799,1.14808,1.14799,1.14804,53
2019.01.11,20:10,1.14804,1.14804,1.14785,1.14788,49
2019.01.11,20:11,1.1479,1.14795,1.14782,1.14784,46
2019.01.11,20:12,1.14783,1.14784,1.14761,1.14771,64
2019.01.11,20:13,1.14772,1.14775,1.14752,1.1477,92
2019.01.11,20:14,1.14769,1.1477,1.14762,1.14768,44
2019.01.11,20:15,1.14768,1.14769,1.14756,1.14761,72
2019.01.11,20:16,1.14761,1.1477,1.14761,1.14768,38
2019.01.11,20:17,1.14767,1.14792,1.14767,1.14791,54
2019.01.11,20:18,1.1479,1.14791,1.14773,1.14774,47
2019.01.11,20:19,1.14776,1.14786,1.14767,1.14783,79
2019.01.11,20:20,1.14785,1.14792,1.14783,1.14788,67
2019.01.11,20:21,1.14789,1.14792,1.14782,1.14789,66
2019.01.11,20:22,1.14788,1.14792,1.14783,1.1479,37
2019.01.11,20:23,1.1479,1.1479,1.14783,1.14783,28
2019.01.11,20:24,1.14784,1.14789,1.14783,1.14786,49
2019.01.11,20:25,1.14787,1.14788,1.14774,1.14775,49
2019.01.11,20:26,1.14776,1.14787,1.14776,1.14782,61
2019.01.11,20:27,1.14782,1.14782,1.14771,1.14771,38
2019.01.11,20:28,1.14772,1.14772,1.14767,1.14772,43
2019.01.11,20:29,1.14772,1.14772,1.14763,1.14763,51
2019.01.11,20:30,1.14763,1.14769,1.14761,1.14763,47
2019.01.11,20:31,1.14763,1.14765,1.14757,1.14757,30
2019.01.11,20:32,1.14757,1.14777,1.14756,1.14766,53
2019.01.11,20:33,1.14763,1.14765,1.14752,1.14753,29
2019.01.11,20:34,1.14752,1.14752,1.14723,1.14727,55
2019.01.11,20:35,1.14727,1.14742,1.14725,1.14738,51
2019.01.11,20:36,1.14741,1.14745,1.14739,1.14742,36
2019.01.11,20:37,1.14741,1.14757,1.14738,1.14745,39
2019.01.11,20:38,1.14747,1.14763,1.14747,1.14752,55
2019.01.11,20:39,1.1475,1.14752,1.14742,1.14747,46
2019.01.11,20:40,1.14746,1.14746,1.14734,1.1474,42
2019.01.11,20:41,1.14739,1.1474,1.14724,1.14732,48
2019.01.11,20:42,1.14732,1.14735,1.14719,1.14722,92
2019.01.11,20:43,1.14722,1.14724,1.14717,1.14721,57
2019.01.11,20:44,1.14722,1.14725,1.14717,1.14724,32
2019.01.11,20:45,1.14722,1.14726,1.14717,1.14723,35
2019.01.11,20:46,1.14722,1.14723,1.14718,1.14722,27
2019.01.11,20:47,1.14722,1.14742,1.14722,1.14741,57
2019.01.11,20:48,1.14741,1.14743,1.14734,1.14743,41
2019.01.11,20:49,1.14743,1.14747,1.14735,1.14735,47
2019.01.11,20:50,1.14733,1.14737,1.14722,1.14722,39
2019.01.11,20:51,1.14722,1.14725,1.14717,1.14719,48
2019.01.11,20:52,1.14717,1.14724,1.14717,1.14722,33
2019.01.11,20:53,1.14722,1.14724,1.14717,1.14724,20
2019.01.11,20:54,1.14724,1.14734,1.14723,1.14734,32
2019.01.11,20:55,1.14734,1.14734,1.14727,1.14728,14
2019.01.11,20:56,1.14728,1.14728,1.14701,1.14722,74
2019.01.11,20:57,1.14722,1.14722,1.14716,1.14717,19
2019.01.11,20:58,1.14717,1.14725,1.14712,1.14712,54
2019.01.11,20:59,1.14711,1.14712,1.14694,1.14711,45
2019.01.11,21:00,1.14712,1.14713,1.14707,1.14708,25
2019.01.11,21:01,1.1471,1.1471,1.14695,1.14702,32
2019.01.11,21:02,1.14703,1.14724,1.14703,1.14723,53
2019.01.11,21:03,1.14723,1.1473,1.14717,1.14718,35
2019.01.11,21:04,1.14721,1.14721,1.14707,1.14707,33
2019.01.11,21:05,1.14707,1.14717,1.14707,1.14708,48
2019.01.11,21:06,1.14709,1.14712,1.14707,1.14708,20
2019.01.11,21:07,1.14708,1.14709,1.14702,1.14705,20
2019.01.11,21:08,1.14705,1.14706,1.1469,1.14696,41
2019.01.11,21:09,1.14698,1.1471,1.14698,1.14708,27
2019.01.11,21:10,1.14707,1.1471,1.14706,1.14707,28
2019.01.11,21:11,1.14707,1.14708,1.14702,1.14703,12
2019.01.11,21:12,1.14703,1.14703,1.14691,1.14697,34
2019.01.11,21:13,1.14698,1.14708,1.14698,1.14702,22
2019.01.11,21:14,1.14703,1.14712,1.14702,1.14708,39
2019.01.11,21:15,1.14709,1.14712,1.14699,1.14699,27
2019.01.11,21:16,1.14698,1.14698,1.14692,1.14697,40
2019.01.11,21:17,1.14695,1.14695,1.14677,1.14693,51
2019.01.11,21:18,1.14692,1.14696,1.14683,1.14687,40
2019.01.11,21:19,1.1469,1.14701,1.1469,1.14699,28
2019.01.11,21:20,1.147,1.14702,1.14694,1.14696,27
2019.01.11,21:21,1.14696,1.14699,1.14686,1.14687,45
2019.01.11,21:22,1.14687,1.14696,1.14687,1.14692,31
2019.01.11,21:23,1.14694,1.14696,1.14686,1.14693,60
2019.01.11,21:24,1.14692,1.14697,1.1469,1.14691,46
2019.01.11,21:25,1.14691,1.14692,1.1469,1.14691,15
2019.01.11,21:26,1.14692,1.14692,1.14676,1.14681,37
2019.01.11,21:27,1.14682,1.14692,1.14678,1.14686,47
2019.01.11,21:28,1.14686,1.14692,1.1468,1.14687,52
2019.01.11,21:29,1.14688,1.14689,1.14685,1.14686,33
2019.01.11,21:30,1.14687,1.14691,1.14677,1.14681,74
2019.01.11,21:31,1.14681,1.14687,1.14681,1.14684,29
2019.01.11,21:32,1.14684,1.14688,1.14682,1.14687,60
2019.01.11,21:33,1.14687,1.14692,1.14686,1.14691,43
2019.01.11,21:34,1.14692,1.14697,1.14688,1.14692,40
2019.01.11,21:35,1.14691,1.14695,1.1468,1.14692,68
2019.01.11,21:36,1.14691,1.14693,1.14688,1.14688,23
2019.01.11,21:37,1.1469,1.14691,1.14685,1.14687,40
2019.01.11,21:38,1.14687,1.14689,1.1468,1.14688,32
2019.01.11,21:39,1.14688,1.14693,1.14683,1.14688,35
2019.01.11,21:40,1.14688,1.14689,1.14687,1.14687,13
2019.01.11,21:41,1.14687,1.14687,1.14682,1.14687,17
2019.01.11,21:42,1.14687,1.14687,1.14683,1.14683,16
2019.01.11,21:43,1.14682,1.14682,1.14666,1.14667,33
2019.01.11,21:44,1.14668,1.14669,1.14656,1.14656,25
2019.01.11,21:45,1.14656,1.1466,1.14653,1.14656,91
2019.01.11,21:46,1.14655,1.14657,1.14647,1.14651,22
2019.01.11,21:47,1.14652,1.14652,1.14646,1.14647,19
2019.01.11,21:48,1.14647,1.14647,1.14634,1.14636,38
2019.01.11,21:49,1.14636,1.14651,1.14636,1.14645,45
2019.01.11,21:50,1.1465,1.14653,1.14642,1.14642,38
2019.01.11,21:51,1.1464,1.1464,1.14637,1.14638,18
2019.01.11,21:52,1.14636,1.14642,1.14636,1.14642,43
2019.01.11,21:53,1.14647,1.14647,1.14636,1.1464,26
2019.01.11,21:54,1.14638,1.14645,1.14638,1.14644,31
2019.01.11,21:55,1.14647,1.14648,1.14638,1.14643,51
2019.01.11,21:56,1.14645,1.14654,1.14642,1.14648,44
2019.01.11,21:57,1.14649,1.14652,1.14643,1.1465,48
2019.01.11,21:58,1.14649,1.14649,1.14632,1.14634,68
2019.01.11,21:59,1.14635,1.14653,1.14632,1.14649,127
2019.01.11,22:00,1.14648,1.1465,1.14642,1.14644,50
2019.01.11,22:01,1.14644,1.14648,1.14637,1.14638,52
2019.01.11,22:02,1.14636,1.14643,1.14632,1.14642,74
2019.01.11,22:03,1.14642,1.14651,1.1464,1.14648,69
2019.01.11,22:04,1.14647,1.14654,1.14644,1.14649,63
2019.01.11,22:05,1.14648,1.14649,1.14646,1.14648,15
2019.01.11,22:06,1.14649,1.1465,1.14647,1.14649,27
2019.01.11,22:07,1.14652,1.14652,1.14647,1.14648,22
2019.01.11,22:08,1.14649,1.14652,1.14643,1.14643,30
2019.01.11,22:09,1.14644,1.14644,1.14637,1.14637,49
2019.01.11,22:10,1.14638,1.14639,1.14624,1.14628,42
2019.01.11,22:11,1.14629,1.14632,1.14623,1.14624,41
2019.01.11,22:12,1.14624,1.14629,1.14617,1.14617,67
2019.01.11,22:13,1.14619,1.1463,1.14619,1.14621,56
2019.01.11,22:14,1.14621,1.14627,1.14609,1.14613,71
2019.01.11,22:15,1.14613,1.14625,1.14613,1.14623,51
2019.01.11,22:16,1.14623,1.14627,1.1462,1.14622,44
2019.01.11,22:17,1.14622,1.14624,1.14617,1.14618,48
2019.01.11,22:18,1.14618,1.14618,1.14585,1.14597,67
2019.01.11,22:19,1.14596,1.14598,1.14581,1.14582,57
2019.01.11,22:20,1.14582,1.14599,1.14582,1.14598,45
2019.01.11,22:21,1.14598,1.14604,1.14597,1.14602,29
2019.01.11,22:22,1.14601,1.14604,1.14597,1.14598,40
2019.01.11,22:23,1.14599,1.1463,1.14598,1.14625,66
2019.01.11,22:24,1.14624,1.1463,1.14621,1.14629,52
2019.01.11,22:25,1.14629,1.14633,1.14621,1.14623,46
2019.01.11,22:26,1.14624,1.14628,1.14616,1.14616,36
2019.01.11,22:27,1.14617,1.14619,1.14611,1.14617,51
2019.01.11,22:28,1.14617,1.14619,1.14611,1.14612,42
2019.01.11,22:29,1.14611,1.14618,1.1461,1.14618,40
2019.01.11,22:30,1.14617,1.14623,1.14616,1.1462,49
2019.01.11,22:31,1.14617,1.14617,1.14609,1.14614,26
2019.01.11,22:32,1.14614,1.14619,1.14612,1.14612,28
2019.01.11,22:33,1.14614,1.14619,1.14614,1.14615,35
2019.01.11,22:34,1.14616,1.1462,1.14611,1.14618,51
2019.01.11,22:35,1.14617,1.14628,1.14615,1.14621,65
2019.01.11,22:36,1.14622,1.14626,1.14621,1.14625,52
2019.01.11,22:37,1.14626,1.1464,1.14626,1.14639,36
2019.01.11,22:38,1.1464,1.14641,1.14624,1.14639,67
2019.01.11,22:39,1.14641,1.14644,1.14626,1.14628,37
2019.01.11,22:40,1.14628,1.14641,1.14626,1.14634,30
2019.01.11,22:41,1.14635,1.14641,1.14634,1.14634,19
2019.01.11,22:42,1.14633,1.1464,1.14632,1.14634,33
2019.01.11,22:43,1.14635,1.14636,1.14625,1.14629,26
2019.01.11,22:44,1.14632,1.14632,1.14627,1.14627,35
2019.01.11,22:45,1.14626,1.14632,1.14625,1.14627,48
2019.01.11,22:46,1.14628,1.14635,1.14624,1.14635,24
2019.01.11,22:47,1.14635,1.14636,1.14634,1.14635,22
2019.01.11,22:48,1.14634,1.14641,1.14634,1.1464,29
2019.01.11,22:49,1.14641,1.14641,1.14638,1.14639,21
2019.01.11,22:50,1.14636,1.1464,1.14623,1.14629,41
2019.01.11,22:51,1.14629,1.1463,1.14614,1.14628,36
2019.01.11,22:52,1.14626,1.14635,1.14625,1.14635,56
2019.01.11,22:53,1.14634,1.14645,1.14631,1.14645,57
2019.01.11,22:54,1.14642,1.14643,1.14635,1.14635,73
2019.01.11,22:55,1.14636,1.14641,1.14636,1.14639,54
2019.01.11,22:56,1.1464,1.14648,1.14637,1.14648,54
2019.01.11,22:57,1.1465,1.14655,1.14646,1.14653,85
2019.01.11,22:58,1.14652,1.14652,1.14631,1.14631,83
2019.01.11,22:59,1.14632,1.14634,1.14622,1.14624,82
2019.01.11,23:00,1.14624,1.14639,1.14624,1.14634,96
2019.01.11,23:01,1.14632,1.14642,1.14619,1.14623,66
2019.01.11,23:02,1.14623,1.14639,1.14621,1.14639,36
2019.01.11,23:03,1.14639,1.14655,1.14639,1.14655,26
2019.01.11,23:04,1.14656,1.14662,1.14656,1.14662,7
2019.01.11,23:05,1.14661,1.14661,1.14652,1.14655,33
2019.01.11,23:06,1.14655,1.14663,1.14654,1.14659,27
2019.01.11,23:07,1.14661,1.14661,1.14657,1.1466,15
2019.01.11,23:08,1.1466,1.14661,1.14659,1.1466,8
2019.01.11,23:09,1.14661,1.14661,1.14656,1.1466,18
2019.01.11,23:10,1.14659,1.14661,1.14655,1.14655,16
2019.01.11,23:11,1.14656,1.14656,1.14655,1.14656,9
2019.01.11,23:12,1.14657,1.14657,1.14652,1.14652,9
2019.01.11,23:13,1.14651,1.14651,1.1465,1.1465,7
2019.01.11,23:14,1.1465,1.1465,1.14633,1.14635,19
2019.01.11,23:15,1.14637,1.1464,1.14637,1.1464,4
2019.01.11,23:16,1.1464,1.1464,1.1464,1.1464,2
2019.01.11,23:17,1.14641,1.14644,1.14637,1.14644,23
2019.01.11,23:18,1.14644,1.14644,1.14629,1.14637,26
2019.01.11,23:19,1.14634,1.14639,1.14634,1.14636,15
2019.01.11,23:20,1.14638,1.14641,1.14636,1.14638,12
2019.01.11,23:21,1.14639,1.14643,1.1463,1.14636,36
2019.01.11,23:22,1.14635,1.14635,1.14634,1.14634,11
2019.01.11,23:23,1.14634,1.14644,1.14634,1.14644,16
2019.01.11,23:24,1.14644,1.14644,1.14644,1.14644,6
2019.01.11,23:25,1.14644,1.14644,1.14639,1.14639,7
2019.01.11,23:26,1.14636,1.14637,1.14634,1.14636,16
2019.01.11,23:27,1.14637,1.14639,1.14631,1.14639,18
2019.01.11,23:28,1.14639,1.14639,1.14634,1.14634,15
2019.01.11,23:29,1.14634,1.14642,1.14634,1.1464,32
2019.01.11,23:30,1.14639,1.14641,1.14638,1.14639,35
2019.01.11,23:31,1.1464,1.1464,1.14639,1.1464,3
2019.01.11,23:32,1.1464,1.14646,1.14639,1.14646,17
2019.01.11,23:33,1.14647,1.14647,1.14645,1.14646,5
2019.01.11,23:34,1.14648,1.14648,1.14644,1.14647,18
2019.01.11,23:35,1.14647,1.14647,1.14644,1.14646,19
2019.01.11,23:36,1.14645,1.14645,1.14636,1.14637,20
2019.01.11,23:37,1.14637,1.14637,1.14636,1.14636,3
2019.01.11,23:38,1.14637,1.14639,1.14632,1.14632,19
2019.01.11,23:39,1.14631,1.14631,1.14617,1.14621,49
2019.01.11,23:40,1.14621,1.14622,1.14613,1.14614,35
2019.01.11,23:41,1.14614,1.14617,1.14613,1.14617,15
2019.01.11,23:42,1.14616,1.14617,1.14613,1.14616,9
2019.01.11,23:43,1.14617,1.14618,1.14601,1.14604,29
2019.01.11,23:44,1.14606,1.14607,1.14605,1.14606,15
2019.01.11,23:45,1.14607,1.14607,1.14605,1.14607,7
2019.01.11,23:46,1.14607,1.14608,1.14604,1.14604,14
2019.01.11,23:47,1.14604,1.1461,1.14604,1.14608,15
2019.01.11,23:48,1.14609,1.14609,1.14605,1.14607,21
2019.01.11,23:49,1.14607,1.14611,1.14606,1.14606,15
2019.01.11,23:50,1.14606,1.1463,1.14605,1.14624,53
2019.01.11,23:51,1.14625,1.1464,1.14623,1.14637,62
2019.01.11,23:52,1.14638,1.14649,1.14636,1.14648,39
2019.01.11,23:53,1.14647,1.1465,1.14643,1.14643,25
2019.01.11,23:54,1.14644,1.14649,1.14642,1.14649,43
2019.01.11,23:55,1.14649,1.14662,1.14645,1.14647,66
2019.01.11,23:56,1.14648,1.14648,1.14641,1.14644,80
2019.01.11,23:57,1.14643,1.14646,1.14623,1.14623,121
2019.01.14,00:36,1.14615,1.14615,1.14615,1.14615,1
2019.01.14,00:37,1.14616,1.1462,1.14616,1.14619,5
2019.01.14,00:38,1.1462,1.1462,1.14612,1.14612,7
2019.01.14,00:39,1.14613,1.14614,1.14605,1.14609,10
2019.01.14,00:40,1.14611,1.14621,1.14611,1.14621,13
2019.01.14,00:41,1.14621,1.14623,1.14619,1.14622,13
2019.01.14,00:42,1.14622,1.14622,1.14619,1.14619,18
2019.01.14,00:43,1.14619,1.14619,1.14619,1.14619,1
2019.01.14,00:44,1.14619,1.14619,1.14619,1.14619,1
2019.01.14,00:45,1.14616,1.14624,1.14611,1.14616,24
2019.01.14,00:46,1.14613,1.14624,1.1461,1.14623,24
2019.01.14,00:47,1.14623,1.14623,1.14622,1.14622,2
2019.01.14,00:48,1.14623,1.14623,1.14618,1.14618,8
2019.01.14,00:49,1.14619,1.14619,1.14617,1.14619,7
2019.01.14,00:50,1.14618,1.1463,1.14618,1.1463,12
2019.01.14,00:51,1.14631,1.14632,1.1463,1.14631,15
2019.01.14,00:52,1.14631,1.14631,1.1463,1.14631,15
2019.01.14,00:53,1.14631,1.14642,1.14631,1.14633,19
2019.01.14,00:54,1.14633,1.14633,1.14632,1.14633,6
2019.01.14,00:55,1.14633,1.14633,1.14631,1.14631,12
2019.01.14,00:56,1.14631,1.14631,1.14631,1.14631,11
2019.01.14,00:57,1.14631,1.14633,1.1463,1.1463,24
2019.01.14,00:58,1.1463,1.14643,1.1463,1.14633,34
2019.01.14,00:59,1.14632,1.14646,1.14627,1.14646,42
2019.01.14,01:00,1.14648,1.14653,1.14627,1.14653,157
2019.01.14,01:01,1.14655,1.14658,1.14652,1.14653,61
2019.01.14,01:02,1.14654,1.14656,1.14651,1.14652,27
2019.01.14,01:03,1.14653,1.14658,1.14652,1.14658,15
2019.01.14,01:05,1.14675,1.14681,1.14638,1.14673,44
2019.01.14,01:06,1.14672,1.14676,1.14668,1.14674,45
2019.01.14,01:07,1.14673,1.14681,1.14673,1.14677,39
2019.01.14,01:08,1.14677,1.14677,1.14671,1.14672,23
2019.01.14,01:09,1.14669,1.14672,1.14667,1.14672,19
2019.01.14,01:10,1.14671,1.14672,1.14657,1.14664,37
2019.01.14,01:11,1.14663,1.14663,1.14649,1.14651,37
2019.01.14,01:12,1.1465,1.14656,1.14632,1.14635,66
2019.01.14,01:13,1.14636,1.14645,1.14636,1.14636,44
2019.01.14,01:14,1.14636,1.14644,1.14631,1.14635,67
2019.01.14,01:15,1.14636,1.14637,1.14631,1.14635,36
2019.01.14,01:16,1.14635,1.14636,1.14634,1.14636,19
2019.01.14,01:17,1.14636,1.1464,1.14635,1.14635,21
2019.01.14,01:18,1.14635,1.14636,1.14633,1.14636,21
2019.01.14,01:19,1.14636,1.14636,1.14624,1.14624,26
2019.01.14,01:20,1.14624,1.14628,1.1462,1.14626,30
2019.01.14,01:21,1.14626,1.14626,1.14622,1.14623,16
2019.01.14,01:22,1.14623,1.14625,1.14614,1.14615,24
2019.01.14,01:23,1.14614,1.14619,1.1461,1.14614,37
2019.01.14,01:24,1.14615,1.1462,1.14615,1.14615,19
2019.01.14,01:25,1.14615,1.14615,1.14595,1.14596,37
2019.01.14,01:26,1.14596,1.14601,1.14595,1.14601,16
2019.01.14,01:27,1.14601,1.14604,1.146,1.14601,17
2019.01.14,01:28,1.14605,1.14605,1.146,1.146,18
2019.01.14,01:29,1.14601,1.14601,1.14594,1.14596,14
2019.01.14,01:30,1.14596,1.14612,1.14596,1.14612,32
2019.01.14,01:31,1.14614,1.14621,1.14614,1.14615,34
2019.01.14,01:32,1.14617,1.14621,1.1461,1.1461,20
2019.01.14,01:33,1.14611,1.14611,1.1461,1.1461,6
2019.01.14,01:34,1.14611,1.14625,1.14611,1.14623,30
2019.01.14,01:35,1.14622,1.14624,1.14615,1.14615,21
2019.01.14,01:36,1.14613,1.14614,1.14606,1.14606,32
2019.01.14,01:37,1.14606,1.14607,1.14605,1.14605,12
2019.01.14,01:38,1.14606,1.14611,1.14598,1.14598,25
2019.01.14,01:39,1.14597,1.14603,1.14596,1.14601,23
2019.01.14,01:40,1.14602,1.14607,1.14602,1.14607,22
2019.01.14,01:41,1.14609,1.14611,1.14604,1.14606,46
2019.01.14,01:42,1.14606,1.1461,1.14601,1.14603,17
2019.01.14,01:43,1.14604,1.14606,1.14604,1.14604,9
2019.01.14,01:44,1.14605,1.14607,1.14605,1.14605,14
2019.01.14,01:45,1.14605,1.14608,1.14604,1.14605,22
2019.01.14,01:46,1.14605,1.14606,1.14599,1.14602,26
2019.01.14,01:47,1.14601,1.14603,1.14599,1.14599,16
2019.01.14,01:48,1.146,1.14606,1.146,1.14603,20
2019.01.14,01:49,1.14603,1.14607,1.14603,1.14603,19
2019.01.14,01:50,1.14603,1.14608,1.14603,1.14606,21
2019.01.14,01:51,1.14605,1.14607,1.14605,1.14606,14
2019.01.14,01:52,1.14606,1.1461,1.14606,1.14606,16
2019.01.14,01:53,1.14613,1.14614,1.14607,1.14607,22
2019.01.14,01:54,1.14607,1.14607,1.14604,1.14606,13
2019.01.14,01:55,1.14605,1.14608,1.14605,1.14605,24
2019.01.14,01:56,1.14606,1.14607,1.14606,1.14606,8
2019.01.14,01:57,1.14607,1.14607,1.146,1.14601,12
2019.01.14,01:58,1.14599,1.14601,1.14595,1.14598,26
2019.01.14,01:59,1.14598,1.14601,1.14596,1.14596,19
2019.01.14,02:00,1.14599,1.14628,1.14596,1.14628,63
2019.01.14,02:01,1.14627,1.1464,1.14626,1.14638,42
2019.01.14,02:02,1.14638,1.14646,1.14638,1.14646,34
2019.01.14,02:03,1.14645,1.14651,1.14626,1.14626,53
2019.01.14,02:04,1.14625,1.14627,1.14616,1.14616,35
2019.01.14,02:05,1.14616,1.1462,1.14613,1.14613,52
2019.01.14,02:06,1.14614,1.1462,1.14614,1.14617,42
2019.01.14,02:07,1.14619,1.14639,1.14619,1.14624,46
2019.01.14,02:08,1.14625,1.14626,1.14621,1.14623,20
2019.01.14,02:09,1.14624,1.1463,1.14623,1.14626,14
2019.01.14,02:10,1.14627,1.14629,1.14627,1.14627,16
2019.01.14,02:11,1.14625,1.14625,1.14617,1.14617,23
2019.01.14,02:12,1.14619,1.14624,1.14617,1.14623,23
2019.01.14,02:13,1.14624,1.14628,1.14622,1.14626,25
2019.01.14,02:14,1.14624,1.14624,1.14614,1.14616,16
2019.01.14,02:15,1.14616,1.14621,1.14616,1.14616,34
2019.01.14,02:16,1.14616,1.14616,1.14611,1.14611,13
2019.01.14,02:17,1.14611,1.14619,1.1461,1.14616,17
2019.01.14,02:18,1.14615,1.1462,1.14615,1.14617,9
2019.01.14,02:19,1.14615,1.14617,1.14613,1.14617,17
2019.01.14,02:20,1.14617,1.14626,1.14617,1.14626,40
2019.01.14,02:21,1.14626,1.14632,1.14625,1.14631,33
2019.01.14,02:22,1.14631,1.14637,1.1463,1.14637,12
2019.01.14,02:23,1.14638,1.14639,1.14637,1.14638,14
2019.01.14,02:24,1.14637,1.14639,1.14628,1.1463,33
2019.01.14,02:25,1.14633,1.14633,1.14631,1.14631,10
2019.01.14,02:26,1.14631,1.14636,1.14631,1.14636,15
2019.01.14,02:27,1.1464,1.1464,1.14636,1.14638,20
2019.01.14,02:28,1.14639,1.14639,1.14636,1.14636,14
2019.01.14,02:29,1.14637,1.1464,1.14636,1.1464,18
2019.01.14,02:30,1.14639,1.14643,1.14636,1.14636,24
2019.01.14,02:31,1.14636,1.14643,1.14636,1.14642,29
2019.01.14,02:32,1.14642,1.1465,1.1464,1.1465,27
2019.01.14,02:33,1.14649,1.14651,1.14648,1.14649,26
2019.01.14,02:34,1.1465,1.14651,1.14649,1.14651,24
2019.01.14,02:35,1.14651,1.14661,1.1465,1.14658,38
2019.01.14,02:36,1.14657,1.14661,1.14656,1.14656,24
2019.01.14,02:37,1.14656,1.14656,1.14651,1.14651,12
2019.01.14,02:38,1.14651,1.14658,1.14651,1.14658,29
2019.01.14,02:39,1.1466,1.14663,1.14648,1.14649,39
2019.01.14,02:40,1.1465,1.1465,1.14649,1.14649,11
2019.01.14,02:41,1.14649,1.14651,1.14649,1.1465,8
2019.01.14,02:42,1.14651,1.14651,1.1465,1.1465,10
2019.01.14,02:43,1.1465,1.14651,1.14644,1.14646,23
2019.01.14,02:44,1.14646,1.14646,1.1464,1.14641,20
2019.01.14,02:45,1.14642,1.14654,1.1464,1.14654,36
2019.01.14,02:46,1.14654,1.14656,1.14651,1.14651,8
2019.01.14,02:47,1.14651,1.14654,1.14651,1.14651,14
2019.01.14,02:48,1.14651,1.14655,1.14651,1.14655,19
2019.01.14,02:49,1.14656,1.14656,1.14643,1.14644,27
2019.01.14,02:50,1.14643,1.14643,1.14641,1.14641,20
2019.01.14,02:51,1.14641,1.14641,1.14635,1.14637,21
2019.01.14,02:52,1.14635,1.14635,1.14626,1.14626,32
2019.01.14,02:53,1.14626,1.14626,1.1462,1.14621,12
2019.01.14,02:54,1.1462,1.14621,1.1462,1.14621,9
2019.01.14,02:55,1.14623,1.14633,1.14622,1.14632,33
2019.01.14,02:56,1.14634,1.1464,1.14634,1.14636,11
2019.01.14,02:57,1.14635,1.14635,1.14628,1.14629,14
2019.01.14,02:58,1.14629,1.14629,1.14627,1.14628,15
2019.01.14,02:59,1.14627,1.1463,1.14625,1.14625,30
2019.01.14,03:00,1.14626,1.14632,1.14625,1.14632,38
2019.01.14,03:01,1.14632,1.14633,1.14631,1.14631,12
2019.01.14,03:02,1.14631,1.14636,1.14627,1.14631,30
2019.01.14,03:03,1.14633,1.14653,1.14632,1.14653,31
2019.01.14,03:04,1.14654,1.14656,1.14652,1.14655,17
2019.01.14,03:05,1.14656,1.14665,1.14655,1.14665,35
2019.01.14,03:06,1.14664,1.14672,1.14661,1.14671,31
2019.01.14,03:07,1.1467,1.14675,1.1467,1.14674,35
2019.01.14,03:08,1.14675,1.14681,1.14671,1.14672,20
2019.01.14,03:09,1.14672,1.14673,1.14668,1.14673,20
2019.01.14,03:10,1.14674,1.14674,1.14664,1.14664,26
2019.01.14,03:11,1.14665,1.14665,1.14664,1.14665,14
2019.01.14,03:12,1.14665,1.14666,1.14665,1.14665,18
2019.01.14,03:13,1.14665,1.14665,1.1466,1.1466,20
2019.01.14,03:14,1.1466,1.1466,1.1465,1.1465,13
2019.01.14,03:15,1.14649,1.14649,1.14638,1.14644,49
2019.01.14,03:16,1.14644,1.14651,1.14643,1.14651,43
2019.01.14,03:17,1.14651,1.14656,1.14651,1.14653,28
2019.01.14,03:18,1.14653,1.14656,1.14651,1.14651,25
2019.01.14,03:19,1.14652,1.14655,1.14651,1.14653,26
2019.01.14,03:20,1.14653,1.14656,1.14653,1.14655,13
2019.01.14,03:21,1.14655,1.14666,1.14655,1.14664,35
2019.01.14,03:22,1.14664,1.14666,1.14663,1.14663,15
2019.01.14,03:23,1.14664,1.14665,1.14663,1.14664,15
2019.01.14,03:24,1.14665,1.14676,1.14664,1.14675,44
2019.01.14,03:25,1.14676,1.14686,1.14676,1.14686,21
2019.01.14,03:26,1.14686,1.14696,1.14686,1.14688,50
2019.01.14,03:27,1.14691,1.14694,1.14688,1.14693,24
2019.01.14,03:28,1.14693,1.14693,1.1469,1.1469,13
2019.01.14,03:29,1.14691,1.14697,1.14689,1.14694,40
2019.01.14,03:30,1.14694,1.14701,1.14693,1.14694,45
2019.01.14,03:31,1.14694,1.14699,1.14693,1.14694,66
2019.01.14,03:32,1.14693,1.14696,1.14688,1.14696,57
2019.01.14,03:33,1.14696,1.14707,1.14692,1.14707,38
2019.01.14,03:34,1.14707,1.14708,1.14704,1.14707,30
2019.01.14,03:35,1.14707,1.14707,1.14696,1.14697,27
2019.01.14,03:36,1.14696,1.14698,1.14696,1.14696,19
2019.01.14,03:37,1.14697,1.14702,1.14696,1.14698,25
2019.01.14,03:38,1.14699,1.14706,1.14697,1.14706,37
2019.01.14,03:39,1.14705,1.1471,1.14704,1.14706,26
2019.01.14,03:40,1.14706,1.14708,1.14705,1.14705,38
2019.01.14,03:41,1.14704,1.14711,1.14704,1.14708,25
2019.01.14,03:42,1.14707,1.14712,1.14706,1.14706,39
2019.01.14,03:43,1.14707,1.14743,1.14707,1.14739,83
2019.01.14,03:44,1.14737,1.14749,1.14736,1.14747,47
2019.01.14,03:45,1.14746,1.14748,1.14735,1.14738,35
2019.01.14,03:46,1.14739,1.14739,1.14729,1.14731,27
2019.01.14,03:47,1.14731,1.14734,1.14726,1.14727,32
2019.01.14,03:48,1.14728,1.1473,1.14724,1.14726,38
2019.01.14,03:49,1.14726,1.14726,1.14725,1.14725,30
2019.01.14,03:50,1.14728,1.14729,1.14711,1.14719,58
2019.01.14,03:51,1.1472,1.14752,1.1472,1.1475,70
2019.01.14,03:52,1.14754,1.14771,1.14754,1.14769,81
2019.01.14,03:53,1.14769,1.14771,1.14758,1.14758,54
2019.01.14,03:54,1.14758,1.1477,1.14758,1.14767,30
2019.01.14,03:55,1.14768,1.14769,1.14761,1.14765,33
2019.01.14,03:56,1.14766,1.14766,1.14762,1.14765,34
2019.01.14,03:57,1.14766,1.14766,1.14762,1.14762,37
2019.01.14,03:58,1.14763,1.14766,1.14762,1.14766,27
2019.01.14,03:59,1.14766,1.14766,1.14758,1.14759,34
2019.01.14,04:00,1.1476,1.14761,1.14756,1.14758,45
2019.01.14,04:01,1.14759,1.14767,1.14758,1.14766,46
2019.01.14,04:02,1.14765,1.1477,1.14764,1.14767,22
2019.01.14,04:03,1.14766,1.14766,1.14762,1.14765,29
2019.01.14,04:04,1.14765,1.14765,1.14761,1.14765,41
2019.01.14,04:05,1.14765,1.14766,1.14744,1.14744,43
2019.01.14,04:06,1.14745,1.14746,1.14738,1.14738,55
2019.01.14,04:07,1.1474,1.14745,1.14739,1.14741,39
2019.01.14,04:08,1.14743,1.14746,1.14734,1.14739,39
2019.01.14,04:09,1.14741,1.14742,1.14734,1.14735,34
2019.01.14,04:10,1.14736,1.14737,1.1473,1.1473,24
2019.01.14,04:11,1.1473,1.14733,1.14724,1.14725,27
2019.01.14,04:12,1.14724,1.14735,1.14722,1.14732,24
2019.01.14,04:13,1.14734,1.14749,1.14731,1.14748,47
2019.01.14,04:14,1.14746,1.14751,1.14745,1.1475,49
2019.01.14,04:15,1.14751,1.14756,1.14749,1.14755,20
2019.01.14,04:16,1.14756,1.14765,1.14756,1.14764,35
2019.01.14,04:17,1.14764,1.14765,1.14762,1.14764,38
2019.01.14,04:18,1.14763,1.14765,1.14755,1.14764,31
2019.01.14,04:19,1.14763,1.14765,1.14748,1.14756,36
2019.01.14,04:20,1.1476,1.1476,1.14752,1.14756,24
2019.01.14,04:21,1.14758,1.14763,1.14755,1.14759,33
2019.01.14,04:22,1.1476,1.14761,1.14757,1.1476,29
2019.01.14,04:23,1.1476,1.14776,1.1476,1.14775,21
2019.01.14,04:24,1.14776,1.14776,1.1476,1.1476,41
2019.01.14,04:25,1.1476,1.14771,1.1476,1.1477,26
2019.01.14,04:26,1.14771,1.14771,1.14758,1.14759,23
2019.01.14,04:27,1.14759,1.14761,1.14757,1.14761,25
2019.01.14,04:28,1.14764,1.14773,1.14764,1.14771,9
2019.01.14,04:29,1.1477,1.14771,1.14758,1.14761,32
2019.01.14,04:30,1.1476,1.14765,1.14756,1.14759,23
2019.01.14,04:31,1.14759,1.14759,1.14751,1.14754,25
2019.01.14,04:32,1.14754,1.14756,1.14749,1.14752,47
2019.01.14,04:33,1.14753,1.14755,1.14751,1.14755,21
2019.01.14,04:34,1.14755,1.14755,1.14752,1.14753,27
2019.01.14,04:35,1.14754,1.14755,1.14745,1.14746,50
2019.01.14,04:36,1.14746,1.14751,1.14745,1.1475,27
2019.01.14,04:37,1.1475,1.14751,1.14744,1.14744,14
2019.01.14,04:38,1.14745,1.14746,1.14742,1.14743,18
2019.01.14,04:39,1.14744,1.14744,1.14731,1.14735,41
2019.01.14,04:40,1.14735,1.1475,1.14735,1.14749,43
2019.01.14,04:41,1.1475,1.1475,1.14736,1.14737,31
2019.01.14,04:42,1.14737,1.14741,1.14737,1.14739,23
2019.01.14,04:43,1.14739,1.14739,1.14734,1.14734,14
2019.01.14,04:44,1.14734,1.1474,1.14731,1.14732,33
2019.01.14,04:45,1.14733,1.14733,1.14725,1.14726,25
2019.01.14,04:46,1.14725,1.14732,1.14725,1.14732,18
2019.01.14,04:47,1.14731,1.14731,1.1473,1.1473,8
2019.01.14,04:48,1.14727,1.14727,1.14719,1.14719,30
2019.01.14,04:49,1.1472,1.14725,1.14717,1.14723,35
2019.01.14,04:50,1.14724,1.14724,1.14717,1.14719,14
2019.01.14,04:51,1.14719,1.14721,1.1471,1.14712,37
2019.01.14,04:52,1.14711,1.14716,1.14711,1.14712,34
2019.01.14,04:53,1.14713,1.14714,1.14709,1.1471,23
2019.01.14,04:54,1.14711,1.14714,1.14709,1.1471,29
2019.01.14,04:55,1.14711,1.14711,1.14695,1.14695,25
2019.01.14,04:56,1.14695,1.14699,1.14694,1.14696,19
2019.01.14,04:57,1.14695,1.14695,1.14678,1.1468,65
2019.01.14,04:58,1.14679,1.14688,1.14677,1.14686,43
2019.01.14,04:59,1.14687,1.14688,1.14665,1.14666,79
2019.01.14,05:00,1.14667,1.14676,1.14661,1.14674,69
2019.01.14,05:01,1.14673,1.14692,1.14672,1.14681,74
2019.01.14,05:02,1.14681,1.14687,1.14681,1.14686,40
2019.01.14,05:03,1.14685,1.14686,1.14678,1.14679,50
2019.01.14,05:04,1.14679,1.14691,1.14678,1.14682,43
2019.01.14,05:05,1.14684,1.14698,1.14684,1.14697,53
2019.01.14,05:06,1.14696,1.14701,1.14684,1.14684,53
2019.01.14,05:07,1.14685,1.14695,1.14682,1.14694,42
2019.01.14,05:08,1.14696,1.14696,1.14679,1.1468,31
2019.01.14,05:09,1.14681,1.14681,1.1467,1.14678,56
2019.01.14,05:10,1.14677,1.14691,1.14674,1.14688,79
2019.01.14,05:11,1.14687,1.14715,1.14686,1.14715,88
2019.01.14,05:12,1.14716,1.1472,1.1471,1.1471,108
2019.01.14,05:13,1.14709,1.14711,1.14704,1.14704,27
2019.01.14,05:14,1.14704,1.14704,1.14695,1.14698,36
2019.01.14,05:15,1.14698,1.14704,1.14694,1.14695,34
2019.01.14,05:16,1.14694,1.14715,1.14692,1.14714,42
2019.01.14,05:17,1.14715,1.14715,1.14704,1.14705,22
2019.01.14,05:18,1.14709,1.14709,1.14696,1.147,39
2019.01.14,05:19,1.14699,1.14707,1.14696,1.14706,50
2019.01.14,05:20,1.14705,1.14705,1.14691,1.14694,57
2019.01.14,05:21,1.14694,1.14696,1.14686,1.14693,48
2019.01.14,05:22,1.14694,1.14696,1.1469,1.14695,55
2019.01.14,05:23,1.14694,1.14707,1.14694,1.147,44
2019.01.14,05:24,1.147,1.14704,1.14695,1.14701,38
2019.01.14,05:25,1.14701,1.14706,1.14701,1.14704,31
2019.01.14,05:26,1.14705,1.14705,1.147,1.14701,27
2019.01.14,05:27,1.14699,1.14699,1.14688,1.14688,23
2019.01.14,05:28,1.14688,1.14693,1.14684,1.14684,24
2019.01.14,05:29,1.14685,1.14685,1.14671,1.14671,25
2019.01.14,05:30,1.14671,1.14678,1.14669,1.14676,26
2019.01.14,05:31,1.14675,1.14679,1.14661,1.14663,53
2019.01.14,05:32,1.14664,1.14675,1.14664,1.14674,30
2019.01.14,05:33,1.14674,1.14675,1.14672,1.14674,19
2019.01.14,05:34,1.14672,1.14672,1.1466,1.14664,40
2019.01.14,05:35,1.14665,1.14681,1.14664,1.14679,53
2019.01.14,05:36,1.1468,1.14681,1.14676,1.14679,15
2019.01.14,05:37,1.14679,1.14679,1.14676,1.14676,23
2019.01.14,05:38,1.14676,1.14676,1.14666,1.14674,35
2019.01.14,05:39,1.14673,1.14676,1.1467,1.14672,28
2019.01.14,05:40,1.14673,1.14674,1.14672,1.14672,9
2019.01.14,05:41,1.14674,1.1468,1.14671,1.1468,25
2019.01.14,05:42,1.1468,1.1468,1.14676,1.14676,23
2019.01.14,05:43,1.14674,1.14679,1.14673,1.14678,17
2019.01.14,05:44,1.14679,1.14679,1.14673,1.14674,20
2019.01.14,05:45,1.14673,1.14678,1.14673,1.14677,9
2019.01.14,05:46,1.14677,1.14678,1.14673,1.14674,16
2019.01.14,05:47,1.14673,1.14681,1.14673,1.14677,23
2019.01.14,05:48,1.14678,1.14679,1.14675,1.14676,27
2019.01.14,05:49,1.14677,1.14678,1.14676,1.14676,11
2019.01.14,05:50,1.14678,1.14686,1.14678,1.14683,15
2019.01.14,05:51,1.14684,1.14684,1.14679,1.14681,14
2019.01.14,05:52,1.14681,1.14681,1.14675,1.14678,24
2019.01.14,05:53,1.14678,1.14682,1.14678,1.14681,12
2019.01.14,05:54,1.14681,1.14685,1.14681,1.14681,17
2019.01.14,05:55,1.1468,1.14681,1.14674,1.14674,28
2019.01.14,05:56,1.14675,1.14676,1.14671,1.14671,18
2019.01.14,05:57,1.14671,1.14678,1.14671,1.14676,26
2019.01.14,05:58,1.14675,1.14678,1.14675,1.14677,8
2019.01.14,05:59,1.14678,1.14685,1.14677,1.14684,29
2019.01.14,06:00,1.14684,1.14692,1.14684,1.14691,19
2019.01.14,06:01,1.14691,1.147,1.14691,1.14698,32
2019.01.14,06:02,1.147,1.14702,1.14694,1.14694,25
2019.01.14,06:03,1.14694,1.14702,1.14693,1.14702,18
2019.01.14,06:04,1.14703,1.14707,1.14701,1.14707,6
2019.01.14,06:05,1.14707,1.14707,1.14701,1.14701,9
2019.01.14,06:06,1.14701,1.14705,1.14701,1.14705,10
2019.01.14,06:07,1.14705,1.14707,1.14698,1.14703,29
2019.01.14,06:08,1.14701,1.14707,1.14701,1.14704,20
2019.01.14,06:09,1.14704,1.14706,1.14702,1.14703,16
2019.01.14,06:10,1.14701,1.14707,1.14699,1.14707,18
2019.01.14,06:11,1.14706,1.14708,1.14704,1.14707,22
2019.01.14,06:12,1.14707,1.14715,1.14706,1.14709,26
2019.01.14,06:13,1.14709,1.14713,1.14707,1.14708,18
2019.01.14,06:14,1.14709,1.14716,1.14707,1.14714,22
2019.01.14,06:15,1.14713,1.14714,1.14712,1.14713,15
2019.01.14,06:16,1.14712,1.14721,1.14712,1.1472,22
2019.01.14,06:17,1.14719,1.14719,1.14717,1.14718,6
2019.01.14,06:18,1.14718,1.14727,1.14718,1.14722,10
2019.01.14,06:19,1.14723,1.14729,1.14723,1.14726,41
2019.01.14,06:20,1.14725,1.14726,1.14724,1.14726,12
2019.01.14,06:21,1.14726,1.14726,1.14724,1.14724,7
2019.01.14,06:22,1.14724,1.1473,1.14724,1.14727,17
2019.01.14,06:23,1.14725,1.14736,1.14725,1.14728,46
2019.01.14,06:24,1.14729,1.14742,1.14729,1.14739,17
2019.01.14,06:25,1.14739,1.14748,1.14737,1.14746,36
2019.01.14,06:26,1.14746,1.14749,1.14744,1.14748,35
2019.01.14,06:27,1.14746,1.14753,1.14744,1.14746,20
2019.01.14,06:28,1.14746,1.14746,1.14741,1.14746,18
2019.01.14,06:29,1.14746,1.14749,1.14746,1.14747,13
2019.01.14,06:30,1.14746,1.14746,1.14731,1.14731,28
2019.01.14,06:31,1.14731,1.14732,1.14721,1.14731,41
2019.01.14,06:32,1.14732,1.14732,1.1472,1.14721,34
2019.01.14,06:33,1.14721,1.14722,1.14717,1.14719,33
2019.01.14,06:34,1.14719,1.14723,1.14718,1.14722,17
2019.01.14,06:35,1.14721,1.14725,1.14718,1.14725,30
2019.01.14,06:36,1.14724,1.14726,1.1472,1.1472,18
2019.01.14,06:37,1.1472,1.14725,1.14717,1.14718,25
2019.01.14,06:38,1.14717,1.14727,1.14717,1.14721,25
2019.01.14,06:39,1.1472,1.14725,1.14718,1.14724,22
2019.01.14,06:40,1.14723,1.14724,1.14716,1.14721,25
2019.01.14,06:41,1.1472,1.14726,1.1472,1.14726,19
2019.01.14,06:42,1.14726,1.1473,1.14714,1.14719,34
2019.01.14,06:43,1.14718,1.14721,1.14718,1.1472,11
2019.01.14,06:44,1.14721,1.14721,1.1472,1.14721,5
2019.01.14,06:45,1.1472,1.14723,1.14716,1.14721,20
2019.01.14,06:46,1.14722,1.14725,1.14722,1.14722,13
2019.01.14,06:47,1.14723,1.14725,1.14718,1.14718,25
2019.01.14,06:48,1.14719,1.14726,1.14718,1.14726,22
2019.01.14,06:49,1.14723,1.14726,1.14721,1.14725,18
2019.01.14,06:50,1.14725,1.14725,1.14721,1.14722,6
2019.01.14,06:51,1.14722,1.14723,1.14721,1.14721,12
2019.01.14,06:52,1.14722,1.14722,1.14715,1.14716,13
2019.01.14,06:53,1.14715,1.14719,1.14715,1.14716,32
2019.01.14,06:54,1.14715,1.14716,1.14714,1.14715,11
2019.01.14,06:55,1.14716,1.14721,1.14715,1.14719,30
2019.01.14,06:56,1.14719,1.14736,1.14719,1.14735,43
2019.01.14,06:57,1.14733,1.14742,1.14733,1.14739,38
2019.01.14,06:58,1.1474,1.14746,1.1474,1.14746,35
2019.01.14,06:59,1.14748,1.1476,1.14746,1.1476,44
2019.01.14,07:00,1.14759,1.14763,1.14757,1.1476,52
2019.01.14,07:01,1.14761,1.14767,1.14761,1.14767,34
2019.01.14,07:02,1.14769,1.14769,1.14763,1.14765,30
2019.01.14,07:03,1.14766,1.14776,1.14766,1.14774,51
2019.01.14,07:04,1.14775,1.14778,1.14773,1.14776,34
2019.01.14,07:05,1.14776,1.14777,1.14773,1.14774,31
2019.01.14,07:06,1.14774,1.14775,1.14772,1.14772,27
2019.01.14,07:07,1.14772,1.14776,1.14772,1.14774,18
2019.01.14,07:08,1.14773,1.14774,1.14756,1.14758,36
2019.01.14,07:09,1.14758,1.1476,1.14747,1.14754,50
2019.01.14,07:10,1.14753,1.14754,1.14751,1.14753,36
2019.01.14,07:11,1.14752,1.14755,1.14751,1.14752,33
2019.01.14,07:12,1.14755,1.14755,1.1475,1.14751,30
2019.01.14,07:13,1.14753,1.14762,1.14751,1.14762,19
2019.01.14,07:14,1.14761,1.14766,1.14759,1.14765,30
2019.01.14,07:15,1.14766,1.14769,1.14765,1.14769,18
2019.01.14,07:16,1.14769,1.14769,1.1476,1.14761,26
2019.01.14,07:17,1.14759,1.14763,1.14756,1.14756,14
2019.01.14,07:18,1.14757,1.1476,1.14751,1.14756,35
2019.01.14,07:19,1.14757,1.14759,1.14756,1.14758,24
2019.01.14,07:20,1.14757,1.14757,1.14751,1.14752,9
2019.01.14,07:21,1.14753,1.14762,1.14753,1.14761,14
2019.01.14,07:22,1.14762,1.14762,1.1476,1.1476,19
2019.01.14,07:23,1.14761,1.14767,1.14754,1.14765,20
2019.01.14,07:24,1.14766,1.14767,1.14764,1.14766,14
2019.01.14,07:25,1.14767,1.14771,1.14764,1.14764,37
2019.01.14,07:26,1.14763,1.14763,1.14757,1.14759,16
2019.01.14,07:27,1.14758,1.14759,1.14758,1.14758,14
2019.01.14,07:28,1.14759,1.14759,1.14758,1.14759,6
2019.01.14,07:29,1.14763,1.14763,1.14758,1.14759,8
2019.01.14,07:30,1.1476,1.14763,1.14749,1.14749,25
2019.01.14,07:31,1.1475,1.14756,1.14747,1.14748,28
2019.01.14,07:32,1.14749,1.14757,1.14747,1.14757,25
2019.01.14,07:33,1.14757,1.14758,1.14755,1.14758,9
2019.01.14,07:34,1.14758,1.14759,1.14758,1.14758,4
2019.01.14,07:35,1.14758,1.14763,1.14755,1.14763,27
2019.01.14,07:36,1.14764,1.14784,1.14763,1.14784,30
2019.01.14,07:37,1.14782,1.14784,1.1478,1.14781,28
2019.01.14,07:38,1.14781,1.14783,1.14769,1.14773,41
2019.01.14,07:39,1.14774,1.14774,1.14772,1.14772,14
2019.01.14,07:40,1.14773,1.14778,1.14773,1.14777,79
2019.01.14,07:41,1.14776,1.14784,1.14776,1.14782,53
2019.01.14,07:42,1.14782,1.14785,1.14776,1.14777,28
2019.01.14,07:43,1.14777,1.14778,1.14772,1.14772,28
2019.01.14,07:44,1.14773,1.14782,1.14768,1.14782,43
2019.01.14,07:45,1.14781,1.14788,1.1478,1.14787,36
2019.01.14,07:46,1.14789,1.14793,1.14784,1.14792,52
2019.01.14,07:47,1.14793,1.14812,1.14793,1.14807,55
2019.01.14,07:48,1.14806,1.14806,1.14794,1.14803,61
2019.01.14,07:49,1.14803,1.14805,1.14794,1.14804,41
2019.01.14,07:50,1.14803,1.14804,1.14795,1.148,40
2019.01.14,07:51,1.14799,1.1481,1.14798,1.14806,23
2019.01.14,07:52,1.14808,1.14811,1.14803,1.14803,27
2019.01.14,07:53,1.14803,1.14805,1.14802,1.14804,28
2019.01.14,07:54,1.14804,1.14804,1.14793,1.14794,34
2019.01.14,07:55,1.14794,1.14795,1.14791,1.14791,40
2019.01.14,07:56,1.14792,1.14796,1.14792,1.14796,25
2019.01.14,07:57,1.14794,1.14796,1.14792,1.14793,26
2019.01.14,07:58,1.14794,1.14794,1.14776,1.14784,45
2019.01.14,07:59,1.14783,1.14794,1.14783,1.14784,32
2019.01.14,08:00,1.14784,1.14792,1.14784,1.14792,13
2019.01.14,08:01,1.14791,1.14793,1.14791,1.14792,12
2019.01.14,08:02,1.14792,1.14793,1.14788,1.14788,15
2019.01.14,08:03,1.14789,1.14798,1.14787,1.14796,41
2019.01.14,08:04,1.148,1.14801,1.14793,1.14794,34
2019.01.14,08:05,1.14794,1.14798,1.14793,1.14794,32
2019.01.14,08:06,1.14793,1.14801,1.14793,1.14797,31
2019.01.14,08:07,1.14797,1.14803,1.14795,1.14795,24
2019.01.14,08:08,1.14797,1.14798,1.14797,1.14798,8
2019.01.14,08:09,1.14798,1.14798,1.14786,1.14786,20
2019.01.14,08:10,1.14787,1.14787,1.14775,1.14776,15
2019.01.14,08:11,1.14776,1.14776,1.14773,1.14776,13
2019.01.14,08:12,1.14776,1.1478,1.14774,1.14779,36
2019.01.14,08:13,1.14778,1.1479,1.14776,1.14781,39
2019.01.14,08:14,1.14781,1.14781,1.14756,1.1476,56
2019.01.14,08:15,1.14759,1.14761,1.14756,1.14757,21
2019.01.14,08:16,1.14756,1.14756,1.14742,1.14752,50
2019.01.14,08:17,1.14752,1.14752,1.14745,1.14746,26
2019.01.14,08:18,1.14746,1.14746,1.14736,1.14742,45
2019.01.14,08:19,1.14741,1.14741,1.14725,1.14726,43
2019.01.14,08:20,1.14726,1.14731,1.14721,1.14728,66
2019.01.14,08:21,1.14729,1.14733,1.14721,1.14732,29
2019.01.14,08:22,1.14731,1.14737,1.14731,1.14737,18
2019.01.14,08:23,1.14741,1.14748,1.14741,1.14743,52
2019.01.14,08:24,1.14742,1.14763,1.14742,1.14763,18
2019.01.14,08:25,1.14762,1.14767,1.14754,1.14758,59
2019.01.14,08:26,1.14756,1.14763,1.14738,1.14744,73
2019.01.14,08:27,1.14745,1.14748,1.1473,1.14746,43
2019.01.14,08:28,1.14745,1.1475,1.14742,1.14747,40
2019.01.14,08:29,1.14747,1.14754,1.14744,1.14748,48
2019.01.14,08:30,1.14747,1.14751,1.14743,1.14744,26
2019.01.14,08:31,1.14744,1.14744,1.14735,1.14736,37
2019.01.14,08:32,1.14736,1.14736,1.14729,1.14735,37
2019.01.14,08:33,1.14736,1.14736,1.14727,1.14727,48
2019.01.14,08:34,1.14727,1.14729,1.14717,1.14721,30
2019.01.14,08:35,1.14722,1.14733,1.14722,1.14732,83
2019.01.14,08:36,1.14732,1.14737,1.14727,1.14734,47
2019.01.14,08:37,1.14734,1.14739,1.14733,1.14738,18
2019.01.14,08:38,1.14739,1.14746,1.14739,1.14743,27
2019.01.14,08:39,1.14745,1.14748,1.14742,1.14742,34
2019.01.14,08:40,1.14742,1.1475,1.14735,1.14739,43
2019.01.14,08:41,1.14739,1.14747,1.14737,1.14737,28
2019.01.14,08:42,1.14738,1.14739,1.14719,1.14723,32
2019.01.14,08:43,1.14723,1.14724,1.14701,1.14701,58
2019.01.14,08:44,1.14702,1.14702,1.14691,1.14694,44
2019.01.14,08:45,1.14694,1.14703,1.14694,1.14699,32
2019.01.14,08:46,1.14698,1.14706,1.14696,1.14696,46
2019.01.14,08:47,1.14696,1.14697,1.14696,1.14696,9
2019.01.14,08:48,1.14696,1.147,1.14693,1.14699,23
2019.01.14,08:49,1.14701,1.14701,1.14696,1.14701,27
2019.01.14,08:50,1.14699,1.14699,1.14688,1.14696,40
2019.01.14,08:51,1.14698,1.14698,1.14696,1.14698,15
2019.01.14,08:52,1.14698,1.14699,1.14697,1.14698,15
2019.01.14,08:53,1.14699,1.14712,1.14697,1.14712,25
2019.01.14,08:54,1.14715,1.14728,1.14715,1.14728,44
2019.01.14,08:55,1.14731,1.14749,1.14731,1.14747,39
2019.01.14,08:56,1.14747,1.14753,1.14745,1.14752,59
2019.01.14,08:57,1.14752,1.14752,1.1473,1.14747,87
2019.01.14,08:58,1.1475,1.14752,1.14745,1.14752,52
2019.01.14,08:59,1.14751,1.14753,1.14742,1.14742,55
2019.01.14,09:00,1.14743,1.14764,1.14725,1.14733,146
2019.01.14,09:01,1.14736,1.14771,1.14736,1.14742,94
2019.01.14,09:02,1.14743,1.14747,1.14708,1.1471,114
2019.01.14,09:03,1.14709,1.14724,1.14691,1.14724,124
2019.01.14,09:04,1.14726,1.14746,1.14722,1.14746,67
2019.01.14,09:05,1.1475,1.14778,1.14748,1.14758,107
2019.01.14,09:06,1.14758,1.14778,1.14743,1.14765,91
2019.01.14,09:07,1.14765,1.14771,1.14756,1.1476,70
2019.01.14,09:08,1.14761,1.14773,1.14761,1.14768,34
2019.01.14,09:09,1.1477,1.1477,1.14756,1.14756,27
2019.01.14,09:10,1.14757,1.14761,1.14742,1.14756,60
2019.01.14,09:11,1.14758,1.1477,1.14746,1.14767,52
2019.01.14,09:12,1.14768,1.14768,1.14732,1.14732,61
2019.01.14,09:13,1.14732,1.14738,1.14716,1.14716,40
2019.01.14,09:14,1.14717,1.14723,1.14695,1.14697,71
2019.01.14,09:15,1.14697,1.14698,1.14626,1.14628,209
2019.01.14,09:16,1.14627,1.14642,1.14622,1.14626,122
2019.01.14,09:17,1.14627,1.14628,1.14605,1.14619,158
2019.01.14,09:18,1.1462,1.14633,1.14546,1.14582,248
2019.01.14,09:19,1.14584,1.14587,1.14555,1.14572,147
2019.01.14,09:20,1.14573,1.14585,1.14564,1.14567,128
2019.01.14,09:21,1.14568,1.14571,1.14549,1.14562,157
2019.01.14,09:22,1.14563,1.1459,1.14563,1.14587,107
2019.01.14,09:23,1.14589,1.14601,1.14586,1.14601,116
2019.01.14,09:24,1.14598,1.14627,1.14595,1.14621,93
2019.01.14,09:25,1.1462,1.14629,1.146,1.1462,132
2019.01.14,09:26,1.14621,1.14628,1.14617,1.14626,58
2019.01.14,09:27,1.14625,1.14645,1.14624,1.14631,108
2019.01.14,09:28,1.14634,1.14646,1.14631,1.14636,105
2019.01.14,09:29,1.14636,1.14651,1.14631,1.14643,83
2019.01.14,09:30,1.14642,1.14651,1.14636,1.1464,87
2019.01.14,09:31,1.14647,1.14653,1.14631,1.14643,94
2019.01.14,09:32,1.14646,1.14657,1.14642,1.14657,107
2019.01.14,09:33,1.14658,1.14674,1.14656,1.14663,76
2019.01.14,09:34,1.14664,1.14674,1.14659,1.14661,73
2019.01.14,09:35,1.1466,1.14668,1.14636,1.14668,119
2019.01.14,09:36,1.14668,1.14668,1.14631,1.14648,85
2019.01.14,09:37,1.14649,1.14654,1.14642,1.14644,87
2019.01.14,09:38,1.14644,1.14662,1.14642,1.14661,76
2019.01.14,09:39,1.1466,1.14663,1.14639,1.14652,79
2019.01.14,09:40,1.14655,1.14656,1.14641,1.14654,59
2019.01.14,09:41,1.14653,1.1467,1.14651,1.14669,63
2019.01.14,09:42,1.14667,1.14678,1.14657,1.14658,53
2019.01.14,09:43,1.14658,1.14661,1.14648,1.14653,70
2019.01.14,09:44,1.14654,1.14684,1.14654,1.14682,117
2019.01.14,09:45,1.14682,1.14719,1.1468,1.14713,165
2019.01.14,09:46,1.14713,1.14729,1.14705,1.14708,101
2019.01.14,09:47,1.14713,1.14713,1.147,1.14713,51
2019.01.14,09:48,1.14713,1.14721,1.14704,1.14713,101
2019.01.14,09:49,1.14714,1.14714,1.14685,1.14685,57
2019.01.14,09:50,1.14686,1.14742,1.14685,1.14739,117
2019.01.14,09:51,1.14739,1.14748,1.14731,1.14733,81
2019.01.14,09:52,1.14736,1.14751,1.14721,1.14748,102
2019.01.14,09:53,1.14744,1.14756,1.14724,1.14749,93
2019.01.14,09:54,1.14748,1.14771,1.14734,1.14758,134
2019.01.14,09:55,1.14759,1.14786,1.14759,1.1478,120
2019.01.14,09:56,1.14779,1.14785,1.14769,1.14769,114
2019.01.14,09:57,1.14768,1.14788,1.14763,1.14787,95
2019.01.14,09:58,1.14788,1.14811,1.14786,1.148,119
2019.01.14,09:59,1.148,1.14803,1.14767,1.14793,157
2019.01.14,10:00,1.14791,1.14792,1.14767,1.1478,168
2019.01.14,10:01,1.1478,1.148,1.14776,1.14778,105
2019.01.14,10:02,1.14778,1.14791,1.14768,1.14777,107
2019.01.14,10:03,1.14776,1.14779,1.14761,1.1477,103
2019.01.14,10:04,1.14771,1.14792,1.14765,1.14791,72
2019.01.14,10:05,1.14793,1.14817,1.14792,1.1481,112
2019.01.14,10:06,1.1481,1.14816,1.14791,1.14816,108
2019.01.14,10:07,1.14817,1.14817,1.14798,1.14807,98
2019.01.14,10:08,1.14808,1.14819,1.14794,1.14814,113
2019.01.14,10:09,1.14813,1.14819,1.14787,1.14793,107
2019.01.14,10:10,1.14793,1.14799,1.14779,1.1478,111
2019.01.14,10:11,1.1478,1.1478,1.14768,1.14769,74
2019.01.14,10:12,1.14769,1.14789,1.14765,1.14786,72
2019.01.14,10:13,1.14786,1.14789,1.14775,1.14775,70
2019.01.14,10:14,1.14775,1.14779,1.14759,1.14759,64
2019.01.14,10:15,1.14759,1.14759,1.14741,1.14741,66
2019.01.14,10:16,1.14742,1.14754,1.14741,1.14748,115
2019.01.14,10:17,1.14748,1.1476,1.1474,1.1474,67
2019.01.14,10:18,1.1474,1.1474,1.14722,1.14726,65
2019.01.14,10:19,1.14726,1.14726,1.14685,1.14685,122
2019.01.14,10:20,1.14688,1.14689,1.14653,1.14653,150
2019.01.14,10:21,1.14654,1.14674,1.1465,1.14674,142
2019.01.14,10:22,1.14674,1.14682,1.14656,1.14658,114
2019.01.14,10:23,1.14656,1.14671,1.14656,1.14666,97
2019.01.14,10:24,1.14664,1.14683,1.1466,1.1466,110
2019.01.14,10:25,1.1466,1.14685,1.1465,1.14684,79
2019.01.14,10:26,1.14684,1.14704,1.14681,1.14704,83
2019.01.14,10:27,1.14706,1.1471,1.14689,1.14689,72
2019.01.14,10:28,1.14689,1.14715,1.14678,1.1471,133
2019.01.14,10:29,1.1471,1.14726,1.14706,1.14724,83
2019.01.14,10:30,1.14722,1.14723,1.14687,1.147,131
2019.01.14,10:31,1.147,1.14717,1.14696,1.14703,90
2019.01.14,10:32,1.14701,1.14701,1.14669,1.14673,93
2019.01.14,10:33,1.14673,1.14693,1.14673,1.14693,86
2019.01.14,10:34,1.14694,1.14696,1.14681,1.14689,59
2019.01.14,10:35,1.14687,1.14702,1.14681,1.14698,86
2019.01.14,10:36,1.14699,1.14707,1.14689,1.14689,62
2019.01.14,10:37,1.14688,1.14704,1.14688,1.14703,55
2019.01.14,10:38,1.14704,1.14734,1.14703,1.1473,60
2019.01.14,10:39,1.1473,1.14738,1.14721,1.14729,119
2019.01.14,10:40,1.14729,1.1474,1.14722,1.14736,114
2019.01.14,10:41,1.14733,1.14759,1.14733,1.14748,152
2019.01.14,10:42,1.14749,1.14751,1.14726,1.14731,131
2019.01.14,10:43,1.14734,1.14777,1.14734,1.1477,136
2019.01.14,10:44,1.14771,1.14787,1.14765,1.14777,125
2019.01.14,10:45,1.14776,1.14777,1.14766,1.14777,120
2019.01.14,10:46,1.14777,1.14787,1.14762,1.14765,138
2019.01.14,10:47,1.14766,1.14784,1.14766,1.14778,94
2019.01.14,10:48,1.14779,1.14783,1.14762,1.14762,85
2019.01.14,10:49,1.14763,1.14763,1.1474,1.14742,90
2019.01.14,10:50,1.14743,1.14773,1.14736,1.14766,83
2019.01.14,10:51,1.14766,1.14766,1.14756,1.14761,80
2019.01.14,10:52,1.14761,1.1478,1.14758,1.14779,125
2019.01.14,10:53,1.14778,1.14781,1.14742,1.14743,105
2019.01.14,10:54,1.14744,1.14754,1.14744,1.14747,67
2019.01.14,10:55,1.14749,1.14775,1.14749,1.14768,96
2019.01.14,10:56,1.14768,1.14775,1.1476,1.1476,85
2019.01.14,10:57,1.14761,1.14764,1.14752,1.14753,55
2019.01.14,10:58,1.14754,1.14756,1.14736,1.1475,77
2019.01.14,10:59,1.14749,1.1477,1.14749,1.1475,107
2019.01.14,11:00,1.14749,1.14775,1.14749,1.14772,108
2019.01.14,11:01,1.14772,1.14798,1.14771,1.14782,88
2019.01.14,11:02,1.14783,1.14794,1.14778,1.14778,54
2019.01.14,11:03,1.14777,1.14777,1.14745,1.14748,132
2019.01.14,11:04,1.14749,1.1476,1.14742,1.14756,87
2019.01.14,11:05,1.14757,1.14757,1.14705,1.14709,112
2019.01.14,11:06,1.1471,1.14721,1.14702,1.14714,68
2019.01.14,11:07,1.14712,1.14724,1.14701,1.14702,72
2019.01.14,11:08,1.14702,1.14711,1.14692,1.14704,130
2019.01.14,11:09,1.14704,1.14719,1.14676,1.14691,156
2019.01.14,11:10,1.14687,1.14692,1.14676,1.14686,89
2019.01.14,11:11,1.14686,1.14702,1.14686,1.14697,78
2019.01.14,11:12,1.14697,1.14702,1.14682,1.14683,54
2019.01.14,11:13,1.14682,1.14709,1.14682,1.14709,77
2019.01.14,11:14,1.1471,1.14718,1.14702,1.14716,109
2019.01.14,11:15,1.14717,1.14724,1.14707,1.14717,85
2019.01.14,11:16,1.14717,1.14736,1.14714,1.14734,84
2019.01.14,11:17,1.14732,1.14741,1.14725,1.14735,81
2019.01.14,11:18,1.14734,1.14739,1.14729,1.14738,72
2019.01.14,11:19,1.14737,1.14747,1.1473,1.14731,63
2019.01.14,11:20,1.14731,1.14738,1.1473,1.14731,60
2019.01.14,11:21,1.14731,1.14741,1.14731,1.14731,74
2019.01.14,11:22,1.14731,1.14736,1.14731,1.14732,48
2019.01.14,11:23,1.1473,1.14732,1.14728,1.1473,43
2019.01.14,11:24,1.1473,1.1473,1.14706,1.1471,76
2019.01.14,11:25,1.14711,1.14717,1.1469,1.14704,122
2019.01.14,11:26,1.14704,1.14729,1.14704,1.14723,112
2019.01.14,11:27,1.14722,1.14722,1.14709,1.14718,98
2019.01.14,11:28,1.14716,1.14734,1.14714,1.14716,111
2019.01.14,11:29,1.14716,1.14716,1.14699,1.14716,99
2019.01.14,11:30,1.14717,1.14723,1.14673,1.14688,134
2019.01.14,11:31,1.14688,1.14721,1.14688,1.14712,97
2019.01.14,11:32,1.14711,1.14714,1.14696,1.14696,96
2019.01.14,11:33,1.14696,1.14712,1.14688,1.14709,90
2019.01.14,11:34,1.14707,1.14715,1.14702,1.1471,64
2019.01.14,11:35,1.1471,1.14713,1.14694,1.14707,100
2019.01.14,11:36,1.14708,1.14721,1.14706,1.14716,49
2019.01.14,11:37,1.14716,1.14731,1.14716,1.14728,88
2019.01.14,11:38,1.14727,1.14729,1.14706,1.14708,86
2019.01.14,11:39,1.14708,1.1471,1.14697,1.14699,85
2019.01.14,11:40,1.14699,1.14702,1.14693,1.14699,98
2019.01.14,11:41,1.14701,1.14717,1.14681,1.14686,128
2019.01.14,11:42,1.14686,1.14694,1.14682,1.14682,117
2019.01.14,11:43,1.14681,1.14689,1.14676,1.14679,72
2019.01.14,11:44,1.14679,1.14691,1.14679,1.14687,39
2019.01.14,11:45,1.14687,1.1469,1.14641,1.14652,143
2019.01.14,11:46,1.14651,1.14656,1.14641,1.14644,107
2019.01.14,11:47,1.14644,1.14659,1.14643,1.14646,61
2019.01.14,11:48,1.14647,1.14662,1.14644,1.14644,71
2019.01.14,11:49,1.14645,1.14667,1.14645,1.14649,98
2019.01.14,11:50,1.14648,1.14653,1.14643,1.14648,57
2019.01.14,11:51,1.14647,1.14647,1.14632,1.14641,99
2019.01.14,11:52,1.14642,1.14644,1.14612,1.14612,83
2019.01.14,11:53,1.14611,1.14621,1.14606,1.14617,79
2019.01.14,11:54,1.14615,1.1462,1.14609,1.14614,105
2019.01.14,11:55,1.14615,1.14622,1.14609,1.14619,84
2019.01.14,11:56,1.14618,1.14643,1.14618,1.14636,95
2019.01.14,11:57,1.14637,1.14652,1.14637,1.1465,90
2019.01.14,11:58,1.14649,1.14655,1.14644,1.14654,62
2019.01.14,11:59,1.14653,1.14653,1.14621,1.14626,86
2019.01.14,12:00,1.14625,1.14637,1.14612,1.14622,124
2019.01.14,12:01,1.14621,1.14621,1.14595,1.14595,81
2019.01.14,12:02,1.14594,1.14598,1.14573,1.14583,171
2019.01.14,12:03,1.14585,1.14588,1.14561,1.14571,89
2019.01.14,12:04,1.14572,1.14572,1.14554,1.14557,107
2019.01.14,12:05,1.14558,1.14576,1.14555,1.1457,131
2019.01.14,12:06,1.14571,1.14571,1.14544,1.14552,102
2019.01.14,12:07,1.14553,1.14574,1.14551,1.14573,112
2019.01.14,12:08,1.14574,1.14593,1.14573,1.14593,94
2019.01.14,12:09,1.14592,1.14592,1.14569,1.14585,90
2019.01.14,12:10,1.14582,1.14585,1.14518,1.14522,186
2019.01.14,12:11,1.14523,1.14532,1.14507,1.14526,132
2019.01.14,12:12,1.14525,1.14548,1.14524,1.1454,145
2019.01.14,12:13,1.14539,1.14543,1.14529,1.1454,113
2019.01.14,12:14,1.14541,1.14544,1.14529,1.14536,86
2019.01.14,12:15,1.14536,1.14541,1.1453,1.14538,96
2019.01.14,12:16,1.14538,1.14554,1.14528,1.14533,121
2019.01.14,12:17,1.14533,1.14543,1.14523,1.14531,95
2019.01.14,12:18,1.14531,1.14545,1.14531,1.14543,54
2019.01.14,12:19,1.14543,1.14544,1.14531,1.14533,82
2019.01.14,12:20,1.14534,1.14543,1.14533,1.14535,78
2019.01.14,12:21,1.14534,1.14553,1.14532,1.14553,88
2019.01.14,12:22,1.14554,1.14573,1.14553,1.14572,61
2019.01.14,12:23,1.14572,1.14572,1.14556,1.14568,93
2019.01.14,12:24,1.14567,1.14569,1.14558,1.14559,44
2019.01.14,12:25,1.14559,1.14573,1.14553,1.14569,105
2019.01.14,12:26,1.1457,1.14573,1.14561,1.14568,75
2019.01.14,12:27,1.14567,1.14581,1.14561,1.14581,59
2019.01.14,12:28,1.1458,1.14586,1.14573,1.14574,61
2019.01.14,12:29,1.14574,1.14584,1.14569,1.14584,51
2019.01.14,12:30,1.14583,1.14583,1.14572,1.14578,61
2019.01.14,12:31,1.14577,1.14579,1.14563,1.14568,73
2019.01.14,12:32,1.14567,1.14575,1.14561,1.14563,75
2019.01.14,12:33,1.14567,1.14578,1.14543,1.14563,115
2019.01.14,12:34,1.14564,1.14564,1.14542,1.14547,89
2019.01.14,12:35,1.14547,1.14558,1.14546,1.14553,71
2019.01.14,12:36,1.14553,1.14563,1.14546,1.14555,66
2019.01.14,12:37,1.14556,1.14559,1.14551,1.14553,49
2019.01.14,12:38,1.14553,1.14564,1.14551,1.14563,61
2019.01.14,12:39,1.14563,1.14575,1.14563,1.14569,54
2019.01.14,12:40,1.14569,1.14574,1.14563,1.14568,34
2019.01.14,12:41,1.14564,1.14574,1.14563,1.14568,72
2019.01.14,12:42,1.14566,1.14583,1.14564,1.14579,55
2019.01.14,12:43,1.14581,1.14594,1.1458,1.14586,104
2019.01.14,12:44,1.14588,1.14599,1.14586,1.14599,93
2019.01.14,12:45,1.14599,1.14624,1.14595,1.14624,103
2019.01.14,12:46,1.14623,1.14631,1.14612,1.14614,106
2019.01.14,12:47,1.14614,1.14629,1.14607,1.1462,124
2019.01.14,12:48,1.14618,1.14636,1.14609,1.1463,121
2019.01.14,12:49,1.14629,1.14629,1.14612,1.14614,113
2019.01.14,12:50,1.14613,1.14635,1.1461,1.14633,110
2019.01.14,12:51,1.14631,1.14649,1.14626,1.14643,94
2019.01.14,12:52,1.14643,1.14643,1.1461,1.14613,106
2019.01.14,12:53,1.14611,1.14639,1.14611,1.14638,91
2019.01.14,12:54,1.14637,1.14639,1.14631,1.14634,72
2019.01.14,12:55,1.14635,1.14654,1.14634,1.14654,90
2019.01.14,12:56,1.14653,1.14657,1.14641,1.14646,91
2019.01.14,12:57,1.14645,1.14645,1.1463,1.14632,80
2019.01.14,12:58,1.14632,1.14638,1.14624,1.14624,50
2019.01.14,12:59,1.14624,1.14624,1.14611,1.14619,93
2019.01.14,13:00,1.14618,1.1462,1.14599,1.14612,165
2019.01.14,13:01,1.14613,1.14619,1.14602,1.14619,104
2019.01.14,13:02,1.14618,1.14639,1.14618,1.14626,94
2019.01.14,13:03,1.14626,1.14626,1.14599,1.14602,57
2019.01.14,13:04,1.14603,1.14603,1.14582,1.14587,86
2019.01.14,13:05,1.14586,1.14599,1.14579,1.14599,99
2019.01.14,13:06,1.146,1.14624,1.14597,1.14613,82
2019.01.14,13:07,1.14613,1.14613,1.14587,1.14593,70
2019.01.14,13:08,1.14592,1.14597,1.1458,1.1458,106
2019.01.14,13:09,1.14579,1.14579,1.14526,1.14548,171
2019.01.14,13:10,1.14548,1.14567,1.14543,1.14557,135
2019.01.14,13:11,1.1455,1.14566,1.14546,1.14557,88
2019.01.14,13:12,1.14558,1.14567,1.14547,1.14567,86
2019.01.14,13:13,1.14564,1.14572,1.14558,1.14567,66
2019.01.14,13:14,1.14569,1.14596,1.14568,1.14596,67
2019.01.14,13:15,1.14595,1.14596,1.14581,1.14583,81
2019.01.14,13:16,1.14584,1.14593,1.14582,1.14586,44
2019.01.14,13:17,1.14586,1.14602,1.14581,1.14602,94
2019.01.14,13:18,1.14601,1.14624,1.14598,1.14612,97
2019.01.14,13:19,1.14614,1.14626,1.14612,1.1462,76
2019.01.14,13:20,1.14618,1.14643,1.14617,1.14634,136
2019.01.14,13:21,1.14633,1.14643,1.14631,1.14633,85
2019.01.14,13:22,1.14633,1.1464,1.14627,1.14627,66
2019.01.14,13:23,1.14628,1.14638,1.1461,1.14614,77
2019.01.14,13:24,1.14615,1.14627,1.14601,1.14627,78
2019.01.14,13:25,1.14626,1.14633,1.14616,1.14632,75
2019.01.14,13:26,1.14632,1.14643,1.14632,1.14643,70
2019.01.14,13:27,1.14641,1.14652,1.1464,1.14644,72
2019.01.14,13:28,1.14644,1.14663,1.1464,1.14652,78
2019.01.14,13:29,1.14652,1.14656,1.14639,1.14641,74
2019.01.14,13:30,1.14642,1.14663,1.14639,1.14662,68
2019.01.14,13:31,1.14663,1.14684,1.14662,1.14668,98
2019.01.14,13:32,1.14667,1.14691,1.14666,1.14679,96
2019.01.14,13:33,1.14678,1.14696,1.1467,1.14696,96
2019.01.14,13:34,1.14694,1.14703,1.14686,1.14686,122
2019.01.14,13:35,1.14687,1.14733,1.14687,1.14729,190
2019.01.14,13:36,1.14728,1.14734,1.14717,1.14727,103
2019.01.14,13:37,1.14728,1.14728,1.14712,1.14712,103
2019.01.14,13:38,1.14713,1.14714,1.14707,1.1471,59
2019.01.14,13:39,1.14712,1.14713,1.14686,1.14687,108
2019.01.14,13:40,1.14687,1.14687,1.14681,1.14687,61
2019.01.14,13:41,1.14686,1.14692,1.14677,1.14681,66
2019.01.14,13:42,1.1468,1.14695,1.14671,1.14691,84
2019.01.14,13:43,1.1469,1.14695,1.14684,1.14693,85
2019.01.14,13:44,1.14694,1.14723,1.14694,1.14718,92
2019.01.14,13:45,1.1472,1.1472,1.14714,1.14716,47
2019.01.14,13:46,1.14719,1.14727,1.14716,1.14716,57
2019.01.14,13:47,1.14717,1.14724,1.14716,1.14721,52
2019.01.14,13:48,1.1472,1.14722,1.14714,1.14721,51
2019.01.14,13:49,1.14721,1.14723,1.14707,1.14709,69
2019.01.14,13:50,1.14709,1.14716,1.14704,1.14704,95
2019.01.14,13:51,1.14704,1.14715,1.147,1.14714,78
2019.01.14,13:52,1.14713,1.14718,1.14687,1.14692,79
2019.01.14,13:53,1.14694,1.14695,1.14675,1.14685,125
2019.01.14,13:54,1.14685,1.14697,1.14585,1.14592,144
2019.01.14,13:55,1.14592,1.14717,1.14535,1.1467,439
2019.01.14,13:56,1.14671,1.1472,1.14669,1.14716,249
2019.01.14,13:57,1.14712,1.14712,1.14664,1.14695,213
2019.01.14,13:58,1.14694,1.14719,1.1467,1.14694,217
2019.01.14,13:59,1.14691,1.14718,1.14691,1.14704,173
2019.01.14,14:00,1.14703,1.14715,1.14681,1.14682,202
2019.01.14,14:01,1.14681,1.14701,1.14668,1.14695,157
2019.01.14,14:02,1.14696,1.14712,1.14692,1.14708,127
2019.01.14,14:03,1.14709,1.14709,1.14682,1.14683,71
2019.01.14,14:04,1.14681,1.14685,1.14651,1.14666,107
2019.01.14,14:05,1.14665,1.14683,1.14657,1.14659,127
2019.01.14,14:06,1.14659,1.14671,1.14651,1.14666,124
2019.01.14,14:07,1.14668,1.14675,1.1465,1.14675,110
2019.01.14,14:08,1.14674,1.14689,1.1467,1.14684,104
2019.01.14,14:09,1.14684,1.14698,1.14664,1.14673,115
2019.01.14,14:10,1.14674,1.14685,1.14668,1.14671,81
2019.01.14,14:11,1.14675,1.14691,1.14675,1.14687,101
2019.01.14,14:12,1.14688,1.1469,1.14664,1.14674,81
2019.01.14,14:13,1.14675,1.14675,1.14652,1.14657,94
2019.01.14,14:14,1.14656,1.14667,1.14653,1.14662,72
2019.01.14,14:15,1.14661,1.14668,1.14661,1.14662,92
2019.01.14,14:16,1.14663,1.14666,1.14658,1.14666,39
2019.01.14,14:17,1.14664,1.14666,1.1463,1.14631,107
2019.01.14,14:18,1.14634,1.14663,1.14634,1.14651,111
2019.01.14,14:19,1.14652,1.14657,1.1465,1.14653,58
2019.01.14,14:20,1.14652,1.14657,1.14627,1.14631,101
2019.01.14,14:21,1.14631,1.14642,1.14628,1.14637,81
2019.01.14,14:22,1.14636,1.14637,1.14629,1.14635,71
2019.01.14,14:23,1.14637,1.14639,1.14601,1.14611,134
2019.01.14,14:24,1.14611,1.14613,1.14599,1.14601,91
2019.01.14,14:25,1.14601,1.1462,1.14601,1.14616,66
2019.01.14,14:26,1.14614,1.14618,1.1461,1.14611,53
2019.01.14,14:27,1.14611,1.14621,1.1461,1.14611,33
2019.01.14,14:28,1.14611,1.14635,1.1461,1.1463,81
2019.01.14,14:29,1.14627,1.1464,1.14625,1.14639,62
2019.01.14,14:30,1.14639,1.14652,1.14639,1.14641,88
2019.01.14,14:31,1.14639,1.14649,1.14638,1.14645,65
2019.01.14,14:32,1.14645,1.1465,1.14639,1.1465,54
2019.01.14,14:33,1.1465,1.1465,1.14635,1.14635,53
2019.01.14,14:34,1.14635,1.14639,1.14617,1.14625,61
2019.01.14,14:35,1.14624,1.14624,1.14603,1.14603,69
2019.01.14,14:36,1.14605,1.1461,1.14571,1.14572,99
2019.01.14,14:37,1.14573,1.14585,1.14571,1.14577,75
2019.01.14,14:38,1.14577,1.14583,1.14553,1.14581,122
2019.01.14,14:39,1.1458,1.14587,1.1457,1.14585,90
2019.01.14,14:40,1.14582,1.14595,1.14576,1.14577,92
2019.01.14,14:41,1.14578,1.14583,1.14567,1.1458,97
2019.01.14,14:42,1.1458,1.14584,1.1457,1.14575,123
2019.01.14,14:43,1.14574,1.14581,1.1457,1.14579,60
2019.01.14,14:44,1.14579,1.14583,1.14569,1.14574,85
2019.01.14,14:45,1.14572,1.14581,1.14567,1.14578,108
2019.01.14,14:46,1.14579,1.14584,1.14575,1.1458,81
2019.01.14,14:47,1.1458,1.14585,1.14576,1.14577,72
2019.01.14,14:48,1.14576,1.14586,1.14566,1.14584,70
2019.01.14,14:49,1.14589,1.1461,1.14589,1.14607,95
2019.01.14,14:50,1.14609,1.14621,1.14607,1.14613,84
2019.01.14,14:51,1.14612,1.14638,1.14611,1.14626,121
2019.01.14,14:52,1.14625,1.14641,1.14615,1.14641,103
2019.01.14,14:53,1.1464,1.14649,1.14636,1.14642,105
2019.01.14,14:54,1.14642,1.14646,1.14622,1.14622,95
2019.01.14,14:55,1.14621,1.14625,1.1459,1.14611,148
2019.01.14,14:56,1.14612,1.14634,1.1461,1.14616,140
2019.01.14,14:57,1.14617,1.14617,1.14598,1.14607,111
2019.01.14,14:58,1.14609,1.14652,1.14609,1.14646,165
2019.01.14,14:59,1.14646,1.14685,1.14642,1.14675,168
2019.01.14,15:00,1.14676,1.1468,1.1465,1.14656,166
2019.01.14,15:01,1.14655,1.14662,1.14634,1.14661,151
2019.01.14,15:02,1.14662,1.14677,1.1465,1.14662,126
2019.01.14,15:03,1.14662,1.14672,1.14647,1.14661,118
2019.01.14,15:04,1.14659,1.14674,1.14659,1.14674,79
2019.01.14,15:05,1.14675,1.14682,1.14675,1.14681,77
2019.01.14,15:06,1.14679,1.14693,1.14679,1.14688,82
2019.01.14,15:07,1.14688,1.14694,1.14677,1.14679,89
2019.01.14,15:08,1.14679,1.14691,1.14678,1.1469,70
2019.01.14,15:09,1.14691,1.14697,1.14686,1.14694,119
2019.01.14,15:10,1.14696,1.147,1.14685,1.14697,129
2019.01.14,15:11,1.14696,1.14702,1.14683,1.14695,113
2019.01.14,15:12,1.14694,1.147,1.14667,1.1467,165
2019.01.14,15:13,1.14671,1.14676,1.14657,1.14667,146
2019.01.14,15:14,1.14668,1.14676,1.14662,1.14674,91
2019.01.14,15:15,1.14675,1.14678,1.14665,1.14665,62
2019.01.14,15:16,1.14666,1.14676,1.14665,1.14669,70
2019.01.14,15:17,1.14669,1.1467,1.14641,1.14644,108
2019.01.14,15:18,1.14645,1.14655,1.14636,1.14639,119
2019.01.14,15:19,1.14639,1.14645,1.14632,1.14645,84
2019.01.14,15:20,1.14645,1.14645,1.1463,1.14631,86
2019.01.14,15:21,1.1463,1.1464,1.14615,1.14619,109
2019.01.14,15:22,1.14618,1.14631,1.14605,1.14614,114
2019.01.14,15:23,1.14614,1.1462,1.14595,1.1462,115
2019.01.14,15:24,1.1462,1.1462,1.14604,1.14612,76
2019.01.14,15:25,1.14611,1.14614,1.14599,1.14599,100
2019.01.14,15:26,1.146,1.14617,1.14596,1.14615,96
2019.01.14,15:27,1.14616,1.14632,1.14613,1.14618,113
2019.01.14,15:28,1.14617,1.14618,1.1461,1.14616,54
2019.01.14,15:29,1.14616,1.14631,1.14615,1.14623,85
2019.01.14,15:30,1.14621,1.14621,1.1461,1.14616,72
2019.01.14,15:31,1.14613,1.14617,1.14611,1.14616,47
2019.01.14,15:32,1.14616,1.1463,1.14601,1.14602,102
2019.01.14,15:33,1.14604,1.14629,1.14603,1.14625,99
2019.01.14,15:34,1.14623,1.14626,1.14614,1.14625,88
2019.01.14,15:35,1.14622,1.14638,1.14616,1.14636,104
2019.01.14,15:36,1.14636,1.14651,1.14634,1.14646,121
2019.01.14,15:37,1.14645,1.14651,1.14616,1.14617,92
2019.01.14,15:38,1.14614,1.14629,1.14604,1.14605,89
2019.01.14,15:39,1.14604,1.14604,1.14576,1.14584,149
2019.01.14,15:40,1.14587,1.14607,1.14587,1.14606,75
2019.01.14,15:41,1.14607,1.1461,1.14591,1.14595,78
2019.01.14,15:42,1.14595,1.14625,1.14595,1.14624,112
2019.01.14,15:43,1.14625,1.14627,1.14605,1.14605,94
2019.01.14,15:44,1.14603,1.14603,1.14572,1.14573,97
2019.01.14,15:45,1.14573,1.14575,1.14563,1.14564,70
2019.01.14,15:46,1.14566,1.14575,1.14565,1.14568,89
2019.01.14,15:47,1.14568,1.14597,1.14564,1.14583,111
2019.01.14,15:48,1.14582,1.14593,1.14575,1.14581,83
2019.01.14,15:49,1.1458,1.14591,1.1458,1.14586,77
2019.01.14,15:50,1.14588,1.14614,1.14586,1.14611,111
2019.01.14,15:51,1.14611,1.14629,1.14611,1.14615,121
2019.01.14,15:52,1.14616,1.14621,1.14601,1.14603,75
2019.01.14,15:53,1.14603,1.14611,1.14591,1.14609,75
2019.01.14,15:54,1.14609,1.14624,1.14604,1.14615,61
2019.01.14,15:55,1.14616,1.14621,1.14614,1.14615,56
2019.01.14,15:56,1.14615,1.14615,1.146,1.14611,75
2019.01.14,15:57,1.14611,1.14611,1.14586,1.14601,111
2019.01.14,15:58,1.14602,1.14607,1.14594,1.14595,59
2019.01.14,15:59,1.14594,1.14608,1.14593,1.14594,70
2019.01.14,16:00,1.14595,1.14608,1.14589,1.14595,79
2019.01.14,16:01,1.14594,1.14602,1.14589,1.1459,54
2019.01.14,16:02,1.14588,1.14588,1.14575,1.14579,61
2019.01.14,16:03,1.1458,1.146,1.14579,1.14586,66
2019.01.14,16:04,1.14587,1.14589,1.14574,1.14577,69
2019.01.14,16:05,1.14576,1.14584,1.1457,1.14583,65
2019.01.14,16:06,1.14582,1.14586,1.14575,1.14576,43
2019.01.14,16:07,1.14577,1.14594,1.14572,1.14594,65
2019.01.14,16:08,1.14592,1.14599,1.14575,1.14586,87
2019.01.14,16:09,1.14587,1.14594,1.14578,1.14594,81
2019.01.14,16:10,1.14594,1.14595,1.1458,1.14581,92
2019.01.14,16:11,1.14582,1.14582,1.14575,1.1458,52
2019.01.14,16:12,1.14579,1.14592,1.14576,1.14591,45
2019.01.14,16:13,1.14593,1.14609,1.14581,1.14604,67
2019.01.14,16:14,1.14604,1.14605,1.1459,1.14594,66
2019.01.14,16:15,1.14594,1.14607,1.14594,1.14607,41
2019.01.14,16:16,1.14608,1.14621,1.14606,1.1462,70
2019.01.14,16:17,1.14621,1.1464,1.14619,1.14637,113
2019.01.14,16:18,1.14638,1.14638,1.14627,1.14627,67
2019.01.14,16:19,1.14627,1.14629,1.14609,1.14611,98
2019.01.14,16:20,1.14611,1.14634,1.14609,1.14629,80
2019.01.14,16:21,1.14628,1.14633,1.14618,1.14624,64
2019.01.14,16:22,1.14624,1.14627,1.14607,1.14608,75
2019.01.14,16:23,1.14609,1.14614,1.14594,1.14594,47
2019.01.14,16:24,1.14593,1.14615,1.1459,1.14597,101
2019.01.14,16:25,1.14596,1.14596,1.14558,1.14559,94
2019.01.14,16:26,1.14555,1.14566,1.1455,1.14564,92
2019.01.14,16:27,1.14564,1.14564,1.14534,1.14543,98
2019.01.14,16:28,1.14544,1.14573,1.14542,1.14569,105
2019.01.14,16:29,1.14568,1.14579,1.14566,1.14574,78
2019.01.14,16:30,1.14574,1.14578,1.14571,1.14578,51
2019.01.14,16:31,1.14582,1.14598,1.14582,1.14597,70
2019.01.14,16:32,1.14597,1.14606,1.14596,1.14604,89
2019.01.14,16:33,1.14604,1.14635,1.14602,1.14618,123
2019.01.14,16:34,1.14617,1.14625,1.1461,1.1461,83
2019.01.14,16:35,1.1461,1.14627,1.14601,1.14626,81
2019.01.14,16:36,1.14628,1.14653,1.14625,1.14645,139
2019.01.14,16:37,1.14645,1.14648,1.14634,1.14644,129
2019.01.14,16:38,1.14644,1.14648,1.1464,1.14647,86
2019.01.14,16:39,1.14646,1.14655,1.14635,1.14643,76
2019.01.14,16:40,1.14644,1.14648,1.14635,1.14637,82
2019.01.14,16:41,1.14638,1.14647,1.1463,1.14638,70
2019.01.14,16:42,1.14639,1.14647,1.1463,1.14639,71
2019.01.14,16:43,1.14636,1.14649,1.1463,1.14636,98
2019.01.14,16:44,1.14636,1.14651,1.1461,1.1462,103
2019.01.14,16:45,1.1462,1.14635,1.14616,1.14624,80
2019.01.14,16:46,1.14626,1.14638,1.14621,1.14638,62
2019.01.14,16:47,1.14638,1.14644,1.1461,1.14614,90
2019.01.14,16:48,1.14613,1.14653,1.14584,1.14645,228
2019.01.14,16:49,1.14646,1.14664,1.14635,1.14656,123
2019.01.14,16:50,1.14656,1.14665,1.14636,1.14639,107
2019.01.14,16:51,1.14645,1.14652,1.14635,1.14644,102
2019.01.14,16:52,1.14643,1.14644,1.14619,1.14619,95
2019.01.14,16:53,1.14619,1.1464,1.14616,1.14638,94
2019.01.14,16:54,1.14638,1.14652,1.14637,1.14645,101
2019.01.14,16:55,1.14645,1.14646,1.14631,1.14643,81
2019.01.14,16:56,1.14644,1.14674,1.14644,1.14673,95
2019.01.14,16:57,1.14673,1.14675,1.14658,1.1467,72
2019.01.14,16:58,1.14671,1.1468,1.14666,1.14674,98
2019.01.14,16:59,1.14675,1.14679,1.14654,1.14654,112
2019.01.14,17:00,1.14654,1.14671,1.14631,1.14671,131
2019.01.14,17:01,1.14672,1.14674,1.14656,1.14664,71
2019.01.14,17:02,1.14663,1.14667,1.14653,1.14655,91
2019.01.14,17:03,1.14654,1.14654,1.14639,1.14654,66
2019.01.14,17:04,1.14653,1.14671,1.14645,1.1467,85
2019.01.14,17:05,1.14666,1.14672,1.14659,1.14671,93
2019.01.14,17:06,1.1467,1.14675,1.14665,1.14674,65
2019.01.14,17:07,1.14674,1.14675,1.14664,1.14671,56
2019.01.14,17:08,1.1467,1.14682,1.1467,1.14681,55
2019.01.14,17:09,1.14679,1.14725,1.14679,1.14712,146
2019.01.14,17:10,1.14711,1.14713,1.14702,1.14704,121
2019.01.14,17:11,1.147,1.14725,1.14699,1.14714,89
2019.01.14,17:12,1.1471,1.1471,1.1469,1.1469,84
2019.01.14,17:13,1.14691,1.14698,1.14684,1.14689,106
2019.01.14,17:14,1.14688,1.14688,1.14674,1.14675,94
2019.01.14,17:15,1.14676,1.14685,1.14663,1.14663,101
2019.01.14,17:16,1.14661,1.14667,1.14652,1.14654,101
2019.01.14,17:17,1.14654,1.14657,1.14644,1.1465,95
2019.01.14,17:18,1.14648,1.14661,1.14646,1.14661,70
2019.01.14,17:19,1.14662,1.14682,1.14661,1.14672,129
2019.01.14,17:20,1.14673,1.14679,1.14671,1.14671,93
2019.01.14,17:21,1.14671,1.14702,1.14671,1.1469,106
2019.01.14,17:22,1.14689,1.14695,1.14686,1.1469,60
2019.01.14,17:23,1.14689,1.14699,1.14686,1.14698,81
2019.01.14,17:24,1.14697,1.147,1.14691,1.14696,63
2019.01.14,17:25,1.14696,1.14696,1.1466,1.14666,97
2019.01.14,17:26,1.14666,1.14675,1.14661,1.14664,83
2019.01.14,17:27,1.14666,1.14675,1.14651,1.14651,81
2019.01.14,17:28,1.14648,1.14666,1.14642,1.14657,67
2019.01.14,17:29,1.14657,1.14658,1.14633,1.14645,93
2019.01.14,17:30,1.14644,1.14663,1.14637,1.14654,89
2019.01.14,17:31,1.14654,1.14658,1.14646,1.14651,71
2019.01.14,17:32,1.14653,1.14659,1.14651,1.14654,71
2019.01.14,17:33,1.14655,1.14655,1.14624,1.14634,125
2019.01.14,17:34,1.14636,1.14656,1.14634,1.14652,90
2019.01.14,17:35,1.14651,1.14687,1.14651,1.14686,91
2019.01.14,17:36,1.14686,1.14689,1.14674,1.14689,73
2019.01.14,17:37,1.14689,1.14694,1.14675,1.14692,80
2019.01.14,17:38,1.14689,1.14695,1.1468,1.14691,72
2019.01.14,17:39,1.14691,1.14691,1.14679,1.1468,61
2019.01.14,17:40,1.1468,1.1468,1.14671,1.14676,53
2019.01.14,17:41,1.14675,1.14679,1.14666,1.14671,73
2019.01.14,17:42,1.14672,1.14676,1.14665,1.14675,83
2019.01.14,17:43,1.14674,1.14682,1.14669,1.14681,57
2019.01.14,17:44,1.1468,1.14685,1.14674,1.14684,76
2019.01.14,17:45,1.14684,1.14685,1.14666,1.14667,57
2019.01.14,17:46,1.14667,1.14701,1.14667,1.14691,95
2019.01.14,17:47,1.14694,1.14699,1.14685,1.14698,82
2019.01.14,17:48,1.14697,1.14715,1.14694,1.14704,80
2019.01.14,17:49,1.14706,1.14715,1.14691,1.14692,79
2019.01.14,17:50,1.14693,1.14712,1.14686,1.14712,91
2019.01.14,17:51,1.14712,1.14725,1.14694,1.147,102
2019.01.14,17:52,1.14704,1.14704,1.14687,1.14687,79
2019.01.14,17:53,1.14686,1.14717,1.14679,1.14713,92
2019.01.14,17:54,1.14713,1.14714,1.14675,1.14714,326
2019.01.14,17:55,1.14713,1.14802,1.14713,1.14776,404
2019.01.14,17:56,1.14775,1.14804,1.14758,1.1476,254
2019.01.14,17:57,1.14759,1.14783,1.14695,1.14698,270
2019.01.14,17:58,1.14699,1.14701,1.14663,1.14672,274
2019.01.14,17:59,1.14673,1.14684,1.14669,1.14673,148
2019.01.14,18:00,1.14672,1.14673,1.14645,1.14657,187
2019.01.14,18:01,1.14656,1.14663,1.14641,1.14661,154
2019.01.14,18:02,1.14661,1.14678,1.14651,1.14671,173
2019.01.14,18:03,1.14671,1.14675,1.14649,1.14675,129
2019.01.14,18:04,1.14675,1.14684,1.14669,1.14669,100
2019.01.14,18:05,1.14673,1.14678,1.14636,1.14656,262
2019.01.14,18:06,1.14655,1.14667,1.14631,1.14649,148
2019.01.14,18:07,1.14648,1.14663,1.14639,1.14661,128
2019.01.14,18:08,1.1466,1.14681,1.1466,1.14666,131
2019.01.14,18:09,1.14669,1.14678,1.14661,1.14675,85
2019.01.14,18:10,1.14674,1.14695,1.14674,1.14684,92
2019.01.14,18:11,1.14684,1.14713,1.14681,1.14706,104
2019.01.14,18:12,1.14706,1.14708,1.14696,1.14707,71
2019.01.14,18:13,1.14706,1.14717,1.14686,1.14697,119
2019.01.14,18:14,1.14698,1.1471,1.14694,1.14705,96
2019.01.14,18:15,1.14705,1.14717,1.14701,1.14711,98
2019.01.14,18:16,1.14711,1.14712,1.14707,1.14709,63
2019.01.14,18:17,1.14709,1.1472,1.14705,1.14706,111
2019.01.14,18:18,1.14706,1.14719,1.14696,1.14713,95
2019.01.14,18:19,1.14713,1.14724,1.14701,1.14723,79
2019.01.14,18:20,1.14723,1.1473,1.1472,1.14727,68
2019.01.14,18:21,1.14726,1.1474,1.14724,1.14724,99
2019.01.14,18:22,1.14724,1.14741,1.14713,1.1474,101
2019.01.14,18:23,1.14739,1.14772,1.14734,1.14767,105
2019.01.14,18:24,1.14768,1.14768,1.14753,1.14764,91
2019.01.14,18:25,1.14764,1.14772,1.14756,1.14759,94
2019.01.14,18:26,1.14759,1.14765,1.14744,1.14764,108
2019.01.14,18:27,1.14765,1.1477,1.14761,1.14769,87
2019.01.14,18:28,1.14768,1.14778,1.14766,1.14776,76
2019.01.14,18:29,1.14777,1.14782,1.14766,1.14769,68
2019.01.14,18:30,1.14772,1.14773,1.14759,1.14763,98
2019.01.14,18:31,1.14763,1.14763,1.14733,1.14742,115
2019.01.14,18:32,1.14746,1.14754,1.1474,1.14754,76
2019.01.14,18:33,1.14753,1.14766,1.14743,1.14766,124
2019.01.14,18:34,1.14763,1.14776,1.14747,1.14752,134
2019.01.14,18:35,1.14752,1.14778,1.14752,1.14774,113
2019.01.14,18:36,1.14774,1.14775,1.14762,1.14775,79
2019.01.14,18:37,1.14776,1.14776,1.14757,1.1476,57
2019.01.14,18:38,1.1476,1.14765,1.1473,1.14735,129
2019.01.14,18:39,1.14734,1.14747,1.14732,1.14733,74
2019.01.14,18:40,1.14731,1.14738,1.14725,1.14727,60
2019.01.14,18:41,1.14727,1.14732,1.14716,1.14732,71
2019.01.14,18:42,1.14731,1.14747,1.14726,1.14744,58
2019.01.14,18:43,1.14743,1.14764,1.14743,1.14761,57
2019.01.14,18:44,1.14762,1.14771,1.14762,1.14767,44
2019.01.14,18:45,1.14768,1.14772,1.14757,1.14772,62
2019.01.14,18:46,1.14771,1.14776,1.14763,1.14765,67
2019.01.14,18:47,1.14766,1.14774,1.14765,1.14769,59
2019.01.14,18:48,1.14769,1.14777,1.14764,1.14776,53
2019.01.14,18:49,1.14776,1.14788,1.14763,1.1478,94
2019.01.14,18:50,1.14778,1.14779,1.1473,1.1474,100
2019.01.14,18:51,1.14743,1.14755,1.14741,1.14751,65
2019.01.14,18:52,1.1475,1.14773,1.14749,1.14768,73
2019.01.14,18:53,1.14768,1.14768,1.14755,1.14759,92
2019.01.14,18:54,1.14759,1.14768,1.14757,1.14767,70
2019.01.14,18:55,1.14767,1.14775,1.14764,1.14769,70
2019.01.14,18:56,1.14769,1.14769,1.14754,1.14763,84
2019.01.14,18:57,1.14762,1.14781,1.1476,1.14777,58
2019.01.14,18:58,1.14777,1.14785,1.14773,1.1478,87
2019.01.14,18:59,1.1478,1.14795,1.1478,1.14791,77
2019.01.14,19:00,1.1479,1.14792,1.14774,1.1479,86
2019.01.14,19:01,1.14792,1.14792,1.14779,1.14785,57
2019.01.14,19:02,1.14784,1.14787,1.14768,1.14774,46
2019.01.14,19:03,1.14773,1.14773,1.14756,1.14758,40
2019.01.14,19:04,1.14757,1.14758,1.1475,1.14751,45
2019.01.14,19:05,1.14751,1.14757,1.14741,1.14748,99
2019.01.14,19:06,1.14749,1.14749,1.14735,1.14743,70
2019.01.14,19:07,1.14742,1.14762,1.14742,1.14759,49
2019.01.14,19:08,1.1476,1.14782,1.1476,1.14779,57
2019.01.14,19:09,1.14779,1.14779,1.14766,1.14768,41
2019.01.14,19:10,1.14769,1.14769,1.14762,1.14768,24
2019.01.14,19:11,1.14769,1.14785,1.14762,1.14765,50
2019.01.14,19:12,1.14766,1.14792,1.14766,1.1479,57
2019.01.14,19:13,1.1479,1.14794,1.1478,1.14791,65
2019.01.14,19:14,1.14789,1.14792,1.14787,1.1479,44
2019.01.14,19:15,1.14789,1.14789,1.14774,1.1478,50
2019.01.14,19:16,1.14779,1.14793,1.14779,1.14779,54
2019.01.14,19:17,1.1478,1.14793,1.14778,1.14789,55
2019.01.14,19:18,1.14788,1.14795,1.14781,1.14794,44
2019.01.14,19:19,1.14793,1.14793,1.14784,1.14789,51
2019.01.14,19:20,1.14789,1.14796,1.14788,1.1479,61
2019.01.14,19:21,1.14789,1.14792,1.14782,1.14789,31
2019.01.14,19:22,1.14793,1.14795,1.14779,1.14785,71
2019.01.14,19:23,1.14784,1.14791,1.14781,1.14783,43
2019.01.14,19:24,1.14784,1.14784,1.14764,1.14764,79
2019.01.14,19:25,1.14765,1.14774,1.14764,1.14774,47
2019.01.14,19:26,1.14773,1.14778,1.14768,1.14774,41
2019.01.14,19:27,1.14773,1.14779,1.14773,1.14776,30
2019.01.14,19:28,1.14775,1.14783,1.14773,1.14776,20
2019.01.14,19:29,1.14777,1.14779,1.14764,1.14765,35
2019.01.14,19:30,1.14766,1.14777,1.14765,1.14766,88
2019.01.14,19:31,1.14768,1.14769,1.14753,1.14758,55
2019.01.14,19:32,1.1476,1.14766,1.14753,1.14756,56
2019.01.14,19:33,1.14755,1.14771,1.14751,1.1477,72
2019.01.14,19:34,1.1477,1.14775,1.14766,1.14769,53
2019.01.14,19:35,1.14769,1.14774,1.1475,1.14753,55
2019.01.14,19:36,1.14751,1.14758,1.14747,1.14758,65
2019.01.14,19:37,1.1476,1.1476,1.14748,1.14752,47
2019.01.14,19:38,1.14751,1.14768,1.14749,1.14768,78
2019.01.14,19:39,1.14767,1.14767,1.14754,1.14754,47
2019.01.14,19:40,1.14754,1.14757,1.14745,1.14747,44
2019.01.14,19:41,1.14748,1.14749,1.14741,1.14745,29
2019.01.14,19:42,1.14746,1.14748,1.14738,1.1474,82
2019.01.14,19:43,1.1474,1.14747,1.14736,1.14742,44
2019.01.14,19:44,1.14742,1.14757,1.14737,1.14757,62
2019.01.14,19:45,1.14757,1.14772,1.14754,1.14771,86
2019.01.14,19:46,1.14771,1.14771,1.14762,1.14767,53
2019.01.14,19:47,1.14767,1.14774,1.14763,1.14768,53
2019.01.14,19:48,1.14768,1.14782,1.14766,1.1478,41
2019.01.14,19:49,1.14778,1.14783,1.14777,1.14781,37
2019.01.14,19:50,1.14782,1.1479,1.14782,1.14785,51
2019.01.14,19:51,1.14785,1.14786,1.14777,1.14778,49
2019.01.14,19:52,1.14778,1.1478,1.14772,1.14776,48
2019.01.14,19:53,1.14777,1.1478,1.14764,1.14766,53
2019.01.14,19:54,1.14763,1.14775,1.14762,1.14769,33
2019.01.14,19:55,1.14768,1.1478,1.14764,1.14778,53
2019.01.14,19:56,1.14778,1.14795,1.14777,1.14791,50
2019.01.14,19:57,1.14791,1.14797,1.14774,1.14776,58
2019.01.14,19:58,1.14777,1.14789,1.14775,1.14777,71
2019.01.14,19:59,1.14776,1.14779,1.14765,1.14767,50
2019.01.14,20:00,1.14767,1.14768,1.14764,1.14766,35
2019.01.14,20:01,1.14766,1.14766,1.14757,1.14761,38
2019.01.14,20:02,1.14761,1.14765,1.14756,1.14759,24
2019.01.14,20:03,1.14758,1.14762,1.1475,1.14751,28
2019.01.14,20:04,1.1475,1.14757,1.14749,1.14754,35
2019.01.14,20:05,1.14755,1.14757,1.14748,1.14749,38
2019.01.14,20:06,1.14749,1.14749,1.14719,1.14728,58
2019.01.14,20:07,1.14725,1.14736,1.14723,1.14736,22
2019.01.14,20:08,1.14737,1.14748,1.14733,1.14744,41
2019.01.14,20:09,1.14746,1.14751,1.14746,1.14749,44
2019.01.14,20:10,1.14746,1.14752,1.1474,1.14751,30
2019.01.14,20:11,1.14749,1.14752,1.14743,1.14744,29
2019.01.14,20:12,1.14745,1.14748,1.14741,1.14743,32
2019.01.14,20:13,1.14741,1.14743,1.14731,1.14734,60
2019.01.14,20:14,1.14735,1.14741,1.14734,1.14736,26
2019.01.14,20:15,1.14736,1.14745,1.14732,1.14743,56
2019.01.14,20:16,1.14741,1.14747,1.14736,1.14744,46
2019.01.14,20:17,1.14743,1.14751,1.1474,1.14749,41
2019.01.14,20:18,1.14752,1.14755,1.14744,1.14747,31
2019.01.14,20:19,1.14746,1.1475,1.14743,1.14747,33
2019.01.14,20:20,1.14747,1.14749,1.14734,1.14737,38
2019.01.14,20:21,1.14738,1.14742,1.14736,1.14741,22
2019.01.14,20:22,1.14741,1.14748,1.14741,1.14743,44
2019.01.14,20:23,1.14742,1.14745,1.1474,1.14741,23
2019.01.14,20:24,1.14741,1.14748,1.1474,1.1474,30
2019.01.14,20:25,1.14739,1.14739,1.1472,1.14722,48
2019.01.14,20:26,1.14722,1.14729,1.14722,1.14725,39
2019.01.14,20:27,1.14724,1.14726,1.14715,1.14724,45
2019.01.14,20:28,1.14726,1.14739,1.14725,1.14725,65
2019.01.14,20:29,1.14724,1.14724,1.14714,1.14718,25
2019.01.14,20:30,1.14717,1.14718,1.14704,1.1471,39
2019.01.14,20:31,1.1471,1.1471,1.147,1.14701,25
2019.01.14,20:32,1.14701,1.14703,1.14696,1.14699,49
2019.01.14,20:33,1.147,1.14712,1.147,1.14712,64
2019.01.14,20:34,1.14712,1.1472,1.14711,1.14716,57
2019.01.14,20:35,1.14717,1.14717,1.14711,1.14711,25
2019.01.14,20:36,1.14711,1.14714,1.14711,1.14712,21
2019.01.14,20:37,1.14712,1.14723,1.14712,1.14722,52
2019.01.14,20:38,1.1472,1.1472,1.14711,1.14715,43
2019.01.14,20:39,1.14714,1.14719,1.14713,1.14714,33
2019.01.14,20:40,1.14714,1.14714,1.14703,1.14707,50
2019.01.14,20:41,1.14706,1.14708,1.14703,1.14705,27
2019.01.14,20:42,1.14705,1.14709,1.147,1.14705,31
2019.01.14,20:43,1.14709,1.14721,1.14709,1.1471,24
2019.01.14,20:44,1.14714,1.14715,1.14707,1.14707,28
2019.01.14,20:45,1.14709,1.14709,1.147,1.147,45
2019.01.14,20:46,1.14699,1.14699,1.14676,1.14689,63
2019.01.14,20:47,1.14688,1.14699,1.14688,1.14694,37
2019.01.14,20:48,1.14693,1.14694,1.14689,1.14692,36
2019.01.14,20:49,1.14692,1.14695,1.14687,1.14694,43
2019.01.14,20:50,1.14694,1.14694,1.14689,1.14694,25
2019.01.14,20:51,1.14695,1.14698,1.14694,1.14694,18
2019.01.14,20:52,1.14693,1.14696,1.14685,1.14693,51
2019.01.14,20:53,1.14694,1.14694,1.14689,1.14691,32
2019.01.14,20:54,1.1469,1.14696,1.14688,1.14691,24
2019.01.14,20:55,1.1469,1.14696,1.1469,1.14695,42
2019.01.14,20:56,1.14696,1.14698,1.14691,1.14691,15
2019.01.14,20:57,1.14695,1.14702,1.14694,1.14696,40
2019.01.14,20:58,1.14696,1.14697,1.14689,1.14692,84
2019.01.14,20:59,1.14693,1.14703,1.14691,1.14696,75
2019.01.14,21:00,1.14696,1.14707,1.14695,1.14695,66
2019.01.14,21:01,1.14695,1.147,1.1469,1.1469,64
2019.01.14,21:02,1.14693,1.14704,1.14689,1.14692,84
2019.01.14,21:03,1.14692,1.14695,1.14685,1.14692,84
2019.01.14,21:04,1.14693,1.14693,1.14685,1.14686,58
2019.01.14,21:05,1.14685,1.14689,1.14673,1.14674,60
2019.01.14,21:06,1.14675,1.14675,1.14666,1.14672,57
2019.01.14,21:07,1.14671,1.14674,1.14666,1.14666,32
2019.01.14,21:08,1.14666,1.14677,1.14655,1.14676,41
2019.01.14,21:09,1.14673,1.14675,1.14665,1.14674,38
2019.01.14,21:10,1.14675,1.14683,1.14675,1.14681,37
2019.01.14,21:11,1.14683,1.14686,1.14679,1.14681,32
2019.01.14,21:12,1.14684,1.14693,1.14683,1.14691,71
2019.01.14,21:13,1.14691,1.14695,1.1469,1.14691,37
2019.01.14,21:14,1.1469,1.14691,1.14677,1.14679,46
2019.01.14,21:15,1.14679,1.14695,1.14679,1.14694,44
2019.01.14,21:16,1.14693,1.14695,1.14679,1.1468,31
2019.01.14,21:17,1.14679,1.14682,1.14678,1.14681,22
2019.01.14,21:18,1.14681,1.14692,1.14676,1.1469,59
2019.01.14,21:19,1.14691,1.14697,1.14685,1.1469,51
2019.01.14,21:20,1.14691,1.14692,1.14685,1.14691,37
2019.01.14,21:21,1.14691,1.14691,1.14669,1.14671,68
2019.01.14,21:22,1.1467,1.14683,1.14664,1.14681,49
2019.01.14,21:23,1.14681,1.14687,1.14679,1.14681,45
2019.01.14,21:24,1.1468,1.14686,1.1468,1.14681,21
2019.01.14,21:25,1.14681,1.14681,1.14671,1.14677,17
2019.01.14,21:26,1.14676,1.14695,1.14675,1.14692,78
2019.01.14,21:27,1.14691,1.14691,1.14686,1.14687,38
2019.01.14,21:28,1.14686,1.14686,1.14681,1.14681,25
2019.01.14,21:29,1.14681,1.14682,1.14676,1.14676,17
2019.01.14,21:30,1.14677,1.14678,1.14665,1.14675,70
2019.01.14,21:31,1.14674,1.14681,1.14673,1.14676,53
2019.01.14,21:32,1.14678,1.14686,1.14664,1.14665,46
2019.01.14,21:33,1.14667,1.14671,1.14665,1.14668,39
2019.01.14,21:34,1.14669,1.14675,1.14665,1.14675,34
2019.01.14,21:35,1.14673,1.14681,1.14673,1.14681,47
2019.01.14,21:36,1.1468,1.1468,1.14671,1.14674,52
2019.01.14,21:37,1.14672,1.14672,1.1467,1.1467,16
2019.01.14,21:38,1.14667,1.14668,1.14661,1.14666,34
2019.01.14,21:39,1.14669,1.14671,1.14668,1.1467,28
2019.01.14,21:40,1.14671,1.14683,1.1467,1.14676,26
2019.01.14,21:41,1.14678,1.14679,1.14672,1.14674,39
2019.01.14,21:42,1.14674,1.14689,1.14674,1.14687,49
2019.01.14,21:43,1.14687,1.14692,1.14682,1.14683,35
2019.01.14,21:44,1.14682,1.14682,1.1468,1.14681,24
2019.01.14,21:45,1.1468,1.14681,1.14676,1.14681,17
2019.01.14,21:46,1.1468,1.14692,1.1468,1.14689,28
2019.01.14,21:47,1.14689,1.14692,1.14681,1.14682,38
2019.01.14,21:48,1.14693,1.14702,1.1469,1.14699,65
2019.01.14,21:49,1.14699,1.14702,1.14697,1.14697,30
2019.01.14,21:50,1.14696,1.147,1.14692,1.14696,35
2019.01.14,21:51,1.14697,1.14697,1.14691,1.14692,29
2019.01.14,21:52,1.14692,1.14692,1.1468,1.14682,19
2019.01.14,21:53,1.14683,1.14691,1.14683,1.14689,34
2019.01.14,21:54,1.14688,1.14691,1.14684,1.14686,24
2019.01.14,21:55,1.14685,1.14686,1.14665,1.1467,42
2019.01.14,21:56,1.14673,1.14675,1.14661,1.14662,66
2019.01.14,21:57,1.14662,1.14677,1.14661,1.1467,63
2019.01.14,21:58,1.1467,1.14676,1.14661,1.14661,36
2019.01.14,21:59,1.14661,1.14671,1.14645,1.14653,122
2019.01.14,22:00,1.14654,1.14661,1.1465,1.14658,57
2019.01.14,22:01,1.14659,1.14659,1.14641,1.14642,42
2019.01.14,22:02,1.14644,1.14645,1.14634,1.1464,59
2019.01.14,22:03,1.14638,1.14647,1.14637,1.14647,22
2019.01.14,22:04,1.14646,1.1466,1.14642,1.1466,38
2019.01.14,22:05,1.1466,1.14662,1.14657,1.14657,41
2019.01.14,22:06,1.14658,1.14659,1.14654,1.14656,28
2019.01.14,22:07,1.14656,1.1466,1.14656,1.14656,28
2019.01.14,22:08,1.14657,1.14657,1.14651,1.14652,21
2019.01.14,22:09,1.14653,1.14669,1.14653,1.14663,35
2019.01.14,22:10,1.14662,1.14664,1.14657,1.14661,45
2019.01.14,22:11,1.1466,1.14661,1.14652,1.14652,26
2019.01.14,22:12,1.14653,1.1466,1.14652,1.14659,34
2019.01.14,22:13,1.14659,1.14662,1.14657,1.14658,30
2019.01.14,22:14,1.14658,1.14659,1.14642,1.14651,75
2019.01.14,22:15,1.14651,1.1466,1.14647,1.1465,43
2019.01.14,22:16,1.14653,1.1466,1.1465,1.14657,51
2019.01.14,22:17,1.1466,1.1466,1.14653,1.14659,17
2019.01.14,22:18,1.14659,1.14662,1.14653,1.14654,21
2019.01.14,22:19,1.14655,1.14655,1.14647,1.14653,42
2019.01.14,22:20,1.14654,1.14658,1.1465,1.14658,26
2019.01.14,22:21,1.14658,1.14658,1.14653,1.14654,31
2019.01.14,22:22,1.14654,1.14654,1.14648,1.14651,37
2019.01.14,22:23,1.14651,1.14655,1.14649,1.14649,39
2019.01.14,22:24,1.14649,1.14649,1.14646,1.14649,19
2019.01.14,22:25,1.1465,1.14652,1.14646,1.14647,23
2019.01.14,22:26,1.14648,1.14657,1.14647,1.14657,34
2019.01.14,22:27,1.14657,1.14658,1.14649,1.14656,28
2019.01.14,22:28,1.14656,1.14662,1.14652,1.14662,43
2019.01.14,22:29,1.14662,1.14664,1.14656,1.14661,40
2019.01.14,22:30,1.1466,1.14663,1.14658,1.14659,31
2019.01.14,22:31,1.14658,1.1466,1.14658,1.1466,12
2019.01.14,22:32,1.14662,1.14667,1.14661,1.14667,23
2019.01.14,22:33,1.14667,1.14667,1.14662,1.14667,24
2019.01.14,22:34,1.14667,1.14667,1.1466,1.14665,46
2019.01.14,22:35,1.14666,1.14671,1.14664,1.14668,40
2019.01.14,22:36,1.14667,1.14667,1.14663,1.14663,11
2019.01.14,22:37,1.14664,1.14667,1.14662,1.14667,12
2019.01.14,22:38,1.14666,1.14671,1.14666,1.14667,22
2019.01.14,22:39,1.14668,1.14669,1.14665,1.14668,16
2019.01.14,22:40,1.14667,1.14668,1.14667,1.14667,6
2019.01.14,22:41,1.14667,1.14668,1.14666,1.14668,11
2019.01.14,22:42,1.14667,1.14667,1.14663,1.14666,18
2019.01.14,22:43,1.14666,1.14667,1.14661,1.14661,14
2019.01.14,22:44,1.14666,1.14667,1.14662,1.14666,22
2019.01.14,22:45,1.14667,1.14667,1.14666,1.14666,15
2019.01.14,22:46,1.14665,1.14665,1.14659,1.14661,19
2019.01.14,22:47,1.14662,1.14667,1.14662,1.14666,17
2019.01.14,22:48,1.14666,1.14666,1.14662,1.14663,12
2019.01.14,22:49,1.14664,1.14667,1.14663,1.14666,10
2019.01.14,22:50,1.14664,1.14667,1.14664,1.14667,6
2019.01.14,22:51,1.14666,1.14666,1.14662,1.14662,15
2019.01.14,22:52,1.14662,1.14669,1.14662,1.14664,24
2019.01.14,22:53,1.14663,1.14669,1.1466,1.14668,34
2019.01.14,22:54,1.14667,1.14668,1.14661,1.14661,28
2019.01.14,22:55,1.14661,1.14664,1.1466,1.14662,23
2019.01.14,22:56,1.1466,1.14664,1.1466,1.14663,21
2019.01.14,22:57,1.14664,1.14678,1.14664,1.14674,50
2019.01.14,22:58,1.14675,1.14693,1.14675,1.14691,56
2019.01.14,22:59,1.14691,1.147,1.14686,1.14686,76
2019.01.14,23:00,1.14688,1.14691,1.14681,1.14686,43
2019.01.14,23:01,1.14688,1.14703,1.14687,1.14691,65
2019.01.14,23:02,1.14691,1.14696,1.14691,1.14692,31
2019.01.14,23:03,1.14694,1.14697,1.14692,1.14697,18
2019.01.14,23:04,1.14697,1.14697,1.14692,1.14695,17
2019.01.14,23:05,1.14695,1.14695,1.14685,1.14687,16
2019.01.14,23:06,1.14688,1.14688,1.14682,1.14687,23
2019.01.14,23:07,1.14688,1.14696,1.14688,1.14692,17
2019.01.14,23:08,1.14692,1.14692,1.14688,1.14688,5
2019.01.14,23:09,1.14687,1.14691,1.14681,1.14688,33
2019.01.14,23:10,1.14689,1.14689,1.14686,1.14686,16
2019.01.14,23:11,1.14685,1.14686,1.14681,1.14681,13
2019.01.14,23:12,1.14682,1.14683,1.14681,1.14683,15
2019.01.14,23:13,1.14682,1.14684,1.14682,1.14682,30
2019.01.14,23:14,1.14682,1.14685,1.14682,1.14685,21
2019.01.14,23:15,1.14684,1.14685,1.14682,1.14685,11
2019.01.14,23:16,1.14684,1.14686,1.14683,1.14685,20
2019.01.14,23:17,1.14684,1.14687,1.14684,1.14687,13
2019.01.14,23:18,1.14687,1.14689,1.14684,1.14685,11
2019.01.14,23:19,1.14685,1.14687,1.14682,1.14683,17
2019.01.14,23:20,1.14683,1.14684,1.14681,1.14683,21
2019.01.14,23:21,1.14683,1.14684,1.14681,1.14683,8
2019.01.14,23:22,1.14684,1.14686,1.14683,1.14683,10
2019.01.14,23:23,1.14681,1.14686,1.14681,1.14684,9
2019.01.14,23:24,1.14685,1.14685,1.14684,1.14684,2
2019.01.14,23:25,1.14687,1.14687,1.14683,1.14684,14
2019.01.14,23:26,1.14683,1.14684,1.14681,1.14683,10
2019.01.14,23:27,1.14684,1.14684,1.14683,1.14683,11
2019.01.14,23:28,1.14683,1.14684,1.14682,1.14683,12
2019.01.14,23:29,1.14683,1.14686,1.14681,1.14684,34
2019.01.14,23:30,1.14684,1.14685,1.14684,1.14684,9
2019.01.14,23:31,1.14683,1.14683,1.14681,1.14681,2
2019.01.14,23:32,1.1468,1.14684,1.14679,1.14683,11
2019.01.14,23:33,1.14681,1.14682,1.1468,1.1468,12
2019.01.14,23:34,1.14681,1.14682,1.14677,1.1468,24
2019.01.14,23:35,1.14681,1.14682,1.14679,1.14679,8
2019.01.14,23:36,1.14679,1.14679,1.14674,1.14674,23
2019.01.14,23:37,1.14674,1.14676,1.14674,1.14674,11
2019.01.14,23:38,1.14675,1.14679,1.14675,1.14676,20
2019.01.14,23:39,1.14676,1.14677,1.14675,1.14675,23
2019.01.14,23:40,1.14676,1.1468,1.14674,1.14676,21
2019.01.14,23:41,1.14677,1.1468,1.14675,1.1468,35
2019.01.14,23:42,1.14678,1.1468,1.14676,1.1468,18
2019.01.14,23:43,1.1468,1.14681,1.14677,1.14677,7
2019.01.14,23:44,1.14676,1.1468,1.14674,1.14679,20
2019.01.14,23:45,1.14679,1.14682,1.14679,1.1468,9
2019.01.14,23:46,1.14681,1.14682,1.1468,1.14681,7
2019.01.14,23:47,1.14681,1.14687,1.14679,1.14685,34
2019.01.14,23:48,1.14685,1.14686,1.14683,1.14686,23
2019.01.14,23:49,1.14685,1.14686,1.14683,1.14683,15
2019.01.14,23:50,1.14682,1.14691,1.1468,1.14687,46
2019.01.14,23:51,1.14686,1.14688,1.14685,1.14686,11
2019.01.14,23:52,1.14686,1.14686,1.14685,1.14686,6
2019.01.14,23:53,1.14687,1.14689,1.14685,1.14689,18
2019.01.14,23:54,1.14689,1.14691,1.14687,1.14688,28
2019.01.14,23:55,1.1469,1.147,1.14687,1.14699,45
2019.01.14,23:56,1.14699,1.14699,1.1469,1.14691,30
2019.01.14,23:57,1.14692,1.14692,1.14685,1.14685,36
2019.01.14,23:58,1.14686,1.14691,1.14685,1.14687,25
2019.01.14,23:59,1.14686,1.14688,1.14679,1.14681,46
2019.01.15,00:00,1.1468,1.1468,1.1468,1.1468,1
2019.01.15,00:02,1.14681,1.14681,1.14681,1.14681,1
2019.01.15,00:03,1.14681,1.14682,1.14681,1.14682,2
2019.01.15,00:04,1.14682,1.14682,1.14682,1.14682,4
2019.01.15,00:06,1.14682,1.14682,1.14681,1.14681,2
2019.01.15,00:07,1.14681,1.14681,1.14673,1.14679,10
2019.01.15,00:08,1.14679,1.14679,1.14679,1.14679,1
2019.01.15,00:09,1.14679,1.14681,1.14679,1.14681,17
2019.01.15,00:10,1.14681,1.14681,1.14681,1.14681,4
2019.01.15,00:13,1.14681,1.14682,1.14678,1.14678,10
2019.01.15,00:14,1.14678,1.14682,1.14678,1.1468,14
2019.01.15,00:15,1.14681,1.14681,1.1468,1.1468,6
2019.01.15,00:16,1.14682,1.14682,1.1468,1.1468,17
2019.01.15,00:17,1.1468,1.1468,1.1468,1.1468,4
2019.01.15,00:18,1.1468,1.1468,1.1468,1.1468,2
2019.01.15,00:19,1.1468,1.14682,1.1468,1.14682,10
2019.01.15,00:20,1.1468,1.1468,1.1468,1.1468,10
2019.01.15,00:21,1.14682,1.14682,1.14682,1.14682,2
2019.01.15,00:22,1.14683,1.14683,1.14682,1.14682,11
2019.01.15,00:23,1.14682,1.14682,1.14682,1.14682,8
2019.01.15,00:24,1.14682,1.14682,1.14682,1.14682,10
2019.01.15,00:25,1.14682,1.14682,1.14682,1.14682,8
2019.01.15,00:26,1.14682,1.14682,1.14671,1.14678,21
2019.01.15,00:27,1.14677,1.14679,1.14677,1.14677,6
2019.01.15,00:28,1.14677,1.1468,1.14677,1.1468,4
2019.01.15,00:29,1.14681,1.14681,1.14666,1.14666,14
2019.01.15,00:30,1.14666,1.14682,1.14666,1.14671,31
2019.01.15,00:31,1.14673,1.14674,1.1467,1.1467,5
2019.01.15,00:32,1.14669,1.1467,1.14668,1.1467,9
2019.01.15,00:33,1.14671,1.14681,1.14666,1.1468,36
2019.01.15,00:34,1.14681,1.14682,1.14676,1.14676,15
2019.01.15,00:35,1.14675,1.14675,1.1466,1.14664,21
2019.01.15,00:36,1.14668,1.14677,1.14668,1.14677,13
2019.01.15,00:37,1.14672,1.14672,1.14667,1.14667,9
2019.01.15,00:38,1.14667,1.14669,1.14667,1.14667,9
2019.01.15,00:39,1.14667,1.14667,1.14667,1.14667,2
2019.01.15,00:40,1.14667,1.14667,1.14667,1.14667,1
2019.01.15,00:41,1.14667,1.1467,1.14667,1.14668,9
2019.01.15,00:42,1.14667,1.14668,1.14665,1.14668,8
2019.01.15,00:43,1.14664,1.14672,1.14663,1.14671,8
2019.01.15,00:44,1.1467,1.14677,1.1467,1.14676,11
2019.01.15,00:45,1.14674,1.14676,1.14674,1.14676,4
2019.01.15,00:46,1.14678,1.14681,1.14671,1.14678,11
2019.01.15,00:47,1.14679,1.14679,1.14677,1.14677,4
2019.01.15,00:48,1.14678,1.14684,1.14677,1.14683,13
2019.01.15,00:49,1.14684,1.14685,1.14679,1.14679,15
2019.01.15,00:50,1.1468,1.1468,1.1468,1.1468,1
2019.01.15,00:51,1.14679,1.14681,1.14679,1.1468,9
2019.01.15,00:52,1.14675,1.14682,1.14673,1.14681,12
2019.01.15,00:53,1.14676,1.14684,1.14675,1.14676,15
2019.01.15,00:54,1.14673,1.14679,1.14672,1.14677,14
2019.01.15,00:55,1.14677,1.14707,1.14677,1.14685,47
2019.01.15,00:56,1.14689,1.1469,1.14684,1.14684,8
2019.01.15,00:57,1.14683,1.14687,1.14675,1.14677,19
2019.01.15,00:58,1.14674,1.14676,1.14664,1.14667,23
2019.01.15,00:59,1.14665,1.1468,1.14642,1.1468,75
2019.01.15,01:00,1.1468,1.14688,1.14674,1.14687,68
2019.01.15,01:01,1.14688,1.14691,1.14683,1.14686,66
2019.01.15,01:02,1.14686,1.14698,1.14686,1.14698,61
2019.01.15,01:03,1.14698,1.14699,1.14695,1.14699,26
2019.01.15,01:04,1.14699,1.147,1.14687,1.14688,30
2019.01.15,01:05,1.14687,1.14703,1.14687,1.14696,40
2019.01.15,01:06,1.14697,1.14703,1.14697,1.14703,13
2019.01.15,01:07,1.14703,1.14703,1.14702,1.14703,9
2019.01.15,01:08,1.14702,1.14703,1.147,1.14702,14
2019.01.15,01:09,1.14702,1.14703,1.14701,1.14703,10
2019.01.15,01:10,1.14702,1.14704,1.14701,1.14703,12
2019.01.15,01:11,1.14703,1.1471,1.147,1.1471,20
2019.01.15,01:12,1.1471,1.1471,1.14709,1.14709,12
2019.01.15,01:13,1.14709,1.14709,1.14705,1.14709,21
2019.01.15,01:14,1.14708,1.14709,1.14705,1.14708,38
2019.01.15,01:15,1.14708,1.14709,1.14701,1.14701,26
2019.01.15,01:16,1.147,1.14705,1.14699,1.14704,18
2019.01.15,01:17,1.14703,1.14714,1.14703,1.14704,30
2019.01.15,01:18,1.14704,1.14709,1.14704,1.14707,30
2019.01.15,01:19,1.14708,1.14715,1.14708,1.1471,30
2019.01.15,01:20,1.14711,1.14711,1.14706,1.14708,41
2019.01.15,01:21,1.14708,1.14708,1.14706,1.14706,21
2019.01.15,01:22,1.14706,1.14707,1.14705,1.14706,12
2019.01.15,01:23,1.14706,1.14708,1.14706,1.14706,3
2019.01.15,01:24,1.14706,1.14706,1.14704,1.14704,2
2019.01.15,01:25,1.14705,1.14709,1.14704,1.14704,11
2019.01.15,01:26,1.14703,1.1471,1.14703,1.1471,14
2019.01.15,01:27,1.1471,1.14711,1.1471,1.1471,4
2019.01.15,01:28,1.14711,1.14712,1.14711,1.14711,14
2019.01.15,01:29,1.14712,1.14712,1.14711,1.14712,19
2019.01.15,01:30,1.14711,1.14716,1.1471,1.14711,33
2019.01.15,01:31,1.14711,1.14712,1.1471,1.14711,17
2019.01.15,01:32,1.14712,1.14714,1.14706,1.14706,24
2019.01.15,01:33,1.14707,1.14711,1.14706,1.14711,21
2019.01.15,01:34,1.1471,1.14716,1.14706,1.14714,30
2019.01.15,01:35,1.14715,1.14715,1.14709,1.14711,39
2019.01.15,01:36,1.14712,1.14712,1.14704,1.14704,16
2019.01.15,01:37,1.14705,1.14705,1.14704,1.14704,6
2019.01.15,01:38,1.14704,1.14706,1.14704,1.14704,6
2019.01.15,01:39,1.14705,1.1471,1.14705,1.14709,13
2019.01.15,01:40,1.1471,1.14719,1.14709,1.14716,27
2019.01.15,01:41,1.14716,1.14719,1.14715,1.14715,20
2019.01.15,01:42,1.14715,1.14716,1.14714,1.14714,11
2019.01.15,01:43,1.14715,1.14715,1.14713,1.14714,15
2019.01.15,01:44,1.14715,1.14715,1.14714,1.14715,11
2019.01.15,01:45,1.14713,1.14715,1.14704,1.14708,27
2019.01.15,01:46,1.14707,1.14707,1.14704,1.14705,20
2019.01.15,01:47,1.14707,1.14715,1.14707,1.14714,41
2019.01.15,01:48,1.14713,1.14714,1.14709,1.1471,13
2019.01.15,01:49,1.14709,1.14714,1.14709,1.14713,15
2019.01.15,01:50,1.14713,1.14717,1.14713,1.14717,7
2019.01.15,01:51,1.14718,1.1472,1.14717,1.14719,9
2019.01.15,01:52,1.14718,1.1472,1.14716,1.14717,24
2019.01.15,01:53,1.14719,1.1472,1.14715,1.14715,16
2019.01.15,01:54,1.14716,1.14719,1.14715,1.14717,16
2019.01.15,01:55,1.14716,1.14721,1.14716,1.14719,14
2019.01.15,01:56,1.1472,1.14726,1.1472,1.1472,21
2019.01.15,01:57,1.14722,1.14723,1.14719,1.14719,17
2019.01.15,01:58,1.1472,1.14725,1.14719,1.14725,12
2019.01.15,01:59,1.14726,1.14726,1.14721,1.14721,4
2019.01.15,02:00,1.1472,1.1473,1.14716,1.14726,53
2019.01.15,02:01,1.14725,1.14725,1.14714,1.14714,17
2019.01.15,02:02,1.14715,1.1472,1.14715,1.1472,14
2019.01.15,02:03,1.1472,1.14726,1.14715,1.14722,34
2019.01.15,02:04,1.14722,1.14732,1.14721,1.1473,42
2019.01.15,02:05,1.14729,1.14731,1.14724,1.14725,30
2019.01.15,02:06,1.14725,1.14734,1.14724,1.14734,31
2019.01.15,02:07,1.14735,1.14735,1.14729,1.14733,38
2019.01.15,02:08,1.14732,1.14745,1.14732,1.14741,45
2019.01.15,02:09,1.14741,1.14746,1.14732,1.1474,34
2019.01.15,02:10,1.14741,1.14742,1.14729,1.14729,49
2019.01.15,02:11,1.14729,1.1473,1.14725,1.14726,20
2019.01.15,02:12,1.14726,1.14726,1.14725,1.14726,7
2019.01.15,02:13,1.14725,1.14726,1.14725,1.14725,12
2019.01.15,02:14,1.14729,1.14731,1.14729,1.14729,12
2019.01.15,02:15,1.1473,1.1473,1.14724,1.14725,27
2019.01.15,02:16,1.14726,1.14736,1.14726,1.14736,24
2019.01.15,02:17,1.14735,1.14737,1.14735,1.14736,7
2019.01.15,02:18,1.14736,1.14737,1.14736,1.14737,11
2019.01.15,02:19,1.14737,1.14739,1.14736,1.14736,25
2019.01.15,02:20,1.14735,1.14735,1.1473,1.14731,13
2019.01.15,02:21,1.1473,1.14731,1.1472,1.1472,20
2019.01.15,02:22,1.1472,1.1473,1.14719,1.1473,23
2019.01.15,02:23,1.1473,1.1473,1.14727,1.14729,17
2019.01.15,02:24,1.14729,1.14729,1.14722,1.14724,21
2019.01.15,02:25,1.14725,1.14725,1.14724,1.14725,15
2019.01.15,02:26,1.14725,1.14734,1.14725,1.14732,21
2019.01.15,02:27,1.14731,1.14736,1.14731,1.14732,18
2019.01.15,02:28,1.14731,1.14737,1.14731,1.14736,30
2019.01.15,02:29,1.14736,1.14748,1.14734,1.14748,31
2019.01.15,02:30,1.14747,1.14748,1.14745,1.14748,8
2019.01.15,02:31,1.14749,1.1475,1.14747,1.14748,22
2019.01.15,02:32,1.14748,1.14749,1.14746,1.14746,17
2019.01.15,02:33,1.14746,1.14751,1.14744,1.14744,34
2019.01.15,02:34,1.14745,1.14746,1.14735,1.14735,26
2019.01.15,02:35,1.14735,1.14735,1.14724,1.14724,46
2019.01.15,02:36,1.14724,1.14736,1.14724,1.14735,29
2019.01.15,02:37,1.14736,1.14736,1.14733,1.14736,19
2019.01.15,02:38,1.14735,1.14735,1.14735,1.14735,3
2019.01.15,02:39,1.14734,1.14735,1.14731,1.14732,24
2019.01.15,02:40,1.14733,1.14735,1.14733,1.14734,13
2019.01.15,02:41,1.14734,1.1474,1.14734,1.14736,35
2019.01.15,02:42,1.14736,1.14737,1.14734,1.14735,29
2019.01.15,02:43,1.14734,1.14746,1.14731,1.14745,48
2019.01.15,02:44,1.14744,1.1475,1.14744,1.14747,16
2019.01.15,02:45,1.14747,1.14755,1.14747,1.14754,31
2019.01.15,02:46,1.14755,1.14758,1.14755,1.14757,9
2019.01.15,02:47,1.14757,1.14758,1.14755,1.14755,26
2019.01.15,02:48,1.14755,1.1476,1.14755,1.14755,9
2019.01.15,02:49,1.14755,1.14759,1.14754,1.14756,13
2019.01.15,02:50,1.14756,1.14756,1.1475,1.14751,12
2019.01.15,02:51,1.14751,1.14756,1.14745,1.14746,34
2019.01.15,02:52,1.14745,1.14755,1.14745,1.14754,27
2019.01.15,02:53,1.14754,1.14756,1.14752,1.14752,29
2019.01.15,02:54,1.14752,1.14756,1.1475,1.14755,42
2019.01.15,02:55,1.14763,1.14766,1.1476,1.14761,31
2019.01.15,02:56,1.14761,1.14768,1.14761,1.14765,26
2019.01.15,02:57,1.14766,1.14776,1.14766,1.1477,28
2019.01.15,02:58,1.1477,1.14772,1.14769,1.14771,27
2019.01.15,02:59,1.14771,1.14771,1.14765,1.14767,32
2019.01.15,03:00,1.14766,1.14767,1.14765,1.14766,33
2019.01.15,03:01,1.14768,1.14769,1.14765,1.14766,19
2019.01.15,03:02,1.14766,1.14766,1.14751,1.14751,36
2019.01.15,03:03,1.14751,1.14757,1.14744,1.14746,37
2019.01.15,03:04,1.14745,1.14754,1.14745,1.14754,32
2019.01.15,03:05,1.14755,1.14756,1.14751,1.14751,33
2019.01.15,03:06,1.14752,1.14752,1.14747,1.14749,20
2019.01.15,03:07,1.14749,1.14749,1.14741,1.14742,17
2019.01.15,03:08,1.14743,1.14743,1.14739,1.14739,13
2019.01.15,03:09,1.14739,1.14739,1.14724,1.14732,57
2019.01.15,03:10,1.14734,1.14747,1.14731,1.14747,47
2019.01.15,03:11,1.14747,1.14756,1.14745,1.14754,62
2019.01.15,03:12,1.14754,1.14755,1.14751,1.14752,31
2019.01.15,03:13,1.14752,1.14759,1.14748,1.14755,54
2019.01.15,03:14,1.14755,1.14766,1.14755,1.14756,55
2019.01.15,03:15,1.14756,1.14763,1.14753,1.14762,36
2019.01.15,03:16,1.14762,1.14772,1.14761,1.14767,76
2019.01.15,03:17,1.14767,1.14767,1.14763,1.14765,28
2019.01.15,03:18,1.14765,1.1477,1.14756,1.14757,47
2019.01.15,03:19,1.14757,1.14766,1.14755,1.14756,44
2019.01.15,03:20,1.14756,1.14772,1.14756,1.14771,50
2019.01.15,03:21,1.14771,1.14772,1.14765,1.14771,51
2019.01.15,03:22,1.1477,1.14782,1.1477,1.14778,22
2019.01.15,03:23,1.1478,1.148,1.1478,1.14795,62
2019.01.15,03:24,1.14796,1.14799,1.14794,1.14797,28
2019.01.15,03:25,1.14797,1.14802,1.14796,1.14801,30
2019.01.15,03:26,1.14801,1.14817,1.14801,1.14815,56
2019.01.15,03:27,1.14814,1.14846,1.14814,1.14836,129
2019.01.15,03:28,1.14835,1.14838,1.14831,1.14836,44
2019.01.15,03:29,1.14837,1.14838,1.14824,1.14826,50
2019.01.15,03:30,1.14826,1.14826,1.14812,1.14821,68
2019.01.15,03:31,1.14821,1.14835,1.14821,1.14827,69
2019.01.15,03:32,1.14826,1.14836,1.14819,1.14834,50
2019.01.15,03:33,1.14833,1.14833,1.14822,1.14822,45
2019.01.15,03:34,1.14821,1.14822,1.14817,1.14821,31
2019.01.15,03:35,1.14821,1.14877,1.14821,1.14875,112
2019.01.15,03:36,1.14876,1.14886,1.14867,1.14877,125
2019.01.15,03:37,1.14878,1.14885,1.14877,1.1488,81
2019.01.15,03:38,1.1488,1.14882,1.14875,1.14876,63
2019.01.15,03:39,1.14876,1.14877,1.14864,1.14867,42
2019.01.15,03:40,1.14866,1.14883,1.14866,1.14878,59
2019.01.15,03:41,1.14878,1.14893,1.14877,1.14892,92
2019.01.15,03:42,1.14892,1.14892,1.14877,1.14878,74
2019.01.15,03:43,1.14882,1.14888,1.14877,1.14888,89
2019.01.15,03:44,1.1489,1.14896,1.14887,1.14891,54
2019.01.15,03:45,1.14891,1.14891,1.1487,1.14876,89
2019.01.15,03:46,1.14875,1.14877,1.14865,1.14865,39
2019.01.15,03:47,1.14865,1.1487,1.14864,1.14865,37
2019.01.15,03:48,1.14864,1.14864,1.14855,1.1486,55
2019.01.15,03:49,1.14861,1.14871,1.14861,1.14871,33
2019.01.15,03:50,1.1487,1.14876,1.1487,1.14875,24
2019.01.15,03:51,1.14876,1.14877,1.14874,1.14875,36
2019.01.15,03:52,1.14873,1.14883,1.14867,1.14882,48
2019.01.15,03:53,1.14881,1.14882,1.14875,1.14878,54
2019.01.15,03:54,1.14877,1.14877,1.14855,1.14861,54
2019.01.15,03:55,1.14862,1.14862,1.14844,1.14845,49
2019.01.15,03:56,1.14845,1.1486,1.14844,1.1485,102
2019.01.15,03:57,1.1485,1.14851,1.14842,1.1485,43
2019.01.15,03:58,1.14851,1.14851,1.14846,1.1485,30
2019.01.15,03:59,1.14851,1.14855,1.14842,1.14849,107
2019.01.15,04:00,1.14848,1.14862,1.14843,1.14862,79
2019.01.15,04:01,1.14863,1.14868,1.14861,1.14866,57
2019.01.15,04:02,1.14867,1.14869,1.14866,1.14867,11
2019.01.15,04:03,1.14866,1.14868,1.14865,1.14867,9
2019.01.15,04:04,1.14868,1.14872,1.14866,1.14872,17
2019.01.15,04:05,1.14871,1.14873,1.14871,1.14873,7
2019.01.15,04:06,1.14873,1.14881,1.14867,1.14881,37
2019.01.15,04:07,1.14882,1.1489,1.14881,1.14888,31
2019.01.15,04:08,1.14888,1.14888,1.14886,1.14887,13
2019.01.15,04:09,1.14886,1.14887,1.14886,1.14886,23
2019.01.15,04:10,1.14885,1.14886,1.14884,1.14886,28
2019.01.15,04:11,1.14885,1.14889,1.14882,1.14889,39
2019.01.15,04:12,1.14889,1.14895,1.14885,1.14887,25
2019.01.15,04:13,1.14887,1.14888,1.14876,1.14876,32
2019.01.15,04:14,1.14876,1.14881,1.14875,1.14881,17
2019.01.15,04:15,1.1488,1.14881,1.14872,1.14876,40
2019.01.15,04:16,1.14876,1.14876,1.1487,1.14871,31
2019.01.15,04:17,1.14871,1.14871,1.14865,1.14866,19
2019.01.15,04:18,1.14865,1.14866,1.14865,1.14865,10
2019.01.15,04:19,1.14865,1.14871,1.14864,1.14871,15
2019.01.15,04:20,1.1487,1.14872,1.1487,1.14872,6
2019.01.15,04:21,1.14874,1.14878,1.14871,1.14871,23
2019.01.15,04:22,1.14872,1.14872,1.14865,1.14865,8
2019.01.15,04:23,1.14863,1.14865,1.14862,1.14864,30
2019.01.15,04:24,1.14863,1.14864,1.14858,1.14859,24
2019.01.15,04:25,1.14858,1.14861,1.14853,1.14853,32
2019.01.15,04:26,1.14854,1.14855,1.14849,1.14851,44
2019.01.15,04:27,1.1485,1.14854,1.14846,1.14846,29
2019.01.15,04:28,1.14846,1.14846,1.14838,1.14838,46
2019.01.15,04:29,1.14837,1.1484,1.14832,1.14835,45
2019.01.15,04:30,1.14834,1.14841,1.14834,1.1484,13
2019.01.15,04:31,1.14841,1.14855,1.14841,1.14855,13
2019.01.15,04:32,1.14856,1.14857,1.14853,1.14856,18
2019.01.15,04:33,1.14855,1.14861,1.14854,1.14856,51
2019.01.15,04:34,1.14859,1.14861,1.14855,1.14855,20
2019.01.15,04:35,1.14855,1.14859,1.14855,1.14856,16
2019.01.15,04:36,1.14855,1.14858,1.14851,1.14858,52
2019.01.15,04:37,1.14859,1.14861,1.14846,1.14848,35
2019.01.15,04:38,1.14849,1.14851,1.14844,1.14846,28
2019.01.15,04:39,1.14846,1.14846,1.14841,1.14844,42
2019.01.15,04:40,1.14843,1.14849,1.14842,1.14844,21
2019.01.15,04:41,1.14844,1.14851,1.14836,1.14851,63
2019.01.15,04:42,1.14851,1.14859,1.14851,1.14858,26
2019.01.15,04:43,1.14857,1.14859,1.14852,1.14853,28
2019.01.15,04:44,1.14853,1.14856,1.1484,1.1484,41
2019.01.15,04:45,1.1484,1.1484,1.14829,1.1483,48
2019.01.15,04:46,1.1483,1.14834,1.14825,1.14826,49
2019.01.15,04:47,1.14828,1.1483,1.14824,1.14829,34
2019.01.15,04:48,1.14831,1.14831,1.14825,1.1483,31
2019.01.15,04:49,1.14833,1.14844,1.1483,1.14831,22
2019.01.15,04:50,1.14832,1.14834,1.14827,1.14834,19
2019.01.15,04:51,1.14833,1.14834,1.14828,1.14831,20
2019.01.15,04:52,1.14834,1.1484,1.14831,1.14835,19
2019.01.15,04:53,1.14834,1.1485,1.14832,1.14848,37
2019.01.15,04:54,1.14849,1.14856,1.14847,1.14853,27
2019.01.15,04:55,1.14854,1.14856,1.14847,1.1485,65
2019.01.15,04:56,1.14851,1.14851,1.14831,1.14831,59
2019.01.15,04:57,1.14828,1.14828,1.14821,1.14825,18
2019.01.15,04:58,1.14826,1.14832,1.14813,1.14825,53
2019.01.15,04:59,1.14826,1.14838,1.14826,1.14835,44
2019.01.15,05:00,1.14836,1.14841,1.14824,1.14824,68
2019.01.15,05:01,1.14823,1.14826,1.14816,1.14826,23
2019.01.15,05:02,1.14825,1.14827,1.14821,1.14822,42
2019.01.15,05:03,1.14823,1.14842,1.14823,1.14838,61
2019.01.15,05:04,1.14838,1.14842,1.14832,1.14833,31
2019.01.15,05:05,1.14834,1.14848,1.14832,1.14842,45
2019.01.15,05:06,1.14842,1.14846,1.14836,1.14836,34
2019.01.15,05:07,1.14836,1.14841,1.14832,1.14836,54
2019.01.15,05:08,1.14837,1.14854,1.14837,1.14849,32
2019.01.15,05:09,1.14849,1.14862,1.14849,1.14852,58
2019.01.15,05:10,1.14851,1.14852,1.14849,1.14851,27
2019.01.15,05:11,1.14851,1.14856,1.1485,1.14851,42
2019.01.15,05:12,1.14851,1.14851,1.14845,1.14846,22
2019.01.15,05:13,1.14849,1.1486,1.14847,1.14853,38
2019.01.15,05:14,1.14853,1.14856,1.14852,1.14852,42
2019.01.15,05:15,1.14853,1.14853,1.14835,1.14837,44
2019.01.15,05:16,1.14838,1.14844,1.14838,1.14841,26
2019.01.15,05:17,1.14841,1.14841,1.14839,1.14839,11
2019.01.15,05:18,1.14839,1.14841,1.14839,1.1484,22
2019.01.15,05:19,1.1484,1.14842,1.14834,1.14842,26
2019.01.15,05:20,1.14841,1.14846,1.14839,1.14841,50
2019.01.15,05:21,1.14842,1.14842,1.1484,1.1484,20
2019.01.15,05:22,1.14842,1.14844,1.14839,1.1484,31
2019.01.15,05:23,1.14841,1.14841,1.1484,1.14841,8
2019.01.15,05:24,1.14841,1.14842,1.14831,1.14834,54
2019.01.15,05:25,1.14834,1.14834,1.14829,1.14831,26
2019.01.15,05:26,1.14834,1.14843,1.14834,1.14841,41
2019.01.15,05:27,1.14843,1.14846,1.14842,1.14843,31
2019.01.15,05:28,1.14842,1.14842,1.14838,1.14841,22
2019.01.15,05:29,1.1484,1.14846,1.1484,1.14844,50
2019.01.15,05:30,1.14844,1.14844,1.14834,1.14836,48
2019.01.15,05:31,1.14835,1.14841,1.14835,1.14841,48
2019.01.15,05:32,1.14841,1.14846,1.14841,1.14844,33
2019.01.15,05:33,1.14844,1.14846,1.14844,1.14846,7
2019.01.15,05:34,1.14845,1.14851,1.14845,1.14851,28
2019.01.15,05:35,1.14851,1.14851,1.14835,1.14836,50
2019.01.15,05:36,1.14835,1.14836,1.14834,1.14835,49
2019.01.15,05:37,1.14836,1.14841,1.14835,1.14841,47
2019.01.15,05:38,1.14841,1.14844,1.1484,1.1484,21
2019.01.15,05:39,1.1484,1.1484,1.14835,1.14835,12
2019.01.15,05:40,1.14835,1.14837,1.14833,1.14836,20
2019.01.15,05:41,1.14835,1.14835,1.14828,1.14831,12
2019.01.15,05:42,1.14833,1.14846,1.14833,1.14846,21
2019.01.15,05:43,1.14845,1.14846,1.14842,1.14843,23
2019.01.15,05:44,1.14842,1.14846,1.14842,1.14844,31
2019.01.15,05:45,1.14844,1.14845,1.14841,1.14844,26
2019.01.15,05:46,1.14843,1.14844,1.14841,1.14843,12
2019.01.15,05:47,1.14844,1.14846,1.14841,1.14841,20
2019.01.15,05:48,1.1484,1.1484,1.14831,1.14831,22
2019.01.15,05:49,1.14831,1.14832,1.1483,1.14831,11
2019.01.15,05:50,1.14832,1.14841,1.14832,1.14836,19
2019.01.15,05:51,1.14836,1.14836,1.14836,1.14836,2
2019.01.15,05:53,1.14836,1.14836,1.14834,1.14836,9
2019.01.15,05:54,1.14835,1.14835,1.14832,1.14833,7
2019.01.15,05:55,1.14833,1.14836,1.14833,1.14836,11
2019.01.15,05:57,1.14836,1.14836,1.1483,1.14831,18
2019.01.15,05:58,1.14832,1.14842,1.14831,1.14841,28
2019.01.15,05:59,1.14842,1.14851,1.14842,1.14851,57
2019.01.15,06:00,1.14851,1.14851,1.1483,1.14832,49
2019.01.15,06:01,1.14831,1.14831,1.14827,1.14829,26
2019.01.15,06:02,1.14829,1.14833,1.14826,1.14826,26
2019.01.15,06:03,1.14826,1.14829,1.14826,1.14829,18
2019.01.15,06:04,1.14829,1.14835,1.14829,1.14835,16
2019.01.15,06:05,1.14834,1.14834,1.14825,1.1483,21
2019.01.15,06:06,1.1483,1.1483,1.14827,1.14828,15
2019.01.15,06:07,1.14828,1.14829,1.14821,1.14822,49
2019.01.15,06:08,1.14821,1.14821,1.1481,1.14815,38
2019.01.15,06:09,1.14815,1.14818,1.14812,1.14815,28
2019.01.15,06:10,1.14816,1.14819,1.14814,1.14814,28
2019.01.15,06:11,1.14815,1.1482,1.14814,1.14819,9
2019.01.15,06:12,1.14821,1.14821,1.14819,1.14819,2
2019.01.15,06:13,1.14819,1.14819,1.14815,1.14819,15
2019.01.15,06:14,1.1482,1.1482,1.14815,1.14815,9
2019.01.15,06:15,1.14814,1.14816,1.14805,1.14805,28
2019.01.15,06:16,1.14805,1.14814,1.14805,1.14814,18
2019.01.15,06:17,1.14814,1.1482,1.14814,1.14819,13
2019.01.15,06:18,1.1482,1.1482,1.14815,1.14815,15
2019.01.15,06:19,1.14816,1.14821,1.14816,1.1482,5
2019.01.15,06:20,1.14821,1.14822,1.1482,1.1482,22
2019.01.15,06:21,1.1482,1.1482,1.14819,1.1482,5
2019.01.15,06:22,1.14817,1.1482,1.14814,1.14814,18
2019.01.15,06:23,1.14815,1.14815,1.14806,1.14809,15
2019.01.15,06:24,1.1481,1.14814,1.14809,1.14813,28
2019.01.15,06:25,1.14813,1.14818,1.1481,1.14813,41
2019.01.15,06:26,1.14814,1.14814,1.14809,1.1481,18
2019.01.15,06:27,1.14809,1.14812,1.14809,1.14811,10
2019.01.15,06:28,1.14812,1.14813,1.14805,1.14805,26
2019.01.15,06:29,1.14806,1.14806,1.14803,1.14803,8
2019.01.15,06:30,1.14804,1.1481,1.14804,1.1481,20
2019.01.15,06:31,1.1481,1.1481,1.14808,1.14808,8
2019.01.15,06:32,1.14809,1.14809,1.14804,1.14806,12
2019.01.15,06:33,1.14806,1.14806,1.14805,1.14806,6
2019.01.15,06:34,1.14805,1.14807,1.14804,1.14806,16
2019.01.15,06:35,1.14806,1.14806,1.148,1.14806,18
2019.01.15,06:36,1.14806,1.14806,1.14805,1.14805,6
2019.01.15,06:37,1.14805,1.14806,1.14805,1.14805,4
2019.01.15,06:38,1.14806,1.14809,1.14803,1.14809,18
2019.01.15,06:39,1.14806,1.14806,1.14799,1.14802,28
2019.01.15,06:40,1.14803,1.14803,1.148,1.148,22
2019.01.15,06:41,1.148,1.148,1.14799,1.148,5
2019.01.15,06:42,1.14801,1.14801,1.14798,1.14798,10
2019.01.15,06:43,1.14799,1.148,1.14794,1.14794,24
2019.01.15,06:44,1.14795,1.14795,1.14793,1.14794,6
2019.01.15,06:45,1.14794,1.14795,1.14793,1.14794,11
2019.01.15,06:46,1.14794,1.14794,1.1479,1.14794,14
2019.01.15,06:47,1.14794,1.14794,1.14791,1.14794,25
2019.01.15,06:48,1.14793,1.14795,1.1479,1.14791,22
2019.01.15,06:49,1.14791,1.14792,1.1479,1.1479,13
2019.01.15,06:50,1.14791,1.14791,1.14785,1.14785,21
2019.01.15,06:51,1.14788,1.14796,1.14788,1.14795,24
2019.01.15,06:52,1.14796,1.14804,1.14795,1.14802,42
2019.01.15,06:53,1.14801,1.14809,1.14801,1.14809,27
2019.01.15,06:54,1.14809,1.14812,1.14807,1.1481,33
2019.01.15,06:55,1.1481,1.14811,1.14808,1.14809,32
2019.01.15,06:56,1.14809,1.1481,1.14807,1.14807,28
2019.01.15,06:57,1.14807,1.14807,1.14799,1.14805,23
2019.01.15,06:58,1.14805,1.14805,1.14796,1.148,25
2019.01.15,06:59,1.148,1.14801,1.14798,1.14798,37
2019.01.15,07:00,1.14798,1.14798,1.14792,1.14794,33
2019.01.15,07:01,1.14794,1.14796,1.14791,1.14796,40
2019.01.15,07:02,1.14797,1.14797,1.14794,1.14795,19
2019.01.15,07:03,1.14794,1.14797,1.14793,1.14797,16
2019.01.15,07:04,1.14796,1.14797,1.14796,1.14797,9
2019.01.15,07:05,1.14797,1.14806,1.14797,1.14806,12
2019.01.15,07:06,1.14806,1.14807,1.14801,1.14806,30
2019.01.15,07:07,1.14806,1.14807,1.14802,1.14803,14
2019.01.15,07:08,1.14802,1.14807,1.14798,1.14803,31
2019.01.15,07:09,1.14803,1.14804,1.14802,1.14802,15
2019.01.15,07:10,1.14803,1.14804,1.14801,1.14801,11
2019.01.15,07:11,1.14801,1.14801,1.14796,1.14796,11
2019.01.15,07:12,1.14797,1.148,1.14795,1.14796,24
2019.01.15,07:13,1.14797,1.148,1.14795,1.14795,23
2019.01.15,07:14,1.14797,1.14801,1.14797,1.14799,27
2019.01.15,07:15,1.14799,1.148,1.14799,1.14799,7
2019.01.15,07:16,1.14798,1.14798,1.14792,1.14796,61
2019.01.15,07:17,1.14798,1.14798,1.14792,1.14794,52
2019.01.15,07:18,1.14795,1.14797,1.14786,1.14791,31
2019.01.15,07:19,1.1479,1.1479,1.14786,1.14787,24
2019.01.15,07:20,1.14786,1.14797,1.14785,1.14797,31
2019.01.15,07:21,1.14796,1.14798,1.14776,1.14777,29
2019.01.15,07:22,1.1478,1.14792,1.14775,1.14775,97
2019.01.15,07:23,1.14775,1.14778,1.14771,1.14774,58
2019.01.15,07:24,1.14773,1.14781,1.14766,1.14774,68
2019.01.15,07:25,1.14773,1.14778,1.14772,1.14775,22
2019.01.15,07:26,1.14774,1.14774,1.14762,1.14762,15
2019.01.15,07:27,1.14762,1.14772,1.14761,1.14772,26
2019.01.15,07:28,1.14772,1.14778,1.14772,1.14777,13
2019.01.15,07:29,1.14777,1.14778,1.14777,1.14778,20
2019.01.15,07:30,1.14777,1.14781,1.14777,1.1478,34
2019.01.15,07:31,1.14781,1.14781,1.14776,1.14776,24
2019.01.15,07:32,1.14776,1.14785,1.14775,1.14782,27
2019.01.15,07:33,1.14781,1.14782,1.14781,1.14782,8
2019.01.15,07:34,1.14782,1.14782,1.14771,1.14775,43
2019.01.15,07:35,1.14774,1.14778,1.14771,1.14771,29
2019.01.15,07:36,1.14773,1.14777,1.14773,1.14776,13
2019.01.15,07:37,1.14776,1.14786,1.14776,1.1478,51
2019.01.15,07:38,1.1478,1.14785,1.1477,1.1477,31
2019.01.15,07:39,1.14768,1.14769,1.14762,1.14769,29
2019.01.15,07:40,1.14769,1.14771,1.14764,1.14764,15
2019.01.15,07:41,1.14764,1.14777,1.14764,1.14776,31
2019.01.15,07:42,1.14776,1.14776,1.14772,1.14775,20
2019.01.15,07:43,1.14775,1.14791,1.14775,1.14788,48
2019.01.15,07:44,1.14788,1.14798,1.14786,1.14794,43
2019.01.15,07:45,1.14794,1.14798,1.14794,1.14797,25
2019.01.15,07:46,1.14797,1.14798,1.14795,1.14796,44
2019.01.15,07:47,1.14797,1.14798,1.14792,1.14792,42
2019.01.15,07:48,1.14791,1.14791,1.14785,1.1479,40
2019.01.15,07:49,1.1479,1.14796,1.14786,1.14796,21
2019.01.15,07:50,1.14796,1.14801,1.14795,1.14801,15
2019.01.15,07:51,1.14802,1.14811,1.14802,1.14807,26
2019.01.15,07:52,1.14807,1.14808,1.14804,1.14807,25
2019.01.15,07:53,1.14808,1.14808,1.14801,1.14801,16
2019.01.15,07:54,1.14802,1.14805,1.148,1.14802,30
2019.01.15,07:55,1.14801,1.14806,1.14799,1.14801,42
2019.01.15,07:56,1.14801,1.14811,1.14801,1.1481,88
2019.01.15,07:57,1.14811,1.14811,1.14807,1.14811,37
2019.01.15,07:58,1.14813,1.14826,1.14813,1.14825,53
2019.01.15,07:59,1.14826,1.14831,1.14818,1.1483,70
2019.01.15,08:00,1.14828,1.14828,1.14813,1.14817,64
2019.01.15,08:01,1.14817,1.14817,1.14799,1.14803,46
2019.01.15,08:02,1.14803,1.14806,1.14803,1.14804,28
2019.01.15,08:03,1.14804,1.14804,1.14796,1.14796,48
2019.01.15,08:04,1.14797,1.14797,1.14791,1.14792,45
2019.01.15,08:05,1.14795,1.14797,1.14793,1.14795,29
2019.01.15,08:06,1.14795,1.14796,1.14792,1.14796,24
2019.01.15,08:07,1.14796,1.14797,1.14794,1.14796,20
2019.01.15,08:08,1.14794,1.14794,1.14783,1.14786,29
2019.01.15,08:09,1.14785,1.14791,1.14781,1.14781,34
2019.01.15,08:10,1.14779,1.1478,1.14775,1.14777,22
2019.01.15,08:11,1.14776,1.14777,1.14771,1.14774,22
2019.01.15,08:12,1.14773,1.14774,1.14773,1.14774,7
2019.01.15,08:13,1.14774,1.14781,1.14774,1.14781,11
2019.01.15,08:14,1.14781,1.14797,1.14781,1.14796,43
2019.01.15,08:15,1.14795,1.14804,1.14781,1.14785,41
2019.01.15,08:16,1.14786,1.14789,1.14778,1.14783,37
2019.01.15,08:17,1.14782,1.14787,1.14779,1.14785,28
2019.01.15,08:18,1.14785,1.14793,1.14782,1.14793,35
2019.01.15,08:19,1.14793,1.14797,1.14793,1.14796,13
2019.01.15,08:20,1.14797,1.14803,1.14791,1.14799,35
2019.01.15,08:21,1.14798,1.14799,1.14788,1.14789,40
2019.01.15,08:22,1.14791,1.14793,1.14787,1.14789,43
2019.01.15,08:23,1.14788,1.14796,1.14788,1.14795,36
2019.01.15,08:24,1.14796,1.14797,1.14791,1.14796,29
2019.01.15,08:25,1.14787,1.14789,1.14787,1.14789,33
2019.01.15,08:26,1.14788,1.14792,1.14787,1.1479,40
2019.01.15,08:27,1.14791,1.14797,1.14784,1.14786,40
2019.01.15,08:28,1.14785,1.14785,1.14751,1.14755,103
2019.01.15,08:29,1.14755,1.14761,1.1475,1.14757,67
2019.01.15,08:30,1.14758,1.1476,1.14755,1.1476,22
2019.01.15,08:31,1.1476,1.14761,1.14756,1.14756,30
2019.01.15,08:32,1.14756,1.14758,1.14756,1.14757,7
2019.01.15,08:33,1.1476,1.14761,1.14743,1.14744,37
2019.01.15,08:34,1.14745,1.1475,1.14734,1.14734,50
2019.01.15,08:35,1.14733,1.14733,1.14722,1.1473,32
2019.01.15,08:36,1.14731,1.14735,1.14731,1.14735,18
2019.01.15,08:37,1.14734,1.14736,1.14734,1.14734,13
2019.01.15,08:38,1.14735,1.14739,1.14734,1.14736,23
2019.01.15,08:39,1.14735,1.14744,1.14735,1.14741,38
2019.01.15,08:40,1.1474,1.1474,1.14734,1.14735,30
2019.01.15,08:41,1.14736,1.14745,1.14735,1.14742,16
2019.01.15,08:42,1.14743,1.1475,1.14743,1.14748,40
2019.01.15,08:43,1.14748,1.14749,1.14736,1.14745,67
2019.01.15,08:44,1.14748,1.1475,1.14744,1.14746,49
2019.01.15,08:45,1.14746,1.14747,1.1473,1.14731,50
2019.01.15,08:46,1.14731,1.14731,1.14725,1.14726,38
2019.01.15,08:47,1.14726,1.14726,1.14721,1.14721,28
2019.01.15,08:48,1.1472,1.14724,1.14719,1.14724,31
2019.01.15,08:49,1.14723,1.14737,1.14723,1.14736,31
2019.01.15,08:50,1.14739,1.14746,1.14736,1.14744,25
2019.01.15,08:51,1.14745,1.14746,1.1474,1.14743,44
2019.01.15,08:52,1.14744,1.14746,1.1474,1.14743,45
2019.01.15,08:53,1.14743,1.14743,1.14725,1.14725,41
2019.01.15,08:54,1.14726,1.14742,1.14726,1.14741,26
2019.01.15,08:55,1.14739,1.14745,1.14739,1.14745,17
2019.01.15,08:56,1.14746,1.14753,1.14745,1.14753,35
2019.01.15,08:57,1.14756,1.14764,1.14756,1.14757,45
2019.01.15,08:58,1.14757,1.14764,1.14752,1.14758,27
2019.01.15,08:59,1.14758,1.14761,1.14758,1.14761,27
2019.01.15,09:00,1.1476,1.14761,1.14731,1.14732,72
2019.01.15,09:01,1.14732,1.14742,1.14718,1.14721,57
2019.01.15,09:02,1.14722,1.14726,1.14716,1.14724,77
2019.01.15,09:03,1.14724,1.14728,1.1472,1.14721,44
2019.01.15,09:04,1.14721,1.14728,1.14717,1.14728,42
2019.01.15,09:05,1.14728,1.14743,1.14728,1.14742,50
2019.01.15,09:06,1.1474,1.14754,1.14738,1.14746,61
2019.01.15,09:07,1.14744,1.14744,1.14728,1.14729,61
2019.01.15,09:08,1.14729,1.14739,1.14726,1.14738,28
2019.01.15,09:09,1.14737,1.14753,1.14732,1.14753,41
2019.01.15,09:10,1.1475,1.14767,1.14748,1.14753,76
2019.01.15,09:11,1.14752,1.1477,1.14749,1.1477,56
2019.01.15,09:12,1.14769,1.14789,1.14768,1.14789,89
2019.01.15,09:13,1.14788,1.14805,1.14786,1.14798,53
2019.01.15,09:14,1.14798,1.148,1.1479,1.1479,34
2019.01.15,09:15,1.14789,1.14805,1.14783,1.148,73
2019.01.15,09:16,1.148,1.14818,1.14789,1.14817,133
2019.01.15,09:17,1.14815,1.14824,1.14804,1.14806,59
2019.01.15,09:18,1.14807,1.14813,1.14802,1.14808,44
2019.01.15,09:19,1.14809,1.14813,1.14805,1.14805,20
2019.01.15,09:20,1.14804,1.14808,1.14793,1.14797,47
2019.01.15,09:21,1.14796,1.14797,1.14772,1.14778,93
2019.01.15,09:22,1.14777,1.14788,1.14772,1.14788,53
2019.01.15,09:23,1.14789,1.148,1.14782,1.14791,69
2019.01.15,09:24,1.14788,1.14798,1.14786,1.14788,52
2019.01.15,09:25,1.14791,1.14804,1.14787,1.14803,44
2019.01.15,09:26,1.14803,1.14827,1.14801,1.1482,69
2019.01.15,09:27,1.1482,1.14827,1.14807,1.14809,107
2019.01.15,09:28,1.1481,1.14816,1.14806,1.14809,55
2019.01.15,09:29,1.14808,1.14822,1.14806,1.14807,61
2019.01.15,09:30,1.14807,1.14811,1.14796,1.14797,97
2019.01.15,09:31,1.14798,1.14806,1.14789,1.14798,77
2019.01.15,09:32,1.14799,1.14809,1.14797,1.14805,65
2019.01.15,09:33,1.14805,1.14806,1.14794,1.14804,83
2019.01.15,09:34,1.14804,1.14809,1.14784,1.14787,67
2019.01.15,09:35,1.14786,1.14791,1.14772,1.14772,72
2019.01.15,09:36,1.14771,1.14778,1.14765,1.14766,86
2019.01.15,09:37,1.14767,1.14767,1.14761,1.14766,34
2019.01.15,09:38,1.14766,1.14778,1.14766,1.14772,78
2019.01.15,09:39,1.14771,1.14773,1.14755,1.14755,57
2019.01.15,09:40,1.14754,1.14756,1.14751,1.14752,32
2019.01.15,09:41,1.14751,1.14751,1.14732,1.14733,67
2019.01.15,09:42,1.14734,1.14751,1.14733,1.14736,49
2019.01.15,09:43,1.14737,1.14738,1.14729,1.14732,70
2019.01.15,09:44,1.14732,1.14748,1.14724,1.14736,91
2019.01.15,09:45,1.14736,1.14754,1.14734,1.14745,99
2019.01.15,09:46,1.14745,1.14765,1.14743,1.14765,52
2019.01.15,09:47,1.14766,1.14766,1.14738,1.14742,83
2019.01.15,09:48,1.14742,1.14744,1.14736,1.14743,55
2019.01.15,09:49,1.14744,1.14747,1.14743,1.14744,69
2019.01.15,09:50,1.14744,1.14744,1.1473,1.14741,90
2019.01.15,09:51,1.14738,1.14741,1.14719,1.14723,101
2019.01.15,09:52,1.14724,1.14734,1.14724,1.14726,64
2019.01.15,09:53,1.14728,1.14736,1.14728,1.14734,47
2019.01.15,09:54,1.14733,1.14745,1.14726,1.14743,92
2019.01.15,09:55,1.14741,1.14741,1.14711,1.14724,83
2019.01.15,09:56,1.14726,1.14736,1.14723,1.14733,74
2019.01.15,09:57,1.14732,1.14738,1.14703,1.14703,89
2019.01.15,09:58,1.14703,1.14726,1.14702,1.14707,136
2019.01.15,09:59,1.14707,1.14708,1.14694,1.14702,128
2019.01.15,10:00,1.14703,1.14718,1.14691,1.14718,179
2019.01.15,10:01,1.14717,1.14725,1.14709,1.14715,150
2019.01.15,10:02,1.14714,1.14718,1.14695,1.14702,141
2019.01.15,10:03,1.14701,1.14709,1.14686,1.14707,126
2019.01.15,10:04,1.14706,1.14741,1.14704,1.14734,158
2019.01.15,10:05,1.14734,1.14735,1.14689,1.1469,127
2019.01.15,10:06,1.14688,1.14688,1.14632,1.14655,235
2019.01.15,10:07,1.14655,1.14676,1.14644,1.14676,190
2019.01.15,10:08,1.14676,1.1468,1.14647,1.1466,115
2019.01.15,10:09,1.14664,1.14666,1.14642,1.14663,123
2019.01.15,10:10,1.14662,1.14662,1.14644,1.14649,109
2019.01.15,10:11,1.14649,1.1467,1.14647,1.14655,100
2019.01.15,10:12,1.14653,1.14653,1.1458,1.14584,166
2019.01.15,10:13,1.14584,1.14622,1.14582,1.14611,193
2019.01.15,10:14,1.14611,1.14614,1.14571,1.14581,175
2019.01.15,10:15,1.1458,1.14596,1.14573,1.14574,139
2019.01.15,10:16,1.14573,1.14576,1.14552,1.1457,149
2019.01.15,10:17,1.14569,1.14588,1.14557,1.14588,198
2019.01.15,10:18,1.14586,1.14602,1.14576,1.14597,142
2019.01.15,10:19,1.14597,1.14602,1.14581,1.14581,138
2019.01.15,10:20,1.14579,1.14595,1.14565,1.14595,140
2019.01.15,10:21,1.14597,1.14606,1.14585,1.14596,132
2019.01.15,10:22,1.14595,1.14611,1.14595,1.14606,120
2019.01.15,10:23,1.14606,1.1461,1.14599,1.1461,106
2019.01.15,10:24,1.1461,1.1461,1.14591,1.146,101
2019.01.15,10:25,1.146,1.14605,1.14589,1.14591,70
2019.01.15,10:26,1.1459,1.14599,1.14578,1.14598,96
2019.01.15,10:27,1.14596,1.14596,1.14579,1.14583,105
2019.01.15,10:28,1.14583,1.14591,1.14579,1.14579,97
2019.01.15,10:29,1.14579,1.14579,1.14532,1.14553,136
2019.01.15,10:30,1.14553,1.14581,1.1455,1.14577,100
2019.01.15,10:31,1.14577,1.14592,1.14572,1.14592,101
2019.01.15,10:32,1.14593,1.14605,1.1458,1.14593,151
2019.01.15,10:33,1.14593,1.14595,1.14584,1.14585,116
2019.01.15,10:34,1.14583,1.14585,1.1457,1.14584,102
2019.01.15,10:35,1.14585,1.14587,1.14576,1.14584,68
2019.01.15,10:36,1.14586,1.146,1.14582,1.14585,86
2019.01.15,10:37,1.14584,1.14598,1.1458,1.14594,77
2019.01.15,10:38,1.14595,1.14606,1.14587,1.14602,104
2019.01.15,10:39,1.14601,1.14621,1.14597,1.14615,99
2019.01.15,10:40,1.14615,1.14623,1.14605,1.14623,111
2019.01.15,10:41,1.14624,1.14626,1.14614,1.14623,75
2019.01.15,10:42,1.14622,1.14622,1.146,1.14613,94
2019.01.15,10:43,1.14613,1.14616,1.14596,1.14615,76
2019.01.15,10:44,1.14615,1.14627,1.14611,1.1462,93
2019.01.15,10:45,1.1462,1.14638,1.14617,1.14633,73
2019.01.15,10:46,1.14632,1.14636,1.14619,1.14635,69
2019.01.15,10:47,1.14634,1.14651,1.14633,1.14645,89
2019.01.15,10:48,1.14645,1.14651,1.14631,1.14637,97
2019.01.15,10:49,1.14637,1.14637,1.14609,1.14614,94
2019.01.15,10:50,1.14614,1.14622,1.14612,1.14616,74
2019.01.15,10:51,1.14615,1.14617,1.146,1.14607,55
2019.01.15,10:52,1.14609,1.14611,1.14594,1.14603,71
2019.01.15,10:53,1.14603,1.14606,1.1459,1.1459,96
2019.01.15,10:54,1.14591,1.14601,1.14581,1.14601,93
2019.01.15,10:55,1.146,1.14608,1.14591,1.14596,47
2019.01.15,10:56,1.14595,1.14597,1.1459,1.14591,43
2019.01.15,10:57,1.14591,1.14616,1.14586,1.14614,86
2019.01.15,10:58,1.14613,1.14615,1.14589,1.14593,94
2019.01.15,10:59,1.14596,1.1461,1.14591,1.1461,100
2019.01.15,11:00,1.1461,1.14633,1.14595,1.14596,158
2019.01.15,11:01,1.14595,1.14611,1.14591,1.14596,125
2019.01.15,11:02,1.14596,1.146,1.14576,1.1458,141
2019.01.15,11:03,1.14582,1.14591,1.14565,1.14571,99
2019.01.15,11:04,1.1457,1.14576,1.14561,1.14575,77
2019.01.15,11:05,1.14574,1.14582,1.1457,1.14581,93
2019.01.15,11:06,1.14582,1.14582,1.14561,1.14567,86
2019.01.15,11:07,1.14566,1.14573,1.14562,1.14572,44
2019.01.15,11:08,1.14571,1.14594,1.14571,1.14586,132
2019.01.15,11:09,1.14586,1.14586,1.14561,1.14572,95
2019.01.15,11:10,1.14572,1.14589,1.14571,1.14581,94
2019.01.15,11:11,1.14582,1.1459,1.14562,1.14568,89
2019.01.15,11:12,1.14569,1.14569,1.14532,1.14537,107
2019.01.15,11:13,1.14536,1.14538,1.14422,1.14423,258
2019.01.15,11:14,1.14421,1.14432,1.14335,1.1434,231
2019.01.15,11:15,1.14335,1.14359,1.14311,1.14352,305
2019.01.15,11:16,1.14357,1.14368,1.14321,1.14328,230
2019.01.15,11:17,1.14324,1.14354,1.14319,1.14354,188
2019.01.15,11:18,1.14353,1.14357,1.14248,1.14256,322
2019.01.15,11:19,1.14255,1.14279,1.14249,1.14275,275
2019.01.15,11:20,1.14273,1.14274,1.1424,1.14254,251
2019.01.15,11:21,1.14254,1.14297,1.14253,1.14296,222
2019.01.15,11:22,1.14296,1.1431,1.14294,1.14307,125
2019.01.15,11:23,1.14306,1.14327,1.14297,1.14324,168
2019.01.15,11:24,1.14326,1.14327,1.14307,1.14307,153
2019.01.15,11:25,1.14306,1.14311,1.14275,1.1428,165
2019.01.15,11:26,1.14277,1.14284,1.14264,1.14281,105
2019.01.15,11:27,1.14281,1.14281,1.14254,1.14259,127
2019.01.15,11:28,1.1426,1.14261,1.14234,1.14234,148
2019.01.15,11:29,1.14234,1.14287,1.14232,1.14283,178
2019.01.15,11:30,1.14282,1.14282,1.14251,1.14255,145
2019.01.15,11:31,1.14258,1.14289,1.1425,1.14286,138
2019.01.15,11:32,1.14289,1.14314,1.14289,1.14313,125
2019.01.15,11:33,1.14313,1.14332,1.14305,1.1432,99
2019.01.15,11:34,1.14318,1.14326,1.14308,1.14325,83
2019.01.15,11:35,1.14325,1.14339,1.14319,1.14334,123
2019.01.15,11:36,1.14337,1.14347,1.14331,1.14332,111
2019.01.15,11:37,1.14331,1.14343,1.14326,1.14332,121
2019.01.15,11:38,1.14331,1.1434,1.14321,1.14337,122
2019.01.15,11:39,1.14337,1.14337,1.143,1.14319,145
2019.01.15,11:40,1.14319,1.14329,1.14319,1.14323,96
2019.01.15,11:41,1.14324,1.14336,1.14315,1.14334,130
2019.01.15,11:42,1.14335,1.14338,1.14329,1.14332,83
2019.01.15,11:43,1.14331,1.14334,1.14328,1.14329,59
2019.01.15,11:44,1.14329,1.1433,1.14311,1.14314,76
2019.01.15,11:45,1.14313,1.14316,1.1429,1.14312,121
2019.01.15,11:46,1.14312,1.14316,1.14286,1.14291,75
2019.01.15,11:47,1.14294,1.14301,1.1429,1.14295,67
2019.01.15,11:48,1.14296,1.14324,1.14296,1.14311,65
2019.01.15,11:49,1.1431,1.14322,1.14288,1.14305,98
2019.01.15,11:50,1.14304,1.14309,1.14287,1.14306,107
2019.01.15,11:51,1.14305,1.14315,1.14295,1.14302,106
2019.01.15,11:52,1.14303,1.14336,1.14303,1.14321,77
2019.01.15,11:53,1.14323,1.14327,1.14311,1.14324,79
2019.01.15,11:54,1.14323,1.14336,1.14318,1.14329,92
2019.01.15,11:55,1.14329,1.14336,1.14323,1.14335,87
2019.01.15,11:56,1.14335,1.14345,1.14314,1.14321,102
2019.01.15,11:57,1.14323,1.14335,1.14323,1.14326,95
2019.01.15,11:58,1.14327,1.14346,1.14326,1.14336,111
2019.01.15,11:59,1.14335,1.14342,1.14328,1.1433,123
2019.01.15,12:00,1.14331,1.14345,1.14321,1.14345,109
2019.01.15,12:01,1.14345,1.14358,1.14343,1.14357,86
2019.01.15,12:02,1.14357,1.14358,1.14341,1.1435,107
2019.01.15,12:03,1.14349,1.14353,1.1433,1.14351,103
2019.01.15,12:04,1.14351,1.14368,1.14345,1.14366,107
2019.01.15,12:05,1.14374,1.14381,1.14349,1.14349,88
2019.01.15,12:06,1.1435,1.14367,1.1434,1.14364,78
2019.01.15,12:07,1.14362,1.14369,1.14361,1.14367,47
2019.01.15,12:08,1.14368,1.1437,1.14351,1.14364,108
2019.01.15,12:09,1.14363,1.1437,1.1435,1.14356,108
2019.01.15,12:10,1.14357,1.14381,1.14355,1.14376,103
2019.01.15,12:11,1.14377,1.14393,1.14375,1.14375,100
2019.01.15,12:12,1.14376,1.14376,1.14331,1.1434,133
2019.01.15,12:13,1.14337,1.14348,1.14335,1.14346,58
2019.01.15,12:14,1.14343,1.14346,1.14329,1.14345,93
2019.01.15,12:15,1.14345,1.14351,1.14334,1.14344,108
2019.01.15,12:16,1.14345,1.14355,1.14333,1.14338,71
2019.01.15,12:17,1.14337,1.14341,1.14324,1.14341,88
2019.01.15,12:18,1.1434,1.14351,1.14339,1.14341,71
2019.01.15,12:19,1.14341,1.14347,1.14326,1.14331,58
2019.01.15,12:20,1.14333,1.14348,1.14333,1.14346,65
2019.01.15,12:21,1.14346,1.14371,1.14346,1.14369,87
2019.01.15,12:22,1.14371,1.14373,1.14354,1.14354,54
2019.01.15,12:23,1.14355,1.14389,1.14349,1.14378,102
2019.01.15,12:24,1.14379,1.1438,1.14354,1.14359,200
2019.01.15,12:25,1.14358,1.1436,1.1434,1.14341,82
2019.01.15,12:26,1.14341,1.14371,1.14339,1.1436,103
2019.01.15,12:27,1.14358,1.14362,1.14339,1.1434,107
2019.01.15,12:28,1.14339,1.14355,1.14333,1.14352,97
2019.01.15,12:29,1.14351,1.14356,1.14342,1.14342,94
2019.01.15,12:30,1.1434,1.14344,1.14331,1.14344,72
2019.01.15,12:31,1.14344,1.14344,1.14328,1.14334,105
2019.01.15,12:32,1.14335,1.14335,1.14325,1.14325,114
2019.01.15,12:33,1.14324,1.14324,1.14302,1.14318,177
2019.01.15,12:34,1.14317,1.14319,1.1431,1.14315,84
2019.01.15,12:35,1.14314,1.14315,1.14296,1.14296,100
2019.01.15,12:36,1.14297,1.14297,1.14268,1.14281,149
2019.01.15,12:37,1.1428,1.14301,1.14279,1.1428,104
2019.01.15,12:38,1.1428,1.14293,1.14278,1.14288,91
2019.01.15,12:39,1.14289,1.14313,1.14288,1.14311,95
2019.01.15,12:40,1.1431,1.14312,1.14294,1.14297,78
2019.01.15,12:41,1.14297,1.14304,1.14277,1.14288,95
2019.01.15,12:42,1.14289,1.14291,1.14279,1.14281,64
2019.01.15,12:43,1.14284,1.14302,1.14284,1.14296,72
2019.01.15,12:44,1.14296,1.14299,1.14281,1.14291,88
2019.01.15,12:45,1.1429,1.14309,1.14279,1.14309,96
2019.01.15,12:46,1.1431,1.14313,1.14286,1.14288,85
2019.01.15,12:47,1.14287,1.14301,1.14283,1.14287,101
2019.01.15,12:48,1.14286,1.14286,1.14273,1.14274,128
2019.01.15,12:49,1.14272,1.14289,1.14264,1.14286,125
2019.01.15,12:50,1.14286,1.14296,1.14275,1.14295,91
2019.01.15,12:51,1.14295,1.14295,1.14261,1.14261,96
2019.01.15,12:52,1.14261,1.14269,1.14242,1.14267,136
2019.01.15,12:53,1.14268,1.14299,1.14268,1.14295,123
2019.01.15,12:54,1.14293,1.14297,1.1428,1.14294,93
2019.01.15,12:55,1.14293,1.14295,1.14284,1.14293,110
2019.01.15,12:56,1.14293,1.14302,1.14284,1.14293,84
2019.01.15,12:57,1.14293,1.14311,1.14291,1.143,117
2019.01.15,12:58,1.143,1.14317,1.14299,1.14312,145
2019.01.15,12:59,1.14311,1.14318,1.14292,1.14296,104
2019.01.15,13:00,1.14298,1.14307,1.14297,1.14299,74
2019.01.15,13:01,1.14299,1.14304,1.1428,1.14286,93
2019.01.15,13:02,1.14288,1.14294,1.14285,1.14294,44
2019.01.15,13:03,1.14293,1.14298,1.14284,1.14298,83
2019.01.15,13:04,1.14298,1.14307,1.14291,1.14305,73
2019.01.15,13:05,1.14303,1.14315,1.14303,1.14313,64
2019.01.15,13:06,1.14313,1.14318,1.14307,1.14307,84
2019.01.15,13:07,1.14307,1.14311,1.14295,1.14305,96
2019.01.15,13:08,1.14305,1.14305,1.14296,1.143,46
2019.01.15,13:09,1.143,1.14319,1.14299,1.14316,55
2019.01.15,13:10,1.14315,1.14318,1.14301,1.14313,86
2019.01.15,13:11,1.14314,1.1433,1.14314,1.14316,55
2019.01.15,13:12,1.14317,1.14325,1.14315,1.14317,94
2019.01.15,13:13,1.14317,1.14321,1.14305,1.14306,120
2019.01.15,13:14,1.14306,1.14311,1.14302,1.14306,81
2019.01.15,13:15,1.14305,1.14311,1.1429,1.14297,77
2019.01.15,13:16,1.14296,1.14299,1.14292,1.14298,66
2019.01.15,13:17,1.14298,1.14303,1.14291,1.14294,70
2019.01.15,13:18,1.14294,1.14301,1.14286,1.14296,83
2019.01.15,13:19,1.14295,1.14303,1.14292,1.14292,105
2019.01.15,13:20,1.14292,1.14302,1.14292,1.14295,102
2019.01.15,13:21,1.14295,1.14309,1.14295,1.14306,65
2019.01.15,13:22,1.14308,1.14308,1.14293,1.14296,63
2019.01.15,13:23,1.14297,1.14303,1.14294,1.14298,56
2019.01.15,13:24,1.14298,1.14325,1.14298,1.1432,97
2019.01.15,13:25,1.1432,1.14342,1.1432,1.14342,69
2019.01.15,13:26,1.14342,1.14353,1.14331,1.14342,108
2019.01.15,13:27,1.14343,1.14359,1.1434,1.14341,113
2019.01.15,13:28,1.14342,1.14344,1.1433,1.14334,89
2019.01.15,13:29,1.14334,1.14335,1.14319,1.14324,70
2019.01.15,13:30,1.14324,1.14331,1.14314,1.14314,43
2019.01.15,13:31,1.14315,1.14318,1.14304,1.14304,76
2019.01.15,13:32,1.14304,1.14309,1.14292,1.14309,81
2019.01.15,13:33,1.14311,1.14312,1.14299,1.14304,113
2019.01.15,13:34,1.14304,1.1431,1.14276,1.14287,95
2019.01.15,13:35,1.14287,1.1429,1.14269,1.14272,121
2019.01.15,13:36,1.14272,1.14279,1.14255,1.14261,154
2019.01.15,13:37,1.14262,1.14265,1.14244,1.1426,147
2019.01.15,13:38,1.14261,1.143,1.14261,1.1427,124
2019.01.15,13:39,1.14268,1.14294,1.14264,1.14291,57
2019.01.15,13:40,1.1429,1.14302,1.14281,1.14295,91
2019.01.15,13:41,1.14295,1.14295,1.14286,1.14288,62
2019.01.15,13:42,1.1429,1.14291,1.14279,1.14284,70
2019.01.15,13:43,1.14284,1.14291,1.14278,1.14283,96
2019.01.15,13:44,1.14287,1.14294,1.14281,1.14283,77
2019.01.15,13:45,1.14282,1.14293,1.1428,1.14286,64
2019.01.15,13:46,1.14287,1.14295,1.14283,1.14283,69
2019.01.15,13:47,1.14284,1.14301,1.14264,1.14294,96
2019.01.15,13:48,1.14292,1.14299,1.14284,1.14286,63
2019.01.15,13:49,1.14286,1.14289,1.14259,1.14262,72
2019.01.15,13:50,1.14261,1.14265,1.14256,1.14262,99
2019.01.15,13:51,1.14261,1.1429,1.14261,1.14283,89
2019.01.15,13:52,1.14284,1.14294,1.14281,1.14288,69
2019.01.15,13:53,1.14293,1.14299,1.14276,1.14284,113
2019.01.15,13:54,1.14283,1.14291,1.14282,1.1429,64
2019.01.15,13:55,1.14291,1.14298,1.1429,1.14291,99
2019.01.15,13:56,1.14292,1.14298,1.14284,1.14292,122
2019.01.15,13:57,1.14292,1.143,1.14289,1.14294,132
2019.01.15,13:58,1.14294,1.14321,1.14284,1.14311,130
2019.01.15,13:59,1.14311,1.14325,1.14309,1.14316,156
2019.01.15,14:00,1.14314,1.14335,1.14302,1.1433,115
2019.01.15,14:01,1.14331,1.14346,1.14324,1.14325,171
2019.01.15,14:02,1.14324,1.14335,1.14308,1.14319,168
2019.01.15,14:03,1.14322,1.14323,1.14297,1.14298,106
2019.01.15,14:04,1.14297,1.14299,1.14275,1.14279,141
2019.01.15,14:05,1.14278,1.1428,1.14264,1.14264,96
2019.01.15,14:06,1.14264,1.14267,1.1424,1.14241,149
2019.01.15,14:07,1.14242,1.14243,1.14179,1.14193,264
2019.01.15,14:08,1.1419,1.14192,1.14162,1.14187,168
2019.01.15,14:09,1.14186,1.14186,1.14125,1.14143,235
2019.01.15,14:10,1.14145,1.14155,1.14131,1.14153,188
2019.01.15,14:11,1.14152,1.14178,1.14152,1.14171,96
2019.01.15,14:12,1.14171,1.14171,1.14151,1.14153,115
2019.01.15,14:13,1.14155,1.14163,1.14138,1.14138,147
2019.01.15,14:14,1.14137,1.14154,1.14121,1.14153,154
2019.01.15,14:15,1.14153,1.14177,1.14153,1.14172,120
2019.01.15,14:16,1.14171,1.14189,1.14168,1.14189,121
2019.01.15,14:17,1.14189,1.14197,1.14184,1.14196,128
2019.01.15,14:18,1.14196,1.14196,1.14184,1.14193,75
2019.01.15,14:19,1.14194,1.14202,1.14191,1.14194,77
2019.01.15,14:20,1.14194,1.1421,1.1419,1.14193,92
2019.01.15,14:21,1.14192,1.14192,1.14173,1.14176,67
2019.01.15,14:22,1.14176,1.14206,1.14174,1.14203,83
2019.01.15,14:23,1.14204,1.14234,1.14204,1.1423,130
2019.01.15,14:24,1.1423,1.1423,1.14208,1.14221,114
2019.01.15,14:25,1.14219,1.14232,1.14213,1.14229,110
2019.01.15,14:26,1.14227,1.14243,1.14218,1.14236,114
2019.01.15,14:27,1.14236,1.14252,1.14233,1.14235,82
2019.01.15,14:28,1.14236,1.14262,1.14234,1.14249,91
2019.01.15,14:29,1.14249,1.14262,1.14237,1.14238,93
2019.01.15,14:30,1.14237,1.14257,1.14237,1.14254,118
2019.01.15,14:31,1.14255,1.14256,1.14232,1.14239,83
2019.01.15,14:32,1.14238,1.14262,1.14238,1.14248,82
2019.01.15,14:33,1.14248,1.14258,1.14244,1.14252,80
2019.01.15,14:34,1.14253,1.14258,1.14247,1.14248,70
2019.01.15,14:35,1.14248,1.14263,1.14243,1.14245,72
2019.01.15,14:36,1.14247,1.14264,1.14243,1.14264,83
2019.01.15,14:37,1.14264,1.14264,1.14247,1.14251,69
2019.01.15,14:38,1.14252,1.14262,1.14248,1.14254,80
2019.01.15,14:39,1.14253,1.14259,1.14248,1.14258,45
2019.01.15,14:40,1.14257,1.14267,1.14246,1.14267,65
2019.01.15,14:41,1.14268,1.14274,1.1424,1.14243,124
2019.01.15,14:42,1.14243,1.14266,1.14243,1.14263,71
2019.01.15,14:43,1.14264,1.14272,1.14263,1.14264,56
2019.01.15,14:44,1.14264,1.14264,1.14237,1.14258,115
2019.01.15,14:45,1.14259,1.14265,1.14243,1.14243,84
2019.01.15,14:46,1.14242,1.14254,1.14242,1.14251,52
2019.01.15,14:47,1.14252,1.14258,1.14248,1.14255,63
2019.01.15,14:48,1.14256,1.14273,1.14256,1.14268,39
2019.01.15,14:49,1.14268,1.14278,1.14266,1.14278,68
2019.01.15,14:50,1.14277,1.14287,1.14277,1.14284,76
2019.01.15,14:51,1.14284,1.14286,1.14274,1.14274,55
2019.01.15,14:52,1.14274,1.14279,1.14272,1.14278,70
2019.01.15,14:53,1.14279,1.14279,1.14257,1.14259,55
2019.01.15,14:54,1.14258,1.14278,1.14257,1.14272,41
2019.01.15,14:55,1.14272,1.14282,1.14262,1.14263,111
2019.01.15,14:56,1.14263,1.14274,1.1426,1.14267,97
2019.01.15,14:57,1.14265,1.14308,1.14263,1.14301,169
2019.01.15,14:58,1.143,1.143,1.14266,1.14279,201
2019.01.15,14:59,1.1428,1.14304,1.1428,1.14303,162
2019.01.15,15:00,1.14303,1.14305,1.14285,1.14301,177
2019.01.15,15:01,1.143,1.143,1.14283,1.14287,150
2019.01.15,15:02,1.14288,1.14296,1.14281,1.14281,146
2019.01.15,15:03,1.14282,1.14317,1.14282,1.14317,137
2019.01.15,15:04,1.14319,1.14321,1.14307,1.14312,124
2019.01.15,15:05,1.14311,1.14314,1.14299,1.143,62
2019.01.15,15:06,1.14299,1.143,1.14278,1.1428,98
2019.01.15,15:07,1.14279,1.14285,1.14251,1.14253,109
2019.01.15,15:08,1.14253,1.14267,1.14247,1.14252,134
2019.01.15,15:09,1.14254,1.14268,1.14231,1.14233,134
2019.01.15,15:10,1.14234,1.14249,1.14234,1.14248,108
2019.01.15,15:11,1.14247,1.14249,1.14243,1.14246,62
2019.01.15,15:12,1.14245,1.14249,1.14226,1.14231,83
2019.01.15,15:13,1.14234,1.1424,1.14229,1.14238,76
2019.01.15,15:14,1.14239,1.14246,1.14236,1.14241,83
2019.01.15,15:15,1.14241,1.14243,1.14219,1.14224,93
2019.01.15,15:16,1.14223,1.14228,1.14214,1.14223,112
2019.01.15,15:17,1.14223,1.14236,1.14215,1.14234,57
2019.01.15,15:18,1.14235,1.14238,1.14226,1.14238,71
2019.01.15,15:19,1.14238,1.14239,1.14202,1.14204,101
2019.01.15,15:20,1.14204,1.14212,1.14174,1.14183,170
2019.01.15,15:21,1.14183,1.1419,1.14177,1.14183,110
2019.01.15,15:22,1.14181,1.14189,1.14179,1.14184,120
2019.01.15,15:23,1.14184,1.14188,1.14179,1.14179,113
2019.01.15,15:24,1.14179,1.14191,1.14178,1.14189,68
2019.01.15,15:25,1.14189,1.142,1.14179,1.14199,90
2019.01.15,15:26,1.14199,1.14209,1.14196,1.14207,74
2019.01.15,15:27,1.14207,1.1421,1.14203,1.14204,91
2019.01.15,15:28,1.14205,1.14206,1.14198,1.142,40
2019.01.15,15:29,1.14198,1.14212,1.1419,1.1421,149
2019.01.15,15:30,1.14207,1.14256,1.14207,1.14238,251
2019.01.15,15:31,1.14238,1.14265,1.14238,1.14264,113
2019.01.15,15:32,1.14265,1.14306,1.14263,1.14296,160
2019.01.15,15:33,1.14294,1.14307,1.1428,1.14307,147
2019.01.15,15:34,1.14309,1.14321,1.14284,1.14287,124
2019.01.15,15:35,1.14286,1.14318,1.14285,1.14309,112
2019.01.15,15:36,1.14309,1.1432,1.14295,1.14319,127
2019.01.15,15:37,1.14323,1.14347,1.14307,1.14345,168
2019.01.15,15:38,1.14344,1.14356,1.14334,1.14355,154
2019.01.15,15:39,1.14353,1.14371,1.1434,1.14364,168
2019.01.15,15:40,1.14364,1.14393,1.1436,1.14389,143
2019.01.15,15:41,1.1439,1.14439,1.1439,1.14425,211
2019.01.15,15:42,1.14424,1.14424,1.1439,1.1439,125
2019.01.15,15:43,1.14389,1.14395,1.14368,1.1437,129
2019.01.15,15:44,1.14369,1.14374,1.14363,1.14364,91
2019.01.15,15:45,1.14364,1.14384,1.14364,1.1438,107
2019.01.15,15:46,1.14382,1.14392,1.14368,1.14375,103
2019.01.15,15:47,1.14374,1.14374,1.1435,1.1435,91
2019.01.15,15:48,1.1435,1.14365,1.1434,1.14342,145
2019.01.15,15:49,1.14344,1.14348,1.14325,1.14331,93
2019.01.15,15:50,1.14331,1.14364,1.14329,1.14359,67
2019.01.15,15:51,1.14357,1.1439,1.14356,1.14376,67
2019.01.15,15:52,1.14376,1.14379,1.14364,1.14364,76
2019.01.15,15:53,1.14363,1.14366,1.14344,1.1435,92
2019.01.15,15:54,1.14349,1.14364,1.14346,1.14361,46
2019.01.15,15:55,1.14359,1.14361,1.14332,1.14344,93
2019.01.15,15:56,1.1434,1.14356,1.14335,1.14351,75
2019.01.15,15:57,1.14351,1.14378,1.1435,1.14367,70
2019.01.15,15:58,1.14367,1.14379,1.14354,1.14375,121
2019.01.15,15:59,1.14376,1.14406,1.14375,1.14384,105
2019.01.15,16:00,1.14386,1.14386,1.14352,1.14365,139
2019.01.15,16:01,1.14359,1.14369,1.1435,1.14367,111
2019.01.15,16:02,1.14367,1.14386,1.14367,1.14381,92
2019.01.15,16:03,1.14383,1.14384,1.14354,1.1436,136
2019.01.15,16:04,1.14359,1.14374,1.14359,1.1437,81
2019.01.15,16:05,1.1437,1.14409,1.14369,1.14404,86
2019.01.15,16:06,1.14407,1.14415,1.14406,1.14411,57
2019.01.15,16:07,1.14408,1.14414,1.14404,1.14404,102
2019.01.15,16:08,1.14404,1.14418,1.14401,1.14418,50
2019.01.15,16:09,1.1442,1.14424,1.14408,1.14424,115
2019.01.15,16:10,1.14423,1.14441,1.14421,1.14434,103
2019.01.15,16:11,1.14435,1.14435,1.14419,1.14419,80
2019.01.15,16:12,1.14418,1.14431,1.14415,1.14426,87
2019.01.15,16:13,1.14425,1.14435,1.14424,1.14424,59
2019.01.15,16:14,1.14424,1.14431,1.14418,1.1442,88
2019.01.15,16:15,1.14419,1.14424,1.14402,1.14404,77
2019.01.15,16:16,1.14408,1.1441,1.14404,1.14409,41
2019.01.15,16:17,1.14409,1.14424,1.14399,1.14414,74
2019.01.15,16:18,1.14417,1.14423,1.14417,1.14419,64
2019.01.15,16:19,1.14419,1.14425,1.1439,1.14391,73
2019.01.15,16:20,1.14392,1.14407,1.14392,1.14393,75
2019.01.15,16:21,1.14395,1.14401,1.14394,1.14399,51
2019.01.15,16:22,1.144,1.14404,1.14351,1.14364,126
2019.01.15,16:23,1.14365,1.14384,1.14359,1.14375,97
2019.01.15,16:24,1.14374,1.14394,1.14366,1.14384,125
2019.01.15,16:25,1.14383,1.14388,1.14374,1.1438,78
2019.01.15,16:26,1.14381,1.14387,1.14376,1.14379,83
2019.01.15,16:27,1.1438,1.14395,1.14379,1.14387,87
2019.01.15,16:28,1.14387,1.14397,1.14386,1.14393,86
2019.01.15,16:29,1.14394,1.14416,1.14394,1.14398,55
2019.01.15,16:30,1.14398,1.14403,1.14383,1.14395,116
2019.01.15,16:31,1.14398,1.14425,1.14398,1.14423,95
2019.01.15,16:32,1.14423,1.14423,1.14403,1.14408,71
2019.01.15,16:33,1.14408,1.14413,1.14399,1.14399,62
2019.01.15,16:34,1.14399,1.14403,1.1439,1.1439,59
2019.01.15,16:35,1.14391,1.14394,1.14374,1.14375,84
2019.01.15,16:36,1.14372,1.14426,1.1437,1.14402,156
2019.01.15,16:37,1.14403,1.14407,1.14392,1.14399,72
2019.01.15,16:38,1.144,1.14418,1.14394,1.14414,79
2019.01.15,16:39,1.14414,1.14415,1.14389,1.14389,84
2019.01.15,16:40,1.14393,1.14414,1.14391,1.14402,99
2019.01.15,16:41,1.14403,1.14429,1.14402,1.14429,96
2019.01.15,16:42,1.14432,1.14434,1.14413,1.14419,128
2019.01.15,16:43,1.14419,1.14433,1.1441,1.14425,100
2019.01.15,16:44,1.14427,1.14444,1.14427,1.14437,94
2019.01.15,16:45,1.14436,1.14515,1.14434,1.14499,175
2019.01.15,16:46,1.14501,1.14503,1.14451,1.14463,160
2019.01.15,16:47,1.14464,1.14478,1.14463,1.14476,89
2019.01.15,16:48,1.14477,1.14483,1.14469,1.14478,107
2019.01.15,16:49,1.14479,1.1452,1.14478,1.14516,140
2019.01.15,16:50,1.14516,1.14517,1.14491,1.14492,104
2019.01.15,16:51,1.14495,1.14496,1.14474,1.14479,98
2019.01.15,16:52,1.1448,1.14484,1.14464,1.1447,98
2019.01.15,16:53,1.14469,1.14469,1.14453,1.1446,84
2019.01.15,16:54,1.1446,1.14473,1.14455,1.14473,80
2019.01.15,16:55,1.14472,1.14486,1.14453,1.14455,93
2019.01.15,16:56,1.14457,1.14492,1.14457,1.14467,162
2019.01.15,16:57,1.14466,1.14522,1.14466,1.14516,151
2019.01.15,16:58,1.14516,1.14547,1.14515,1.1452,158
2019.01.15,16:59,1.14521,1.14548,1.14511,1.14544,166
2019.01.15,17:00,1.14544,1.14547,1.14497,1.14502,205
2019.01.15,17:01,1.14501,1.14533,1.14499,1.14526,135
2019.01.15,17:02,1.14529,1.14546,1.14521,1.1454,126
2019.01.15,17:03,1.14539,1.14539,1.14514,1.14518,125
2019.01.15,17:04,1.14519,1.14541,1.14516,1.14531,99
2019.01.15,17:05,1.1453,1.1454,1.14509,1.1452,119
2019.01.15,17:06,1.14516,1.14517,1.14506,1.14514,77
2019.01.15,17:07,1.14513,1.14515,1.14482,1.14496,109
2019.01.15,17:08,1.14497,1.14507,1.14482,1.14491,97
2019.01.15,17:09,1.1449,1.14501,1.14477,1.14483,94
2019.01.15,17:10,1.14483,1.14496,1.14447,1.14469,320
2019.01.15,17:11,1.14471,1.14474,1.14435,1.14436,206
2019.01.15,17:12,1.14435,1.14442,1.1442,1.14428,137
2019.01.15,17:13,1.14427,1.14432,1.14386,1.14426,240
2019.01.15,17:14,1.14426,1.14465,1.1442,1.14461,166
2019.01.15,17:15,1.14459,1.1448,1.14426,1.14431,207
2019.01.15,17:16,1.14432,1.14456,1.14432,1.14437,156
2019.01.15,17:17,1.1444,1.14451,1.1443,1.14449,101
2019.01.15,17:18,1.14448,1.14448,1.14416,1.14427,144
2019.01.15,17:19,1.14429,1.14438,1.14401,1.14404,142
2019.01.15,17:20,1.14408,1.14416,1.14374,1.14379,155
2019.01.15,17:21,1.14379,1.14397,1.14351,1.14353,174
2019.01.15,17:22,1.14352,1.1436,1.14336,1.1436,172
2019.01.15,17:23,1.1436,1.14377,1.14357,1.14364,108
2019.01.15,17:24,1.14364,1.1438,1.14341,1.1436,146
2019.01.15,17:25,1.14359,1.14381,1.14357,1.14374,84
2019.01.15,17:26,1.14378,1.1438,1.1435,1.14352,97
2019.01.15,17:27,1.14351,1.14358,1.14315,1.14317,137
2019.01.15,17:28,1.14318,1.14346,1.14316,1.14336,131
2019.01.15,17:29,1.14337,1.14337,1.14295,1.14301,143
2019.01.15,17:30,1.14302,1.1431,1.14291,1.14304,143
2019.01.15,17:31,1.14303,1.14306,1.14292,1.14301,90
2019.01.15,17:32,1.14304,1.14307,1.1429,1.14299,121
2019.01.15,17:33,1.14298,1.14333,1.1429,1.14329,109
2019.01.15,17:34,1.14331,1.14336,1.14326,1.14334,65
2019.01.15,17:35,1.14335,1.14345,1.14333,1.14342,82
2019.01.15,17:36,1.14341,1.14346,1.14335,1.14336,69
2019.01.15,17:37,1.14334,1.14336,1.1432,1.14331,104
2019.01.15,17:38,1.1433,1.14341,1.14328,1.14328,73
2019.01.15,17:39,1.14326,1.14341,1.14325,1.14341,97
2019.01.15,17:40,1.14341,1.14348,1.1433,1.1433,97
2019.01.15,17:41,1.14329,1.14355,1.14329,1.14347,120
2019.01.15,17:42,1.1435,1.14355,1.1434,1.14351,65
2019.01.15,17:43,1.1435,1.14372,1.14348,1.14366,105
2019.01.15,17:44,1.14367,1.14378,1.14354,1.14376,83
2019.01.15,17:45,1.14379,1.14379,1.14363,1.1437,82
2019.01.15,17:46,1.14371,1.14378,1.14366,1.1437,110
2019.01.15,17:47,1.14369,1.14378,1.14368,1.14373,63
2019.01.15,17:48,1.14372,1.14372,1.14336,1.14349,104
2019.01.15,17:49,1.14348,1.14392,1.14348,1.14386,115
2019.01.15,17:50,1.14385,1.14385,1.14369,1.14381,115
2019.01.15,17:51,1.1438,1.14381,1.14344,1.14346,89
2019.01.15,17:52,1.14347,1.14355,1.14336,1.14337,80
2019.01.15,17:53,1.14337,1.14363,1.14336,1.14351,115
2019.01.15,17:54,1.14352,1.14363,1.1435,1.14361,104
2019.01.15,17:55,1.1436,1.14376,1.1436,1.14376,80
2019.01.15,17:56,1.14376,1.14421,1.1436,1.14414,168
2019.01.15,17:57,1.14411,1.14414,1.14389,1.14413,151
2019.01.15,17:58,1.14415,1.14421,1.14401,1.14406,134
2019.01.15,17:59,1.14406,1.14407,1.14387,1.14391,139
2019.01.15,18:00,1.14394,1.14403,1.1434,1.14346,173
2019.01.15,18:01,1.14346,1.14346,1.14271,1.14297,396
2019.01.15,18:02,1.14296,1.14358,1.14282,1.14294,258
2019.01.15,18:03,1.14293,1.14296,1.14203,1.14231,324
2019.01.15,18:04,1.14231,1.14251,1.1422,1.14246,205
2019.01.15,18:05,1.14246,1.14249,1.14141,1.14148,272
2019.01.15,18:06,1.14148,1.14199,1.141,1.14185,363
2019.01.15,18:07,1.14182,1.14225,1.14168,1.14208,186
2019.01.15,18:08,1.14207,1.14207,1.14177,1.14179,143
2019.01.15,18:09,1.14178,1.14184,1.1415,1.14183,135
2019.01.15,18:10,1.14183,1.14184,1.14077,1.14077,214
2019.01.15,18:11,1.14078,1.14079,1.1398,1.14034,349
2019.01.15,18:12,1.14034,1.14049,1.13997,1.14007,248
2019.01.15,18:13,1.14009,1.14051,1.13982,1.14046,283
2019.01.15,18:14,1.14048,1.1407,1.1399,1.1399,279
2019.01.15,18:15,1.13991,1.14029,1.13971,1.13996,213
2019.01.15,18:16,1.13996,1.14028,1.13974,1.14025,187
2019.01.15,18:17,1.14027,1.14039,1.13998,1.14024,160
2019.01.15,18:18,1.14025,1.14029,1.13991,1.14011,133
2019.01.15,18:19,1.14012,1.14019,1.13989,1.14011,160
2019.01.15,18:20,1.14013,1.14042,1.14004,1.14012,169
2019.01.15,18:21,1.14011,1.14025,1.14001,1.14003,163
2019.01.15,18:22,1.14004,1.14026,1.13994,1.14014,170
2019.01.15,18:23,1.14012,1.1402,1.14005,1.14012,162
2019.01.15,18:24,1.14012,1.14012,1.13991,1.13996,160
2019.01.15,18:25,1.13995,1.13997,1.13967,1.1397,134
2019.01.15,18:26,1.13971,1.13991,1.13962,1.13983,166
2019.01.15,18:27,1.13983,1.14001,1.13973,1.13977,120
2019.01.15,18:28,1.13977,1.13985,1.13963,1.13964,101
2019.01.15,18:29,1.13963,1.13964,1.13929,1.13941,165
2019.01.15,18:30,1.13942,1.13958,1.13934,1.13946,164
2019.01.15,18:31,1.13946,1.13952,1.1393,1.13931,114
2019.01.15,18:32,1.13933,1.1396,1.13932,1.13959,122
2019.01.15,18:33,1.13959,1.13975,1.13955,1.13969,80
2019.01.15,18:34,1.13968,1.13985,1.13963,1.13966,107
2019.01.15,18:35,1.13966,1.13986,1.13964,1.13976,140
2019.01.15,18:36,1.13976,1.13976,1.13937,1.13938,122
2019.01.15,18:37,1.13937,1.13944,1.13933,1.13936,96
2019.01.15,18:38,1.13934,1.13949,1.13929,1.13931,85
2019.01.15,18:39,1.13931,1.1394,1.13928,1.13936,113
2019.01.15,18:40,1.13936,1.1394,1.1393,1.13931,128
2019.01.15,18:41,1.13931,1.13935,1.13901,1.13906,131
2019.01.15,18:42,1.13904,1.13916,1.13901,1.13901,149
2019.01.15,18:43,1.13904,1.13904,1.13857,1.13857,146
2019.01.15,18:44,1.13857,1.13881,1.1385,1.13881,161
2019.01.15,18:45,1.13881,1.13881,1.13836,1.13836,155
2019.01.15,18:46,1.13836,1.13858,1.13836,1.13858,94
2019.01.15,18:47,1.13856,1.13882,1.13856,1.13881,62
2019.01.15,18:48,1.13882,1.13903,1.13882,1.13899,90
2019.01.15,18:49,1.13899,1.13906,1.13894,1.139,62
2019.01.15,18:50,1.13897,1.13915,1.13892,1.13912,100
2019.01.15,18:51,1.13913,1.13917,1.13906,1.13913,80
2019.01.15,18:52,1.13913,1.13924,1.13906,1.13921,115
2019.01.15,18:53,1.1392,1.13926,1.13911,1.13918,79
2019.01.15,18:54,1.13917,1.13922,1.13911,1.13916,73
2019.01.15,18:55,1.13916,1.13933,1.139,1.1392,137
2019.01.15,18:56,1.1392,1.13931,1.13895,1.13928,140
2019.01.15,18:57,1.13925,1.13931,1.13906,1.13907,111
2019.01.15,18:58,1.13907,1.13923,1.13896,1.13921,110
2019.01.15,18:59,1.13919,1.13927,1.13908,1.13924,96
2019.01.15,19:00,1.13924,1.13929,1.13889,1.13905,145
2019.01.15,19:01,1.13904,1.13909,1.13871,1.1388,111
2019.01.15,19:02,1.13881,1.13929,1.13876,1.13928,143
2019.01.15,19:03,1.13929,1.13941,1.13922,1.1394,132
2019.01.15,19:04,1.1394,1.13962,1.1394,1.13955,105
2019.01.15,19:05,1.13956,1.13974,1.13951,1.13957,120
2019.01.15,19:06,1.13961,1.1397,1.13946,1.13965,100
2019.01.15,19:07,1.13965,1.13969,1.13935,1.13935,74
2019.01.15,19:08,1.13937,1.13951,1.13932,1.1395,74
2019.01.15,19:09,1.13951,1.13967,1.13945,1.13966,82
2019.01.15,19:10,1.13961,1.13997,1.1395,1.13989,125
2019.01.15,19:11,1.13988,1.14005,1.13979,1.13979,119
2019.01.15,19:12,1.13978,1.13978,1.13934,1.13934,94
2019.01.15,19:13,1.13935,1.13955,1.13925,1.13935,127
2019.01.15,19:14,1.13934,1.13965,1.13934,1.13959,110
2019.01.15,19:15,1.1396,1.13968,1.13932,1.13934,100
2019.01.15,19:16,1.13932,1.13934,1.13907,1.13913,112
2019.01.15,19:17,1.13914,1.13915,1.13896,1.13902,66
2019.01.15,19:18,1.13901,1.13919,1.13893,1.13893,88
2019.01.15,19:19,1.13893,1.13894,1.13879,1.13892,94
2019.01.15,19:20,1.13891,1.13903,1.13888,1.13889,102
2019.01.15,19:21,1.13887,1.13889,1.13863,1.13877,84
2019.01.15,19:22,1.13877,1.13877,1.13865,1.13869,65
2019.01.15,19:23,1.13874,1.13877,1.13846,1.13871,104
2019.01.15,19:24,1.1387,1.13877,1.13853,1.13858,91
2019.01.15,19:25,1.13861,1.13869,1.13841,1.13868,124
2019.01.15,19:26,1.13869,1.13878,1.13851,1.13854,104
2019.01.15,19:27,1.13853,1.13892,1.13849,1.13855,137
2019.01.15,19:28,1.13854,1.13872,1.1383,1.13871,147
2019.01.15,19:29,1.13872,1.13902,1.13872,1.13892,123
2019.01.15,19:30,1.13893,1.13896,1.13876,1.13885,108
2019.01.15,19:31,1.13886,1.13889,1.13859,1.13884,98
2019.01.15,19:32,1.13883,1.13906,1.13877,1.13904,155
2019.01.15,19:33,1.13904,1.1391,1.13897,1.13904,77
2019.01.15,19:34,1.13903,1.13905,1.13892,1.13902,67
2019.01.15,19:35,1.13902,1.13903,1.13889,1.13897,47
2019.01.15,19:36,1.13897,1.13897,1.13869,1.13882,87
2019.01.15,19:37,1.13883,1.13885,1.1387,1.13884,96
2019.01.15,19:38,1.13884,1.13884,1.13862,1.13864,102
2019.01.15,19:39,1.13864,1.13885,1.13855,1.13869,95
2019.01.15,19:40,1.13871,1.13884,1.13867,1.13879,76
2019.01.15,19:41,1.13882,1.13882,1.13873,1.13874,90
2019.01.15,19:42,1.13873,1.13876,1.1386,1.13876,77
2019.01.15,19:43,1.13875,1.13892,1.13872,1.13884,91
2019.01.15,19:44,1.13882,1.13883,1.13871,1.13881,62
2019.01.15,19:45,1.13881,1.13882,1.13872,1.13879,55
2019.01.15,19:46,1.13878,1.13883,1.13874,1.13874,48
2019.01.15,19:47,1.13874,1.13875,1.13861,1.13866,77
2019.01.15,19:48,1.13866,1.1388,1.13864,1.13871,62
2019.01.15,19:49,1.13872,1.13888,1.13871,1.13878,74
2019.01.15,19:50,1.13878,1.13881,1.1386,1.13875,82
2019.01.15,19:51,1.13876,1.13876,1.13858,1.13874,53
2019.01.15,19:52,1.1387,1.13876,1.1386,1.13872,57
2019.01.15,19:53,1.13872,1.13874,1.13842,1.13852,110
2019.01.15,19:54,1.13847,1.13885,1.13847,1.13883,73
2019.01.15,19:55,1.13884,1.13904,1.13884,1.13897,98
2019.01.15,19:56,1.13895,1.13897,1.13881,1.13883,64
2019.01.15,19:57,1.13884,1.13892,1.1388,1.13882,73
2019.01.15,19:58,1.13884,1.13897,1.13882,1.13896,104
2019.01.15,19:59,1.13893,1.13899,1.13891,1.13896,60
2019.01.15,20:00,1.13895,1.13896,1.13854,1.13854,89
2019.01.15,20:01,1.13856,1.13864,1.13854,1.13864,41
2019.01.15,20:02,1.13863,1.13863,1.13841,1.13847,60
2019.01.15,20:03,1.13848,1.13854,1.13831,1.13832,81
2019.01.15,20:04,1.13832,1.13839,1.13824,1.13839,62
2019.01.15,20:05,1.13839,1.13841,1.13826,1.13837,69
2019.01.15,20:06,1.13837,1.13845,1.13828,1.13844,57
2019.01.15,20:07,1.13843,1.13864,1.13839,1.1384,73
2019.01.15,20:08,1.13844,1.13849,1.13837,1.13842,39
2019.01.15,20:09,1.13843,1.13853,1.13839,1.1385,62
2019.01.15,20:10,1.13849,1.13857,1.13844,1.13853,102
2019.01.15,20:11,1.13852,1.13857,1.13851,1.13856,71
2019.01.15,20:12,1.13855,1.13855,1.13842,1.13849,66
2019.01.15,20:13,1.13849,1.13854,1.13842,1.13845,54
2019.01.15,20:14,1.13843,1.13851,1.1383,1.13844,73
2019.01.15,20:15,1.13844,1.13859,1.13839,1.13857,124
2019.01.15,20:16,1.13857,1.13873,1.13848,1.13869,74
2019.01.15,20:17,1.13872,1.13875,1.13835,1.13846,69
2019.01.15,20:18,1.13845,1.13856,1.13834,1.13855,82
2019.01.15,20:19,1.13856,1.13861,1.13847,1.13848,39
2019.01.15,20:20,1.13847,1.13849,1.13829,1.13832,61
2019.01.15,20:21,1.13831,1.13831,1.13821,1.1383,51
2019.01.15,20:22,1.1383,1.13851,1.13818,1.13845,128
2019.01.15,20:23,1.13841,1.1387,1.13841,1.13868,101
2019.01.15,20:24,1.13867,1.13867,1.13829,1.13834,79
2019.01.15,20:25,1.13837,1.13843,1.13826,1.13829,83
2019.01.15,20:26,1.13829,1.13854,1.13829,1.13854,72
2019.01.15,20:27,1.13855,1.13861,1.1385,1.13851,45
2019.01.15,20:28,1.13851,1.13874,1.1385,1.13862,74
2019.01.15,20:29,1.13861,1.13876,1.13861,1.13874,53
2019.01.15,20:30,1.13873,1.13877,1.13865,1.13866,88
2019.01.15,20:31,1.13868,1.1389,1.13868,1.13885,85
2019.01.15,20:32,1.13883,1.13889,1.13878,1.13886,83
2019.01.15,20:33,1.13885,1.13885,1.13867,1.13869,78
2019.01.15,20:34,1.13868,1.1387,1.13854,1.1387,76
2019.01.15,20:35,1.1387,1.13884,1.13864,1.13882,45
2019.01.15,20:36,1.13883,1.1389,1.13876,1.13879,51
2019.01.15,20:37,1.13878,1.13879,1.13864,1.13864,65
2019.01.15,20:38,1.13862,1.13884,1.13858,1.13877,101
2019.01.15,20:39,1.13877,1.13882,1.13856,1.13867,142
2019.01.15,20:40,1.13865,1.1387,1.13851,1.13859,82
2019.01.15,20:41,1.13863,1.13871,1.13849,1.13856,141
2019.01.15,20:42,1.13854,1.13869,1.13853,1.13864,141
2019.01.15,20:43,1.13864,1.1387,1.1386,1.13861,56
2019.01.15,20:44,1.13862,1.13862,1.13849,1.13854,28
2019.01.15,20:45,1.13857,1.13872,1.13855,1.13857,74
2019.01.15,20:46,1.13858,1.13871,1.13858,1.13865,58
2019.01.15,20:47,1.13864,1.13866,1.13847,1.13851,87
2019.01.15,20:48,1.13851,1.13869,1.13849,1.13869,81
2019.01.15,20:49,1.13868,1.1387,1.13861,1.13869,71
2019.01.15,20:50,1.13869,1.13877,1.13863,1.1387,87
2019.01.15,20:51,1.1387,1.13876,1.13856,1.13861,82
2019.01.15,20:52,1.1386,1.13873,1.13857,1.13868,76
2019.01.15,20:53,1.13868,1.13874,1.1386,1.13861,100
2019.01.15,20:54,1.13861,1.13876,1.13859,1.13871,122
2019.01.15,20:55,1.13871,1.13871,1.13859,1.13864,67
2019.01.15,20:56,1.13862,1.13869,1.13855,1.13864,48
2019.01.15,20:57,1.13865,1.13865,1.13847,1.13855,99
2019.01.15,20:58,1.13853,1.13878,1.13853,1.13876,70
2019.01.15,20:59,1.13876,1.1388,1.13866,1.1387,77
2019.01.15,21:00,1.13869,1.13882,1.13868,1.13869,108
2019.01.15,21:01,1.13869,1.13874,1.13856,1.13862,68
2019.01.15,21:02,1.13863,1.13872,1.13862,1.1387,51
2019.01.15,21:03,1.1387,1.13876,1.13867,1.13876,46
2019.01.15,21:04,1.13883,1.13894,1.13883,1.13891,43
2019.01.15,21:05,1.13893,1.13894,1.13888,1.1389,51
2019.01.15,21:06,1.1389,1.13892,1.13881,1.13886,36
2019.01.15,21:07,1.13885,1.1389,1.13882,1.13885,81
2019.01.15,21:08,1.13885,1.13949,1.13881,1.13935,201
2019.01.15,21:09,1.13938,1.13951,1.13937,1.13949,104
2019.01.15,21:10,1.13951,1.13955,1.13935,1.13935,80
2019.01.15,21:11,1.13935,1.13935,1.13925,1.13928,56
2019.01.15,21:12,1.13929,1.13939,1.13926,1.13926,69
2019.01.15,21:13,1.13926,1.13926,1.13909,1.13912,60
2019.01.15,21:14,1.13911,1.13917,1.1391,1.13913,41
2019.01.15,21:15,1.13913,1.13915,1.13908,1.13911,41
2019.01.15,21:16,1.1391,1.13916,1.1391,1.13915,27
2019.01.15,21:17,1.13915,1.13939,1.13915,1.13937,77
2019.01.15,21:18,1.13939,1.13942,1.13932,1.13936,53
2019.01.15,21:19,1.13937,1.13956,1.13929,1.13956,69
2019.01.15,21:20,1.13957,1.13967,1.13952,1.13956,73
2019.01.15,21:21,1.13955,1.13956,1.13946,1.13946,54
2019.01.15,21:22,1.13946,1.13946,1.13937,1.13943,34
2019.01.15,21:23,1.13942,1.13946,1.1393,1.13943,116
2019.01.15,21:24,1.13946,1.13951,1.13936,1.13939,84
2019.01.15,21:25,1.13938,1.13941,1.13935,1.13936,59
2019.01.15,21:26,1.13934,1.13936,1.13928,1.13931,41
2019.01.15,21:27,1.1393,1.13933,1.13929,1.1393,48
2019.01.15,21:28,1.13931,1.1394,1.13925,1.1394,82
2019.01.15,21:29,1.13939,1.13953,1.13935,1.13949,103
2019.01.15,21:30,1.13949,1.13965,1.13949,1.13956,94
2019.01.15,21:31,1.13954,1.13975,1.13954,1.13969,64
2019.01.15,21:32,1.13969,1.13971,1.1396,1.1397,115
2019.01.15,21:33,1.1397,1.13971,1.1394,1.13943,85
2019.01.15,21:34,1.13943,1.13969,1.13939,1.13962,107
2019.01.15,21:35,1.13961,1.13973,1.1395,1.1395,125
2019.01.15,21:36,1.13951,1.13951,1.13927,1.13934,118
2019.01.15,21:37,1.13935,1.13936,1.13919,1.13922,113
2019.01.15,21:38,1.1392,1.13942,1.13909,1.13914,196
2019.01.15,21:39,1.13914,1.13926,1.1384,1.13898,414
2019.01.15,21:40,1.13898,1.13975,1.13895,1.13927,290
2019.01.15,21:41,1.13928,1.1396,1.139,1.13941,279
2019.01.15,21:42,1.1394,1.1398,1.13906,1.13906,375
2019.01.15,21:43,1.13904,1.13982,1.13894,1.13952,341
2019.01.15,21:44,1.1395,1.1396,1.13923,1.1396,240
2019.01.15,21:45,1.13959,1.1396,1.13862,1.13892,292
2019.01.15,21:46,1.13893,1.13993,1.13893,1.13983,273
2019.01.15,21:47,1.13983,1.13997,1.13932,1.13932,244
2019.01.15,21:48,1.13932,1.13952,1.13927,1.13945,178
2019.01.15,21:49,1.13946,1.13978,1.13936,1.13946,182
2019.01.15,21:50,1.13947,1.13991,1.13939,1.13961,227
2019.01.15,21:51,1.13961,1.13985,1.13943,1.13961,286
2019.01.15,21:52,1.13961,1.13982,1.13948,1.13972,153
2019.01.15,21:53,1.13973,1.13986,1.13954,1.13978,132
2019.01.15,21:54,1.13976,1.1398,1.13959,1.13969,156
2019.01.15,21:55,1.13969,1.1398,1.13943,1.13943,149
2019.01.15,21:56,1.13945,1.13945,1.13925,1.13935,101
2019.01.15,21:57,1.13935,1.13974,1.1393,1.13956,157
2019.01.15,21:58,1.13956,1.13996,1.13956,1.13992,213
2019.01.15,21:59,1.13993,1.14023,1.13991,1.14013,299
2019.01.15,22:00,1.14017,1.14034,1.14011,1.14026,192
2019.01.15,22:01,1.14025,1.14039,1.13999,1.13999,162
2019.01.15,22:02,1.13997,1.14067,1.13997,1.14067,242
2019.01.15,22:03,1.14064,1.14086,1.1406,1.14081,206
2019.01.15,22:04,1.14082,1.14082,1.14051,1.14068,138
2019.01.15,22:05,1.14068,1.14121,1.14068,1.1412,196
2019.01.15,22:06,1.14119,1.14126,1.14093,1.14107,143
2019.01.15,22:07,1.14105,1.14105,1.14058,1.14078,195
2019.01.15,22:08,1.14079,1.14139,1.14073,1.14131,152
2019.01.15,22:09,1.14129,1.14134,1.14106,1.14119,192
2019.01.15,22:10,1.14124,1.14124,1.14103,1.14106,121
2019.01.15,22:11,1.14103,1.14103,1.14054,1.14075,180
2019.01.15,22:12,1.14076,1.14088,1.14064,1.14081,115
2019.01.15,22:13,1.1408,1.14094,1.14076,1.14084,94
2019.01.15,22:14,1.14085,1.14118,1.14079,1.14103,127
2019.01.15,22:15,1.14104,1.14143,1.141,1.14143,148
2019.01.15,22:16,1.14146,1.14155,1.1412,1.14123,149
2019.01.15,22:17,1.14127,1.14148,1.14121,1.14136,128
2019.01.15,22:18,1.14138,1.14171,1.14133,1.14167,150
2019.01.15,22:19,1.14165,1.14172,1.14143,1.14158,147
2019.01.15,22:20,1.14158,1.14174,1.14145,1.14174,140
2019.01.15,22:21,1.14171,1.14175,1.14129,1.14133,159
2019.01.15,22:22,1.14138,1.1414,1.14115,1.14136,120
2019.01.15,22:23,1.14136,1.14146,1.14116,1.14122,126
2019.01.15,22:24,1.14123,1.14127,1.14094,1.14101,97
2019.01.15,22:25,1.14102,1.14121,1.14102,1.14118,69
2019.01.15,22:26,1.14118,1.1413,1.14114,1.14122,73
2019.01.15,22:27,1.14122,1.14123,1.14107,1.14109,81
2019.01.15,22:28,1.14109,1.14128,1.14109,1.14114,95
2019.01.15,22:29,1.14109,1.14111,1.14095,1.14103,101
2019.01.15,22:30,1.14104,1.14106,1.1409,1.14093,129
2019.01.15,22:31,1.1409,1.14097,1.14085,1.14085,69
2019.01.15,22:32,1.14084,1.141,1.14077,1.14083,79
2019.01.15,22:33,1.14083,1.14083,1.14069,1.14069,51
2019.01.15,22:34,1.14068,1.14091,1.14068,1.1409,45
2019.01.15,22:35,1.14088,1.14105,1.14087,1.141,76
2019.01.15,22:36,1.14099,1.14103,1.14088,1.14103,72
2019.01.15,22:37,1.14103,1.14106,1.14088,1.14093,57
2019.01.15,22:38,1.14094,1.14106,1.14094,1.14101,44
2019.01.15,22:39,1.141,1.14114,1.14098,1.1411,48
2019.01.15,22:40,1.14109,1.14116,1.14107,1.14111,54
2019.01.15,22:41,1.14111,1.14143,1.1411,1.14138,91
2019.01.15,22:42,1.14137,1.14165,1.14136,1.14154,142
2019.01.15,22:43,1.14154,1.14154,1.14129,1.14133,67
2019.01.15,22:44,1.14134,1.14144,1.14122,1.14123,97
2019.01.15,22:45,1.1412,1.14142,1.14103,1.14138,114
2019.01.15,22:46,1.14137,1.14139,1.14123,1.14125,66
2019.01.15,22:47,1.14125,1.14142,1.14124,1.14142,65
2019.01.15,22:48,1.14141,1.14148,1.1413,1.1414,64
2019.01.15,22:49,1.14141,1.14146,1.14128,1.14134,70
2019.01.15,22:50,1.14136,1.14142,1.14122,1.14141,58
2019.01.15,22:51,1.14142,1.14146,1.14123,1.14123,90
2019.01.15,22:52,1.14122,1.1413,1.14122,1.14129,53
2019.01.15,22:53,1.14131,1.14137,1.14112,1.14117,80
2019.01.15,22:54,1.14116,1.14126,1.14115,1.14124,54
2019.01.15,22:55,1.14125,1.14142,1.14121,1.14139,83
2019.01.15,22:56,1.14138,1.14139,1.14121,1.14123,73
2019.01.15,22:57,1.14122,1.14126,1.14111,1.14115,91
2019.01.15,22:58,1.14113,1.14121,1.14101,1.14102,84
2019.01.15,22:59,1.14101,1.14133,1.141,1.14133,117
2019.01.15,23:00,1.14134,1.14157,1.14124,1.14124,113
2019.01.15,23:01,1.14124,1.14137,1.14123,1.14136,47
2019.01.15,23:02,1.14137,1.14139,1.14131,1.14131,25
2019.01.15,23:03,1.14131,1.14131,1.14121,1.14121,26
2019.01.15,23:04,1.14121,1.14126,1.1412,1.14125,25
2019.01.15,23:05,1.14125,1.14127,1.14116,1.14119,23
2019.01.15,23:06,1.14118,1.14122,1.14118,1.1412,26
2019.01.15,23:07,1.14122,1.14123,1.14118,1.14118,22
2019.01.15,23:08,1.14115,1.14115,1.14081,1.14085,71
2019.01.15,23:09,1.14085,1.14093,1.14085,1.14092,19
2019.01.15,23:10,1.14092,1.14092,1.14088,1.14088,20
2019.01.15,23:11,1.14089,1.14092,1.14086,1.14089,42
2019.01.15,23:12,1.14088,1.14089,1.14083,1.14083,21
2019.01.15,23:13,1.14084,1.14086,1.14081,1.14085,17
2019.01.15,23:14,1.14086,1.14092,1.14085,1.14092,26
2019.01.15,23:15,1.14092,1.14093,1.14085,1.14088,19
2019.01.15,23:16,1.14089,1.14098,1.14087,1.14093,17
2019.01.15,23:17,1.14093,1.14108,1.14092,1.14099,32
2019.01.15,23:18,1.14096,1.14096,1.14088,1.14094,17
2019.01.15,23:19,1.14096,1.14108,1.14096,1.14108,15
2019.01.15,23:20,1.14106,1.14111,1.14105,1.14111,16
2019.01.15,23:21,1.14111,1.14123,1.14111,1.14123,20
2019.01.15,23:22,1.14124,1.1415,1.14124,1.14148,38
2019.01.15,23:23,1.14147,1.14152,1.14146,1.14151,37
2019.01.15,23:24,1.14152,1.14152,1.14146,1.14149,9
2019.01.15,23:25,1.14149,1.14151,1.14146,1.14151,15
2019.01.15,23:26,1.14149,1.14155,1.14147,1.14154,15
2019.01.15,23:27,1.14154,1.14154,1.14147,1.14152,18
2019.01.15,23:28,1.14151,1.14151,1.14133,1.14138,16
2019.01.15,23:29,1.14137,1.14139,1.14131,1.14131,19
2019.01.15,23:30,1.1413,1.14132,1.14121,1.14121,36
2019.01.15,23:31,1.14119,1.14121,1.14118,1.14118,18
2019.01.15,23:32,1.14118,1.14121,1.14116,1.14118,20
2019.01.15,23:33,1.14118,1.14118,1.14115,1.14116,10
2019.01.15,23:34,1.14118,1.14128,1.14118,1.14128,25
2019.01.15,23:35,1.14127,1.14129,1.14125,1.14126,22
2019.01.15,23:36,1.14126,1.14133,1.14125,1.14129,40
2019.01.15,23:37,1.14129,1.14135,1.14129,1.14131,32
2019.01.15,23:38,1.14133,1.14139,1.14131,1.14133,29
2019.01.15,23:39,1.14132,1.14135,1.14126,1.14129,49
2019.01.15,23:40,1.14127,1.14128,1.14117,1.14119,30
2019.01.15,23:41,1.1412,1.1412,1.14115,1.1412,22
2019.01.15,23:42,1.14119,1.1412,1.14105,1.14109,17
2019.01.15,23:43,1.14106,1.14106,1.14099,1.14099,13
2019.01.15,23:44,1.141,1.14111,1.141,1.14111,15
2019.01.15,23:45,1.1411,1.14113,1.14096,1.14103,38
2019.01.15,23:46,1.14105,1.14109,1.14104,1.14108,32
2019.01.15,23:47,1.14108,1.1411,1.14105,1.14107,33
2019.01.15,23:48,1.14108,1.1411,1.14106,1.14108,39
2019.01.15,23:49,1.14108,1.14111,1.14106,1.14107,27
2019.01.15,23:50,1.14107,1.14115,1.14105,1.14112,57
2019.01.15,23:51,1.14113,1.14129,1.14113,1.14128,31
2019.01.15,23:52,1.14128,1.14135,1.14127,1.14133,27
2019.01.15,23:53,1.14132,1.14133,1.14126,1.14126,22
2019.01.15,23:54,1.14127,1.14127,1.14118,1.14121,19
2019.01.15,23:55,1.14122,1.14124,1.14118,1.14121,37
2019.01.15,23:56,1.1412,1.14124,1.14118,1.14124,25
2019.01.15,23:57,1.14125,1.14127,1.14125,1.14125,7
2019.01.15,23:58,1.14126,1.14126,1.14122,1.14123,19
2019.01.15,23:59,1.14123,1.14129,1.14121,1.14125,44
2019.01.16,00:00,1.14121,1.14125,1.14118,1.14122,7
2019.01.16,00:01,1.14123,1.14124,1.14107,1.14107,6
2019.01.16,00:02,1.14098,1.14108,1.14098,1.14108,7
2019.01.16,00:04,1.14103,1.14111,1.14097,1.141,22
2019.01.16,00:05,1.14102,1.14102,1.141,1.14101,11
2019.01.16,00:06,1.14102,1.14104,1.14099,1.14102,20
2019.01.16,00:07,1.14102,1.14103,1.14101,1.14102,8
2019.01.16,00:08,1.14103,1.14103,1.14096,1.14096,18
2019.01.16,00:09,1.14095,1.14098,1.14095,1.14098,22
2019.01.16,00:10,1.14099,1.141,1.14097,1.141,30
2019.01.16,00:11,1.14099,1.141,1.14098,1.14099,11
2019.01.16,00:12,1.141,1.141,1.14099,1.141,7
2019.01.16,00:13,1.14099,1.14099,1.14099,1.14099,1
2019.01.16,00:14,1.141,1.14102,1.14098,1.14102,6
2019.01.16,00:15,1.14102,1.14102,1.14096,1.14098,20
2019.01.16,00:16,1.14099,1.14101,1.14097,1.141,24
2019.01.16,00:17,1.14098,1.14101,1.14098,1.14101,9
2019.01.16,00:18,1.14101,1.14101,1.14095,1.14097,26
2019.01.16,00:19,1.14097,1.141,1.14097,1.141,10
2019.01.16,00:20,1.141,1.141,1.14099,1.14099,2
2019.01.16,00:21,1.14098,1.14101,1.14098,1.141,5
2019.01.16,00:22,1.14099,1.14102,1.14099,1.141,14
2019.01.16,00:23,1.14098,1.14099,1.14096,1.14099,8
2019.01.16,00:24,1.14099,1.14103,1.14096,1.14103,10
2019.01.16,00:25,1.14101,1.14101,1.14054,1.14063,49
2019.01.16,00:26,1.14062,1.1408,1.1406,1.14073,25
2019.01.16,00:27,1.14074,1.14079,1.14073,1.14074,33
2019.01.16,00:28,1.14074,1.1408,1.14074,1.14078,23
2019.01.16,00:29,1.14076,1.14078,1.14071,1.14073,38
2019.01.16,00:30,1.14073,1.14076,1.14071,1.14074,33
2019.01.16,00:31,1.14074,1.14082,1.14052,1.14074,27
2019.01.16,00:32,1.14074,1.14075,1.14073,1.14073,19
2019.01.16,00:33,1.1407,1.14072,1.14066,1.14066,21
2019.01.16,00:34,1.14069,1.14071,1.14067,1.14071,16
2019.01.16,00:35,1.14072,1.14074,1.1407,1.14071,9
2019.01.16,00:36,1.14072,1.14073,1.14064,1.14071,23
2019.01.16,00:37,1.14071,1.14071,1.14069,1.14069,5
2019.01.16,00:38,1.1407,1.14071,1.14064,1.14064,22
2019.01.16,00:39,1.14064,1.14069,1.14062,1.14064,16
2019.01.16,00:40,1.14064,1.14065,1.14063,1.14065,12
2019.01.16,00:41,1.14064,1.14066,1.14063,1.14066,13
2019.01.16,00:42,1.14066,1.14066,1.14063,1.14063,3
2019.01.16,00:43,1.14063,1.14067,1.14063,1.14067,6
2019.01.16,00:44,1.14068,1.14069,1.14063,1.14063,17
2019.01.16,00:45,1.14063,1.14066,1.14062,1.14065,18
2019.01.16,00:46,1.14066,1.14069,1.14064,1.14065,31
2019.01.16,00:47,1.14065,1.14065,1.14062,1.14064,15
2019.01.16,00:48,1.14064,1.1407,1.14051,1.14053,21
2019.01.16,00:49,1.14054,1.14054,1.14048,1.1405,24
2019.01.16,00:50,1.1405,1.14053,1.14042,1.14042,29
2019.01.16,00:51,1.14042,1.14042,1.14035,1.14039,22
2019.01.16,00:52,1.1404,1.1404,1.14038,1.14039,14
2019.01.16,00:53,1.14041,1.14042,1.14041,1.14041,8
2019.01.16,00:54,1.14041,1.14041,1.14041,1.14041,2
2019.01.16,00:55,1.14042,1.14046,1.14041,1.14046,9
2019.01.16,00:56,1.14046,1.14062,1.14046,1.14062,27
2019.01.16,00:57,1.14059,1.14061,1.14055,1.14061,18
2019.01.16,00:58,1.1406,1.14062,1.14059,1.14061,17
2019.01.16,00:59,1.14061,1.14061,1.14056,1.14057,15
2019.01.16,01:00,1.14058,1.14086,1.14057,1.14083,54
2019.01.16,01:01,1.14082,1.14107,1.14082,1.141,66
2019.01.16,01:02,1.141,1.14108,1.14099,1.14105,57
2019.01.16,01:03,1.14106,1.14115,1.14104,1.14113,29
2019.01.16,01:04,1.14113,1.14113,1.14105,1.14105,26
2019.01.16,01:05,1.14103,1.14104,1.14102,1.14102,8
2019.01.16,01:06,1.14103,1.14104,1.14091,1.14093,20
2019.01.16,01:07,1.14092,1.14095,1.14092,1.14093,12
2019.01.16,01:08,1.14094,1.14095,1.14093,1.14093,10
2019.01.16,01:09,1.14091,1.14092,1.14087,1.14087,10
2019.01.16,01:10,1.14086,1.14092,1.14076,1.14088,48
2019.01.16,01:11,1.14089,1.14091,1.14087,1.14088,11
2019.01.16,01:12,1.14088,1.14088,1.14077,1.14078,20
2019.01.16,01:13,1.14079,1.14088,1.14079,1.14085,17
2019.01.16,01:14,1.14084,1.14092,1.14084,1.14092,17
2019.01.16,01:15,1.14095,1.14097,1.14094,1.14095,25
2019.01.16,01:16,1.14095,1.14096,1.14087,1.14088,31
2019.01.16,01:17,1.14089,1.14094,1.14088,1.14094,30
2019.01.16,01:18,1.14095,1.14097,1.14095,1.14096,14
2019.01.16,01:19,1.14097,1.14109,1.14096,1.14108,27
2019.01.16,01:20,1.14107,1.14108,1.14104,1.14107,28
2019.01.16,01:21,1.14108,1.14118,1.14108,1.14118,24
2019.01.16,01:22,1.14118,1.1412,1.14118,1.14119,15
2019.01.16,01:23,1.14118,1.14118,1.14114,1.14118,21
2019.01.16,01:24,1.1412,1.1412,1.14118,1.14118,16
2019.01.16,01:25,1.14123,1.14123,1.14123,1.14123,11
2019.01.16,01:26,1.14122,1.14122,1.14118,1.14119,17
2019.01.16,01:27,1.14119,1.14124,1.14118,1.14121,16
2019.01.16,01:28,1.14121,1.14125,1.14121,1.14123,12
2019.01.16,01:29,1.14124,1.14125,1.14121,1.14121,14
2019.01.16,01:30,1.14121,1.14121,1.14113,1.14113,35
2019.01.16,01:31,1.14113,1.14113,1.14106,1.14108,26
2019.01.16,01:32,1.14108,1.1411,1.14104,1.1411,34
2019.01.16,01:33,1.14107,1.14108,1.14104,1.14105,32
2019.01.16,01:34,1.14106,1.14109,1.14106,1.14109,18
2019.01.16,01:35,1.14109,1.14112,1.14106,1.14109,33
2019.01.16,01:36,1.14108,1.14111,1.14108,1.1411,21
2019.01.16,01:37,1.14111,1.14115,1.14111,1.14115,22
2019.01.16,01:38,1.14116,1.14116,1.14114,1.14115,15
2019.01.16,01:39,1.14115,1.14115,1.14111,1.14111,36
2019.01.16,01:40,1.14111,1.14111,1.14104,1.14105,28
2019.01.16,01:41,1.14104,1.14105,1.14104,1.14104,4
2019.01.16,01:42,1.14103,1.14106,1.14103,1.14105,25
2019.01.16,01:43,1.14105,1.14107,1.14105,1.14107,11
2019.01.16,01:44,1.14108,1.1411,1.14108,1.14108,21
2019.01.16,01:45,1.14108,1.14108,1.14104,1.14107,19
2019.01.16,01:46,1.14108,1.14116,1.14108,1.14116,23
2019.01.16,01:47,1.14117,1.1412,1.14117,1.1412,23
2019.01.16,01:48,1.14119,1.14127,1.14118,1.14124,31
2019.01.16,01:49,1.14124,1.14126,1.14123,1.14123,24
2019.01.16,01:50,1.14124,1.14137,1.14124,1.14127,25
2019.01.16,01:51,1.14126,1.14136,1.14125,1.14136,38
2019.01.16,01:52,1.14136,1.14137,1.14133,1.14136,24
2019.01.16,01:53,1.14134,1.14137,1.14134,1.14137,36
2019.01.16,01:54,1.14136,1.14136,1.14132,1.14132,19
2019.01.16,01:55,1.1413,1.14131,1.14126,1.14129,19
2019.01.16,01:56,1.14131,1.14138,1.14131,1.14138,18
2019.01.16,01:57,1.14138,1.14138,1.14132,1.14136,41
2019.01.16,01:58,1.14136,1.14143,1.14136,1.14143,14
2019.01.16,01:59,1.14142,1.14143,1.14138,1.14141,44
2019.01.16,02:00,1.14141,1.14141,1.14133,1.14136,51
2019.01.16,02:01,1.14135,1.14141,1.14135,1.1414,33
2019.01.16,02:02,1.1414,1.14141,1.14113,1.14114,66
2019.01.16,02:03,1.14114,1.14114,1.14092,1.14092,126
2019.01.16,02:04,1.14091,1.14093,1.14055,1.14058,110
2019.01.16,02:05,1.14059,1.14086,1.14058,1.14072,105
2019.01.16,02:06,1.14072,1.14076,1.14069,1.14073,48
2019.01.16,02:07,1.14074,1.14081,1.1407,1.14081,36
2019.01.16,02:08,1.14084,1.14086,1.14084,1.14085,22
2019.01.16,02:09,1.14086,1.14095,1.14085,1.14095,39
2019.01.16,02:10,1.14094,1.14095,1.14085,1.14088,33
2019.01.16,02:11,1.14089,1.14091,1.14089,1.1409,28
2019.01.16,02:12,1.1409,1.14093,1.14088,1.14093,15
2019.01.16,02:13,1.14092,1.14093,1.14087,1.14089,16
2019.01.16,02:14,1.14089,1.14093,1.14089,1.1409,16
2019.01.16,02:15,1.14091,1.14095,1.14091,1.14093,24
2019.01.16,02:16,1.14093,1.14093,1.14074,1.14074,24
2019.01.16,02:17,1.14072,1.14073,1.1407,1.14073,16
2019.01.16,02:18,1.14073,1.14074,1.14069,1.14069,32
2019.01.16,02:19,1.14069,1.14073,1.14065,1.14069,45
2019.01.16,02:20,1.14069,1.14077,1.14069,1.14074,42
2019.01.16,02:21,1.14077,1.14078,1.1407,1.1407,19
2019.01.16,02:22,1.14071,1.14073,1.14066,1.14066,38
2019.01.16,02:23,1.14066,1.1407,1.14065,1.1407,24
2019.01.16,02:24,1.14071,1.1408,1.14071,1.14079,15
2019.01.16,02:25,1.1408,1.1408,1.14077,1.14079,19
2019.01.16,02:26,1.14078,1.14079,1.14075,1.14075,13
2019.01.16,02:27,1.14074,1.14075,1.14074,1.14075,11
2019.01.16,02:28,1.14075,1.14075,1.14074,1.14074,13
2019.01.16,02:29,1.14075,1.14079,1.14074,1.14078,16
2019.01.16,02:30,1.14079,1.14085,1.14074,1.14077,36
2019.01.16,02:31,1.14078,1.14079,1.14073,1.14074,13
2019.01.16,02:32,1.14074,1.14074,1.14069,1.14069,10
2019.01.16,02:33,1.14069,1.14074,1.14069,1.14074,15
2019.01.16,02:34,1.14076,1.14082,1.14076,1.14078,33
2019.01.16,02:35,1.14079,1.14079,1.14065,1.14069,38
2019.01.16,02:36,1.1407,1.14082,1.1407,1.14082,30
2019.01.16,02:37,1.14083,1.1409,1.14082,1.1409,17
2019.01.16,02:38,1.1409,1.1409,1.14083,1.14083,28
2019.01.16,02:39,1.14083,1.14083,1.1408,1.1408,21
2019.01.16,02:40,1.14081,1.14083,1.1408,1.14082,11
2019.01.16,02:41,1.14083,1.14113,1.14083,1.14111,52
2019.01.16,02:42,1.14112,1.14115,1.14104,1.14106,40
2019.01.16,02:43,1.14107,1.14126,1.14107,1.14115,59
2019.01.16,02:44,1.14116,1.14131,1.14116,1.14119,64
2019.01.16,02:45,1.14118,1.14118,1.14109,1.14114,20
2019.01.16,02:46,1.14112,1.14112,1.14101,1.14102,30
2019.01.16,02:47,1.14101,1.14102,1.14098,1.14101,26
2019.01.16,02:48,1.141,1.141,1.14097,1.14099,11
2019.01.16,02:49,1.14102,1.14107,1.14099,1.14099,24
2019.01.16,02:50,1.14099,1.14099,1.14092,1.14097,40
2019.01.16,02:51,1.14097,1.14097,1.14092,1.14092,12
2019.01.16,02:52,1.14093,1.14094,1.14085,1.14086,25
2019.01.16,02:53,1.14085,1.14086,1.14076,1.14076,39
2019.01.16,02:54,1.14076,1.14101,1.14076,1.14095,88
2019.01.16,02:55,1.14092,1.14111,1.1409,1.1409,64
2019.01.16,02:56,1.14091,1.14105,1.1409,1.14105,28
2019.01.16,02:57,1.14104,1.1411,1.14104,1.1411,34
2019.01.16,02:58,1.1411,1.1411,1.14103,1.14103,24
2019.01.16,02:59,1.14103,1.14105,1.14101,1.14105,23
2019.01.16,03:00,1.14107,1.14117,1.14107,1.14114,31
2019.01.16,03:01,1.14115,1.14126,1.14115,1.1412,36
2019.01.16,03:02,1.14119,1.14121,1.1411,1.1411,38
2019.01.16,03:03,1.14112,1.14116,1.14109,1.14115,27
2019.01.16,03:04,1.14114,1.1412,1.14094,1.14099,55
2019.01.16,03:05,1.14099,1.141,1.14091,1.14098,34
2019.01.16,03:06,1.14097,1.141,1.14093,1.14094,30
2019.01.16,03:07,1.14094,1.14096,1.14094,1.14094,10
2019.01.16,03:08,1.14094,1.14097,1.14093,1.14095,20
2019.01.16,03:09,1.14095,1.141,1.14094,1.14095,44
2019.01.16,03:10,1.14095,1.141,1.14094,1.14099,13
2019.01.16,03:11,1.14101,1.14103,1.14094,1.14097,31
2019.01.16,03:12,1.14096,1.14096,1.14084,1.14084,40
2019.01.16,03:13,1.14085,1.14085,1.14074,1.1408,41
2019.01.16,03:14,1.1408,1.14093,1.14079,1.14093,23
2019.01.16,03:15,1.14094,1.14094,1.14069,1.14071,60
2019.01.16,03:16,1.14071,1.14071,1.14049,1.14055,68
2019.01.16,03:17,1.14057,1.1406,1.1405,1.14051,39
2019.01.16,03:18,1.14052,1.14053,1.1405,1.14052,43
2019.01.16,03:19,1.14051,1.14051,1.14045,1.14049,35
2019.01.16,03:20,1.14051,1.14054,1.14045,1.14054,77
2019.01.16,03:21,1.14057,1.14057,1.14025,1.14031,50
2019.01.16,03:22,1.1403,1.14036,1.1403,1.1403,48
2019.01.16,03:23,1.1403,1.14038,1.14026,1.14035,34
2019.01.16,03:24,1.14036,1.14039,1.14029,1.14035,42
2019.01.16,03:25,1.14035,1.14038,1.14025,1.1403,42
2019.01.16,03:26,1.14031,1.14031,1.1402,1.14026,36
2019.01.16,03:27,1.14025,1.1403,1.14014,1.14019,48
2019.01.16,03:28,1.14018,1.1402,1.14006,1.14009,87
2019.01.16,03:29,1.14009,1.14013,1.14006,1.1401,69
2019.01.16,03:30,1.1401,1.14015,1.14006,1.14006,90
2019.01.16,03:31,1.14009,1.14025,1.14008,1.14021,81
2019.01.16,03:32,1.1402,1.14027,1.14019,1.14025,42
2019.01.16,03:33,1.14025,1.14026,1.14011,1.14012,61
2019.01.16,03:34,1.14011,1.14014,1.14004,1.14006,75
2019.01.16,03:35,1.14006,1.14021,1.13995,1.14021,62
2019.01.16,03:36,1.14021,1.14021,1.14015,1.1402,24
2019.01.16,03:37,1.14021,1.14024,1.14017,1.1402,34
2019.01.16,03:38,1.14021,1.14025,1.1402,1.14025,29
2019.01.16,03:39,1.14023,1.14026,1.14023,1.14025,29
2019.01.16,03:40,1.14026,1.1403,1.14025,1.14029,21
2019.01.16,03:41,1.14029,1.14029,1.14019,1.14019,20
2019.01.16,03:42,1.1402,1.14023,1.14015,1.14015,37
2019.01.16,03:43,1.14015,1.14022,1.14015,1.14021,50
2019.01.16,03:44,1.1402,1.14022,1.1402,1.1402,15
2019.01.16,03:45,1.14021,1.14023,1.14014,1.14015,33
2019.01.16,03:46,1.14015,1.14018,1.1401,1.14015,41
2019.01.16,03:47,1.14015,1.14016,1.14015,1.14016,16
2019.01.16,03:48,1.14016,1.14021,1.14016,1.14019,31
2019.01.16,03:49,1.14019,1.14024,1.14014,1.1402,41
2019.01.16,03:50,1.1402,1.14022,1.14015,1.14015,32
2019.01.16,03:51,1.14015,1.14016,1.14015,1.14015,22
2019.01.16,03:52,1.14014,1.14016,1.1401,1.1401,27
2019.01.16,03:53,1.1401,1.14017,1.1401,1.1401,48
2019.01.16,03:54,1.1401,1.14011,1.13983,1.1399,53
2019.01.16,03:55,1.13988,1.1399,1.13971,1.13971,43
2019.01.16,03:56,1.1397,1.13981,1.1397,1.13975,55
2019.01.16,03:57,1.13975,1.13985,1.13966,1.13985,57
2019.01.16,03:58,1.13986,1.13989,1.1398,1.13982,39
2019.01.16,03:59,1.13981,1.13982,1.1398,1.13981,17
2019.01.16,04:00,1.13984,1.13989,1.13984,1.13989,27
2019.01.16,04:01,1.1399,1.1399,1.13976,1.13982,46
2019.01.16,04:02,1.13984,1.13987,1.13976,1.13977,48
2019.01.16,04:03,1.13976,1.13982,1.13971,1.13978,43
2019.01.16,04:04,1.13977,1.13978,1.13966,1.13969,51
2019.01.16,04:05,1.13969,1.1397,1.13961,1.13964,47
2019.01.16,04:06,1.13963,1.13975,1.13963,1.13971,30
2019.01.16,04:07,1.13972,1.13994,1.13972,1.13992,41
2019.01.16,04:08,1.13993,1.14002,1.13993,1.14002,18
2019.01.16,04:09,1.14003,1.1401,1.14002,1.14008,22
2019.01.16,04:10,1.1401,1.1401,1.14008,1.14008,21
2019.01.16,04:11,1.14009,1.14013,1.14007,1.14008,23
2019.01.16,04:12,1.14008,1.14011,1.14007,1.14009,13
2019.01.16,04:13,1.14009,1.14013,1.14008,1.14012,14
2019.01.16,04:14,1.14013,1.14016,1.14012,1.14013,16
2019.01.16,04:15,1.14013,1.14017,1.14013,1.14014,19
2019.01.16,04:16,1.14014,1.14019,1.14013,1.14014,34
2019.01.16,04:17,1.14016,1.14023,1.14013,1.14016,41
2019.01.16,04:18,1.14015,1.14017,1.13997,1.13998,28
2019.01.16,04:19,1.13997,1.13998,1.13993,1.13994,23
2019.01.16,04:20,1.13994,1.13994,1.13983,1.13983,30
2019.01.16,04:21,1.13985,1.13994,1.13985,1.13994,12
2019.01.16,04:22,1.13995,1.14003,1.13992,1.13992,26
2019.01.16,04:23,1.13992,1.14003,1.13992,1.13999,33
2019.01.16,04:24,1.14,1.14007,1.13999,1.14003,20
2019.01.16,04:25,1.14004,1.14012,1.14002,1.14003,44
2019.01.16,04:26,1.14002,1.14013,1.14002,1.14013,27
2019.01.16,04:27,1.14011,1.14021,1.14005,1.14021,48
2019.01.16,04:28,1.14019,1.14026,1.14017,1.14023,22
2019.01.16,04:29,1.14021,1.14021,1.14011,1.14012,31
2019.01.16,04:30,1.14013,1.14018,1.14011,1.14016,20
2019.01.16,04:31,1.14017,1.14027,1.14016,1.14019,43
2019.01.16,04:32,1.1402,1.14026,1.14016,1.14026,42
2019.01.16,04:33,1.14025,1.14027,1.14023,1.14024,21
2019.01.16,04:34,1.14024,1.14024,1.14018,1.14021,30
2019.01.16,04:35,1.14022,1.14027,1.14022,1.14023,24
2019.01.16,04:36,1.14024,1.14024,1.14012,1.14014,25
2019.01.16,04:37,1.14015,1.14018,1.14001,1.14001,54
2019.01.16,04:38,1.14002,1.14008,1.14002,1.14003,43
2019.01.16,04:39,1.14003,1.14009,1.14001,1.14009,37
2019.01.16,04:40,1.14009,1.14022,1.14008,1.14022,35
2019.01.16,04:41,1.14024,1.14026,1.14022,1.14023,24
2019.01.16,04:42,1.14022,1.14026,1.14022,1.14024,17
2019.01.16,04:43,1.14024,1.14026,1.14022,1.14022,21
2019.01.16,04:44,1.14022,1.14026,1.14022,1.14026,28
2019.01.16,04:45,1.14026,1.14029,1.14017,1.14019,44
2019.01.16,04:46,1.14019,1.14022,1.14016,1.14019,37
2019.01.16,04:47,1.14019,1.14021,1.14016,1.14017,28
2019.01.16,04:48,1.14017,1.14018,1.14012,1.14014,28
2019.01.16,04:49,1.14015,1.14017,1.14012,1.14014,21
2019.01.16,04:50,1.14013,1.14022,1.14011,1.14017,24
2019.01.16,04:51,1.14017,1.14017,1.14014,1.14014,33
2019.01.16,04:52,1.14014,1.14014,1.14012,1.14012,11
2019.01.16,04:53,1.14014,1.1402,1.14014,1.14017,16
2019.01.16,04:54,1.14017,1.1402,1.14016,1.14019,10
2019.01.16,04:55,1.14019,1.14023,1.14019,1.14023,5
2019.01.16,04:56,1.14024,1.14032,1.14024,1.14032,36
2019.01.16,04:57,1.14033,1.14033,1.14019,1.14019,48
2019.01.16,04:58,1.14019,1.1402,1.14016,1.14016,21
2019.01.16,04:59,1.14017,1.14017,1.14011,1.14011,42
2019.01.16,05:00,1.14009,1.14016,1.14007,1.14013,36
2019.01.16,05:01,1.14012,1.14017,1.14009,1.14013,36
2019.01.16,05:02,1.14013,1.14023,1.14013,1.14022,22
2019.01.16,05:03,1.14021,1.14021,1.14014,1.14014,26
2019.01.16,05:04,1.14014,1.14014,1.14013,1.14013,12
2019.01.16,05:05,1.14013,1.14014,1.14005,1.14006,10
2019.01.16,05:06,1.14006,1.14007,1.13986,1.13988,44
2019.01.16,05:07,1.13987,1.13991,1.13987,1.13988,42
2019.01.16,05:08,1.13987,1.13989,1.13974,1.13974,56
2019.01.16,05:09,1.13974,1.13977,1.13968,1.13977,31
2019.01.16,05:10,1.13977,1.13984,1.13974,1.13975,43
2019.01.16,05:11,1.13975,1.13979,1.13966,1.13969,36
2019.01.16,05:12,1.13969,1.13978,1.13968,1.13978,25
2019.01.16,05:13,1.13979,1.13985,1.13977,1.13982,32
2019.01.16,05:14,1.13982,1.13986,1.13982,1.13982,27
2019.01.16,05:15,1.13982,1.13987,1.13977,1.13983,41
2019.01.16,05:16,1.13983,1.13988,1.13978,1.13979,29
2019.01.16,05:17,1.13978,1.1399,1.13975,1.1399,41
2019.01.16,05:18,1.13992,1.13993,1.13986,1.13987,19
2019.01.16,05:19,1.13985,1.13989,1.13984,1.13989,16
2019.01.16,05:20,1.13989,1.13991,1.13988,1.13989,10
2019.01.16,05:21,1.13989,1.13989,1.13989,1.13989,5
2019.01.16,05:22,1.13987,1.13988,1.13987,1.13988,2
2019.01.16,05:23,1.13987,1.13987,1.13967,1.13972,24
2019.01.16,05:24,1.13971,1.13977,1.13971,1.13974,20
2019.01.16,05:25,1.13973,1.13976,1.13973,1.13975,34
2019.01.16,05:26,1.13974,1.13988,1.13973,1.13987,29
2019.01.16,05:27,1.13988,1.13994,1.13986,1.13993,18
2019.01.16,05:28,1.13994,1.13996,1.13993,1.13994,18
2019.01.16,05:29,1.13993,1.13996,1.13992,1.13994,16
2019.01.16,05:30,1.13994,1.13994,1.13984,1.13988,24
2019.01.16,05:31,1.13987,1.13989,1.13987,1.13988,5
2019.01.16,05:32,1.13987,1.13988,1.13987,1.13988,2
2019.01.16,05:33,1.1399,1.13994,1.1399,1.13993,17
2019.01.16,05:34,1.13994,1.14002,1.13993,1.13998,17
2019.01.16,05:35,1.13999,1.13999,1.13993,1.13994,33
2019.01.16,05:36,1.13993,1.13994,1.13993,1.13994,4
2019.01.16,05:37,1.13997,1.14005,1.13997,1.14005,10
2019.01.16,05:38,1.14007,1.14009,1.13998,1.13999,35
2019.01.16,05:39,1.14001,1.14001,1.13998,1.14,23
2019.01.16,05:40,1.14,1.14,1.13995,1.13996,23
2019.01.16,05:41,1.13995,1.13995,1.13993,1.13994,8
2019.01.16,05:42,1.13997,1.13998,1.13994,1.13994,14
2019.01.16,05:43,1.13994,1.14003,1.13994,1.14003,23
2019.01.16,05:44,1.14004,1.14014,1.14004,1.14014,27
2019.01.16,05:45,1.14014,1.14019,1.14011,1.14011,25
2019.01.16,05:46,1.14011,1.14016,1.14007,1.14009,29
2019.01.16,05:47,1.14007,1.14011,1.14006,1.14009,17
2019.01.16,05:48,1.14009,1.14016,1.14008,1.14013,29
2019.01.16,05:49,1.14014,1.14018,1.14013,1.14017,21
2019.01.16,05:50,1.14018,1.14018,1.14006,1.14008,21
2019.01.16,05:51,1.14007,1.14026,1.14007,1.14019,45
2019.01.16,05:52,1.14019,1.14032,1.14018,1.14025,32
2019.01.16,05:53,1.14026,1.1404,1.14026,1.1404,30
2019.01.16,05:54,1.14039,1.14039,1.14025,1.1403,38
2019.01.16,05:55,1.1403,1.14038,1.1403,1.14034,33
2019.01.16,05:56,1.14028,1.14034,1.14023,1.14032,44
2019.01.16,05:57,1.14032,1.14032,1.1403,1.14032,7
2019.01.16,05:58,1.14031,1.14031,1.14031,1.14031,1
2019.01.16,05:59,1.14032,1.14035,1.1403,1.1403,25
2019.01.16,06:00,1.14029,1.1403,1.14023,1.14029,23
2019.01.16,06:01,1.14031,1.14045,1.14031,1.14043,53
2019.01.16,06:02,1.14043,1.14055,1.1404,1.14042,40
2019.01.16,06:03,1.14043,1.1407,1.14043,1.1406,78
2019.01.16,06:04,1.14061,1.14072,1.14041,1.1405,105
2019.01.16,06:05,1.14049,1.14049,1.14043,1.14049,21
2019.01.16,06:06,1.14048,1.14048,1.14038,1.14038,30
2019.01.16,06:07,1.14039,1.14044,1.14039,1.14043,15
2019.01.16,06:08,1.14043,1.14056,1.14043,1.14054,29
2019.01.16,06:09,1.14053,1.14054,1.14044,1.14044,23
2019.01.16,06:10,1.14043,1.14044,1.14039,1.14044,27
2019.01.16,06:11,1.14043,1.14045,1.14043,1.14044,11
2019.01.16,06:12,1.14044,1.14045,1.14039,1.14045,37
2019.01.16,06:13,1.14045,1.14058,1.14044,1.14044,63
2019.01.16,06:14,1.14042,1.14051,1.14041,1.14044,29
2019.01.16,06:15,1.14044,1.14048,1.14033,1.14034,36
2019.01.16,06:16,1.14033,1.14038,1.14032,1.14038,24
2019.01.16,06:17,1.14038,1.14039,1.14037,1.14038,28
2019.01.16,06:18,1.14037,1.14039,1.14035,1.14039,27
2019.01.16,06:19,1.14038,1.14059,1.14038,1.14059,30
2019.01.16,06:20,1.14056,1.14109,1.14054,1.14098,105
2019.01.16,06:21,1.14097,1.14097,1.14083,1.14087,35
2019.01.16,06:22,1.14088,1.14088,1.14083,1.14083,30
2019.01.16,06:23,1.14084,1.14084,1.14077,1.14078,24
2019.01.16,06:24,1.14077,1.14078,1.14062,1.14063,28
2019.01.16,06:25,1.14062,1.14062,1.14059,1.14059,23
2019.01.16,06:26,1.14058,1.14063,1.14054,1.14059,59
2019.01.16,06:27,1.14058,1.14059,1.14057,1.14058,12
2019.01.16,06:28,1.14059,1.14062,1.14058,1.14058,15
2019.01.16,06:29,1.14059,1.14065,1.14059,1.14064,14
2019.01.16,06:30,1.14065,1.14065,1.14054,1.14055,35
2019.01.16,06:31,1.14057,1.14058,1.14051,1.14054,30
2019.01.16,06:32,1.14054,1.14054,1.14046,1.14048,13
2019.01.16,06:33,1.14047,1.14049,1.14042,1.14048,21
2019.01.16,06:34,1.14047,1.14054,1.14047,1.14051,16
2019.01.16,06:35,1.14053,1.14058,1.14051,1.14053,29
2019.01.16,06:36,1.14053,1.14053,1.14043,1.14044,22
2019.01.16,06:37,1.14044,1.14049,1.14043,1.14048,16
2019.01.16,06:38,1.14051,1.14061,1.14051,1.14054,32
2019.01.16,06:39,1.14056,1.14061,1.14056,1.14059,19
2019.01.16,06:40,1.14059,1.14059,1.14056,1.14059,18
2019.01.16,06:41,1.14059,1.14063,1.14046,1.14046,27
2019.01.16,06:42,1.14045,1.14054,1.1404,1.14049,43
2019.01.16,06:43,1.14048,1.14053,1.14043,1.14049,31
2019.01.16,06:44,1.14049,1.14053,1.14049,1.14049,12
2019.01.16,06:45,1.14049,1.14061,1.14048,1.14048,37
2019.01.16,06:46,1.14048,1.14065,1.14048,1.14065,27
2019.01.16,06:47,1.14065,1.14075,1.14064,1.14074,30
2019.01.16,06:48,1.14073,1.14074,1.1407,1.14071,22
2019.01.16,06:49,1.14072,1.14074,1.14065,1.14074,40
2019.01.16,06:50,1.14076,1.14076,1.14072,1.14074,29
2019.01.16,06:51,1.14074,1.14081,1.14074,1.1408,27
2019.01.16,06:52,1.1408,1.1408,1.14064,1.1407,35
2019.01.16,06:53,1.14069,1.14069,1.14064,1.14064,9
2019.01.16,06:54,1.14064,1.14069,1.1406,1.14069,36
2019.01.16,06:55,1.14069,1.14069,1.14062,1.14062,31
2019.01.16,06:56,1.14062,1.14093,1.14062,1.14085,59
2019.01.16,06:57,1.14085,1.14095,1.14074,1.14093,63
2019.01.16,06:58,1.14091,1.14101,1.14089,1.14096,51
2019.01.16,06:59,1.14095,1.14104,1.14094,1.14103,54
2019.01.16,07:00,1.14102,1.14105,1.141,1.14101,41
2019.01.16,07:01,1.14101,1.14106,1.14101,1.14106,23
2019.01.16,07:02,1.14108,1.14111,1.14103,1.14108,31
2019.01.16,07:03,1.14108,1.14108,1.14085,1.14085,68
2019.01.16,07:04,1.14084,1.14098,1.14084,1.14089,37
2019.01.16,07:05,1.14089,1.14089,1.14082,1.14082,14
2019.01.16,07:06,1.14082,1.1409,1.14081,1.14084,55
2019.01.16,07:07,1.14084,1.14095,1.14083,1.14094,24
2019.01.16,07:08,1.14094,1.14094,1.14088,1.14089,32
2019.01.16,07:09,1.14089,1.14091,1.14085,1.14085,29
2019.01.16,07:10,1.14085,1.14094,1.14084,1.14094,28
2019.01.16,07:11,1.14093,1.14093,1.14088,1.1409,18
2019.01.16,07:12,1.14089,1.14094,1.14088,1.14093,29
2019.01.16,07:13,1.14094,1.14096,1.14092,1.14096,17
2019.01.16,07:14,1.14095,1.14095,1.14091,1.14094,33
2019.01.16,07:15,1.14096,1.14098,1.14094,1.14098,12
2019.01.16,07:16,1.14098,1.14098,1.14089,1.14089,33
2019.01.16,07:17,1.14089,1.14091,1.14084,1.14084,15
2019.01.16,07:18,1.14084,1.14084,1.14079,1.14081,28
2019.01.16,07:19,1.14079,1.14079,1.14074,1.14078,20
2019.01.16,07:20,1.14079,1.14089,1.14079,1.14088,13
2019.01.16,07:21,1.14088,1.14092,1.14083,1.14089,43
2019.01.16,07:22,1.14089,1.14089,1.14082,1.14089,26
2019.01.16,07:23,1.14088,1.14094,1.14088,1.1409,28
2019.01.16,07:24,1.14091,1.14091,1.14085,1.14085,21
2019.01.16,07:25,1.14084,1.14091,1.14084,1.14089,36
2019.01.16,07:26,1.1409,1.14101,1.14089,1.141,22
2019.01.16,07:27,1.14099,1.141,1.14096,1.141,35
2019.01.16,07:28,1.141,1.14121,1.141,1.1412,40
2019.01.16,07:29,1.14119,1.14122,1.14105,1.14109,54
2019.01.16,07:30,1.14112,1.14116,1.1411,1.14114,42
2019.01.16,07:31,1.14113,1.14113,1.14099,1.14105,24
2019.01.16,07:32,1.14105,1.14109,1.14097,1.14106,43
2019.01.16,07:33,1.14107,1.14113,1.14107,1.1411,21
2019.01.16,07:34,1.14111,1.14111,1.14103,1.14104,13
2019.01.16,07:35,1.141,1.14104,1.14093,1.14094,55
2019.01.16,07:36,1.14096,1.14096,1.14089,1.14089,15
2019.01.16,07:37,1.1409,1.14103,1.1409,1.14094,32
2019.01.16,07:38,1.14091,1.14092,1.14088,1.14089,17
2019.01.16,07:39,1.14088,1.14091,1.14088,1.1409,16
2019.01.16,07:40,1.14089,1.1409,1.14085,1.14089,23
2019.01.16,07:41,1.1409,1.14093,1.14086,1.14089,24
2019.01.16,07:42,1.1409,1.1409,1.14086,1.14086,12
2019.01.16,07:43,1.14084,1.14086,1.14084,1.14084,6
2019.01.16,07:44,1.14084,1.14101,1.14084,1.14099,33
2019.01.16,07:45,1.14101,1.14126,1.14101,1.14126,35
2019.01.16,07:46,1.14126,1.14126,1.14114,1.1412,55
2019.01.16,07:47,1.14119,1.14147,1.14116,1.14123,84
2019.01.16,07:48,1.14122,1.14131,1.1412,1.14129,44
2019.01.16,07:49,1.1413,1.14135,1.14128,1.1413,34
2019.01.16,07:50,1.14129,1.14132,1.14119,1.14119,51
2019.01.16,07:51,1.14118,1.14125,1.14114,1.14121,48
2019.01.16,07:52,1.14122,1.14137,1.14122,1.14134,44
2019.01.16,07:53,1.14134,1.1414,1.14129,1.14129,45
2019.01.16,07:54,1.14129,1.1414,1.14124,1.14139,64
2019.01.16,07:55,1.14139,1.14151,1.14135,1.14135,63
2019.01.16,07:56,1.14135,1.14135,1.1412,1.14123,71
2019.01.16,07:57,1.14121,1.14126,1.14115,1.14124,37
2019.01.16,07:58,1.14125,1.14125,1.14113,1.14119,44
2019.01.16,07:59,1.14121,1.14126,1.14114,1.14114,48
2019.01.16,08:00,1.14113,1.14135,1.14112,1.14135,78
2019.01.16,08:01,1.14135,1.14135,1.1412,1.14124,62
2019.01.16,08:02,1.14123,1.14126,1.14117,1.14126,39
2019.01.16,08:03,1.14127,1.14127,1.14115,1.14125,25
2019.01.16,08:04,1.14125,1.14128,1.14112,1.14112,57
2019.01.16,08:05,1.14113,1.14116,1.1411,1.14115,46
2019.01.16,08:06,1.14113,1.14113,1.14096,1.14099,34
2019.01.16,08:07,1.14099,1.14109,1.14098,1.14105,34
2019.01.16,08:08,1.14107,1.14119,1.14107,1.14111,52
2019.01.16,08:09,1.1411,1.14113,1.14104,1.14104,51
2019.01.16,08:10,1.14105,1.14105,1.14093,1.14094,34
2019.01.16,08:11,1.14093,1.14095,1.14089,1.14089,39
2019.01.16,08:12,1.1409,1.14096,1.1409,1.14095,24
2019.01.16,08:13,1.14096,1.14099,1.14084,1.14085,44
2019.01.16,08:14,1.14083,1.14083,1.14068,1.14075,62
2019.01.16,08:15,1.14076,1.1409,1.14074,1.14089,36
2019.01.16,08:16,1.14089,1.14106,1.14089,1.14101,44
2019.01.16,08:17,1.14102,1.1411,1.14091,1.14091,33
2019.01.16,08:18,1.14091,1.14091,1.14086,1.14086,30
2019.01.16,08:19,1.14086,1.14094,1.14086,1.14093,18
2019.01.16,08:20,1.14094,1.14098,1.14093,1.14094,37
2019.01.16,08:21,1.14093,1.14093,1.14079,1.14079,29
2019.01.16,08:22,1.1408,1.14087,1.1408,1.14085,20
2019.01.16,08:23,1.14085,1.14095,1.14084,1.14094,42
2019.01.16,08:24,1.14094,1.14098,1.14092,1.14095,24
2019.01.16,08:25,1.14096,1.14097,1.14079,1.14089,60
2019.01.16,08:26,1.14089,1.14094,1.14077,1.14078,51
2019.01.16,08:27,1.14077,1.14079,1.14075,1.14075,21
2019.01.16,08:28,1.14074,1.14077,1.14064,1.14069,107
2019.01.16,08:29,1.14069,1.14074,1.14064,1.14066,59
2019.01.16,08:30,1.14064,1.14065,1.14049,1.1405,67
2019.01.16,08:31,1.14049,1.14056,1.14046,1.14055,43
2019.01.16,08:32,1.14054,1.14054,1.14053,1.14053,23
2019.01.16,08:33,1.14053,1.14054,1.14048,1.14049,23
2019.01.16,08:34,1.14048,1.14054,1.14041,1.14054,38
2019.01.16,08:35,1.14054,1.14066,1.14051,1.14051,34
2019.01.16,08:36,1.14051,1.14054,1.1404,1.14043,34
2019.01.16,08:37,1.14041,1.14045,1.1404,1.14041,49
2019.01.16,08:38,1.14041,1.14043,1.14026,1.1404,57
2019.01.16,08:39,1.14042,1.14046,1.14034,1.14034,37
2019.01.16,08:40,1.14034,1.14039,1.14029,1.1403,33
2019.01.16,08:41,1.14029,1.14032,1.1402,1.14028,39
2019.01.16,08:42,1.14029,1.14031,1.14025,1.14025,20
2019.01.16,08:43,1.14026,1.1403,1.14025,1.14027,17
2019.01.16,08:44,1.14026,1.14031,1.14026,1.14031,22
2019.01.16,08:45,1.14037,1.1404,1.14011,1.14011,51
2019.01.16,08:46,1.14011,1.14021,1.1401,1.1402,48
2019.01.16,08:47,1.14019,1.1403,1.14016,1.14029,40
2019.01.16,08:48,1.1403,1.14033,1.14026,1.14033,14
2019.01.16,08:49,1.14033,1.14051,1.14033,1.14045,32
2019.01.16,08:50,1.14045,1.14053,1.1404,1.14046,39
2019.01.16,08:51,1.14045,1.14049,1.14039,1.14046,51
2019.01.16,08:52,1.14046,1.14046,1.1404,1.14042,39
2019.01.16,08:53,1.14043,1.14048,1.14035,1.14035,31
2019.01.16,08:54,1.14035,1.14035,1.14017,1.14017,47
2019.01.16,08:55,1.14017,1.14018,1.13983,1.13985,83
2019.01.16,08:56,1.13986,1.13999,1.13986,1.13998,60
2019.01.16,08:57,1.13998,1.13998,1.13987,1.1399,54
2019.01.16,08:58,1.13991,1.13996,1.13968,1.13973,64
2019.01.16,08:59,1.13974,1.13984,1.13967,1.13974,88
2019.01.16,09:00,1.13975,1.14008,1.13971,1.13973,110
2019.01.16,09:01,1.13976,1.14019,1.13976,1.14012,64
2019.01.16,09:02,1.14012,1.1403,1.14012,1.14029,37
2019.01.16,09:03,1.1403,1.14035,1.14022,1.14032,66
2019.01.16,09:04,1.14033,1.14035,1.14011,1.14011,41
2019.01.16,09:05,1.14009,1.14043,1.14006,1.14043,92
2019.01.16,09:06,1.14043,1.14052,1.14027,1.14035,118
2019.01.16,09:07,1.14034,1.14041,1.1402,1.14028,56
2019.01.16,09:08,1.14027,1.14061,1.14026,1.14053,70
2019.01.16,09:09,1.14054,1.14063,1.1405,1.14053,75
2019.01.16,09:10,1.14053,1.14068,1.14045,1.14046,61
2019.01.16,09:11,1.1405,1.14067,1.1405,1.14067,28
2019.01.16,09:12,1.14068,1.14077,1.14051,1.14051,68
2019.01.16,09:13,1.14048,1.14071,1.14036,1.14036,57
2019.01.16,09:14,1.14036,1.14053,1.14032,1.14053,35
2019.01.16,09:15,1.14056,1.14079,1.14056,1.14073,60
2019.01.16,09:16,1.14073,1.14102,1.14073,1.14101,94
2019.01.16,09:17,1.14102,1.14106,1.14071,1.14077,110
2019.01.16,09:18,1.14076,1.14082,1.14069,1.14072,70
2019.01.16,09:19,1.14075,1.1408,1.14062,1.14068,62
2019.01.16,09:20,1.14068,1.14068,1.14032,1.14041,92
2019.01.16,09:21,1.1404,1.14055,1.14037,1.1404,71
2019.01.16,09:22,1.14041,1.1405,1.14039,1.14047,27
2019.01.16,09:23,1.14045,1.14057,1.14038,1.14057,40
2019.01.16,09:24,1.14058,1.14084,1.14056,1.14081,78
2019.01.16,09:25,1.1408,1.14098,1.1408,1.14092,65
2019.01.16,09:26,1.14092,1.14096,1.14065,1.14065,90
2019.01.16,09:27,1.14061,1.14062,1.14046,1.14056,121
2019.01.16,09:28,1.1406,1.14072,1.14051,1.14051,69
2019.01.16,09:29,1.14051,1.14062,1.14039,1.14062,102
2019.01.16,09:30,1.14063,1.14064,1.14026,1.14033,113
2019.01.16,09:31,1.14034,1.14041,1.14015,1.1402,89
2019.01.16,09:32,1.1402,1.14021,1.13993,1.14014,134
2019.01.16,09:33,1.14015,1.14025,1.14008,1.14013,95
2019.01.16,09:34,1.14012,1.14016,1.13994,1.13994,82
2019.01.16,09:35,1.13993,1.14004,1.13992,1.14002,84
2019.01.16,09:36,1.14001,1.14005,1.13916,1.13925,139
2019.01.16,09:37,1.13926,1.13937,1.13915,1.13922,188
2019.01.16,09:38,1.13923,1.13951,1.13923,1.13941,111
2019.01.16,09:39,1.13939,1.1395,1.13934,1.13943,55
2019.01.16,09:40,1.13944,1.13956,1.13944,1.13955,88
2019.01.16,09:41,1.13956,1.13959,1.13947,1.13947,49
2019.01.16,09:42,1.13947,1.13959,1.1392,1.1392,119
2019.01.16,09:43,1.13921,1.13933,1.13916,1.13923,97
2019.01.16,09:44,1.13923,1.13936,1.13922,1.13931,62
2019.01.16,09:45,1.1393,1.13954,1.13916,1.13953,128
2019.01.16,09:46,1.13955,1.13974,1.13955,1.13973,115
2019.01.16,09:47,1.13971,1.13983,1.13969,1.13983,87
2019.01.16,09:48,1.13983,1.13986,1.13978,1.13978,47
2019.01.16,09:49,1.13978,1.13983,1.13974,1.13979,63
2019.01.16,09:50,1.13977,1.13988,1.13971,1.13984,85
2019.01.16,09:51,1.13983,1.13984,1.13961,1.13962,52
2019.01.16,09:52,1.13963,1.13988,1.13962,1.13985,44
2019.01.16,09:53,1.13985,1.13986,1.13973,1.13977,55
2019.01.16,09:54,1.13977,1.1398,1.13974,1.13979,43
2019.01.16,09:55,1.13979,1.13981,1.13937,1.1394,88
2019.01.16,09:56,1.1394,1.13957,1.1394,1.13957,55
2019.01.16,09:57,1.13956,1.13957,1.13915,1.13922,103
2019.01.16,09:58,1.13925,1.13951,1.13925,1.13939,104
2019.01.16,09:59,1.13938,1.13947,1.13927,1.13937,130
2019.01.16,10:00,1.13938,1.13968,1.13931,1.13966,178
2019.01.16,10:01,1.13967,1.14067,1.13967,1.14037,325
2019.01.16,10:02,1.14039,1.14085,1.14026,1.14077,250
2019.01.16,10:03,1.14075,1.14075,1.14042,1.14052,203
2019.01.16,10:04,1.14052,1.14057,1.14018,1.14025,132
2019.01.16,10:05,1.14026,1.14045,1.14021,1.14045,139
2019.01.16,10:06,1.14043,1.14043,1.1402,1.14032,151
2019.01.16,10:07,1.14031,1.14031,1.14006,1.14006,154
2019.01.16,10:08,1.14007,1.1401,1.1398,1.13986,141
2019.01.16,10:09,1.13985,1.14005,1.1398,1.13998,135
2019.01.16,10:10,1.13999,1.13999,1.13958,1.13968,142
2019.01.16,10:11,1.13967,1.13995,1.13967,1.13988,121
2019.01.16,10:12,1.13987,1.13991,1.13978,1.13984,98
2019.01.16,10:13,1.13984,1.14004,1.13978,1.14004,114
2019.01.16,10:14,1.14003,1.14013,1.14002,1.14007,101
2019.01.16,10:15,1.14006,1.14036,1.14,1.14036,117
2019.01.16,10:16,1.1404,1.14116,1.1404,1.14085,265
2019.01.16,10:17,1.14087,1.14102,1.14075,1.14076,140
2019.01.16,10:18,1.14076,1.14079,1.14069,1.14073,83
2019.01.16,10:19,1.14076,1.14097,1.14074,1.14082,89
2019.01.16,10:20,1.14083,1.14089,1.14064,1.14064,162
2019.01.16,10:21,1.14063,1.141,1.14057,1.14088,119
2019.01.16,10:22,1.14087,1.14097,1.14062,1.14064,109
2019.01.16,10:23,1.14063,1.14077,1.14061,1.14074,85
2019.01.16,10:24,1.14076,1.14111,1.14071,1.14108,135
2019.01.16,10:25,1.14112,1.14139,1.14103,1.14138,132
2019.01.16,10:26,1.14138,1.14145,1.14117,1.14124,141
2019.01.16,10:27,1.14124,1.14149,1.14113,1.14124,110
2019.01.16,10:28,1.14125,1.1414,1.14122,1.14137,84
2019.01.16,10:29,1.14136,1.14157,1.14134,1.14155,126
2019.01.16,10:30,1.14154,1.14155,1.14134,1.14144,152
2019.01.16,10:31,1.14143,1.14149,1.14129,1.14129,102
2019.01.16,10:32,1.14129,1.14136,1.14115,1.14136,99
2019.01.16,10:33,1.14137,1.14163,1.14134,1.14148,90
2019.01.16,10:34,1.14147,1.14158,1.14137,1.14137,109
2019.01.16,10:35,1.14136,1.1415,1.14136,1.14143,90
2019.01.16,10:36,1.14142,1.14143,1.14125,1.14133,50
2019.01.16,10:37,1.14134,1.14134,1.14113,1.14119,87
2019.01.16,10:38,1.14119,1.14122,1.14112,1.14122,64
2019.01.16,10:39,1.14123,1.14137,1.1412,1.14137,101
2019.01.16,10:40,1.14136,1.14139,1.14111,1.14113,83
2019.01.16,10:41,1.14113,1.14124,1.14104,1.1412,109
2019.01.16,10:42,1.14118,1.1412,1.1411,1.14117,77
2019.01.16,10:43,1.14116,1.14116,1.14098,1.14113,89
2019.01.16,10:44,1.14114,1.14127,1.14112,1.14124,87
2019.01.16,10:45,1.14123,1.14127,1.14117,1.14118,83
2019.01.16,10:46,1.14118,1.14119,1.14112,1.14113,31
2019.01.16,10:47,1.14115,1.1413,1.14114,1.14114,86
2019.01.16,10:48,1.14115,1.14119,1.14105,1.14116,65
2019.01.16,10:49,1.14115,1.14129,1.14113,1.14128,54
2019.01.16,10:50,1.1413,1.1414,1.14128,1.14133,56
2019.01.16,10:51,1.14137,1.14139,1.1413,1.14135,81
2019.01.16,10:52,1.14137,1.1414,1.1413,1.14131,57
2019.01.16,10:53,1.1413,1.14132,1.14115,1.14119,90
2019.01.16,10:54,1.14119,1.14132,1.14114,1.14114,51
2019.01.16,10:55,1.14115,1.14142,1.14104,1.14133,80
2019.01.16,10:56,1.14134,1.14151,1.1413,1.14144,107
2019.01.16,10:57,1.14144,1.14152,1.14131,1.14148,103
2019.01.16,10:58,1.14147,1.14209,1.14147,1.14189,178
2019.01.16,10:59,1.14189,1.14215,1.14176,1.14215,153
2019.01.16,11:00,1.1422,1.14223,1.14201,1.14213,158
2019.01.16,11:01,1.14213,1.14213,1.14178,1.14194,134
2019.01.16,11:02,1.14195,1.142,1.1419,1.14191,71
2019.01.16,11:03,1.14193,1.14216,1.14193,1.14213,102
2019.01.16,11:04,1.14214,1.14247,1.14206,1.14242,151
2019.01.16,11:05,1.14243,1.14243,1.14212,1.14212,100
2019.01.16,11:06,1.14211,1.14221,1.14202,1.1422,102
2019.01.16,11:07,1.14224,1.14228,1.14204,1.14214,132
2019.01.16,11:08,1.14216,1.14217,1.14198,1.14216,104
2019.01.16,11:09,1.14218,1.14221,1.1421,1.14215,74
2019.01.16,11:10,1.14213,1.14213,1.14194,1.14206,90
2019.01.16,11:11,1.14206,1.14227,1.14202,1.14216,74
2019.01.16,11:12,1.14216,1.1422,1.14206,1.14206,66
2019.01.16,11:13,1.14203,1.14219,1.142,1.14204,104
2019.01.16,11:14,1.14201,1.14204,1.1419,1.14197,68
2019.01.16,11:15,1.14198,1.14206,1.14195,1.14195,59
2019.01.16,11:16,1.14196,1.14202,1.1419,1.14193,72
2019.01.16,11:17,1.14194,1.14196,1.14182,1.14188,76
2019.01.16,11:18,1.14189,1.14191,1.14164,1.14173,101
2019.01.16,11:19,1.14172,1.14186,1.14165,1.14169,123
2019.01.16,11:20,1.14171,1.14171,1.14163,1.14168,75
2019.01.16,11:21,1.14169,1.14175,1.14162,1.14171,84
2019.01.16,11:22,1.14169,1.14181,1.14166,1.14181,56
2019.01.16,11:23,1.14183,1.14189,1.1418,1.14186,58
2019.01.16,11:24,1.14187,1.14195,1.14179,1.14188,96
2019.01.16,11:25,1.1419,1.14195,1.14179,1.14188,67
2019.01.16,11:26,1.1419,1.1419,1.14165,1.14169,80
2019.01.16,11:27,1.14169,1.14177,1.14165,1.14167,52
2019.01.16,11:28,1.14169,1.14187,1.14165,1.14186,59
2019.01.16,11:29,1.14187,1.14209,1.14186,1.14192,119
2019.01.16,11:30,1.14189,1.14211,1.14184,1.14206,86
2019.01.16,11:31,1.14206,1.14208,1.14183,1.14195,91
2019.01.16,11:32,1.14195,1.14203,1.14188,1.14203,87
2019.01.16,11:33,1.14204,1.14206,1.1419,1.14195,94
2019.01.16,11:34,1.14195,1.14205,1.14186,1.14187,119
2019.01.16,11:35,1.14186,1.142,1.14166,1.14168,99
2019.01.16,11:36,1.14167,1.14171,1.14155,1.1417,91
2019.01.16,11:37,1.14169,1.14171,1.1414,1.14149,123
2019.01.16,11:38,1.14149,1.14153,1.14144,1.14148,95
2019.01.16,11:39,1.14147,1.14152,1.14143,1.14148,60
2019.01.16,11:40,1.14147,1.14149,1.14139,1.14142,59
2019.01.16,11:41,1.14143,1.14149,1.14136,1.14146,105
2019.01.16,11:42,1.14147,1.14157,1.14145,1.1415,100
2019.01.16,11:43,1.14151,1.14157,1.14148,1.14149,86
2019.01.16,11:44,1.14148,1.14148,1.14132,1.14142,82
2019.01.16,11:45,1.14141,1.14141,1.14123,1.14131,65
2019.01.16,11:46,1.1413,1.14145,1.1413,1.14137,83
2019.01.16,11:47,1.14139,1.14147,1.14129,1.14143,101
2019.01.16,11:48,1.14142,1.1415,1.14135,1.14149,45
2019.01.16,11:49,1.1415,1.14155,1.1414,1.14141,67
2019.01.16,11:50,1.14141,1.14146,1.1414,1.1414,52
2019.01.16,11:51,1.14141,1.14145,1.14114,1.14114,93
2019.01.16,11:52,1.14113,1.14124,1.14099,1.14103,92
2019.01.16,11:53,1.14103,1.14112,1.141,1.1411,65
2019.01.16,11:54,1.14112,1.14114,1.14093,1.14107,124
2019.01.16,11:55,1.14106,1.14123,1.14096,1.14105,117
2019.01.16,11:56,1.14106,1.14108,1.141,1.14106,57
2019.01.16,11:57,1.14105,1.14112,1.141,1.14103,83
2019.01.16,11:58,1.14103,1.14115,1.14097,1.14099,115
2019.01.16,11:59,1.14099,1.14105,1.14086,1.14103,151
2019.01.16,12:00,1.14103,1.14105,1.14084,1.1409,110
2019.01.16,12:01,1.1409,1.14096,1.14085,1.14095,101
2019.01.16,12:02,1.14096,1.14107,1.14093,1.14101,58
2019.01.16,12:03,1.141,1.14103,1.14096,1.14098,48
2019.01.16,12:04,1.141,1.14104,1.14084,1.14098,74
2019.01.16,12:05,1.14099,1.14103,1.14087,1.14099,59
2019.01.16,12:06,1.14099,1.14115,1.14096,1.14114,63
2019.01.16,12:07,1.14112,1.14112,1.14095,1.14095,50
2019.01.16,12:08,1.14094,1.14097,1.14084,1.14084,62
2019.01.16,12:09,1.14084,1.14085,1.14081,1.14084,27
2019.01.16,12:10,1.14085,1.14087,1.14081,1.14081,50
2019.01.16,12:11,1.14083,1.14084,1.14074,1.14083,59
2019.01.16,12:12,1.14082,1.14083,1.14076,1.14079,38
2019.01.16,12:13,1.14083,1.14086,1.14079,1.14084,37
2019.01.16,12:14,1.14083,1.14087,1.1408,1.14081,30
2019.01.16,12:15,1.14081,1.14085,1.14076,1.14079,44
2019.01.16,12:16,1.1408,1.14086,1.14079,1.14086,16
2019.01.16,12:17,1.14091,1.14104,1.14089,1.14103,41
2019.01.16,12:18,1.14102,1.14105,1.14092,1.141,49
2019.01.16,12:19,1.141,1.14104,1.14081,1.14082,39
2019.01.16,12:20,1.14082,1.14092,1.1408,1.14083,71
2019.01.16,12:21,1.14083,1.14084,1.14071,1.14072,54
2019.01.16,12:22,1.14072,1.14085,1.1407,1.14075,70
2019.01.16,12:23,1.14075,1.14079,1.14073,1.14075,34
2019.01.16,12:24,1.14073,1.14075,1.14072,1.14074,19
2019.01.16,12:25,1.14074,1.141,1.14074,1.14085,86
2019.01.16,12:26,1.14085,1.14097,1.14085,1.14097,47
2019.01.16,12:27,1.14098,1.14105,1.14093,1.14105,60
2019.01.16,12:28,1.14112,1.14112,1.14105,1.1411,53
2019.01.16,12:29,1.14111,1.14111,1.14098,1.14101,56
2019.01.16,12:30,1.14103,1.1411,1.14099,1.14101,51
2019.01.16,12:31,1.14101,1.14102,1.14091,1.14101,69
2019.01.16,12:32,1.14102,1.1411,1.14102,1.14107,34
2019.01.16,12:33,1.14106,1.14106,1.14075,1.1408,92
2019.01.16,12:34,1.14085,1.14092,1.1406,1.14072,105
2019.01.16,12:35,1.14072,1.14075,1.14063,1.1407,77
2019.01.16,12:36,1.14068,1.14068,1.14031,1.14031,92
2019.01.16,12:37,1.1403,1.14031,1.1402,1.14026,105
2019.01.16,12:38,1.14028,1.1404,1.14027,1.14039,61
2019.01.16,12:39,1.14041,1.14057,1.14041,1.14054,72
2019.01.16,12:40,1.14053,1.14055,1.14041,1.14054,54
2019.01.16,12:41,1.14056,1.14068,1.14054,1.14064,68
2019.01.16,12:42,1.14064,1.14065,1.14044,1.14046,104
2019.01.16,12:43,1.14045,1.14054,1.1404,1.14054,86
2019.01.16,12:44,1.14054,1.14055,1.14041,1.14048,65
2019.01.16,12:45,1.14049,1.14056,1.14043,1.14055,38
2019.01.16,12:46,1.14055,1.1406,1.14048,1.14049,71
2019.01.16,12:47,1.1405,1.14064,1.14048,1.14056,60
2019.01.16,12:48,1.14057,1.14057,1.14034,1.14042,79
2019.01.16,12:49,1.14041,1.14041,1.14029,1.14034,58
2019.01.16,12:50,1.14032,1.14032,1.14025,1.14029,50
2019.01.16,12:51,1.14029,1.14041,1.14025,1.1404,75
2019.01.16,12:52,1.14041,1.14047,1.14037,1.14043,53
2019.01.16,12:53,1.14044,1.14049,1.14024,1.14037,94
2019.01.16,12:54,1.14037,1.14042,1.14032,1.14033,59
2019.01.16,12:55,1.14033,1.14041,1.14026,1.14027,96
2019.01.16,12:56,1.14026,1.14026,1.14014,1.14014,57
2019.01.16,12:57,1.14014,1.14014,1.13994,1.13998,103
2019.01.16,12:58,1.13998,1.14006,1.13998,1.14006,46
2019.01.16,12:59,1.14006,1.14006,1.13994,1.13999,71
2019.01.16,13:00,1.13999,1.13999,1.13966,1.13972,82
2019.01.16,13:01,1.13976,1.13982,1.13949,1.13963,143
2019.01.16,13:02,1.13968,1.1399,1.13964,1.13989,107
2019.01.16,13:03,1.13988,1.14005,1.13988,1.14,112
2019.01.16,13:04,1.13997,1.14,1.1399,1.13998,60
2019.01.16,13:05,1.13999,1.1402,1.13997,1.14012,79
2019.01.16,13:06,1.14012,1.14018,1.13985,1.13989,100
2019.01.16,13:07,1.13987,1.13991,1.13971,1.13971,81
2019.01.16,13:08,1.13969,1.13994,1.13958,1.13984,79
2019.01.16,13:09,1.13983,1.14002,1.13977,1.13994,78
2019.01.16,13:10,1.13994,1.14007,1.13988,1.13989,100
2019.01.16,13:11,1.13986,1.13992,1.13969,1.1397,73
2019.01.16,13:12,1.13966,1.1398,1.13965,1.13974,64
2019.01.16,13:13,1.13976,1.14001,1.13976,1.13995,57
2019.01.16,13:14,1.13996,1.13999,1.13973,1.13976,103
2019.01.16,13:15,1.13974,1.13979,1.13962,1.13963,60
2019.01.16,13:16,1.13963,1.13968,1.13933,1.13939,97
2019.01.16,13:17,1.1394,1.13976,1.1394,1.13957,81
2019.01.16,13:18,1.13959,1.1396,1.13939,1.13946,100
2019.01.16,13:19,1.13946,1.13949,1.13938,1.13938,74
2019.01.16,13:20,1.13935,1.13953,1.13934,1.1395,86
2019.01.16,13:21,1.13955,1.13973,1.13948,1.13954,105
2019.01.16,13:22,1.13954,1.1396,1.13944,1.13951,62
2019.01.16,13:23,1.13951,1.13956,1.13943,1.1395,78
2019.01.16,13:24,1.1395,1.1395,1.13934,1.1394,93
2019.01.16,13:25,1.13941,1.13951,1.1394,1.1395,71
2019.01.16,13:26,1.13953,1.13963,1.1395,1.13959,53
2019.01.16,13:27,1.13959,1.13963,1.13954,1.13963,76
2019.01.16,13:28,1.13964,1.13972,1.13958,1.13972,81
2019.01.16,13:29,1.13972,1.13972,1.13944,1.13944,66
2019.01.16,13:30,1.13944,1.13945,1.13923,1.13928,79
2019.01.16,13:31,1.13929,1.13933,1.13921,1.13921,70
2019.01.16,13:32,1.13921,1.13921,1.13883,1.13894,158
2019.01.16,13:33,1.13893,1.13903,1.13873,1.13873,110
2019.01.16,13:34,1.13874,1.13875,1.13863,1.13868,105
2019.01.16,13:35,1.13869,1.13875,1.13864,1.13868,83
2019.01.16,13:36,1.13869,1.13874,1.13863,1.13871,90
2019.01.16,13:37,1.13872,1.13879,1.13868,1.13875,78
2019.01.16,13:38,1.13876,1.13897,1.13876,1.13894,68
2019.01.16,13:39,1.13891,1.13891,1.13872,1.13875,83
2019.01.16,13:40,1.13875,1.13888,1.1387,1.1387,62
2019.01.16,13:41,1.1387,1.13875,1.13866,1.13869,59
2019.01.16,13:42,1.13868,1.1388,1.13851,1.13854,58
2019.01.16,13:43,1.13854,1.13861,1.13841,1.13846,107
2019.01.16,13:44,1.13845,1.13849,1.13835,1.13838,71
2019.01.16,13:45,1.13838,1.13848,1.13836,1.13839,83
2019.01.16,13:46,1.13839,1.13842,1.138,1.13839,173
2019.01.16,13:47,1.13836,1.13854,1.13835,1.13845,90
2019.01.16,13:48,1.13845,1.13851,1.13824,1.13843,128
2019.01.16,13:49,1.13842,1.13843,1.13778,1.13787,113
2019.01.16,13:50,1.13787,1.13804,1.13779,1.13794,135
2019.01.16,13:51,1.13794,1.1381,1.13793,1.1381,62
2019.01.16,13:52,1.13812,1.13828,1.1381,1.13827,99
2019.01.16,13:53,1.13827,1.13827,1.13814,1.13818,79
2019.01.16,13:54,1.13818,1.13833,1.13818,1.1383,64
2019.01.16,13:55,1.13829,1.13829,1.1382,1.1382,60
2019.01.16,13:56,1.13821,1.13829,1.13817,1.13818,100
2019.01.16,13:57,1.13818,1.13828,1.13816,1.13817,83
2019.01.16,13:58,1.13816,1.13821,1.13787,1.13796,94
2019.01.16,13:59,1.13796,1.13806,1.1378,1.13782,70
2019.01.16,14:00,1.13781,1.13788,1.13779,1.13788,45
2019.01.16,14:01,1.13789,1.13808,1.13784,1.13807,66
2019.01.16,14:02,1.13807,1.13825,1.13801,1.13802,116
2019.01.16,14:03,1.13803,1.1382,1.13801,1.13814,86
2019.01.16,14:04,1.13813,1.13814,1.13794,1.13799,70
2019.01.16,14:05,1.13799,1.13818,1.13799,1.13807,91
2019.01.16,14:06,1.13808,1.13821,1.138,1.13818,80
2019.01.16,14:07,1.13818,1.13818,1.13803,1.13804,62
2019.01.16,14:08,1.13805,1.13819,1.13804,1.13819,68
2019.01.16,14:09,1.13819,1.13833,1.13819,1.13829,82
2019.01.16,14:10,1.13829,1.13842,1.13824,1.13831,76
2019.01.16,14:11,1.13831,1.1384,1.13828,1.13835,60
2019.01.16,14:12,1.13836,1.13861,1.13836,1.13857,115
2019.01.16,14:13,1.13856,1.13859,1.13838,1.13843,67
2019.01.16,14:14,1.13842,1.13844,1.1384,1.13843,40
2019.01.16,14:15,1.13844,1.13849,1.13837,1.13844,49
2019.01.16,14:16,1.13848,1.13865,1.13848,1.13863,77
2019.01.16,14:17,1.13863,1.13863,1.13844,1.13851,44
2019.01.16,14:18,1.13853,1.13869,1.13853,1.13865,69
2019.01.16,14:19,1.13867,1.13872,1.1386,1.13867,64
2019.01.16,14:20,1.13868,1.13879,1.13863,1.13879,93
2019.01.16,14:21,1.1388,1.13882,1.13865,1.1387,56
2019.01.16,14:22,1.13869,1.1388,1.13869,1.13879,57
2019.01.16,14:23,1.13881,1.13888,1.13879,1.13887,63
2019.01.16,14:24,1.13887,1.13887,1.13863,1.13863,55
2019.01.16,14:25,1.13862,1.1387,1.1385,1.13853,111
2019.01.16,14:26,1.13853,1.13853,1.13845,1.1385,66
2019.01.16,14:27,1.13853,1.13855,1.13826,1.13829,74
2019.01.16,14:28,1.1383,1.1386,1.1383,1.1385,93
2019.01.16,14:29,1.1385,1.13856,1.13846,1.1385,72
2019.01.16,14:30,1.13851,1.1386,1.1385,1.13855,70
2019.01.16,14:31,1.13854,1.13867,1.13852,1.13865,59
2019.01.16,14:32,1.13867,1.1388,1.13867,1.13878,60
2019.01.16,14:33,1.13876,1.13878,1.13862,1.13873,65
2019.01.16,14:34,1.13872,1.13874,1.13863,1.13874,59
2019.01.16,14:35,1.13872,1.13881,1.13868,1.13879,50
2019.01.16,14:36,1.13878,1.13893,1.13873,1.13883,104
2019.01.16,14:37,1.13882,1.13893,1.13879,1.13887,54
2019.01.16,14:38,1.13889,1.13905,1.13878,1.13892,85
2019.01.16,14:39,1.13891,1.13891,1.13882,1.13884,58
2019.01.16,14:40,1.13884,1.13887,1.13881,1.13887,45
2019.01.16,14:41,1.13886,1.13968,1.13886,1.13929,390
2019.01.16,14:42,1.13928,1.1396,1.13921,1.13936,239
2019.01.16,14:43,1.13936,1.13952,1.13923,1.13942,159
2019.01.16,14:44,1.13943,1.13959,1.13938,1.13956,123
2019.01.16,14:45,1.13956,1.13957,1.13943,1.1395,133
2019.01.16,14:46,1.1395,1.13955,1.13923,1.13923,105
2019.01.16,14:47,1.13924,1.13936,1.13921,1.13935,90
2019.01.16,14:48,1.13934,1.13936,1.13922,1.13925,93
2019.01.16,14:49,1.13925,1.13934,1.13907,1.13909,116
2019.01.16,14:50,1.1391,1.13926,1.1391,1.13918,76
2019.01.16,14:51,1.13917,1.13925,1.13911,1.13911,72
2019.01.16,14:52,1.13911,1.13923,1.13902,1.13922,110
2019.01.16,14:53,1.13921,1.13921,1.13895,1.13906,63
2019.01.16,14:54,1.13903,1.13903,1.13869,1.13888,215
2019.01.16,14:55,1.13888,1.13892,1.13868,1.13888,166
2019.01.16,14:56,1.13888,1.13888,1.13871,1.13885,95
2019.01.16,14:57,1.13885,1.13885,1.13853,1.13859,104
2019.01.16,14:58,1.13859,1.13868,1.13849,1.13857,115
2019.01.16,14:59,1.13857,1.13868,1.13847,1.13868,150
2019.01.16,15:00,1.13869,1.13888,1.13861,1.13865,206
2019.01.16,15:01,1.13865,1.13894,1.13863,1.13863,185
2019.01.16,15:02,1.13861,1.13882,1.13859,1.13872,133
2019.01.16,15:03,1.13873,1.13874,1.13847,1.13856,171
2019.01.16,15:04,1.13857,1.1388,1.13856,1.13877,109
2019.01.16,15:05,1.13877,1.13881,1.13868,1.13879,90
2019.01.16,15:06,1.1388,1.13882,1.13854,1.13868,98
2019.01.16,15:07,1.13871,1.13898,1.13871,1.13892,102
2019.01.16,15:08,1.13892,1.13907,1.13888,1.13904,109
2019.01.16,15:09,1.13903,1.13907,1.13877,1.13885,131
2019.01.16,15:10,1.13885,1.13887,1.1388,1.13883,63
2019.01.16,15:11,1.13883,1.13887,1.13871,1.13886,104
2019.01.16,15:12,1.13886,1.13903,1.13882,1.13892,61
2019.01.16,15:13,1.1389,1.13901,1.13885,1.13891,75
2019.01.16,15:14,1.13891,1.13899,1.13877,1.13881,133
2019.01.16,15:15,1.1388,1.13905,1.1388,1.13902,95
2019.01.16,15:16,1.13901,1.13933,1.13898,1.13914,107
2019.01.16,15:17,1.13912,1.13925,1.13909,1.13916,107
2019.01.16,15:18,1.13914,1.13929,1.13911,1.13928,86
2019.01.16,15:19,1.13926,1.13928,1.13914,1.13925,84
2019.01.16,15:20,1.13924,1.13931,1.13912,1.13926,133
2019.01.16,15:21,1.13925,1.13926,1.13918,1.13925,64
2019.01.16,15:22,1.13925,1.13932,1.13912,1.13929,83
2019.01.16,15:23,1.13929,1.13929,1.13922,1.13923,80
2019.01.16,15:24,1.13924,1.13931,1.13914,1.13914,76
2019.01.16,15:25,1.13913,1.13928,1.13912,1.13928,81
2019.01.16,15:26,1.13927,1.13936,1.13926,1.13927,82
2019.01.16,15:27,1.13926,1.13927,1.13916,1.13923,45
2019.01.16,15:28,1.13922,1.13928,1.13922,1.13926,39
2019.01.16,15:29,1.13926,1.1393,1.13921,1.13927,44
2019.01.16,15:30,1.13927,1.13936,1.13925,1.13932,72
2019.01.16,15:31,1.13931,1.13936,1.139,1.139,63
2019.01.16,15:32,1.13901,1.13906,1.13881,1.13886,79
2019.01.16,15:33,1.13885,1.13898,1.13882,1.13891,88
2019.01.16,15:34,1.13893,1.13901,1.13888,1.13897,80
2019.01.16,15:35,1.13896,1.13909,1.13895,1.13906,69
2019.01.16,15:36,1.13906,1.13912,1.13887,1.13895,102
2019.01.16,15:37,1.13895,1.13907,1.13893,1.13895,38
2019.01.16,15:38,1.13896,1.13899,1.13889,1.13889,75
2019.01.16,15:39,1.13889,1.13898,1.13887,1.13887,72
2019.01.16,15:40,1.13887,1.13897,1.13876,1.13887,90
2019.01.16,15:41,1.13889,1.13892,1.13876,1.13877,67
2019.01.16,15:42,1.13875,1.13892,1.13875,1.13886,85
2019.01.16,15:43,1.13887,1.13896,1.13886,1.13887,69
2019.01.16,15:44,1.13887,1.13895,1.1388,1.13882,52
2019.01.16,15:45,1.13882,1.13888,1.13877,1.13887,63
2019.01.16,15:46,1.13887,1.1389,1.13878,1.13888,73
2019.01.16,15:47,1.13887,1.13906,1.13887,1.13903,95
2019.01.16,15:48,1.13903,1.13928,1.13903,1.13928,114
2019.01.16,15:49,1.13928,1.13937,1.13922,1.13932,78
2019.01.16,15:50,1.13932,1.13941,1.13931,1.13938,84
2019.01.16,15:51,1.13939,1.13945,1.13932,1.13932,77
2019.01.16,15:52,1.13932,1.13932,1.13921,1.13924,85
2019.01.16,15:53,1.13924,1.13925,1.1392,1.13921,46
2019.01.16,15:54,1.13919,1.13931,1.13919,1.13921,97
2019.01.16,15:55,1.13921,1.13937,1.13921,1.13936,61
2019.01.16,15:56,1.13935,1.13958,1.13932,1.13952,111
2019.01.16,15:57,1.13949,1.13952,1.1393,1.13931,56
2019.01.16,15:58,1.13931,1.13931,1.13911,1.13911,57
2019.01.16,15:59,1.1391,1.13922,1.13901,1.13902,90
2019.01.16,16:00,1.13901,1.13923,1.13901,1.13922,121
2019.01.16,16:01,1.13921,1.13946,1.1392,1.13925,97
2019.01.16,16:02,1.13926,1.13953,1.13926,1.13938,122
2019.01.16,16:03,1.13939,1.13957,1.13938,1.13957,61
2019.01.16,16:04,1.13957,1.13957,1.13943,1.13948,85
2019.01.16,16:05,1.13947,1.13958,1.13943,1.13955,41
2019.01.16,16:06,1.13955,1.13955,1.13945,1.13948,50
2019.01.16,16:07,1.13948,1.13949,1.13945,1.13946,29
2019.01.16,16:08,1.13945,1.13967,1.13945,1.13952,87
2019.01.16,16:09,1.13952,1.13997,1.13952,1.13991,98
2019.01.16,16:10,1.13991,1.13999,1.13976,1.13995,140
2019.01.16,16:11,1.13996,1.14001,1.1396,1.1397,142
2019.01.16,16:12,1.13971,1.13975,1.13964,1.13971,76
2019.01.16,16:13,1.13973,1.13977,1.13966,1.13977,72
2019.01.16,16:14,1.13979,1.13981,1.13965,1.13969,65
2019.01.16,16:15,1.13967,1.13984,1.13967,1.13978,95
2019.01.16,16:16,1.1398,1.13981,1.13968,1.13976,87
2019.01.16,16:17,1.13975,1.13991,1.13973,1.13984,93
2019.01.16,16:18,1.13984,1.13988,1.13973,1.13982,79
2019.01.16,16:19,1.13987,1.14017,1.13973,1.14005,187
2019.01.16,16:20,1.14004,1.14023,1.14,1.14007,121
2019.01.16,16:21,1.14006,1.14007,1.13987,1.13988,79
2019.01.16,16:22,1.13989,1.13989,1.1396,1.13964,70
2019.01.16,16:23,1.13964,1.13964,1.1395,1.13951,84
2019.01.16,16:24,1.13953,1.13983,1.1395,1.13967,114
2019.01.16,16:25,1.13969,1.13977,1.13947,1.13961,142
2019.01.16,16:26,1.1396,1.13965,1.13954,1.13959,33
2019.01.16,16:27,1.1396,1.13976,1.13959,1.13962,68
2019.01.16,16:28,1.13963,1.13971,1.13959,1.13966,71
2019.01.16,16:29,1.13967,1.13975,1.13961,1.13964,46
2019.01.16,16:30,1.13967,1.13981,1.13961,1.13975,157
2019.01.16,16:31,1.13973,1.13987,1.13969,1.13982,101
2019.01.16,16:32,1.13982,1.13987,1.13979,1.13981,95
2019.01.16,16:33,1.13981,1.13991,1.13981,1.13991,36
2019.01.16,16:34,1.13988,1.14001,1.13988,1.13992,99
2019.01.16,16:35,1.13991,1.13994,1.13959,1.13965,115
2019.01.16,16:36,1.13966,1.13983,1.13964,1.13979,150
2019.01.16,16:37,1.1398,1.13995,1.13975,1.13981,149
2019.01.16,16:38,1.13982,1.14012,1.13975,1.14008,142
2019.01.16,16:39,1.1401,1.14023,1.14006,1.1402,95
2019.01.16,16:40,1.14021,1.14026,1.14016,1.14016,64
2019.01.16,16:41,1.14017,1.1402,1.14006,1.14017,95
2019.01.16,16:42,1.14018,1.14021,1.13994,1.13997,89
2019.01.16,16:43,1.13998,1.14025,1.13998,1.14019,92
2019.01.16,16:44,1.1402,1.14031,1.14019,1.14019,104
2019.01.16,16:45,1.14019,1.14027,1.14015,1.14024,85
2019.01.16,16:46,1.14023,1.14029,1.14014,1.14026,133
2019.01.16,16:47,1.14025,1.14028,1.14011,1.14016,108
2019.01.16,16:48,1.14015,1.14027,1.14014,1.14021,85
2019.01.16,16:49,1.14019,1.14022,1.14006,1.1402,89
2019.01.16,16:50,1.14021,1.14027,1.14005,1.14006,85
2019.01.16,16:51,1.14006,1.14006,1.13992,1.14005,107
2019.01.16,16:52,1.14005,1.1403,1.14004,1.14026,118
2019.01.16,16:53,1.14025,1.14025,1.14002,1.14006,94
2019.01.16,16:54,1.14007,1.14012,1.13982,1.13991,142
2019.01.16,16:55,1.13993,1.13996,1.13971,1.13977,126
2019.01.16,16:56,1.13977,1.13991,1.13959,1.13959,108
2019.01.16,16:57,1.1396,1.13979,1.13946,1.13956,155
2019.01.16,16:58,1.13956,1.13962,1.13941,1.13951,95
2019.01.16,16:59,1.13947,1.13983,1.1394,1.13972,113
2019.01.16,17:00,1.13972,1.13986,1.1396,1.13971,133
2019.01.16,17:01,1.13971,1.13989,1.13966,1.13979,107
2019.01.16,17:02,1.1398,1.14001,1.13979,1.13997,126
2019.01.16,17:03,1.13997,1.14023,1.13987,1.14012,117
2019.01.16,17:04,1.14012,1.14029,1.13994,1.13999,160
2019.01.16,17:05,1.14002,1.14024,1.13994,1.14019,125
2019.01.16,17:06,1.14019,1.14031,1.13995,1.14,118
2019.01.16,17:07,1.14,1.14006,1.1398,1.13992,148
2019.01.16,17:08,1.13991,1.14001,1.13971,1.13971,111
2019.01.16,17:09,1.13972,1.13976,1.13957,1.1397,96
2019.01.16,17:10,1.13969,1.13971,1.1395,1.13957,119
2019.01.16,17:11,1.1396,1.13974,1.1396,1.13967,76
2019.01.16,17:12,1.13967,1.14002,1.13967,1.13992,118
2019.01.16,17:13,1.13992,1.13992,1.13966,1.13981,133
2019.01.16,17:14,1.13982,1.14012,1.1395,1.13954,147
2019.01.16,17:15,1.13956,1.13956,1.13937,1.1395,128
2019.01.16,17:16,1.13951,1.13964,1.13943,1.13953,96
2019.01.16,17:17,1.13954,1.13984,1.13954,1.13977,101
2019.01.16,17:18,1.13977,1.13983,1.13966,1.1397,86
2019.01.16,17:19,1.1397,1.13993,1.1397,1.13981,90
2019.01.16,17:20,1.13981,1.13991,1.13976,1.13977,79
2019.01.16,17:21,1.13978,1.13989,1.13976,1.13989,68
2019.01.16,17:22,1.13987,1.14002,1.13979,1.13987,80
2019.01.16,17:23,1.13987,1.14021,1.13987,1.14013,69
2019.01.16,17:24,1.14012,1.14025,1.14008,1.14016,95
2019.01.16,17:25,1.14016,1.14023,1.14005,1.14005,57
2019.01.16,17:26,1.14004,1.14011,1.14001,1.14008,97
2019.01.16,17:27,1.14007,1.14007,1.13993,1.13994,55
2019.01.16,17:28,1.13994,1.13999,1.13983,1.13985,68
2019.01.16,17:29,1.13986,1.14001,1.13986,1.13999,94
2019.01.16,17:30,1.14,1.14006,1.13981,1.13987,101
2019.01.16,17:31,1.13988,1.13997,1.13966,1.13995,128
2019.01.16,17:32,1.13996,1.14006,1.13979,1.14004,109
2019.01.16,17:33,1.14003,1.14027,1.14001,1.14027,100
2019.01.16,17:34,1.14028,1.14028,1.14009,1.14024,77
2019.01.16,17:35,1.14022,1.14023,1.14011,1.14016,94
2019.01.16,17:36,1.14016,1.14025,1.14012,1.14022,83
2019.01.16,17:37,1.14021,1.14026,1.1402,1.14023,59
2019.01.16,17:38,1.14023,1.1403,1.14014,1.14027,121
2019.01.16,17:39,1.1403,1.14031,1.14021,1.14025,90
2019.01.16,17:40,1.14026,1.14036,1.14026,1.14027,96
2019.01.16,17:41,1.14027,1.14032,1.14024,1.14027,56
2019.01.16,17:42,1.14026,1.14027,1.13977,1.13991,103
2019.01.16,17:43,1.13991,1.14011,1.13988,1.14002,122
2019.01.16,17:44,1.14001,1.1402,1.14001,1.1402,88
2019.01.16,17:45,1.14021,1.14038,1.1402,1.1402,100
2019.01.16,17:46,1.14021,1.14022,1.14005,1.1402,133
2019.01.16,17:47,1.1402,1.1403,1.14016,1.14021,104
2019.01.16,17:48,1.1402,1.14025,1.1401,1.14021,101
2019.01.16,17:49,1.14022,1.1403,1.1402,1.14023,80
2019.01.16,17:50,1.14022,1.14022,1.13989,1.13997,114
2019.01.16,17:51,1.13998,1.14001,1.13975,1.13979,101
2019.01.16,17:52,1.1398,1.13994,1.13966,1.13979,115
2019.01.16,17:53,1.13977,1.13992,1.13965,1.13986,144
2019.01.16,17:54,1.13985,1.13985,1.1396,1.1396,105
2019.01.16,17:55,1.1396,1.13963,1.13937,1.1394,151
2019.01.16,17:56,1.13939,1.13948,1.13935,1.13945,107
2019.01.16,17:57,1.13946,1.13951,1.13926,1.13926,180
2019.01.16,17:58,1.13929,1.13952,1.1392,1.1395,195
2019.01.16,17:59,1.13951,1.13953,1.13936,1.13943,151
2019.01.16,18:00,1.13946,1.13956,1.13938,1.13941,164
2019.01.16,18:01,1.13942,1.13951,1.1394,1.13948,146
2019.01.16,18:02,1.13948,1.13973,1.13948,1.1397,174
2019.01.16,18:03,1.13971,1.13977,1.13962,1.13973,102
2019.01.16,18:04,1.13971,1.13979,1.13961,1.13972,91
2019.01.16,18:05,1.13972,1.13991,1.13972,1.1399,79
2019.01.16,18:06,1.13989,1.14031,1.13989,1.14019,154
2019.01.16,18:07,1.14018,1.14018,1.14006,1.14016,74
2019.01.16,18:08,1.14016,1.14029,1.14015,1.1402,71
2019.01.16,18:09,1.1402,1.14033,1.14014,1.14028,97
2019.01.16,18:10,1.14027,1.14027,1.14017,1.14021,72
2019.01.16,18:11,1.14021,1.14021,1.14006,1.14007,64
2019.01.16,18:12,1.14007,1.14008,1.13996,1.13997,37
2019.01.16,18:13,1.13998,1.14021,1.13996,1.14017,82
2019.01.16,18:14,1.14018,1.14028,1.14017,1.14027,89
2019.01.16,18:15,1.14026,1.14033,1.14023,1.14033,61
2019.01.16,18:16,1.14033,1.14033,1.14014,1.14027,85
2019.01.16,18:17,1.14027,1.14028,1.14017,1.14021,55
2019.01.16,18:18,1.14021,1.14021,1.14003,1.14015,90
2019.01.16,18:19,1.14014,1.14022,1.14007,1.14018,62
2019.01.16,18:20,1.14017,1.14017,1.14005,1.14006,48
2019.01.16,18:21,1.14005,1.14016,1.14003,1.14012,66
2019.01.16,18:22,1.14011,1.14028,1.14011,1.14023,78
2019.01.16,18:23,1.14022,1.14023,1.14009,1.1402,76
2019.01.16,18:24,1.1402,1.1403,1.1402,1.14026,60
2019.01.16,18:25,1.14026,1.1407,1.14026,1.14044,143
2019.01.16,18:26,1.14039,1.14045,1.14032,1.1404,73
2019.01.16,18:27,1.1404,1.14041,1.13992,1.14007,78
2019.01.16,18:28,1.1401,1.14012,1.13992,1.13996,103
2019.01.16,18:29,1.13996,1.14045,1.13994,1.14019,96
2019.01.16,18:30,1.14018,1.14018,1.14005,1.14017,132
2019.01.16,18:31,1.14017,1.14021,1.14006,1.14007,121
2019.01.16,18:32,1.14005,1.14009,1.14001,1.14002,72
2019.01.16,18:33,1.14005,1.14018,1.13993,1.14018,85
2019.01.16,18:34,1.14017,1.14043,1.14012,1.14036,82
2019.01.16,18:35,1.14035,1.14037,1.14015,1.14018,96
2019.01.16,18:36,1.14012,1.14018,1.13998,1.1401,74
2019.01.16,18:37,1.14009,1.14027,1.14008,1.14027,62
2019.01.16,18:38,1.14026,1.14026,1.14014,1.14022,79
2019.01.16,18:39,1.14021,1.14029,1.14016,1.14027,48
2019.01.16,18:40,1.14025,1.14044,1.14025,1.14033,80
2019.01.16,18:41,1.14034,1.14036,1.14025,1.14026,42
2019.01.16,18:42,1.14022,1.14041,1.14019,1.14031,75
2019.01.16,18:43,1.14031,1.14042,1.14031,1.14037,69
2019.01.16,18:44,1.14037,1.14044,1.14033,1.14044,74
2019.01.16,18:45,1.14044,1.14047,1.14039,1.14047,42
2019.01.16,18:46,1.14045,1.14051,1.1404,1.14043,53
2019.01.16,18:47,1.14045,1.14053,1.14037,1.14046,64
2019.01.16,18:48,1.14048,1.14085,1.14041,1.14079,103
2019.01.16,18:49,1.1408,1.1409,1.14077,1.14088,84
2019.01.16,18:50,1.14086,1.14089,1.14077,1.14087,70
2019.01.16,18:51,1.14088,1.14105,1.14088,1.141,68
2019.01.16,18:52,1.14099,1.14099,1.14084,1.14084,56
2019.01.16,18:53,1.14082,1.14085,1.14069,1.14069,68
2019.01.16,18:54,1.14068,1.14069,1.14052,1.14055,51
2019.01.16,18:55,1.14054,1.14061,1.14049,1.1406,45
2019.01.16,18:56,1.14059,1.14063,1.1405,1.1406,79
2019.01.16,18:57,1.1406,1.14071,1.14053,1.1407,58
2019.01.16,18:58,1.14069,1.14077,1.14066,1.1407,62
2019.01.16,18:59,1.1407,1.14079,1.1407,1.14075,67
2019.01.16,19:00,1.14074,1.14075,1.1406,1.1407,95
2019.01.16,19:01,1.14059,1.14059,1.14043,1.14043,57
2019.01.16,19:02,1.14044,1.14049,1.14043,1.14044,49
2019.01.16,19:03,1.14045,1.14061,1.14043,1.14056,71
2019.01.16,19:04,1.14058,1.14061,1.14051,1.14058,48
2019.01.16,19:05,1.14056,1.14068,1.14055,1.14065,54
2019.01.16,19:06,1.14065,1.14065,1.14056,1.14061,50
2019.01.16,19:07,1.14062,1.14064,1.14045,1.14051,60
2019.01.16,19:08,1.14051,1.14052,1.14039,1.14039,42
2019.01.16,19:09,1.1404,1.14048,1.14028,1.14028,60
2019.01.16,19:10,1.14028,1.14035,1.1402,1.14021,60
2019.01.16,19:11,1.1402,1.14026,1.1402,1.14024,35
2019.01.16,19:12,1.14023,1.14023,1.14015,1.1402,60
2019.01.16,19:13,1.14021,1.14046,1.14021,1.14046,91
2019.01.16,19:14,1.14042,1.14043,1.14035,1.14037,46
2019.01.16,19:15,1.14035,1.14035,1.14021,1.14022,42
2019.01.16,19:16,1.14021,1.14038,1.14019,1.14037,53
2019.01.16,19:17,1.14036,1.14036,1.14025,1.14025,33
2019.01.16,19:18,1.14026,1.14065,1.14026,1.14062,101
2019.01.16,19:19,1.14063,1.14078,1.14017,1.14031,268
2019.01.16,19:20,1.14033,1.14046,1.14024,1.14029,150
2019.01.16,19:21,1.14029,1.14037,1.14025,1.14033,84
2019.01.16,19:22,1.14032,1.14053,1.14032,1.14052,90
2019.01.16,19:23,1.14052,1.14067,1.14052,1.14067,70
2019.01.16,19:24,1.14066,1.14073,1.14066,1.14067,49
2019.01.16,19:25,1.14067,1.14071,1.14058,1.14058,50
2019.01.16,19:26,1.14058,1.14062,1.14057,1.1406,38
2019.01.16,19:27,1.14061,1.14066,1.1406,1.14061,49
2019.01.16,19:28,1.14061,1.14067,1.1406,1.14066,35
2019.01.16,19:29,1.14066,1.14073,1.14064,1.1407,82
2019.01.16,19:30,1.1407,1.14071,1.14061,1.14061,91
2019.01.16,19:31,1.14061,1.14062,1.14057,1.14058,30
2019.01.16,19:32,1.14059,1.14065,1.14055,1.14055,35
2019.01.16,19:33,1.14055,1.14058,1.14035,1.14036,35
2019.01.16,19:34,1.14035,1.14036,1.14014,1.14017,62
2019.01.16,19:35,1.14018,1.14029,1.1401,1.1402,84
2019.01.16,19:36,1.14021,1.14021,1.14,1.14,44
2019.01.16,19:37,1.13999,1.14003,1.13987,1.13989,78
2019.01.16,19:38,1.13992,1.1401,1.13983,1.14007,78
2019.01.16,19:39,1.14006,1.14018,1.14006,1.14017,65
2019.01.16,19:40,1.14018,1.14022,1.14003,1.14003,62
2019.01.16,19:41,1.14004,1.14008,1.14,1.14006,82
2019.01.16,19:42,1.14005,1.14011,1.14,1.14003,66
2019.01.16,19:43,1.14006,1.14012,1.14004,1.14006,56
2019.01.16,19:44,1.14005,1.14012,1.13995,1.13997,68
2019.01.16,19:45,1.13997,1.14004,1.13986,1.14002,57
2019.01.16,19:46,1.14001,1.14016,1.14001,1.14011,70
2019.01.16,19:47,1.14011,1.14011,1.13996,1.14001,64
2019.01.16,19:48,1.14002,1.14003,1.13996,1.13996,34
2019.01.16,19:49,1.13997,1.13998,1.13991,1.13991,45
2019.01.16,19:50,1.1399,1.1399,1.13982,1.13985,53
2019.01.16,19:51,1.13985,1.13991,1.13982,1.13982,50
2019.01.16,19:52,1.13982,1.13983,1.13974,1.13983,51
2019.01.16,19:53,1.13982,1.13982,1.1396,1.13976,80
2019.01.16,19:54,1.1398,1.13981,1.13978,1.13981,26
2019.01.16,19:55,1.13981,1.13986,1.13979,1.13985,35
2019.01.16,19:56,1.13985,1.13985,1.13977,1.13979,37
2019.01.16,19:57,1.1398,1.13986,1.13977,1.13986,41
2019.01.16,19:58,1.13987,1.14001,1.13986,1.14,62
2019.01.16,19:59,1.14001,1.14006,1.13993,1.13993,55
2019.01.16,20:00,1.13992,1.13998,1.13991,1.13996,64
2019.01.16,20:01,1.13995,1.14011,1.13994,1.14011,63
2019.01.16,20:02,1.14006,1.14008,1.14001,1.14001,17
2019.01.16,20:03,1.14002,1.14002,1.1399,1.13995,25
2019.01.16,20:04,1.13995,1.14,1.13994,1.13999,15
2019.01.16,20:05,1.13999,1.14012,1.13999,1.1401,30
2019.01.16,20:06,1.1401,1.14016,1.14007,1.1401,62
2019.01.16,20:07,1.14007,1.14014,1.13989,1.13996,62
2019.01.16,20:08,1.13996,1.14003,1.13995,1.13999,52
2019.01.16,20:09,1.14,1.14005,1.14,1.14005,10
2019.01.16,20:10,1.14005,1.14015,1.14004,1.14012,32
2019.01.16,20:11,1.14015,1.1404,1.14015,1.14036,70
2019.01.16,20:12,1.14037,1.14041,1.14037,1.14039,43
2019.01.16,20:13,1.1404,1.14042,1.14034,1.14039,30
2019.01.16,20:14,1.14038,1.1405,1.14038,1.14044,64
2019.01.16,20:15,1.14044,1.14044,1.14039,1.14041,24
2019.01.16,20:16,1.14041,1.14047,1.14038,1.14046,29
2019.01.16,20:17,1.14046,1.14055,1.14041,1.14047,48
2019.01.16,20:18,1.14046,1.14055,1.14046,1.14051,28
2019.01.16,20:19,1.14051,1.14061,1.14051,1.14058,26
2019.01.16,20:20,1.14059,1.14065,1.14045,1.14065,62
2019.01.16,20:21,1.14065,1.14065,1.14053,1.14062,43
2019.01.16,20:22,1.14061,1.14065,1.14055,1.14058,52
2019.01.16,20:23,1.14059,1.1406,1.14052,1.14052,31
2019.01.16,20:24,1.14054,1.14067,1.14054,1.1406,36
2019.01.16,20:25,1.1406,1.14075,1.14058,1.14071,81
2019.01.16,20:26,1.14071,1.14076,1.14069,1.14074,50
2019.01.16,20:27,1.14077,1.14077,1.1407,1.14074,25
2019.01.16,20:28,1.14074,1.14076,1.14068,1.14068,19
2019.01.16,20:29,1.14068,1.1407,1.14066,1.14066,25
2019.01.16,20:30,1.14066,1.1407,1.14061,1.14063,45
2019.01.16,20:31,1.14063,1.14073,1.14063,1.1407,36
2019.01.16,20:32,1.14071,1.14079,1.14069,1.14075,52
2019.01.16,20:33,1.14075,1.14083,1.14074,1.14078,32
2019.01.16,20:34,1.14078,1.14085,1.14072,1.14083,52
2019.01.16,20:35,1.14081,1.14091,1.1408,1.14086,42
2019.01.16,20:36,1.14085,1.14087,1.14082,1.14084,64
2019.01.16,20:37,1.14084,1.14088,1.14082,1.14082,50
2019.01.16,20:38,1.14084,1.14097,1.14084,1.14085,42
2019.01.16,20:39,1.14082,1.14084,1.14071,1.14073,32
2019.01.16,20:40,1.14073,1.14079,1.14071,1.14075,54
2019.01.16,20:41,1.14075,1.1409,1.14075,1.14085,33
2019.01.16,20:42,1.14085,1.14093,1.14084,1.14092,44
2019.01.16,20:43,1.14093,1.14094,1.14079,1.14079,48
2019.01.16,20:44,1.1408,1.14084,1.14077,1.14081,32
2019.01.16,20:45,1.14081,1.14088,1.14079,1.14086,39
2019.01.16,20:46,1.14087,1.14092,1.14069,1.14071,86
2019.01.16,20:47,1.14068,1.14085,1.14064,1.14083,86
2019.01.16,20:48,1.14085,1.14098,1.14081,1.14092,38
2019.01.16,20:49,1.14092,1.14098,1.14089,1.14091,40
2019.01.16,20:50,1.1409,1.14091,1.14075,1.14085,39
2019.01.16,20:51,1.14085,1.14092,1.14085,1.14087,26
2019.01.16,20:52,1.14087,1.14087,1.14083,1.14083,25
2019.01.16,20:53,1.14083,1.14084,1.1408,1.14083,17
2019.01.16,20:54,1.14082,1.14084,1.14074,1.14074,23
2019.01.16,20:55,1.14075,1.14081,1.1407,1.14081,33
2019.01.16,20:56,1.1408,1.14083,1.1408,1.14083,29
2019.01.16,20:57,1.14082,1.14082,1.14074,1.14075,22
2019.01.16,20:58,1.14076,1.14081,1.1406,1.14064,73
2019.01.16,20:59,1.14067,1.14073,1.14066,1.14069,82
2019.01.16,21:00,1.14069,1.14071,1.1404,1.14049,85
2019.01.16,21:01,1.14051,1.14065,1.14046,1.14055,82
2019.01.16,21:02,1.14055,1.14062,1.14053,1.14061,47
2019.01.16,21:03,1.1406,1.14071,1.1404,1.14042,120
2019.01.16,21:04,1.14041,1.14046,1.1403,1.14045,111
2019.01.16,21:05,1.14045,1.14057,1.1404,1.14055,117
2019.01.16,21:06,1.14057,1.14067,1.14055,1.14065,108
2019.01.16,21:07,1.14067,1.14073,1.14059,1.14064,60
2019.01.16,21:08,1.14058,1.14066,1.14058,1.14061,34
2019.01.16,21:09,1.14063,1.14067,1.14044,1.14051,84
2019.01.16,21:10,1.1405,1.14057,1.14048,1.14048,61
2019.01.16,21:11,1.14047,1.14051,1.14039,1.14049,91
2019.01.16,21:12,1.14049,1.14064,1.14049,1.14064,78
2019.01.16,21:13,1.14064,1.14069,1.14061,1.14068,49
2019.01.16,21:14,1.14067,1.1408,1.14067,1.14068,59
2019.01.16,21:15,1.14069,1.14087,1.14064,1.14066,154
2019.01.16,21:16,1.14065,1.14095,1.14063,1.14064,218
2019.01.16,21:17,1.14063,1.14076,1.14049,1.14049,149
2019.01.16,21:18,1.14049,1.14055,1.14025,1.1403,162
2019.01.16,21:19,1.1403,1.14049,1.1403,1.14044,85
2019.01.16,21:20,1.14044,1.14046,1.14034,1.14036,59
2019.01.16,21:21,1.14036,1.14041,1.14034,1.14038,45
2019.01.16,21:22,1.14039,1.14051,1.14036,1.14048,91
2019.01.16,21:23,1.14048,1.14054,1.14047,1.1405,48
2019.01.16,21:24,1.14049,1.14055,1.1403,1.14031,58
2019.01.16,21:25,1.1403,1.1403,1.14017,1.14019,50
2019.01.16,21:26,1.1402,1.1402,1.13996,1.14008,65
2019.01.16,21:27,1.14009,1.14025,1.14008,1.14024,54
2019.01.16,21:28,1.14024,1.14034,1.14022,1.14034,41
2019.01.16,21:29,1.14034,1.14034,1.1402,1.14023,40
2019.01.16,21:30,1.14022,1.14035,1.14021,1.14031,94
2019.01.16,21:31,1.14029,1.14035,1.14022,1.14023,73
2019.01.16,21:32,1.14023,1.14024,1.14015,1.14021,44
2019.01.16,21:33,1.14018,1.14035,1.14016,1.14033,74
2019.01.16,21:34,1.14034,1.14039,1.14021,1.14022,74
2019.01.16,21:35,1.14021,1.1403,1.14019,1.1403,41
2019.01.16,21:36,1.14031,1.14032,1.14025,1.14028,52
2019.01.16,21:37,1.14028,1.14038,1.14026,1.14036,61
2019.01.16,21:38,1.14035,1.1404,1.1403,1.14039,50
2019.01.16,21:39,1.14038,1.14038,1.14024,1.14024,32
2019.01.16,21:40,1.14025,1.14029,1.14021,1.14028,48
2019.01.16,21:41,1.14028,1.14028,1.14021,1.14022,80
2019.01.16,21:42,1.14024,1.1404,1.14024,1.14038,70
2019.01.16,21:43,1.14038,1.14046,1.1403,1.14035,66
2019.01.16,21:44,1.14035,1.1404,1.14031,1.14035,70
2019.01.16,21:45,1.14036,1.14039,1.14033,1.14037,33
2019.01.16,21:46,1.14036,1.14047,1.14036,1.14041,38
2019.01.16,21:47,1.14046,1.14049,1.14041,1.14046,45
2019.01.16,21:48,1.14048,1.14059,1.14046,1.14059,76
2019.01.16,21:49,1.14057,1.14057,1.14035,1.14038,90
2019.01.16,21:50,1.14037,1.1404,1.14033,1.14037,50
2019.01.16,21:51,1.14038,1.14041,1.14037,1.14041,20
2019.01.16,21:52,1.14039,1.1404,1.1403,1.14039,38
2019.01.16,21:53,1.14037,1.14045,1.14008,1.14016,108
2019.01.16,21:54,1.14016,1.14019,1.14006,1.1401,90
2019.01.16,21:55,1.1401,1.14037,1.1401,1.14021,88
2019.01.16,21:56,1.14018,1.14021,1.14007,1.14007,80
2019.01.16,21:57,1.14006,1.14014,1.13983,1.13985,76
2019.01.16,21:58,1.13986,1.13986,1.1397,1.13976,89
2019.01.16,21:59,1.13976,1.13989,1.1397,1.13976,142
2019.01.16,22:00,1.13977,1.13988,1.13965,1.13965,113
2019.01.16,22:01,1.13966,1.13968,1.13957,1.13961,59
2019.01.16,22:02,1.13963,1.13997,1.13958,1.13994,105
2019.01.16,22:03,1.13993,1.13993,1.13955,1.13965,77
2019.01.16,22:04,1.13965,1.13979,1.13964,1.13973,106
2019.01.16,22:05,1.13973,1.13979,1.13964,1.1397,72
2019.01.16,22:06,1.13968,1.13972,1.13961,1.13961,76
2019.01.16,22:07,1.13961,1.13988,1.1396,1.1398,83
2019.01.16,22:08,1.1398,1.13989,1.13973,1.13986,50
2019.01.16,22:09,1.13986,1.14006,1.13986,1.14004,62
2019.01.16,22:10,1.14004,1.14016,1.14001,1.14012,64
2019.01.16,22:11,1.14011,1.1402,1.14007,1.14009,92
2019.01.16,22:12,1.1401,1.14017,1.1401,1.14013,62
2019.01.16,22:13,1.14014,1.14016,1.14007,1.14013,48
2019.01.16,22:14,1.14014,1.14025,1.14008,1.1402,46
2019.01.16,22:15,1.14018,1.14018,1.14009,1.14015,50
2019.01.16,22:16,1.14013,1.14018,1.14012,1.14016,53
2019.01.16,22:17,1.14016,1.14016,1.14005,1.14008,77
2019.01.16,22:18,1.14008,1.14009,1.13996,1.14003,51
2019.01.16,22:19,1.14003,1.14014,1.14,1.14007,79
2019.01.16,22:20,1.14002,1.14003,1.13972,1.13972,98
2019.01.16,22:21,1.13973,1.13983,1.1397,1.13981,44
2019.01.16,22:22,1.13981,1.13982,1.13961,1.13961,64
2019.01.16,22:23,1.13962,1.13963,1.1395,1.13957,113
2019.01.16,22:24,1.13956,1.13961,1.13948,1.13948,88
2019.01.16,22:25,1.13946,1.13961,1.13945,1.13949,88
2019.01.16,22:26,1.13953,1.13967,1.1395,1.13965,94
2019.01.16,22:27,1.13965,1.1397,1.13959,1.1396,70
2019.01.16,22:28,1.13961,1.13961,1.13933,1.13933,128
2019.01.16,22:29,1.13934,1.13947,1.13933,1.13946,90
2019.01.16,22:30,1.13946,1.13946,1.13931,1.13933,127
2019.01.16,22:31,1.13933,1.13944,1.1393,1.13943,103
2019.01.16,22:32,1.13944,1.1395,1.1394,1.13946,81
2019.01.16,22:33,1.13946,1.13968,1.13943,1.13967,144
2019.01.16,22:34,1.13967,1.13974,1.13957,1.13957,65
2019.01.16,22:35,1.13957,1.13961,1.13951,1.13955,76
2019.01.16,22:36,1.13957,1.1398,1.13956,1.13979,85
2019.01.16,22:37,1.13979,1.13979,1.13964,1.13969,71
2019.01.16,22:38,1.13966,1.13969,1.13962,1.13963,34
2019.01.16,22:39,1.13963,1.13963,1.13952,1.13957,47
2019.01.16,22:40,1.13957,1.13957,1.13945,1.13946,83
2019.01.16,22:41,1.13948,1.13952,1.13943,1.1395,34
2019.01.16,22:42,1.13945,1.13946,1.13933,1.13939,60
2019.01.16,22:43,1.1394,1.13946,1.13938,1.13941,50
2019.01.16,22:44,1.13941,1.13948,1.1394,1.13945,42
2019.01.16,22:45,1.13945,1.13953,1.13944,1.1395,55
2019.01.16,22:46,1.13949,1.13949,1.13936,1.13936,34
2019.01.16,22:47,1.13937,1.13939,1.13925,1.1393,39
2019.01.16,22:48,1.13931,1.13934,1.13921,1.13921,30
2019.01.16,22:49,1.13924,1.13937,1.13924,1.13931,41
2019.01.16,22:50,1.13929,1.13939,1.13929,1.13935,60
2019.01.16,22:51,1.13936,1.13941,1.13934,1.13935,42
2019.01.16,22:52,1.13935,1.13937,1.13931,1.13932,34
2019.01.16,22:53,1.13932,1.13936,1.13932,1.13935,35
2019.01.16,22:54,1.13936,1.13939,1.13925,1.13928,42
2019.01.16,22:55,1.13926,1.13942,1.13922,1.13941,59
2019.01.16,22:56,1.13941,1.13943,1.13931,1.13931,46
2019.01.16,22:57,1.13933,1.13943,1.13931,1.13943,75
2019.01.16,22:58,1.13945,1.13946,1.13937,1.1394,65
2019.01.16,22:59,1.1394,1.13941,1.13924,1.13924,115
2019.01.16,23:00,1.13924,1.13943,1.13923,1.13943,60
2019.01.16,23:01,1.13943,1.13947,1.13942,1.13946,20
2019.01.16,23:02,1.13945,1.13951,1.13945,1.13951,12
2019.01.16,23:03,1.13951,1.13952,1.13946,1.13947,33
2019.01.16,23:04,1.13946,1.13952,1.13946,1.13951,27
2019.01.16,23:05,1.13951,1.13951,1.13946,1.13946,6
2019.01.16,23:06,1.13949,1.13958,1.13947,1.13958,28
2019.01.16,23:07,1.13957,1.13962,1.13956,1.13962,33
2019.01.16,23:08,1.13961,1.13962,1.13955,1.13959,23
2019.01.16,23:09,1.13958,1.1396,1.13958,1.13959,19
2019.01.16,23:10,1.13959,1.1396,1.13948,1.1395,28
2019.01.16,23:11,1.13948,1.13953,1.13947,1.13953,12
2019.01.16,23:12,1.13955,1.13959,1.13955,1.13958,21
2019.01.16,23:13,1.13959,1.13961,1.13957,1.13958,25
2019.01.16,23:14,1.13959,1.13959,1.13957,1.13958,40
2019.01.16,23:15,1.13957,1.13958,1.13957,1.13957,10
2019.01.16,23:16,1.13957,1.13958,1.13957,1.13958,10
2019.01.16,23:17,1.13958,1.13958,1.13951,1.13953,18
2019.01.16,23:18,1.13951,1.13953,1.13949,1.13951,14
2019.01.16,23:19,1.13954,1.13957,1.13952,1.13957,20
2019.01.16,23:20,1.13957,1.13957,1.13951,1.13951,9
2019.01.16,23:21,1.13951,1.13953,1.13949,1.13953,14
2019.01.16,23:22,1.13953,1.13953,1.13948,1.13948,6
2019.01.16,23:23,1.13946,1.13946,1.13941,1.13942,4
2019.01.16,23:24,1.13937,1.13948,1.13937,1.13947,16
2019.01.16,23:25,1.13947,1.13947,1.13937,1.13937,10
2019.01.16,23:26,1.13936,1.13938,1.13936,1.13937,4
2019.01.16,23:27,1.13939,1.13941,1.13925,1.13925,18
2019.01.16,23:28,1.13924,1.13928,1.13924,1.13926,24
2019.01.16,23:29,1.13925,1.1393,1.1392,1.13925,36
2019.01.16,23:30,1.13928,1.13929,1.13925,1.13926,16
2019.01.16,23:31,1.13925,1.13926,1.13921,1.13922,18
2019.01.16,23:32,1.13923,1.13926,1.13921,1.13926,28
2019.01.16,23:33,1.13924,1.13925,1.13913,1.13916,28
2019.01.16,23:34,1.13915,1.13915,1.13913,1.13913,12
2019.01.16,23:35,1.13912,1.13914,1.13911,1.13911,28
2019.01.16,23:36,1.1391,1.1391,1.13904,1.13904,16
2019.01.16,23:37,1.13901,1.13905,1.139,1.13903,24
2019.01.16,23:38,1.13902,1.13907,1.13902,1.13907,21
2019.01.16,23:39,1.13908,1.13908,1.13904,1.13905,10
2019.01.16,23:40,1.13905,1.1391,1.13905,1.13907,13
2019.01.16,23:41,1.13908,1.13908,1.13906,1.13907,20
2019.01.16,23:42,1.13907,1.13909,1.13905,1.13906,18
2019.01.16,23:43,1.13907,1.13908,1.13904,1.13905,17
2019.01.16,23:44,1.13904,1.13908,1.13904,1.13904,25
2019.01.16,23:45,1.13901,1.13907,1.13901,1.13905,38
2019.01.16,23:46,1.13909,1.13909,1.13905,1.13906,14
2019.01.16,23:47,1.13906,1.13908,1.13904,1.13906,34
2019.01.16,23:48,1.13905,1.13906,1.13901,1.13903,43
2019.01.16,23:49,1.13904,1.1391,1.13901,1.13901,34
2019.01.16,23:50,1.139,1.13907,1.139,1.13907,29
2019.01.16,23:51,1.13908,1.13918,1.13906,1.13911,34
2019.01.16,23:52,1.1391,1.13921,1.1391,1.13919,43
2019.01.16,23:53,1.1392,1.13921,1.1391,1.13914,42
2019.01.16,23:54,1.13914,1.1392,1.13913,1.13916,43
2019.01.16,23:55,1.13916,1.13916,1.13909,1.13911,34
2019.01.16,23:56,1.1391,1.13915,1.1391,1.13914,24
2019.01.16,23:57,1.13914,1.13915,1.13913,1.13915,16
2019.01.16,23:58,1.13914,1.13916,1.13913,1.13913,17
2019.01.16,23:59,1.13914,1.13921,1.13912,1.13912,44
2019.01.17,00:00,1.13912,1.1392,1.13912,1.1392,6
2019.01.17,00:01,1.13921,1.13921,1.13921,1.13921,4
2019.01.17,00:02,1.13921,1.13921,1.13918,1.13918,6
2019.01.17,00:03,1.13908,1.13936,1.13899,1.13936,24
2019.01.17,00:04,1.13905,1.1393,1.13905,1.13912,23
2019.01.17,00:05,1.13912,1.13928,1.13908,1.13927,27
2019.01.17,00:06,1.1393,1.13936,1.13925,1.13927,29
2019.01.17,00:07,1.13927,1.13927,1.13917,1.13925,88
2019.01.17,00:08,1.13925,1.13937,1.13923,1.13924,44
2019.01.17,00:09,1.13925,1.13935,1.13923,1.13935,41
2019.01.17,00:10,1.13935,1.13935,1.13933,1.13933,22
2019.01.17,00:11,1.13933,1.13933,1.13925,1.13929,21
2019.01.17,00:12,1.13929,1.13929,1.13925,1.13927,4
2019.01.17,00:13,1.13927,1.13939,1.13927,1.13939,24
2019.01.17,00:14,1.13939,1.13945,1.13938,1.13945,19
2019.01.17,00:15,1.13952,1.13952,1.13937,1.13943,37
2019.01.17,00:16,1.13944,1.13945,1.13939,1.13944,24
2019.01.17,00:17,1.13944,1.13945,1.13942,1.13942,27
2019.01.17,00:18,1.13942,1.13944,1.13942,1.13944,12
2019.01.17,00:19,1.13944,1.13955,1.13944,1.13953,39
2019.01.17,00:20,1.13954,1.13954,1.13952,1.13953,6
2019.01.17,00:21,1.13953,1.13954,1.13951,1.13951,11
2019.01.17,00:22,1.13953,1.13955,1.13951,1.13954,22
2019.01.17,00:23,1.13955,1.13957,1.13954,1.13957,5
2019.01.17,00:24,1.13961,1.13961,1.1395,1.13956,20
2019.01.17,00:25,1.13952,1.13956,1.13945,1.13949,31
2019.01.17,00:26,1.13951,1.13951,1.13947,1.13949,15
2019.01.17,00:27,1.1395,1.13955,1.13949,1.13955,14
2019.01.17,00:28,1.13955,1.13956,1.13955,1.13956,6
2019.01.17,00:29,1.13955,1.13955,1.13951,1.13955,6
2019.01.17,00:30,1.13954,1.13955,1.13951,1.13954,29
2019.01.17,00:31,1.13953,1.13953,1.13947,1.13949,12
2019.01.17,00:32,1.13951,1.13956,1.13951,1.13955,16
2019.01.17,00:33,1.13955,1.13959,1.13954,1.13956,21
2019.01.17,00:34,1.13955,1.13958,1.13952,1.13952,27
2019.01.17,00:35,1.13953,1.13961,1.13952,1.13953,43
2019.01.17,00:36,1.13954,1.13957,1.13953,1.13957,19
2019.01.17,00:37,1.13957,1.13959,1.13955,1.13959,19
2019.01.17,00:38,1.13958,1.1396,1.13956,1.13957,15
2019.01.17,00:39,1.13958,1.13959,1.13957,1.13958,29
2019.01.17,00:40,1.13959,1.13959,1.13956,1.13957,9
2019.01.17,00:41,1.13958,1.1396,1.13955,1.13959,31
2019.01.17,00:42,1.13959,1.1396,1.13958,1.13959,22
2019.01.17,00:43,1.13959,1.1396,1.13958,1.13958,13
2019.01.17,00:44,1.13958,1.1396,1.13954,1.13956,40
2019.01.17,00:45,1.13954,1.13957,1.13952,1.13955,48
2019.01.17,00:46,1.13956,1.13958,1.13955,1.13955,34
2019.01.17,00:47,1.13958,1.13958,1.13955,1.13956,44
2019.01.17,00:48,1.13956,1.13958,1.13955,1.13957,34
2019.01.17,00:49,1.13956,1.13957,1.13954,1.13956,23
2019.01.17,00:50,1.13955,1.13958,1.13953,1.13957,30
2019.01.17,00:51,1.13955,1.13956,1.13955,1.13956,10
2019.01.17,00:52,1.13955,1.13957,1.13955,1.13956,8
2019.01.17,00:53,1.13957,1.13958,1.13955,1.13957,28
2019.01.17,00:54,1.13956,1.13957,1.13955,1.13956,17
2019.01.17,00:55,1.13957,1.13959,1.13952,1.13953,32
2019.01.17,00:56,1.13953,1.13953,1.13952,1.13952,11
2019.01.17,00:57,1.13952,1.13953,1.13951,1.13953,17
2019.01.17,00:58,1.13952,1.13953,1.13937,1.13944,26
2019.01.17,00:59,1.13943,1.13948,1.13943,1.13944,22
2019.01.17,01:00,1.13945,1.13965,1.13943,1.13962,60
2019.01.17,01:01,1.13962,1.13974,1.13961,1.13972,45
2019.01.17,01:02,1.13973,1.13975,1.1397,1.13974,19
2019.01.17,01:03,1.13975,1.13976,1.13974,1.13975,11
2019.01.17,01:04,1.13974,1.13974,1.1397,1.1397,15
2019.01.17,01:05,1.1397,1.1397,1.13965,1.13965,11
2019.01.17,01:06,1.13965,1.13965,1.13964,1.13965,7
2019.01.17,01:07,1.13965,1.13965,1.1396,1.1396,8
2019.01.17,01:08,1.13961,1.1397,1.1396,1.13964,18
2019.01.17,01:09,1.13965,1.13969,1.13965,1.13969,11
2019.01.17,01:10,1.13969,1.13972,1.13964,1.13965,25
2019.01.17,01:11,1.13966,1.13968,1.13963,1.13967,20
2019.01.17,01:12,1.13968,1.13969,1.13967,1.13969,16
2019.01.17,01:13,1.13968,1.13968,1.13967,1.13968,13
2019.01.17,01:14,1.13968,1.13971,1.13967,1.13968,22
2019.01.17,01:15,1.13968,1.13975,1.13967,1.13971,22
2019.01.17,01:16,1.13973,1.13974,1.13973,1.13973,7
2019.01.17,01:17,1.13971,1.13974,1.13971,1.13973,7
2019.01.17,01:18,1.13969,1.1397,1.13966,1.13969,14
2019.01.17,01:19,1.13969,1.13971,1.13963,1.13967,27
2019.01.17,01:20,1.13967,1.13969,1.13966,1.13968,18
2019.01.17,01:21,1.13967,1.13969,1.13967,1.13969,11
2019.01.17,01:22,1.13969,1.13973,1.13968,1.13968,12
2019.01.17,01:23,1.13969,1.1397,1.13967,1.1397,14
2019.01.17,01:24,1.1397,1.13974,1.1397,1.13972,15
2019.01.17,01:25,1.13972,1.13973,1.13972,1.13973,3
2019.01.17,01:26,1.13972,1.13976,1.13972,1.13975,23
2019.01.17,01:27,1.13976,1.13987,1.13976,1.13987,25
2019.01.17,01:28,1.13986,1.13987,1.13969,1.13972,38
2019.01.17,01:29,1.13972,1.13977,1.13972,1.13975,13
2019.01.17,01:30,1.13974,1.1398,1.13974,1.13979,14
2019.01.17,01:31,1.13978,1.13981,1.13977,1.13981,43
2019.01.17,01:32,1.13982,1.13986,1.13981,1.13983,19
2019.01.17,01:33,1.13983,1.13984,1.13983,1.13984,13
2019.01.17,01:34,1.13983,1.13984,1.13983,1.13984,8
2019.01.17,01:35,1.13986,1.13988,1.13984,1.13987,28
2019.01.17,01:36,1.13989,1.1399,1.13987,1.13989,13
2019.01.17,01:37,1.13989,1.13993,1.13987,1.13992,19
2019.01.17,01:38,1.13991,1.13994,1.13987,1.13994,33
2019.01.17,01:39,1.13993,1.13995,1.13993,1.13994,21
2019.01.17,01:40,1.13993,1.13994,1.13992,1.13993,9
2019.01.17,01:41,1.13994,1.13996,1.13992,1.13993,10
2019.01.17,01:42,1.13994,1.13994,1.13993,1.13993,14
2019.01.17,01:43,1.13995,1.14,1.13994,1.13995,22
2019.01.17,01:44,1.13996,1.13997,1.1399,1.1399,27
2019.01.17,01:45,1.1399,1.1399,1.13984,1.13984,21
2019.01.17,01:46,1.13983,1.13992,1.13983,1.13992,21
2019.01.17,01:47,1.13992,1.13994,1.13989,1.13993,22
2019.01.17,01:48,1.13994,1.13995,1.13987,1.13988,52
2019.01.17,01:49,1.13989,1.13989,1.13983,1.13983,33
2019.01.17,01:50,1.13984,1.13984,1.13972,1.13982,55
2019.01.17,01:51,1.1398,1.13986,1.1398,1.13986,32
2019.01.17,01:52,1.13986,1.13986,1.13982,1.13985,34
2019.01.17,01:53,1.13984,1.13986,1.13983,1.13984,13
2019.01.17,01:54,1.13978,1.13978,1.13972,1.13974,10
2019.01.17,01:55,1.13976,1.13985,1.13976,1.13982,30
2019.01.17,01:56,1.13981,1.13981,1.13978,1.13978,18
2019.01.17,01:57,1.13978,1.13979,1.13972,1.13973,20
2019.01.17,01:58,1.13974,1.1398,1.13973,1.13978,39
2019.01.17,01:59,1.13979,1.13999,1.13979,1.13993,56
2019.01.17,02:00,1.13992,1.13993,1.13977,1.13978,68
2019.01.17,02:01,1.13979,1.13988,1.13956,1.1396,77
2019.01.17,02:02,1.1396,1.13964,1.13945,1.13964,42
2019.01.17,02:03,1.13963,1.13963,1.13956,1.1396,34
2019.01.17,02:04,1.13959,1.13961,1.13957,1.13957,16
2019.01.17,02:05,1.13959,1.13974,1.13958,1.13961,67
2019.01.17,02:06,1.13961,1.13983,1.13959,1.13979,60
2019.01.17,02:07,1.13977,1.13977,1.13972,1.13974,28
2019.01.17,02:08,1.13972,1.13977,1.13971,1.13976,24
2019.01.17,02:09,1.13978,1.13989,1.13978,1.13981,26
2019.01.17,02:10,1.13982,1.13989,1.13972,1.13973,48
2019.01.17,02:11,1.13973,1.13974,1.13971,1.13971,38
2019.01.17,02:12,1.13971,1.13971,1.13966,1.13967,40
2019.01.17,02:13,1.13967,1.13969,1.13966,1.13966,29
2019.01.17,02:14,1.13966,1.13984,1.13966,1.13984,38
2019.01.17,02:15,1.13983,1.13984,1.13965,1.13965,26
2019.01.17,02:16,1.13966,1.13983,1.13965,1.13981,44
2019.01.17,02:17,1.13981,1.13991,1.13981,1.13986,22
2019.01.17,02:18,1.13985,1.13985,1.13972,1.13974,46
2019.01.17,02:19,1.13974,1.1398,1.13974,1.13978,33
2019.01.17,02:20,1.13978,1.13978,1.1397,1.1397,32
2019.01.17,02:21,1.13971,1.13974,1.13971,1.13971,18
2019.01.17,02:22,1.13971,1.13974,1.13968,1.13968,23
2019.01.17,02:23,1.13969,1.13969,1.13962,1.13962,31
2019.01.17,02:24,1.13962,1.13962,1.13953,1.13956,31
2019.01.17,02:25,1.13957,1.13979,1.13956,1.13971,74
2019.01.17,02:26,1.13973,1.13973,1.1397,1.1397,14
2019.01.17,02:27,1.1397,1.1397,1.1397,1.1397,1
2019.01.17,02:28,1.1397,1.1397,1.1397,1.1397,1
2019.01.17,02:29,1.13971,1.13972,1.1397,1.13971,9
2019.01.17,02:30,1.1397,1.13971,1.13962,1.13962,32
2019.01.17,02:31,1.13963,1.13964,1.13962,1.13962,6
2019.01.17,02:32,1.13963,1.13968,1.13962,1.13964,32
2019.01.17,02:33,1.13963,1.13964,1.13961,1.13961,27
2019.01.17,02:34,1.13961,1.13961,1.13958,1.13959,27
2019.01.17,02:35,1.1396,1.13973,1.13949,1.13961,81
2019.01.17,02:36,1.13962,1.13962,1.13959,1.13959,10
2019.01.17,02:37,1.13959,1.1396,1.13959,1.1396,12
2019.01.17,02:38,1.13962,1.13964,1.1396,1.1396,17
2019.01.17,02:39,1.1396,1.13963,1.13957,1.13959,23
2019.01.17,02:40,1.13959,1.13962,1.13954,1.13954,51
2019.01.17,02:41,1.13955,1.13959,1.13953,1.13958,30
2019.01.17,02:42,1.13958,1.13958,1.13955,1.13956,19
2019.01.17,02:43,1.13956,1.13958,1.13955,1.13956,14
2019.01.17,02:44,1.13955,1.13956,1.13945,1.13949,29
2019.01.17,02:45,1.13952,1.1396,1.13952,1.1396,44
2019.01.17,02:46,1.13961,1.13966,1.13961,1.13965,14
2019.01.17,02:47,1.13965,1.13965,1.13953,1.13954,30
2019.01.17,02:48,1.13955,1.13957,1.13955,1.13955,12
2019.01.17,02:49,1.13956,1.13956,1.13949,1.13951,24
2019.01.17,02:50,1.1395,1.13955,1.1395,1.13955,30
2019.01.17,02:51,1.13955,1.13958,1.13955,1.13955,17
2019.01.17,02:52,1.13956,1.13959,1.13951,1.13951,36
2019.01.17,02:53,1.13952,1.13956,1.13951,1.13956,27
2019.01.17,02:54,1.13956,1.1396,1.13955,1.13957,54
2019.01.17,02:55,1.13954,1.13958,1.13954,1.13956,16
2019.01.17,02:56,1.13957,1.13964,1.13956,1.13964,22
2019.01.17,02:57,1.13963,1.1397,1.13963,1.13969,38
2019.01.17,02:58,1.13968,1.13979,1.13968,1.13978,26
2019.01.17,02:59,1.13979,1.13979,1.13978,1.13979,13
2019.01.17,03:00,1.13979,1.13995,1.13978,1.13991,62
2019.01.17,03:01,1.13991,1.13997,1.13991,1.13994,29
2019.01.17,03:02,1.13994,1.13994,1.13988,1.1399,34
2019.01.17,03:03,1.1399,1.1399,1.13983,1.13986,53
2019.01.17,03:04,1.13988,1.13998,1.13988,1.13997,34
2019.01.17,03:05,1.13997,1.13998,1.13992,1.13994,36
2019.01.17,03:06,1.13993,1.13995,1.13979,1.13979,40
2019.01.17,03:07,1.13979,1.13979,1.13978,1.13979,9
2019.01.17,03:08,1.13979,1.13979,1.13974,1.13975,30
2019.01.17,03:09,1.13974,1.13975,1.13967,1.13973,37
2019.01.17,03:10,1.13975,1.14,1.13975,1.13993,61
2019.01.17,03:11,1.13993,1.13996,1.1399,1.13992,29
2019.01.17,03:12,1.13992,1.13994,1.13986,1.13991,28
2019.01.17,03:13,1.13991,1.13994,1.1399,1.13992,29
2019.01.17,03:14,1.13993,1.13994,1.1399,1.13992,33
2019.01.17,03:15,1.13991,1.13992,1.13983,1.13984,32
2019.01.17,03:16,1.13984,1.13991,1.13984,1.1399,61
2019.01.17,03:17,1.13992,1.13996,1.1399,1.13994,43
2019.01.17,03:18,1.13993,1.14002,1.13992,1.13992,36
2019.01.17,03:19,1.13992,1.13999,1.13991,1.13991,26
2019.01.17,03:20,1.13991,1.13991,1.13987,1.13987,31
2019.01.17,03:21,1.13988,1.13992,1.13987,1.13989,38
2019.01.17,03:22,1.13988,1.14,1.13988,1.13998,38
2019.01.17,03:23,1.13998,1.14005,1.13997,1.14,66
2019.01.17,03:24,1.14,1.14,1.13996,1.13996,35
2019.01.17,03:25,1.13997,1.13999,1.13995,1.13999,22
2019.01.17,03:26,1.14001,1.14003,1.13996,1.13999,37
2019.01.17,03:27,1.13999,1.13999,1.13994,1.13999,31
2019.01.17,03:28,1.13999,1.14,1.13996,1.14,33
2019.01.17,03:29,1.13999,1.14,1.13991,1.13992,22
2019.01.17,03:30,1.13991,1.13999,1.13991,1.13999,36
2019.01.17,03:31,1.13999,1.14004,1.13986,1.13988,51
2019.01.17,03:32,1.13987,1.13989,1.13985,1.13989,37
2019.01.17,03:33,1.13989,1.13989,1.1398,1.13985,61
2019.01.17,03:34,1.13985,1.13986,1.13976,1.13976,49
2019.01.17,03:35,1.13976,1.13978,1.13975,1.13978,20
2019.01.17,03:36,1.13977,1.13978,1.13969,1.13969,23
2019.01.17,03:37,1.13972,1.13974,1.13969,1.13974,45
2019.01.17,03:38,1.13973,1.13974,1.1397,1.13971,33
2019.01.17,03:39,1.13971,1.13973,1.1396,1.13963,68
2019.01.17,03:40,1.13964,1.13969,1.13959,1.13969,48
2019.01.17,03:41,1.13971,1.13971,1.13963,1.13966,48
2019.01.17,03:42,1.13966,1.13973,1.13964,1.13972,37
2019.01.17,03:43,1.13972,1.13978,1.13969,1.1397,43
2019.01.17,03:44,1.13971,1.13975,1.13969,1.13974,27
2019.01.17,03:45,1.13974,1.13974,1.13969,1.13969,27
2019.01.17,03:46,1.1397,1.13978,1.13969,1.13974,36
2019.01.17,03:47,1.13975,1.13975,1.13967,1.13972,34
2019.01.17,03:48,1.13971,1.13975,1.13969,1.1397,44
2019.01.17,03:49,1.13969,1.13969,1.13958,1.13964,57
2019.01.17,03:50,1.13963,1.13963,1.13955,1.13956,43
2019.01.17,03:51,1.13955,1.13955,1.1395,1.13953,33
2019.01.17,03:52,1.13953,1.13962,1.13949,1.1395,47
2019.01.17,03:53,1.13949,1.1396,1.13947,1.13957,48
2019.01.17,03:54,1.13956,1.13956,1.13954,1.13956,26
2019.01.17,03:55,1.13956,1.13956,1.13949,1.13951,25
2019.01.17,03:56,1.1395,1.13961,1.13949,1.13954,43
2019.01.17,03:57,1.13955,1.13956,1.13946,1.13953,32
2019.01.17,03:58,1.13952,1.13952,1.13949,1.13951,24
2019.01.17,03:59,1.13952,1.13959,1.1394,1.13944,37
2019.01.17,04:00,1.13943,1.13953,1.1394,1.1395,59
2019.01.17,04:01,1.1395,1.1395,1.13942,1.13944,24
2019.01.17,04:02,1.13943,1.13946,1.13938,1.13945,39
2019.01.17,04:03,1.13944,1.13949,1.1394,1.13949,46
2019.01.17,04:04,1.13949,1.13954,1.13949,1.13949,18
2019.01.17,04:05,1.13949,1.1395,1.13943,1.13944,29
2019.01.17,04:06,1.13945,1.13946,1.13939,1.13939,18
2019.01.17,04:07,1.13938,1.13944,1.13936,1.13943,25
2019.01.17,04:08,1.13944,1.13948,1.13943,1.13945,12
2019.01.17,04:09,1.13946,1.13946,1.13944,1.13944,9
2019.01.17,04:10,1.13944,1.13951,1.13944,1.13944,31
2019.01.17,04:11,1.13944,1.13944,1.13935,1.13941,45
2019.01.17,04:12,1.13942,1.13942,1.13929,1.13936,36
2019.01.17,04:13,1.13938,1.1395,1.13938,1.1395,28
2019.01.17,04:14,1.13949,1.1395,1.13936,1.1394,75
2019.01.17,04:15,1.1394,1.13954,1.1394,1.13954,37
2019.01.17,04:16,1.13954,1.13958,1.13949,1.13954,44
2019.01.17,04:17,1.13955,1.13955,1.13949,1.13949,12
2019.01.17,04:18,1.1395,1.13951,1.1395,1.1395,7
2019.01.17,04:19,1.13949,1.13954,1.13949,1.13954,10
2019.01.17,04:20,1.13954,1.13955,1.13949,1.13949,10
2019.01.17,04:21,1.1395,1.13955,1.13947,1.13953,33
2019.01.17,04:22,1.13956,1.13956,1.13943,1.13946,21
2019.01.17,04:23,1.13947,1.13953,1.13947,1.1395,36
2019.01.17,04:24,1.1395,1.13955,1.1395,1.13955,27
2019.01.17,04:25,1.13957,1.1396,1.1395,1.1396,24
2019.01.17,04:26,1.13958,1.13964,1.13956,1.1396,50
2019.01.17,04:27,1.13961,1.13962,1.13957,1.13961,50
2019.01.17,04:28,1.13959,1.13961,1.13959,1.1396,25
2019.01.17,04:29,1.13959,1.13959,1.13946,1.13946,27
2019.01.17,04:30,1.13947,1.13949,1.13934,1.13949,59
2019.01.17,04:31,1.13948,1.13949,1.13939,1.13939,30
2019.01.17,04:32,1.13939,1.13939,1.13938,1.13938,8
2019.01.17,04:33,1.13939,1.1394,1.13934,1.13938,50
2019.01.17,04:34,1.1394,1.1394,1.13934,1.13934,36
2019.01.17,04:35,1.13933,1.13934,1.13924,1.13929,27
2019.01.17,04:36,1.13927,1.13928,1.13914,1.13918,44
2019.01.17,04:37,1.13918,1.13919,1.13909,1.13914,52
2019.01.17,04:38,1.13914,1.13914,1.13904,1.13906,38
2019.01.17,04:39,1.13905,1.13914,1.13905,1.13912,31
2019.01.17,04:40,1.13914,1.13919,1.13896,1.139,53
2019.01.17,04:41,1.13901,1.13904,1.13892,1.13896,47
2019.01.17,04:42,1.13897,1.13909,1.13897,1.139,52
2019.01.17,04:43,1.13901,1.13904,1.13899,1.13903,16
2019.01.17,04:44,1.13904,1.13904,1.13884,1.13893,45
2019.01.17,04:45,1.13894,1.13896,1.13885,1.13886,58
2019.01.17,04:46,1.13887,1.13897,1.13886,1.13897,40
2019.01.17,04:47,1.13898,1.13903,1.13897,1.13902,37
2019.01.17,04:48,1.13901,1.13913,1.139,1.13912,41
2019.01.17,04:49,1.13911,1.13911,1.13904,1.13904,32
2019.01.17,04:50,1.13905,1.13906,1.13901,1.13901,22
2019.01.17,04:51,1.139,1.13905,1.13899,1.13903,19
2019.01.17,04:52,1.13904,1.13906,1.13904,1.13904,21
2019.01.17,04:53,1.13906,1.13916,1.13906,1.13912,36
2019.01.17,04:54,1.13911,1.13914,1.13906,1.13906,45
2019.01.17,04:55,1.13905,1.13908,1.13901,1.13906,27
2019.01.17,04:56,1.13906,1.13916,1.13906,1.13915,8
2019.01.17,04:57,1.13916,1.1392,1.13911,1.13915,63
2019.01.17,04:58,1.13915,1.13915,1.139,1.139,30
2019.01.17,04:59,1.13901,1.13905,1.1389,1.13901,46
2019.01.17,05:00,1.139,1.13903,1.139,1.139,36
2019.01.17,05:01,1.139,1.139,1.13887,1.13891,48
2019.01.17,05:02,1.13889,1.13894,1.13889,1.13893,17
2019.01.17,05:03,1.13893,1.13899,1.13893,1.13899,12
2019.01.17,05:04,1.13899,1.13904,1.13896,1.139,47
2019.01.17,05:05,1.13899,1.13899,1.13889,1.13889,21
2019.01.17,05:06,1.1389,1.13891,1.13889,1.1389,22
2019.01.17,05:07,1.13889,1.13891,1.13889,1.13891,14
2019.01.17,05:08,1.13891,1.13899,1.13891,1.13894,26
2019.01.17,05:09,1.13893,1.13894,1.13878,1.13878,29
2019.01.17,05:10,1.13879,1.13887,1.13878,1.13884,27
2019.01.17,05:11,1.13884,1.13884,1.13884,1.13884,14
2019.01.17,05:12,1.13884,1.13908,1.13884,1.13903,44
2019.01.17,05:13,1.13903,1.13904,1.13899,1.13899,8
2019.01.17,05:14,1.13899,1.13899,1.13894,1.13894,7
2019.01.17,05:15,1.13894,1.13903,1.13894,1.13896,26
2019.01.17,05:16,1.13895,1.13896,1.13893,1.13895,14
2019.01.17,05:17,1.13895,1.13898,1.1389,1.13891,36
2019.01.17,05:18,1.1389,1.13898,1.1389,1.13898,28
2019.01.17,05:19,1.139,1.13904,1.13899,1.13901,20
2019.01.17,05:20,1.139,1.13903,1.13891,1.13894,32
2019.01.17,05:21,1.13896,1.13896,1.13888,1.13889,18
2019.01.17,05:22,1.13888,1.13888,1.13878,1.13881,34
2019.01.17,05:23,1.13881,1.13881,1.13879,1.13879,14
2019.01.17,05:24,1.13879,1.13891,1.13879,1.1389,18
2019.01.17,05:25,1.13889,1.13889,1.13874,1.13879,30
2019.01.17,05:26,1.13879,1.13886,1.13879,1.13884,17
2019.01.17,05:27,1.13884,1.13884,1.1388,1.13881,11
2019.01.17,05:28,1.13881,1.13884,1.13881,1.13884,12
2019.01.17,05:29,1.13883,1.13883,1.13879,1.13881,13
2019.01.17,05:30,1.13881,1.13881,1.13866,1.13868,50
2019.01.17,05:31,1.13867,1.1387,1.13865,1.1387,15
2019.01.17,05:32,1.13869,1.13871,1.13869,1.13869,7
2019.01.17,05:33,1.13869,1.13873,1.13861,1.13864,34
2019.01.17,05:34,1.13864,1.13868,1.13864,1.13867,9
2019.01.17,05:35,1.13869,1.1388,1.13868,1.1388,31
2019.01.17,05:36,1.13879,1.13881,1.13879,1.1388,17
2019.01.17,05:37,1.1388,1.13883,1.13878,1.13878,16
2019.01.17,05:38,1.13879,1.13883,1.13878,1.13881,19
2019.01.17,05:39,1.13881,1.13881,1.13879,1.1388,23
2019.01.17,05:40,1.13879,1.13882,1.13879,1.1388,11
2019.01.17,05:41,1.13881,1.13885,1.13881,1.13883,26
2019.01.17,05:42,1.13882,1.1389,1.13881,1.13886,33
2019.01.17,05:43,1.13886,1.13895,1.13886,1.13895,23
2019.01.17,05:44,1.13896,1.139,1.13894,1.13894,18
2019.01.17,05:45,1.13895,1.13901,1.13894,1.13894,21
2019.01.17,05:46,1.1389,1.1389,1.13886,1.13887,9
2019.01.17,05:47,1.13887,1.13894,1.13885,1.13891,23
2019.01.17,05:48,1.13888,1.1389,1.13885,1.13889,11
2019.01.17,05:49,1.1389,1.13892,1.13889,1.1389,16
2019.01.17,05:50,1.13889,1.13891,1.13886,1.1389,22
2019.01.17,05:51,1.13889,1.1389,1.13879,1.13879,22
2019.01.17,05:52,1.1388,1.1388,1.13871,1.13871,28
2019.01.17,05:53,1.13871,1.13882,1.13871,1.13882,21
2019.01.17,05:54,1.13881,1.13883,1.1388,1.13881,24
2019.01.17,05:55,1.13884,1.13892,1.13884,1.1389,27
2019.01.17,05:56,1.1389,1.13894,1.13889,1.13891,17
2019.01.17,05:57,1.13888,1.13894,1.13883,1.13893,28
2019.01.17,05:58,1.13893,1.13897,1.13889,1.13891,34
2019.01.17,05:59,1.13895,1.13896,1.13877,1.13883,58
2019.01.17,06:00,1.13882,1.13895,1.13876,1.13882,95
2019.01.17,06:01,1.13883,1.1389,1.13875,1.13879,41
2019.01.17,06:02,1.13878,1.1388,1.13872,1.13874,26
2019.01.17,06:03,1.13875,1.13875,1.13858,1.13863,57
2019.01.17,06:04,1.13861,1.13861,1.13849,1.1385,23
2019.01.17,06:05,1.1385,1.13854,1.1385,1.13853,13
2019.01.17,06:06,1.13854,1.13859,1.13853,1.13858,18
2019.01.17,06:07,1.13859,1.13859,1.13851,1.13851,16
2019.01.17,06:08,1.13851,1.13859,1.13851,1.13856,27
2019.01.17,06:09,1.13855,1.13861,1.13855,1.13856,19
2019.01.17,06:10,1.13856,1.13859,1.13853,1.13859,38
2019.01.17,06:11,1.1386,1.13866,1.13859,1.13859,27
2019.01.17,06:12,1.13859,1.13861,1.13859,1.13861,14
2019.01.17,06:13,1.13863,1.13867,1.1386,1.13864,39
2019.01.17,06:14,1.13865,1.13866,1.13862,1.13866,22
2019.01.17,06:15,1.13869,1.1387,1.13865,1.13865,25
2019.01.17,06:16,1.13866,1.13866,1.13856,1.13859,33
2019.01.17,06:17,1.13859,1.13866,1.13858,1.13859,37
2019.01.17,06:18,1.13857,1.13857,1.13854,1.13856,24
2019.01.17,06:19,1.13855,1.13861,1.13855,1.1386,24
2019.01.17,06:20,1.1386,1.13861,1.1385,1.13853,30
2019.01.17,06:21,1.13853,1.13861,1.13853,1.13857,29
2019.01.17,06:22,1.13855,1.13862,1.13854,1.13859,29
2019.01.17,06:23,1.13861,1.13861,1.13859,1.13859,8
2019.01.17,06:24,1.13859,1.13859,1.13859,1.13859,7
2019.01.17,06:25,1.13858,1.13861,1.13844,1.1385,50
2019.01.17,06:26,1.13851,1.13854,1.13845,1.13848,43
2019.01.17,06:27,1.13846,1.13857,1.13846,1.13855,35
2019.01.17,06:28,1.13855,1.13859,1.1385,1.1385,17
2019.01.17,06:29,1.13849,1.13851,1.13844,1.13846,33
2019.01.17,06:30,1.13844,1.13846,1.1384,1.13845,15
2019.01.17,06:31,1.13846,1.13846,1.13842,1.13845,22
2019.01.17,06:32,1.13844,1.13844,1.13835,1.13835,43
2019.01.17,06:33,1.13836,1.13839,1.13834,1.13834,43
2019.01.17,06:34,1.13835,1.13845,1.13834,1.13834,44
2019.01.17,06:35,1.13834,1.13848,1.13834,1.13846,34
2019.01.17,06:36,1.13845,1.13848,1.13841,1.13847,25
2019.01.17,06:37,1.13847,1.13856,1.13846,1.13847,39
2019.01.17,06:38,1.13846,1.13854,1.13846,1.1385,28
2019.01.17,06:39,1.13851,1.13852,1.13845,1.13845,33
2019.01.17,06:40,1.13846,1.13846,1.13845,1.13846,4
2019.01.17,06:41,1.13846,1.13846,1.13839,1.13841,18
2019.01.17,06:42,1.13839,1.13845,1.13839,1.13845,25
2019.01.17,06:43,1.13846,1.1385,1.1384,1.13846,45
2019.01.17,06:44,1.13847,1.13847,1.13845,1.13845,16
2019.01.17,06:45,1.13845,1.13846,1.13844,1.13845,13
2019.01.17,06:46,1.13844,1.13845,1.13836,1.13836,37
2019.01.17,06:47,1.13838,1.13841,1.13834,1.13839,35
2019.01.17,06:48,1.13839,1.13841,1.13836,1.1384,31
2019.01.17,06:49,1.13838,1.13838,1.13829,1.13831,37
2019.01.17,06:50,1.13831,1.13833,1.13829,1.13833,44
2019.01.17,06:51,1.13832,1.13834,1.13827,1.1383,34
2019.01.17,06:52,1.13829,1.13831,1.1382,1.13825,34
2019.01.17,06:53,1.13824,1.13836,1.13824,1.13834,30
2019.01.17,06:54,1.13834,1.13834,1.1383,1.13834,22
2019.01.17,06:55,1.13835,1.13838,1.13835,1.13837,9
2019.01.17,06:56,1.13837,1.13845,1.13836,1.13843,41
2019.01.17,06:57,1.13844,1.13844,1.1383,1.13831,15
2019.01.17,06:58,1.13831,1.13832,1.13825,1.1383,24
2019.01.17,06:59,1.13829,1.13829,1.13825,1.13825,36
2019.01.17,07:00,1.13824,1.13826,1.13821,1.13824,40
2019.01.17,07:01,1.13824,1.13825,1.1382,1.13824,27
2019.01.17,07:02,1.13824,1.13833,1.13824,1.13829,22
2019.01.17,07:03,1.13826,1.13827,1.13824,1.13826,26
2019.01.17,07:04,1.13825,1.13826,1.13825,1.13825,9
2019.01.17,07:05,1.13826,1.13827,1.1382,1.1382,18
2019.01.17,07:06,1.13818,1.13819,1.13809,1.13809,47
2019.01.17,07:07,1.13809,1.13814,1.13809,1.13811,48
2019.01.17,07:08,1.13811,1.13811,1.13809,1.13809,11
2019.01.17,07:09,1.13809,1.13809,1.1379,1.13794,82
2019.01.17,07:10,1.13794,1.13804,1.13792,1.13801,42
2019.01.17,07:11,1.13802,1.13811,1.13802,1.1381,30
2019.01.17,07:12,1.13809,1.13812,1.13804,1.13806,30
2019.01.17,07:13,1.13805,1.13811,1.13805,1.13811,16
2019.01.17,07:14,1.13811,1.13813,1.138,1.138,30
2019.01.17,07:15,1.13801,1.13804,1.13794,1.13796,35
2019.01.17,07:16,1.13799,1.13806,1.13798,1.13801,30
2019.01.17,07:17,1.13801,1.13804,1.138,1.13804,41
2019.01.17,07:18,1.13805,1.13805,1.13796,1.13796,22
2019.01.17,07:19,1.13798,1.13804,1.13798,1.13802,38
2019.01.17,07:20,1.13802,1.13812,1.13802,1.13811,19
2019.01.17,07:21,1.13811,1.13814,1.1381,1.13812,37
2019.01.17,07:22,1.13812,1.13825,1.13812,1.13825,30
2019.01.17,07:23,1.13824,1.13824,1.13821,1.13821,9
2019.01.17,07:24,1.13821,1.13824,1.13821,1.13822,10
2019.01.17,07:25,1.13823,1.13823,1.13814,1.13814,40
2019.01.17,07:26,1.13815,1.13822,1.13815,1.13822,18
2019.01.17,07:27,1.13821,1.13828,1.13821,1.13827,16
2019.01.17,07:28,1.13828,1.13829,1.1382,1.13824,31
2019.01.17,07:29,1.13824,1.13824,1.13817,1.1382,22
2019.01.17,07:30,1.13821,1.13831,1.13821,1.13827,26
2019.01.17,07:31,1.13828,1.13831,1.13828,1.13828,16
2019.01.17,07:32,1.13828,1.13838,1.13828,1.13837,28
2019.01.17,07:33,1.13837,1.13842,1.13837,1.13838,25
2019.01.17,07:34,1.13837,1.13837,1.13826,1.13828,25
2019.01.17,07:35,1.13827,1.13831,1.13824,1.13831,24
2019.01.17,07:36,1.1383,1.1384,1.13827,1.13829,49
2019.01.17,07:37,1.1383,1.13831,1.13827,1.13831,15
2019.01.17,07:38,1.13831,1.13842,1.13831,1.13841,23
2019.01.17,07:39,1.13842,1.13842,1.13833,1.13841,31
2019.01.17,07:40,1.13842,1.13843,1.13836,1.13836,18
2019.01.17,07:41,1.13837,1.13844,1.13837,1.13843,15
2019.01.17,07:42,1.13843,1.13843,1.13841,1.13842,10
2019.01.17,07:43,1.13842,1.13847,1.13842,1.13843,43
2019.01.17,07:44,1.13843,1.13853,1.13843,1.13847,21
2019.01.17,07:45,1.13846,1.1385,1.13844,1.13848,39
2019.01.17,07:46,1.13847,1.13848,1.13847,1.13847,16
2019.01.17,07:47,1.13847,1.13851,1.13847,1.13849,24
2019.01.17,07:48,1.13848,1.13854,1.13848,1.13854,15
2019.01.17,07:49,1.13853,1.13854,1.13848,1.13851,27
2019.01.17,07:50,1.13851,1.13862,1.13851,1.13858,36
2019.01.17,07:51,1.13859,1.13859,1.13847,1.13856,50
2019.01.17,07:52,1.13857,1.13867,1.13856,1.13866,26
2019.01.17,07:53,1.13865,1.13869,1.13865,1.13866,12
2019.01.17,07:54,1.13866,1.13866,1.13862,1.13866,41
2019.01.17,07:55,1.13867,1.13867,1.13861,1.13861,16
2019.01.17,07:56,1.13862,1.13872,1.13859,1.13872,35
2019.01.17,07:57,1.13871,1.13872,1.13861,1.13861,24
2019.01.17,07:58,1.13861,1.13862,1.13859,1.1386,12
2019.01.17,07:59,1.13861,1.13875,1.13861,1.13872,30
2019.01.17,08:00,1.13871,1.13879,1.13867,1.13876,66
2019.01.17,08:01,1.13876,1.13883,1.13875,1.13881,51
2019.01.17,08:02,1.13881,1.13881,1.1387,1.1387,29
2019.01.17,08:03,1.1387,1.13876,1.13869,1.13873,37
2019.01.17,08:04,1.13872,1.13874,1.13868,1.13871,30
2019.01.17,08:05,1.1387,1.1387,1.1386,1.1386,35
2019.01.17,08:06,1.13856,1.13859,1.13852,1.13854,54
2019.01.17,08:07,1.13855,1.13861,1.13853,1.1386,23
2019.01.17,08:08,1.1386,1.13861,1.1386,1.13861,9
2019.01.17,08:09,1.1386,1.13875,1.1386,1.13871,26
2019.01.17,08:10,1.13872,1.13875,1.13869,1.13871,29
2019.01.17,08:11,1.1387,1.13881,1.13866,1.13876,45
2019.01.17,08:12,1.13876,1.13882,1.13875,1.13876,26
2019.01.17,08:13,1.13876,1.13881,1.13876,1.1388,37
2019.01.17,08:14,1.1388,1.13881,1.13878,1.1388,28
2019.01.17,08:15,1.13878,1.13886,1.13878,1.13885,32
2019.01.17,08:16,1.13884,1.13886,1.1388,1.13886,37
2019.01.17,08:17,1.13886,1.13886,1.13875,1.13882,36
2019.01.17,08:18,1.13881,1.13881,1.1386,1.1386,22
2019.01.17,08:19,1.13862,1.13866,1.13856,1.13866,54
2019.01.17,08:20,1.13865,1.13865,1.13854,1.13858,44
2019.01.17,08:21,1.13857,1.13857,1.13849,1.13854,49
2019.01.17,08:22,1.13854,1.13861,1.13853,1.13856,50
2019.01.17,08:23,1.13855,1.13865,1.13855,1.13865,21
2019.01.17,08:24,1.13866,1.13871,1.13866,1.13867,18
2019.01.17,08:25,1.13869,1.13891,1.13869,1.1389,64
2019.01.17,08:26,1.13889,1.13896,1.13885,1.13887,48
2019.01.17,08:27,1.13886,1.13889,1.13884,1.13887,32
2019.01.17,08:28,1.13888,1.13889,1.13888,1.13888,5
2019.01.17,08:29,1.13889,1.13891,1.13885,1.13891,28
2019.01.17,08:30,1.1389,1.13895,1.13888,1.13891,51
2019.01.17,08:31,1.13892,1.139,1.13891,1.13891,44
2019.01.17,08:32,1.13893,1.13896,1.13878,1.1388,63
2019.01.17,08:33,1.13879,1.13885,1.13879,1.13879,28
2019.01.17,08:34,1.13879,1.13882,1.13875,1.13876,19
2019.01.17,08:35,1.13876,1.13876,1.13865,1.13867,28
2019.01.17,08:36,1.13869,1.13888,1.13869,1.13885,37
2019.01.17,08:37,1.13883,1.13896,1.13881,1.13896,31
2019.01.17,08:38,1.13896,1.13906,1.13896,1.13903,42
2019.01.17,08:39,1.13902,1.13909,1.13902,1.13906,23
2019.01.17,08:40,1.13906,1.13906,1.139,1.13905,38
2019.01.17,08:41,1.13906,1.13916,1.13905,1.13914,33
2019.01.17,08:42,1.13913,1.13913,1.13898,1.13899,31
2019.01.17,08:43,1.13897,1.13909,1.13897,1.13899,32
2019.01.17,08:44,1.13896,1.13896,1.13874,1.13886,66
2019.01.17,08:45,1.13886,1.13897,1.13886,1.13891,39
2019.01.17,08:46,1.13888,1.13891,1.13886,1.13888,31
2019.01.17,08:47,1.13888,1.13889,1.13884,1.13884,25
2019.01.17,08:48,1.13883,1.13887,1.1388,1.13881,23
2019.01.17,08:49,1.13883,1.13893,1.13882,1.13888,41
2019.01.17,08:50,1.1389,1.13905,1.1389,1.13895,37
2019.01.17,08:51,1.13894,1.13894,1.13871,1.13871,47
2019.01.17,08:52,1.13871,1.13873,1.13858,1.1386,46
2019.01.17,08:53,1.13861,1.13865,1.1385,1.1385,53
2019.01.17,08:54,1.13852,1.13854,1.13844,1.13846,65
2019.01.17,08:55,1.13849,1.13851,1.13845,1.13851,33
2019.01.17,08:56,1.13852,1.13877,1.13851,1.13865,51
2019.01.17,08:57,1.13865,1.13867,1.13856,1.13856,37
2019.01.17,08:58,1.13855,1.13863,1.13855,1.13857,59
2019.01.17,08:59,1.13858,1.13871,1.13856,1.1387,39
2019.01.17,09:00,1.13871,1.13876,1.1386,1.13871,92
2019.01.17,09:01,1.13871,1.13888,1.1387,1.13873,75
2019.01.17,09:02,1.13874,1.1389,1.13873,1.13887,76
2019.01.17,09:03,1.13886,1.13889,1.13879,1.13886,36
2019.01.17,09:04,1.13889,1.13899,1.13875,1.1389,78
2019.01.17,09:05,1.1389,1.13936,1.1389,1.13936,131
2019.01.17,09:06,1.13934,1.13941,1.13916,1.13926,124
2019.01.17,09:07,1.13927,1.1393,1.13915,1.1392,86
2019.01.17,09:08,1.1392,1.13924,1.13894,1.13894,59
2019.01.17,09:09,1.13894,1.13895,1.1387,1.13881,96
2019.01.17,09:10,1.1388,1.13881,1.13814,1.13819,135
2019.01.17,09:11,1.13817,1.13843,1.13741,1.13775,177
2019.01.17,09:12,1.13778,1.1379,1.1376,1.13785,233
2019.01.17,09:13,1.13786,1.13816,1.13783,1.13815,139
2019.01.17,09:14,1.13815,1.13821,1.13814,1.13821,56
2019.01.17,09:15,1.13821,1.13839,1.13821,1.1383,80
2019.01.17,09:16,1.13833,1.13857,1.13831,1.13854,74
2019.01.17,09:17,1.13851,1.13852,1.13821,1.13823,94
2019.01.17,09:18,1.13822,1.13834,1.13794,1.13799,108
2019.01.17,09:19,1.13798,1.13801,1.13778,1.13791,94
2019.01.17,09:20,1.1379,1.13808,1.1378,1.13799,121
2019.01.17,09:21,1.13798,1.13802,1.13751,1.13769,103
2019.01.17,09:22,1.1377,1.1377,1.1373,1.13739,152
2019.01.17,09:23,1.13741,1.13751,1.13711,1.13737,192
2019.01.17,09:24,1.13737,1.13755,1.13722,1.13747,102
2019.01.17,09:25,1.13747,1.13748,1.13734,1.13739,77
2019.01.17,09:26,1.1374,1.13745,1.13736,1.13744,63
2019.01.17,09:27,1.13744,1.13755,1.1374,1.13749,67
2019.01.17,09:28,1.13747,1.13776,1.13745,1.13776,93
2019.01.17,09:29,1.13773,1.13782,1.13769,1.13771,58
2019.01.17,09:30,1.13771,1.13792,1.13771,1.13789,87
2019.01.17,09:31,1.13789,1.13789,1.13769,1.13784,111
2019.01.17,09:32,1.13784,1.13784,1.13763,1.13763,69
2019.01.17,09:33,1.13764,1.13765,1.13744,1.1375,49
2019.01.17,09:34,1.13748,1.1376,1.13748,1.13755,51
2019.01.17,09:35,1.13755,1.13756,1.13741,1.13746,61
2019.01.17,09:36,1.13746,1.13747,1.13715,1.13728,122
2019.01.17,09:37,1.13732,1.13752,1.13732,1.13747,58
2019.01.17,09:38,1.13748,1.13767,1.13748,1.13757,73
2019.01.17,09:39,1.13757,1.13772,1.13756,1.13768,65
2019.01.17,09:40,1.13768,1.13775,1.1376,1.1376,74
2019.01.17,09:41,1.1376,1.13779,1.1376,1.13771,74
2019.01.17,09:42,1.1377,1.13779,1.13761,1.13779,78
2019.01.17,09:43,1.1378,1.13792,1.13777,1.13778,53
2019.01.17,09:44,1.1378,1.13797,1.13779,1.13794,73
2019.01.17,09:45,1.13795,1.13807,1.13789,1.13806,100
2019.01.17,09:46,1.13805,1.13822,1.13801,1.13814,98
2019.01.17,09:47,1.13812,1.13821,1.13804,1.13817,77
2019.01.17,09:48,1.13817,1.13834,1.13812,1.13821,89
2019.01.17,09:49,1.13819,1.13833,1.13816,1.13829,77
2019.01.17,09:50,1.13829,1.1383,1.13813,1.13815,74
2019.01.17,09:51,1.13816,1.13847,1.13812,1.13847,105
2019.01.17,09:52,1.13847,1.13852,1.1384,1.13844,91
2019.01.17,09:53,1.13844,1.13851,1.13837,1.1385,73
2019.01.17,09:54,1.13849,1.1386,1.13845,1.13847,100
2019.01.17,09:55,1.13845,1.13845,1.13811,1.13832,109
2019.01.17,09:56,1.13832,1.13857,1.13831,1.13857,74
2019.01.17,09:57,1.13857,1.13868,1.1385,1.13852,100
2019.01.17,09:58,1.13853,1.13859,1.13845,1.13852,91
2019.01.17,09:59,1.1385,1.13883,1.13848,1.13874,117
2019.01.17,10:00,1.13874,1.13888,1.13859,1.13882,178
2019.01.17,10:01,1.13883,1.13888,1.13868,1.13876,116
2019.01.17,10:02,1.13876,1.13898,1.13862,1.13894,181
2019.01.17,10:03,1.13894,1.139,1.13882,1.1389,107
2019.01.17,10:04,1.13891,1.13891,1.13865,1.13875,110
2019.01.17,10:05,1.13875,1.13876,1.13843,1.1386,122
2019.01.17,10:06,1.13863,1.13864,1.13842,1.13853,139
2019.01.17,10:07,1.13854,1.13869,1.13854,1.13869,74
2019.01.17,10:08,1.13872,1.13892,1.13871,1.13891,55
2019.01.17,10:09,1.13891,1.13898,1.13881,1.13894,99
2019.01.17,10:10,1.13896,1.13898,1.13879,1.13896,97
2019.01.17,10:11,1.13895,1.13906,1.13891,1.13898,84
2019.01.17,10:12,1.13898,1.13898,1.13877,1.13882,87
2019.01.17,10:13,1.13883,1.13893,1.13873,1.13876,89
2019.01.17,10:14,1.13877,1.13887,1.13872,1.13877,69
2019.01.17,10:15,1.13878,1.13887,1.13872,1.13883,62
2019.01.17,10:16,1.13884,1.13893,1.13881,1.13887,97
2019.01.17,10:17,1.13886,1.13904,1.13884,1.13893,99
2019.01.17,10:18,1.13893,1.13896,1.13878,1.13878,94
2019.01.17,10:19,1.13877,1.1388,1.13823,1.13841,181
2019.01.17,10:20,1.13841,1.13867,1.1384,1.13867,107
2019.01.17,10:21,1.13867,1.13881,1.13863,1.13874,99
2019.01.17,10:22,1.13875,1.13876,1.13856,1.1386,101
2019.01.17,10:23,1.13862,1.13877,1.13861,1.13873,161
2019.01.17,10:24,1.13875,1.13877,1.13868,1.13873,93
2019.01.17,10:25,1.13875,1.13875,1.13853,1.13853,73
2019.01.17,10:26,1.13855,1.13873,1.13855,1.13864,86
2019.01.17,10:27,1.13863,1.13872,1.13849,1.13872,59
2019.01.17,10:28,1.13877,1.13888,1.13862,1.1388,133
2019.01.17,10:29,1.13878,1.13887,1.13869,1.13869,88
2019.01.17,10:30,1.13869,1.13892,1.13866,1.13882,88
2019.01.17,10:31,1.13882,1.13893,1.13882,1.13888,68
2019.01.17,10:32,1.13888,1.13891,1.13883,1.13884,104
2019.01.17,10:33,1.13886,1.1389,1.1388,1.13882,66
2019.01.17,10:34,1.13882,1.13885,1.1387,1.13877,89
2019.01.17,10:35,1.13877,1.13883,1.13874,1.13877,99
2019.01.17,10:36,1.13877,1.13879,1.1387,1.13878,72
2019.01.17,10:37,1.13878,1.13881,1.1387,1.13877,74
2019.01.17,10:38,1.13877,1.13879,1.13866,1.13875,76
2019.01.17,10:39,1.13874,1.13882,1.13873,1.13878,77
2019.01.17,10:40,1.13878,1.13906,1.13876,1.13904,154
2019.01.17,10:41,1.13908,1.13917,1.13897,1.13905,123
2019.01.17,10:42,1.13906,1.13914,1.13886,1.13898,85
2019.01.17,10:43,1.13896,1.13918,1.13895,1.13917,69
2019.01.17,10:44,1.13917,1.13933,1.13917,1.13929,117
2019.01.17,10:45,1.13929,1.13947,1.13927,1.13946,101
2019.01.17,10:46,1.13946,1.13967,1.13944,1.13966,138
2019.01.17,10:47,1.13965,1.13972,1.13948,1.13955,172
2019.01.17,10:48,1.13954,1.13968,1.13953,1.13953,91
2019.01.17,10:49,1.13953,1.13977,1.13953,1.13977,83
2019.01.17,10:50,1.13978,1.13984,1.13958,1.13966,136
2019.01.17,10:51,1.13966,1.13972,1.13948,1.13957,144
2019.01.17,10:52,1.13957,1.13968,1.13953,1.13968,73
2019.01.17,10:53,1.13968,1.13968,1.13946,1.13947,82
2019.01.17,10:54,1.13946,1.1396,1.13946,1.13956,73
2019.01.17,10:55,1.13956,1.13977,1.13955,1.1397,126
2019.01.17,10:56,1.1397,1.13973,1.13965,1.13968,92
2019.01.17,10:57,1.13969,1.13971,1.1395,1.13952,68
2019.01.17,10:58,1.13952,1.13961,1.13945,1.13953,93
2019.01.17,10:59,1.13953,1.13959,1.13947,1.13956,76
2019.01.17,11:00,1.13959,1.13961,1.1393,1.13934,110
2019.01.17,11:01,1.13934,1.13944,1.13934,1.1394,85
2019.01.17,11:02,1.13941,1.13966,1.13941,1.13962,86
2019.01.17,11:03,1.13963,1.13975,1.13949,1.13973,66
2019.01.17,11:04,1.1397,1.13987,1.13965,1.13985,101
2019.01.17,11:05,1.13985,1.13986,1.13976,1.13977,68
2019.01.17,11:06,1.13977,1.13982,1.13968,1.1397,70
2019.01.17,11:07,1.1397,1.13971,1.13956,1.13957,78
2019.01.17,11:08,1.13961,1.1398,1.13961,1.13975,108
2019.01.17,11:09,1.13975,1.13975,1.13967,1.13967,56
2019.01.17,11:10,1.13967,1.13972,1.13965,1.13967,75
2019.01.17,11:11,1.13967,1.13967,1.13951,1.13954,77
2019.01.17,11:12,1.13955,1.13968,1.13955,1.13962,81
2019.01.17,11:13,1.13962,1.13975,1.1396,1.13973,82
2019.01.17,11:14,1.13973,1.13973,1.1397,1.13972,54
2019.01.17,11:15,1.13971,1.13986,1.13965,1.13967,80
2019.01.17,11:16,1.13968,1.1397,1.13961,1.13967,51
2019.01.17,11:17,1.13968,1.13975,1.13964,1.13975,50
2019.01.17,11:18,1.13976,1.13976,1.13966,1.13967,49
2019.01.17,11:19,1.13967,1.1398,1.13963,1.13973,87
2019.01.17,11:20,1.13973,1.13974,1.13962,1.13968,101
2019.01.17,11:21,1.13967,1.13977,1.13967,1.13973,64
2019.01.17,11:22,1.13975,1.13982,1.13973,1.13979,73
2019.01.17,11:23,1.1398,1.13985,1.13977,1.13985,75
2019.01.17,11:24,1.13983,1.13997,1.13983,1.13994,66
2019.01.17,11:25,1.13994,1.14003,1.13994,1.14003,59
2019.01.17,11:26,1.14004,1.14017,1.13994,1.13994,125
2019.01.17,11:27,1.13995,1.13999,1.13993,1.13999,62
2019.01.17,11:28,1.13998,1.14007,1.13997,1.14003,70
2019.01.17,11:29,1.14003,1.14012,1.14001,1.14005,68
2019.01.17,11:30,1.14006,1.14008,1.14,1.14,96
2019.01.17,11:31,1.13999,1.1401,1.13999,1.14006,66
2019.01.17,11:32,1.14006,1.14006,1.13995,1.14005,63
2019.01.17,11:33,1.14005,1.14011,1.13999,1.14004,97
2019.01.17,11:34,1.14006,1.14012,1.13997,1.13998,99
2019.01.17,11:35,1.13999,1.14003,1.13983,1.13985,81
2019.01.17,11:36,1.13983,1.13985,1.13976,1.13983,82
2019.01.17,11:37,1.13983,1.13995,1.13973,1.13977,84
2019.01.17,11:38,1.13978,1.13978,1.13967,1.13969,88
2019.01.17,11:39,1.1397,1.13971,1.1396,1.13961,87
2019.01.17,11:40,1.1396,1.13982,1.1396,1.13982,96
2019.01.17,11:41,1.13986,1.13986,1.13971,1.13983,94
2019.01.17,11:42,1.13982,1.13983,1.13964,1.13983,95
2019.01.17,11:43,1.13985,1.1399,1.13973,1.13975,82
2019.01.17,11:44,1.13974,1.13975,1.1397,1.13972,63
2019.01.17,11:45,1.13971,1.13976,1.13967,1.13974,64
2019.01.17,11:46,1.13975,1.1398,1.13972,1.13975,81
2019.01.17,11:47,1.13976,1.1398,1.13972,1.13973,48
2019.01.17,11:48,1.13973,1.13977,1.1397,1.13971,84
2019.01.17,11:49,1.13971,1.13975,1.13962,1.13965,89
2019.01.17,11:50,1.13966,1.13975,1.13963,1.13963,56
2019.01.17,11:51,1.13964,1.13964,1.13948,1.13952,83
2019.01.17,11:52,1.13953,1.13966,1.13948,1.13956,64
2019.01.17,11:53,1.1396,1.13961,1.13949,1.13951,86
2019.01.17,11:54,1.13951,1.13958,1.13947,1.13956,87
2019.01.17,11:55,1.13956,1.13961,1.13944,1.1395,127
2019.01.17,11:56,1.1395,1.13951,1.13919,1.13922,144
2019.01.17,11:57,1.13922,1.13939,1.1392,1.1393,102
2019.01.17,11:58,1.1393,1.13931,1.13913,1.13915,103
2019.01.17,11:59,1.13915,1.13939,1.13915,1.13935,114
2019.01.17,12:00,1.13933,1.13937,1.13924,1.13927,83
2019.01.17,12:01,1.13926,1.13942,1.13923,1.13937,84
2019.01.17,12:02,1.13936,1.13944,1.13934,1.13937,77
2019.01.17,12:03,1.1394,1.13955,1.13937,1.13941,135
2019.01.17,12:04,1.13939,1.13948,1.13926,1.1394,99
2019.01.17,12:05,1.13943,1.13946,1.13935,1.13942,107
2019.01.17,12:06,1.13941,1.13954,1.13938,1.1395,84
2019.01.17,12:07,1.13951,1.13975,1.13945,1.1397,132
2019.01.17,12:08,1.1397,1.13977,1.13954,1.13954,98
2019.01.17,12:09,1.1395,1.13955,1.13947,1.13948,78
2019.01.17,12:10,1.13947,1.13949,1.13935,1.13939,46
2019.01.17,12:11,1.1394,1.13942,1.13935,1.13939,53
2019.01.17,12:12,1.13937,1.13941,1.13918,1.13924,74
2019.01.17,12:13,1.13922,1.13924,1.13888,1.13894,115
2019.01.17,12:14,1.13895,1.13905,1.1389,1.13895,89
2019.01.17,12:15,1.13897,1.13919,1.13886,1.1391,111
2019.01.17,12:16,1.13909,1.13925,1.13905,1.13908,99
2019.01.17,12:17,1.13909,1.13922,1.13907,1.13918,77
2019.01.17,12:18,1.13921,1.13925,1.1391,1.13919,76
2019.01.17,12:19,1.13918,1.13931,1.13918,1.13929,84
2019.01.17,12:20,1.13928,1.13929,1.13905,1.13907,114
2019.01.17,12:21,1.13907,1.13924,1.13903,1.13921,61
2019.01.17,12:22,1.13921,1.13924,1.1391,1.13913,65
2019.01.17,12:23,1.13913,1.1392,1.13912,1.13916,76
2019.01.17,12:24,1.13916,1.13916,1.13903,1.1391,49
2019.01.17,12:25,1.1391,1.1392,1.1391,1.13916,52
2019.01.17,12:26,1.13915,1.13917,1.1389,1.13917,109
2019.01.17,12:27,1.13917,1.1393,1.13916,1.13926,77
2019.01.17,12:28,1.13922,1.13929,1.13918,1.13927,81
2019.01.17,12:29,1.13928,1.13931,1.13915,1.13919,68
2019.01.17,12:30,1.13919,1.13929,1.13918,1.13919,59
2019.01.17,12:31,1.1392,1.13924,1.13917,1.13923,39
2019.01.17,12:32,1.13923,1.13929,1.13914,1.13918,48
2019.01.17,12:33,1.13922,1.13935,1.13917,1.13935,60
2019.01.17,12:34,1.13934,1.13936,1.1393,1.1393,76
2019.01.17,12:35,1.13931,1.13979,1.13931,1.13977,125
2019.01.17,12:36,1.13977,1.13987,1.13971,1.13986,110
2019.01.17,12:37,1.13987,1.13991,1.13983,1.1399,67
2019.01.17,12:38,1.13988,1.13991,1.13985,1.1399,50
2019.01.17,12:39,1.13989,1.14,1.13981,1.13986,86
2019.01.17,12:40,1.13987,1.14002,1.13987,1.13996,74
2019.01.17,12:41,1.13997,1.14006,1.13997,1.14004,74
2019.01.17,12:42,1.14005,1.14007,1.13991,1.13997,88
2019.01.17,12:43,1.13996,1.13997,1.13991,1.13991,29
2019.01.17,12:44,1.13992,1.14,1.13991,1.13994,89
2019.01.17,12:45,1.13994,1.13998,1.13973,1.13993,95
2019.01.17,12:46,1.13993,1.13997,1.13989,1.1399,42
2019.01.17,12:47,1.13991,1.14005,1.13991,1.14001,77
2019.01.17,12:48,1.14,1.14013,1.13995,1.14,67
2019.01.17,12:49,1.13998,1.14007,1.13998,1.14006,25
2019.01.17,12:50,1.14006,1.14008,1.14003,1.14004,43
2019.01.17,12:51,1.14006,1.14006,1.13991,1.13991,41
2019.01.17,12:52,1.13991,1.13996,1.13987,1.13996,62
2019.01.17,12:53,1.13995,1.13998,1.13991,1.13993,46
2019.01.17,12:54,1.13992,1.14001,1.13991,1.13996,65
2019.01.17,12:55,1.13997,1.14006,1.13997,1.14005,45
2019.01.17,12:56,1.14003,1.14006,1.14001,1.14005,27
2019.01.17,12:57,1.14006,1.14017,1.14003,1.14005,70
2019.01.17,12:58,1.14004,1.14014,1.14003,1.14008,63
2019.01.17,12:59,1.14008,1.14009,1.13999,1.14,71
2019.01.17,13:00,1.14,1.14005,1.1399,1.13992,98
2019.01.17,13:01,1.13992,1.13993,1.1397,1.13971,111
2019.01.17,13:02,1.13971,1.13981,1.13971,1.13981,52
2019.01.17,13:03,1.13982,1.13982,1.13975,1.13978,81
2019.01.17,13:04,1.13978,1.13979,1.1397,1.1397,58
2019.01.17,13:05,1.13971,1.13971,1.13955,1.13959,76
2019.01.17,13:06,1.13974,1.13995,1.13974,1.13979,54
2019.01.17,13:07,1.13976,1.13976,1.13963,1.13965,63
2019.01.17,13:08,1.13965,1.13979,1.13964,1.13974,70
2019.01.17,13:09,1.13974,1.13986,1.13974,1.1398,63
2019.01.17,13:10,1.13978,1.13978,1.13973,1.13976,53
2019.01.17,13:11,1.13975,1.13982,1.13975,1.13979,39
2019.01.17,13:12,1.13979,1.13986,1.13979,1.13984,32
2019.01.17,13:13,1.13985,1.13989,1.1397,1.13974,66
2019.01.17,13:14,1.13975,1.13977,1.1397,1.13971,68
2019.01.17,13:15,1.13971,1.13975,1.13964,1.1397,63
2019.01.17,13:16,1.13971,1.13991,1.13969,1.13991,68
2019.01.17,13:17,1.13991,1.14003,1.13991,1.14,47
2019.01.17,13:18,1.13999,1.14018,1.13992,1.14006,75
2019.01.17,13:19,1.14008,1.14011,1.14006,1.14009,32
2019.01.17,13:20,1.14009,1.1401,1.14002,1.14008,66
2019.01.17,13:21,1.14007,1.14007,1.14001,1.14002,63
2019.01.17,13:22,1.14003,1.1401,1.13995,1.13996,91
2019.01.17,13:23,1.13997,1.14004,1.13993,1.14003,82
2019.01.17,13:24,1.14003,1.14008,1.13993,1.13993,48
2019.01.17,13:25,1.13995,1.13995,1.13983,1.13984,71
2019.01.17,13:26,1.13983,1.13989,1.13975,1.1398,50
2019.01.17,13:27,1.13979,1.13995,1.13978,1.13992,40
2019.01.17,13:28,1.13991,1.14024,1.13982,1.14001,205
2019.01.17,13:29,1.14003,1.1401,1.13998,1.14006,182
2019.01.17,13:30,1.14005,1.1401,1.13995,1.13999,183
2019.01.17,13:31,1.14,1.14006,1.13992,1.14,177
2019.01.17,13:32,1.13999,1.14014,1.13998,1.14,110
2019.01.17,13:33,1.13998,1.14009,1.13995,1.14002,157
2019.01.17,13:34,1.14001,1.14046,1.14,1.1404,118
2019.01.17,13:35,1.1404,1.14049,1.14035,1.14043,120
2019.01.17,13:36,1.14045,1.14051,1.14034,1.1404,75
2019.01.17,13:37,1.1404,1.14052,1.14035,1.14037,85
2019.01.17,13:38,1.14036,1.14036,1.14025,1.14031,90
2019.01.17,13:39,1.14033,1.14038,1.1402,1.14024,95
2019.01.17,13:40,1.14025,1.14035,1.14021,1.14032,84
2019.01.17,13:41,1.14031,1.14043,1.14031,1.14043,63
2019.01.17,13:42,1.14042,1.14046,1.14031,1.14037,82
2019.01.17,13:43,1.14037,1.14037,1.14024,1.14028,65
2019.01.17,13:44,1.14031,1.14036,1.14025,1.14026,88
2019.01.17,13:45,1.14028,1.14035,1.14,1.14008,114
2019.01.17,13:46,1.14008,1.14016,1.14003,1.14015,63
2019.01.17,13:47,1.14015,1.14016,1.14005,1.1401,79
2019.01.17,13:48,1.14007,1.14012,1.13994,1.13997,83
2019.01.17,13:49,1.13996,1.13997,1.13975,1.13984,88
2019.01.17,13:50,1.13985,1.13989,1.1398,1.1398,61
2019.01.17,13:51,1.1398,1.13988,1.13974,1.13975,58
2019.01.17,13:52,1.13975,1.13983,1.13972,1.13983,53
2019.01.17,13:53,1.13983,1.13995,1.13979,1.13994,52
2019.01.17,13:54,1.13992,1.14,1.13992,1.13996,63
2019.01.17,13:55,1.13995,1.14008,1.13995,1.14005,57
2019.01.17,13:56,1.14005,1.14005,1.13995,1.13995,66
2019.01.17,13:57,1.13996,1.1402,1.13994,1.1402,82
2019.01.17,13:58,1.1402,1.14031,1.14014,1.14014,76
2019.01.17,13:59,1.14013,1.14015,1.13994,1.13996,99
2019.01.17,14:00,1.13996,1.14009,1.13991,1.13993,117
2019.01.17,14:01,1.13994,1.14015,1.13994,1.1401,72
2019.01.17,14:02,1.14009,1.1402,1.14002,1.14015,82
2019.01.17,14:03,1.14016,1.14018,1.14001,1.14001,65
2019.01.17,14:04,1.14002,1.14008,1.14,1.14002,54
2019.01.17,14:05,1.14001,1.14031,1.14001,1.14027,104
2019.01.17,14:06,1.14027,1.14033,1.14021,1.1403,79
2019.01.17,14:07,1.1403,1.14033,1.14014,1.14014,58
2019.01.17,14:08,1.14013,1.1402,1.14003,1.14014,64
2019.01.17,14:09,1.14013,1.14014,1.13988,1.14,148
2019.01.17,14:10,1.14,1.14011,1.13996,1.14,88
2019.01.17,14:11,1.14001,1.14005,1.14,1.14005,94
2019.01.17,14:12,1.14005,1.14011,1.14,1.14006,70
2019.01.17,14:13,1.14006,1.14014,1.14005,1.14013,72
2019.01.17,14:14,1.14012,1.14012,1.14002,1.14002,50
2019.01.17,14:15,1.14001,1.14002,1.13994,1.14002,74
2019.01.17,14:16,1.14002,1.14004,1.13999,1.14003,55
2019.01.17,14:17,1.14003,1.14007,1.13997,1.13999,72
2019.01.17,14:18,1.13997,1.14,1.1399,1.13999,57
2019.01.17,14:19,1.13999,1.13999,1.13994,1.13994,47
2019.01.17,14:20,1.13993,1.14015,1.13992,1.14013,62
2019.01.17,14:21,1.14011,1.14011,1.13996,1.13997,83
2019.01.17,14:22,1.13998,1.14004,1.1399,1.14002,77
2019.01.17,14:23,1.14005,1.14007,1.13995,1.14002,89
2019.01.17,14:24,1.14002,1.1401,1.14001,1.14009,58
2019.01.17,14:25,1.14008,1.14016,1.14005,1.14015,49
2019.01.17,14:26,1.14014,1.14014,1.14003,1.14003,67
2019.01.17,14:27,1.14003,1.14016,1.14003,1.14015,47
2019.01.17,14:28,1.14015,1.14031,1.14014,1.14016,116
2019.01.17,14:29,1.14015,1.14018,1.14008,1.14014,58
2019.01.17,14:30,1.14016,1.14018,1.14009,1.14016,102
2019.01.17,14:31,1.14015,1.14024,1.14014,1.14019,72
2019.01.17,14:32,1.1402,1.1402,1.13999,1.14012,76
2019.01.17,14:33,1.14012,1.14022,1.14012,1.14021,59
2019.01.17,14:34,1.14021,1.1403,1.14018,1.14029,70
2019.01.17,14:35,1.14028,1.14028,1.14016,1.14025,62
2019.01.17,14:36,1.14026,1.14027,1.1402,1.1402,35
2019.01.17,14:37,1.14019,1.1402,1.14019,1.14019,12
2019.01.17,14:38,1.14018,1.14036,1.14017,1.14029,64
2019.01.17,14:39,1.14029,1.1405,1.14027,1.14048,94
2019.01.17,14:40,1.14048,1.14055,1.14043,1.14045,87
2019.01.17,14:41,1.14046,1.14049,1.14042,1.14049,54
2019.01.17,14:42,1.14049,1.14049,1.14034,1.1404,56
2019.01.17,14:43,1.14039,1.14053,1.14037,1.14044,55
2019.01.17,14:44,1.14044,1.14059,1.14043,1.14048,81
2019.01.17,14:45,1.14046,1.14057,1.1404,1.14054,49
2019.01.17,14:46,1.14055,1.14055,1.14041,1.14041,74
2019.01.17,14:47,1.14042,1.14042,1.1403,1.14035,33
2019.01.17,14:48,1.14035,1.14048,1.14035,1.14043,55
2019.01.17,14:49,1.14043,1.14043,1.14028,1.14033,57
2019.01.17,14:50,1.14033,1.1404,1.14033,1.14035,58
2019.01.17,14:51,1.14034,1.14038,1.14026,1.14027,46
2019.01.17,14:52,1.14028,1.14035,1.14027,1.14033,31
2019.01.17,14:53,1.14034,1.14047,1.14034,1.14044,61
2019.01.17,14:54,1.14044,1.1405,1.14039,1.14043,42
2019.01.17,14:55,1.14044,1.14046,1.14038,1.14038,44
2019.01.17,14:56,1.14039,1.14039,1.14028,1.1403,70
2019.01.17,14:57,1.14031,1.14031,1.14013,1.14017,90
2019.01.17,14:58,1.14015,1.14015,1.13992,1.13998,98
2019.01.17,14:59,1.13998,1.14012,1.13998,1.14011,71
2019.01.17,15:00,1.14011,1.14035,1.1401,1.14016,111
2019.01.17,15:01,1.14016,1.14023,1.14013,1.14023,85
2019.01.17,15:02,1.14023,1.14026,1.14016,1.14018,90
2019.01.17,15:03,1.14017,1.1402,1.14011,1.14014,50
2019.01.17,15:04,1.14014,1.14047,1.14014,1.14044,109
2019.01.17,15:05,1.14043,1.14045,1.14014,1.14019,121
2019.01.17,15:06,1.14019,1.14026,1.14012,1.14023,82
2019.01.17,15:07,1.14022,1.14027,1.14017,1.14024,87
2019.01.17,15:08,1.14023,1.14025,1.14013,1.14014,74
2019.01.17,15:09,1.14015,1.14022,1.14006,1.14013,107
2019.01.17,15:10,1.14012,1.14017,1.13999,1.13999,81
2019.01.17,15:11,1.13997,1.13998,1.13972,1.13976,168
2019.01.17,15:12,1.13975,1.13987,1.13969,1.13986,107
2019.01.17,15:13,1.13986,1.13992,1.1396,1.13971,118
2019.01.17,15:14,1.13969,1.1397,1.13961,1.13963,122
2019.01.17,15:15,1.13962,1.13963,1.13942,1.13946,111
2019.01.17,15:16,1.13947,1.13957,1.13944,1.13956,113
2019.01.17,15:17,1.13957,1.13957,1.13947,1.13955,97
2019.01.17,15:18,1.13954,1.13973,1.1395,1.13973,97
2019.01.17,15:19,1.13971,1.13978,1.13956,1.13977,118
2019.01.17,15:20,1.13978,1.13984,1.13967,1.13969,87
2019.01.17,15:21,1.13968,1.13988,1.13968,1.13987,101
2019.01.17,15:22,1.13987,1.13987,1.1397,1.13972,81
2019.01.17,15:23,1.1397,1.13984,1.13967,1.13978,73
2019.01.17,15:24,1.1398,1.13983,1.13969,1.1397,95
2019.01.17,15:25,1.13969,1.13986,1.13967,1.13985,157
2019.01.17,15:26,1.13987,1.13994,1.1398,1.13988,75
2019.01.17,15:27,1.13989,1.13997,1.13983,1.13995,109
2019.01.17,15:28,1.13995,1.14003,1.13987,1.13994,96
2019.01.17,15:29,1.13994,1.14002,1.13984,1.13987,96
2019.01.17,15:30,1.13988,1.1399,1.13856,1.13856,282
2019.01.17,15:31,1.13858,1.13898,1.13855,1.13888,242
2019.01.17,15:32,1.13888,1.13911,1.13882,1.1391,165
2019.01.17,15:33,1.13909,1.13909,1.13833,1.13839,273
2019.01.17,15:34,1.13839,1.13858,1.13827,1.13852,224
2019.01.17,15:35,1.13851,1.13861,1.13826,1.13858,216
2019.01.17,15:36,1.13858,1.13889,1.13851,1.13889,176
2019.01.17,15:37,1.13884,1.13889,1.13863,1.13887,153
2019.01.17,15:38,1.13891,1.13899,1.13867,1.13878,154
2019.01.17,15:39,1.13867,1.13878,1.13853,1.13866,177
2019.01.17,15:40,1.13865,1.13874,1.13844,1.13856,202
2019.01.17,15:41,1.13855,1.13872,1.13852,1.13871,133
2019.01.17,15:42,1.1387,1.13881,1.13866,1.13878,92
2019.01.17,15:43,1.13878,1.13888,1.13864,1.13886,115
2019.01.17,15:44,1.13885,1.13888,1.13866,1.13881,103
2019.01.17,15:45,1.13881,1.139,1.13873,1.13899,120
2019.01.17,15:46,1.139,1.13907,1.13882,1.13892,117
2019.01.17,15:47,1.13891,1.13906,1.1389,1.13898,67
2019.01.17,15:48,1.13897,1.13899,1.13883,1.13894,64
2019.01.17,15:49,1.13895,1.13919,1.13895,1.1391,108
2019.01.17,15:50,1.13911,1.13928,1.13908,1.13925,83
2019.01.17,15:51,1.13922,1.13943,1.13922,1.13938,94
2019.01.17,15:52,1.13939,1.13958,1.13939,1.13954,153
2019.01.17,15:53,1.13954,1.13956,1.13944,1.13949,69
2019.01.17,15:54,1.13948,1.13954,1.13943,1.13948,59
2019.01.17,15:55,1.13945,1.13945,1.13931,1.13943,77
2019.01.17,15:56,1.13944,1.13944,1.13923,1.13924,88
2019.01.17,15:57,1.13924,1.13952,1.13923,1.1395,74
2019.01.17,15:58,1.13949,1.13958,1.13945,1.13958,100
2019.01.17,15:59,1.13958,1.13989,1.13952,1.13978,132
2019.01.17,16:00,1.13979,1.13983,1.13961,1.13978,129
2019.01.17,16:01,1.13979,1.13987,1.13972,1.13972,100
2019.01.17,16:02,1.13971,1.13994,1.13964,1.13991,137
2019.01.17,16:03,1.1399,1.14006,1.1399,1.13995,142
2019.01.17,16:04,1.13995,1.14002,1.13979,1.13981,123
2019.01.17,16:05,1.13983,1.13986,1.13973,1.13979,126
2019.01.17,16:06,1.13979,1.1398,1.1396,1.13968,108
2019.01.17,16:07,1.13969,1.13973,1.13958,1.13968,64
2019.01.17,16:08,1.13968,1.13974,1.13963,1.13973,64
2019.01.17,16:09,1.13975,1.13977,1.13961,1.13965,106
2019.01.17,16:10,1.13966,1.13966,1.13949,1.13953,99
2019.01.17,16:11,1.13951,1.13957,1.1394,1.13943,108
2019.01.17,16:12,1.13945,1.13954,1.13943,1.1395,76
2019.01.17,16:13,1.1395,1.1395,1.1392,1.13925,116
2019.01.17,16:14,1.13925,1.13938,1.13925,1.13927,142
2019.01.17,16:15,1.13927,1.13927,1.13915,1.13918,141
2019.01.17,16:16,1.13917,1.13921,1.13905,1.1392,121
2019.01.17,16:17,1.1392,1.1392,1.13904,1.13907,94
2019.01.17,16:18,1.13907,1.1392,1.13904,1.13909,107
2019.01.17,16:19,1.13908,1.13913,1.13904,1.13909,74
2019.01.17,16:20,1.13909,1.13925,1.13903,1.13908,120
2019.01.17,16:21,1.13908,1.13934,1.13908,1.13924,107
2019.01.17,16:22,1.13924,1.13929,1.13915,1.13919,97
2019.01.17,16:23,1.1392,1.13929,1.13914,1.13915,90
2019.01.17,16:24,1.13916,1.13923,1.13914,1.13919,100
2019.01.17,16:25,1.13919,1.13923,1.13908,1.13908,93
2019.01.17,16:26,1.13909,1.13918,1.13903,1.13913,62
2019.01.17,16:27,1.13914,1.13923,1.13909,1.1392,91
2019.01.17,16:28,1.13919,1.13921,1.13895,1.13896,84
2019.01.17,16:29,1.13895,1.13902,1.13894,1.13898,70
2019.01.17,16:30,1.13899,1.13909,1.13897,1.13899,87
2019.01.17,16:31,1.13898,1.13922,1.13893,1.1392,132
2019.01.17,16:32,1.1392,1.13929,1.13908,1.13908,142
2019.01.17,16:33,1.1391,1.13912,1.1388,1.13884,163
2019.01.17,16:34,1.13888,1.13903,1.13886,1.13902,106
2019.01.17,16:35,1.13904,1.13933,1.13899,1.13927,124
2019.01.17,16:36,1.13926,1.13959,1.13926,1.13957,161
2019.01.17,16:37,1.13958,1.1396,1.1394,1.13954,146
2019.01.17,16:38,1.13955,1.13956,1.13938,1.13946,125
2019.01.17,16:39,1.13945,1.13949,1.13915,1.13919,128
2019.01.17,16:40,1.13919,1.1392,1.13904,1.13906,90
2019.01.17,16:41,1.13905,1.13913,1.13896,1.13902,100
2019.01.17,16:42,1.13902,1.13912,1.13895,1.13899,104
2019.01.17,16:43,1.13898,1.13912,1.13888,1.13911,107
2019.01.17,16:44,1.13912,1.13914,1.13902,1.13908,118
2019.01.17,16:45,1.13907,1.13915,1.13904,1.13911,125
2019.01.17,16:46,1.13911,1.13911,1.13885,1.13887,113
2019.01.17,16:47,1.13886,1.13891,1.13875,1.13888,109
2019.01.17,16:48,1.13889,1.13911,1.13889,1.13902,122
2019.01.17,16:49,1.13901,1.13905,1.13892,1.13903,75
2019.01.17,16:50,1.13902,1.13904,1.13895,1.13896,106
2019.01.17,16:51,1.13895,1.13902,1.13886,1.13899,105
2019.01.17,16:52,1.13899,1.13901,1.13864,1.1387,109
2019.01.17,16:53,1.13872,1.13883,1.13854,1.13879,140
2019.01.17,16:54,1.13877,1.13891,1.13872,1.13885,139
2019.01.17,16:55,1.13889,1.13892,1.13877,1.13884,93
2019.01.17,16:56,1.13884,1.13894,1.13864,1.13865,125
2019.01.17,16:57,1.13866,1.1388,1.1385,1.13878,161
2019.01.17,16:58,1.13878,1.13898,1.13872,1.13896,140
2019.01.17,16:59,1.13894,1.13894,1.13865,1.1387,131
2019.01.17,17:00,1.13868,1.13878,1.13861,1.13875,133
2019.01.17,17:01,1.13876,1.13892,1.13868,1.1389,107
2019.01.17,17:02,1.1389,1.13901,1.13871,1.13875,143
2019.01.17,17:03,1.13878,1.13892,1.13876,1.13891,95
2019.01.17,17:04,1.13889,1.13895,1.13883,1.13893,95
2019.01.17,17:05,1.13895,1.13903,1.13886,1.13899,100
2019.01.17,17:06,1.139,1.13904,1.13885,1.13889,109
2019.01.17,17:07,1.1389,1.13898,1.13876,1.13891,151
2019.01.17,17:08,1.13889,1.13896,1.13886,1.13889,100
2019.01.17,17:09,1.13889,1.13897,1.1388,1.1388,118
2019.01.17,17:10,1.13881,1.13887,1.13874,1.13885,94
2019.01.17,17:11,1.13885,1.13887,1.13877,1.13881,66
2019.01.17,17:12,1.13881,1.13889,1.1387,1.13881,92
2019.01.17,17:13,1.13883,1.13898,1.13875,1.13898,95
2019.01.17,17:14,1.13898,1.13904,1.13896,1.139,81
2019.01.17,17:15,1.13901,1.13905,1.13897,1.13902,83
2019.01.17,17:16,1.139,1.13906,1.13888,1.13892,115
2019.01.17,17:17,1.13891,1.13905,1.13891,1.13891,91
2019.01.17,17:18,1.13889,1.13889,1.13874,1.13886,99
2019.01.17,17:19,1.13887,1.13906,1.13886,1.13903,104
2019.01.17,17:20,1.13903,1.13911,1.13894,1.13903,95
2019.01.17,17:21,1.13902,1.13907,1.13896,1.13902,188
2019.01.17,17:22,1.139,1.13905,1.13898,1.139,90
2019.01.17,17:23,1.13899,1.139,1.13888,1.13897,90
2019.01.17,17:24,1.13896,1.13921,1.13886,1.13918,138
2019.01.17,17:25,1.13919,1.13922,1.1391,1.13911,109
2019.01.17,17:26,1.1391,1.13927,1.1391,1.13919,80
2019.01.17,17:27,1.13922,1.13944,1.1391,1.13933,155
2019.01.17,17:28,1.13932,1.13933,1.13915,1.13921,143
2019.01.17,17:29,1.13921,1.13928,1.13917,1.13927,107
2019.01.17,17:30,1.13926,1.13926,1.139,1.13908,110
2019.01.17,17:31,1.13907,1.13907,1.13893,1.13896,71
2019.01.17,17:32,1.13896,1.13901,1.13885,1.13888,108
2019.01.17,17:33,1.13886,1.13891,1.13885,1.13891,82
2019.01.17,17:34,1.13894,1.13897,1.13878,1.1388,80
2019.01.17,17:35,1.13877,1.13888,1.13866,1.13866,127
2019.01.17,17:36,1.13866,1.13871,1.138,1.138,126
2019.01.17,17:37,1.13801,1.13814,1.13781,1.13788,156
2019.01.17,17:38,1.13788,1.13799,1.13781,1.1379,144
2019.01.17,17:39,1.13791,1.13791,1.13765,1.13766,125
2019.01.17,17:40,1.13761,1.13785,1.13753,1.13784,171
2019.01.17,17:41,1.13784,1.13785,1.13766,1.13776,146
2019.01.17,17:42,1.13777,1.13777,1.13718,1.13731,207
2019.01.17,17:43,1.13731,1.13756,1.13731,1.13756,167
2019.01.17,17:44,1.13757,1.13763,1.13742,1.13755,120
2019.01.17,17:45,1.13755,1.13765,1.13741,1.13749,141
2019.01.17,17:46,1.13749,1.13749,1.13699,1.13712,232
2019.01.17,17:47,1.13712,1.13759,1.13705,1.13748,211
2019.01.17,17:48,1.13749,1.13757,1.1372,1.13745,162
2019.01.17,17:49,1.13745,1.13758,1.13718,1.13723,139
2019.01.17,17:50,1.13721,1.13765,1.13717,1.13765,133
2019.01.17,17:51,1.13765,1.13777,1.13753,1.13755,136
2019.01.17,17:52,1.13756,1.13767,1.13738,1.13751,186
2019.01.17,17:53,1.13752,1.13762,1.13741,1.13747,140
2019.01.17,17:54,1.13749,1.13754,1.13732,1.13736,97
2019.01.17,17:55,1.13736,1.13756,1.13732,1.13751,105
2019.01.17,17:56,1.13751,1.13772,1.13751,1.1377,120
2019.01.17,17:57,1.1377,1.13789,1.13764,1.13787,162
2019.01.17,17:58,1.13789,1.13801,1.13783,1.13789,180
2019.01.17,17:59,1.13788,1.13806,1.13786,1.13804,205
2019.01.17,18:00,1.13804,1.1381,1.13793,1.13796,189
2019.01.17,18:01,1.13797,1.13805,1.13793,1.13796,121
2019.01.17,18:02,1.13795,1.13796,1.13789,1.13792,115
2019.01.17,18:03,1.13792,1.13793,1.1378,1.13783,106
2019.01.17,18:04,1.13783,1.13806,1.13776,1.13802,118
2019.01.17,18:05,1.13802,1.13868,1.13802,1.13838,330
2019.01.17,18:06,1.13837,1.13855,1.13833,1.13853,177
2019.01.17,18:07,1.13852,1.13861,1.13824,1.13824,194
2019.01.17,18:08,1.13824,1.13831,1.13819,1.13821,116
2019.01.17,18:09,1.13819,1.13824,1.13804,1.13811,148
2019.01.17,18:10,1.1381,1.13823,1.13798,1.13813,152
2019.01.17,18:11,1.13813,1.1383,1.13804,1.13808,126
2019.01.17,18:12,1.13806,1.13812,1.13792,1.13806,86
2019.01.17,18:13,1.13807,1.13807,1.13795,1.13801,110
2019.01.17,18:14,1.13802,1.13821,1.13802,1.13818,76
2019.01.17,18:15,1.13818,1.13829,1.13806,1.13826,129
2019.01.17,18:16,1.13828,1.13862,1.13825,1.13855,154
2019.01.17,18:17,1.13855,1.13863,1.13842,1.13858,139
2019.01.17,18:18,1.13859,1.13859,1.13835,1.13851,112
2019.01.17,18:19,1.13852,1.13861,1.13851,1.13858,122
2019.01.17,18:20,1.13857,1.13873,1.13857,1.13872,112
2019.01.17,18:21,1.13873,1.13891,1.13872,1.13875,98
2019.01.17,18:22,1.13869,1.13899,1.13859,1.13896,112
2019.01.17,18:23,1.13895,1.1393,1.13889,1.13903,166
2019.01.17,18:24,1.13903,1.13903,1.1389,1.13893,156
2019.01.17,18:25,1.13891,1.13898,1.1387,1.13873,159
2019.01.17,18:26,1.13873,1.13877,1.13865,1.13877,102
2019.01.17,18:27,1.13877,1.13884,1.13871,1.13876,117
2019.01.17,18:28,1.13876,1.13878,1.13855,1.13855,129
2019.01.17,18:29,1.13858,1.13866,1.13846,1.13861,98
2019.01.17,18:30,1.1386,1.13861,1.1385,1.1385,97
2019.01.17,18:31,1.1385,1.13851,1.13846,1.13848,81
2019.01.17,18:32,1.13849,1.13867,1.13843,1.13861,129
2019.01.17,18:33,1.13861,1.13869,1.13853,1.13868,103
2019.01.17,18:34,1.13866,1.13867,1.13863,1.13866,31
2019.01.17,18:35,1.13866,1.13866,1.13853,1.13856,34
2019.01.17,18:36,1.13856,1.13862,1.13854,1.13862,93
2019.01.17,18:37,1.13861,1.13865,1.13841,1.13841,94
2019.01.17,18:38,1.13842,1.13855,1.13835,1.13846,94
2019.01.17,18:39,1.13846,1.13862,1.13845,1.13856,94
2019.01.17,18:40,1.13855,1.13861,1.13846,1.13851,48
2019.01.17,18:41,1.13851,1.13855,1.13846,1.13848,52
2019.01.17,18:42,1.13848,1.1385,1.1383,1.13842,79
2019.01.17,18:43,1.13842,1.13854,1.13841,1.13849,47
2019.01.17,18:44,1.1385,1.13853,1.13835,1.13836,44
2019.01.17,18:45,1.13835,1.13838,1.13828,1.13829,63
2019.01.17,18:46,1.13831,1.13843,1.1383,1.13841,57
2019.01.17,18:47,1.1384,1.13843,1.13836,1.13842,40
2019.01.17,18:48,1.13843,1.13843,1.13832,1.13835,60
2019.01.17,18:49,1.13836,1.13847,1.13836,1.13845,100
2019.01.17,18:50,1.13844,1.13848,1.13839,1.13839,66
2019.01.17,18:51,1.1384,1.13857,1.13839,1.13855,66
2019.01.17,18:52,1.13855,1.1386,1.1385,1.1385,52
2019.01.17,18:53,1.13848,1.13848,1.13827,1.13827,45
2019.01.17,18:54,1.13828,1.1383,1.13819,1.13822,66
2019.01.17,18:55,1.13822,1.13822,1.13789,1.13802,109
2019.01.17,18:56,1.13801,1.13818,1.13801,1.13809,113
2019.01.17,18:57,1.1381,1.13821,1.13805,1.13817,57
2019.01.17,18:58,1.13817,1.13841,1.13817,1.1384,88
2019.01.17,18:59,1.13839,1.13851,1.13835,1.13851,100
2019.01.17,19:00,1.1385,1.13857,1.13846,1.13854,69
2019.01.17,19:01,1.13855,1.13874,1.13854,1.13874,64
2019.01.17,19:02,1.13874,1.13882,1.13868,1.13881,64
2019.01.17,19:03,1.1388,1.13885,1.1387,1.13874,100
2019.01.17,19:04,1.13875,1.13885,1.13875,1.13877,56
2019.01.17,19:05,1.13877,1.13885,1.13877,1.13884,50
2019.01.17,19:06,1.13884,1.13884,1.13874,1.13884,44
2019.01.17,19:07,1.13885,1.13885,1.13876,1.13884,75
2019.01.17,19:08,1.13887,1.13887,1.1388,1.13887,35
2019.01.17,19:09,1.13886,1.1389,1.13877,1.13883,52
2019.01.17,19:10,1.13882,1.13882,1.1386,1.1386,45
2019.01.17,19:11,1.13862,1.13867,1.13861,1.13867,22
2019.01.17,19:12,1.13866,1.13866,1.13861,1.13864,46
2019.01.17,19:13,1.13863,1.13869,1.1386,1.13861,41
2019.01.17,19:14,1.1386,1.13862,1.13841,1.13844,52
2019.01.17,19:15,1.13844,1.13855,1.13844,1.13846,48
2019.01.17,19:16,1.13849,1.13851,1.13839,1.1384,63
2019.01.17,19:17,1.13839,1.13845,1.13834,1.13836,101
2019.01.17,19:18,1.13836,1.13839,1.13824,1.1383,84
2019.01.17,19:19,1.13829,1.13833,1.13826,1.1383,53
2019.01.17,19:20,1.13832,1.13859,1.13832,1.13847,95
2019.01.17,19:21,1.13846,1.13851,1.13835,1.13844,68
2019.01.17,19:22,1.13844,1.13863,1.13844,1.13861,63
2019.01.17,19:23,1.13862,1.13866,1.13857,1.13861,73
2019.01.17,19:24,1.13861,1.13865,1.13851,1.13851,67
2019.01.17,19:25,1.13852,1.13858,1.13852,1.13857,43
2019.01.17,19:26,1.13856,1.13867,1.13856,1.13865,27
2019.01.17,19:27,1.13866,1.13867,1.13858,1.13858,39
2019.01.17,19:28,1.13857,1.13858,1.1385,1.13853,37
2019.01.17,19:29,1.13854,1.13857,1.1385,1.13854,40
2019.01.17,19:30,1.13855,1.13856,1.13847,1.13849,38
2019.01.17,19:31,1.13849,1.13853,1.13846,1.13846,32
2019.01.17,19:32,1.13841,1.13845,1.13836,1.13844,44
2019.01.17,19:33,1.13845,1.13847,1.13839,1.13839,43
2019.01.17,19:34,1.13839,1.13845,1.13839,1.13844,33
2019.01.17,19:35,1.13844,1.13845,1.13841,1.13844,31
2019.01.17,19:36,1.13843,1.13845,1.13835,1.13845,41
2019.01.17,19:37,1.13845,1.13849,1.13843,1.13849,26
2019.01.17,19:38,1.13849,1.13853,1.13846,1.13851,39
2019.01.17,19:39,1.13851,1.13866,1.13851,1.13864,34
2019.01.17,19:40,1.13864,1.13864,1.13856,1.13859,32
2019.01.17,19:41,1.1386,1.13864,1.13855,1.13856,41
2019.01.17,19:42,1.13855,1.1386,1.13853,1.1386,39
2019.01.17,19:43,1.13859,1.13861,1.13855,1.13855,24
2019.01.17,19:44,1.13854,1.13861,1.13845,1.13859,32
2019.01.17,19:45,1.13861,1.13864,1.13855,1.13858,43
2019.01.17,19:46,1.13857,1.13858,1.13845,1.13848,37
2019.01.17,19:47,1.13851,1.13853,1.13845,1.13846,27
2019.01.17,19:48,1.13845,1.13849,1.13844,1.13845,42
2019.01.17,19:49,1.13846,1.13846,1.13833,1.13833,18
2019.01.17,19:50,1.13834,1.13848,1.13834,1.13846,53
2019.01.17,19:51,1.13847,1.13854,1.13837,1.13843,52
2019.01.17,19:52,1.1384,1.13858,1.13839,1.13847,59
2019.01.17,19:53,1.13849,1.13851,1.13839,1.13844,44
2019.01.17,19:54,1.13846,1.13848,1.13844,1.13845,27
2019.01.17,19:55,1.13844,1.13856,1.13844,1.13853,33
2019.01.17,19:56,1.13854,1.13859,1.13849,1.13854,43
2019.01.17,19:57,1.13856,1.13868,1.13838,1.13839,88
2019.01.17,19:58,1.13838,1.13863,1.13838,1.13859,75
2019.01.17,19:59,1.1386,1.13877,1.1386,1.13863,116
2019.01.17,20:00,1.13861,1.13863,1.1385,1.13855,61
2019.01.17,20:01,1.13855,1.13856,1.13845,1.13856,48
2019.01.17,20:02,1.13855,1.13878,1.13855,1.13878,69
2019.01.17,20:03,1.13879,1.13885,1.13879,1.1388,60
2019.01.17,20:04,1.13882,1.13889,1.13875,1.13889,72
2019.01.17,20:05,1.13892,1.13913,1.13889,1.13913,104
2019.01.17,20:06,1.13914,1.13919,1.13899,1.13909,87
2019.01.17,20:07,1.1391,1.13914,1.13903,1.13906,56
2019.01.17,20:08,1.13905,1.13943,1.13901,1.13935,69
2019.01.17,20:09,1.13934,1.13937,1.13916,1.13917,54
2019.01.17,20:10,1.13919,1.13921,1.13914,1.13919,31
2019.01.17,20:11,1.13919,1.13919,1.1391,1.13918,51
2019.01.17,20:12,1.13919,1.13937,1.13915,1.13933,89
2019.01.17,20:13,1.13932,1.1394,1.13931,1.13933,61
2019.01.17,20:14,1.13933,1.13939,1.13931,1.13933,78
2019.01.17,20:15,1.13933,1.13933,1.13923,1.13924,78
2019.01.17,20:16,1.13925,1.13928,1.13914,1.13925,55
2019.01.17,20:17,1.13927,1.13933,1.13923,1.13923,94
2019.01.17,20:18,1.13927,1.13933,1.13923,1.13927,47
2019.01.17,20:19,1.13928,1.13935,1.13927,1.13928,49
2019.01.17,20:20,1.13928,1.13929,1.13917,1.1392,56
2019.01.17,20:21,1.1392,1.13922,1.13907,1.13907,72
2019.01.17,20:22,1.13909,1.13913,1.139,1.13902,64
2019.01.17,20:23,1.13902,1.13903,1.139,1.13901,32
2019.01.17,20:24,1.13901,1.13901,1.13888,1.13892,60
2019.01.17,20:25,1.13893,1.13894,1.13874,1.13874,64
2019.01.17,20:26,1.13874,1.13879,1.13861,1.13868,52
2019.01.17,20:27,1.13869,1.13875,1.13865,1.13866,67
2019.01.17,20:28,1.13866,1.13867,1.13858,1.13858,52
2019.01.17,20:29,1.1386,1.13868,1.13857,1.13857,58
2019.01.17,20:30,1.13856,1.13858,1.13846,1.13847,70
2019.01.17,20:31,1.13847,1.1386,1.13846,1.1386,68
2019.01.17,20:32,1.13861,1.13865,1.13851,1.13855,38
2019.01.17,20:33,1.13856,1.13867,1.13853,1.13857,74
2019.01.17,20:34,1.13857,1.13867,1.13856,1.13861,71
2019.01.17,20:35,1.13861,1.13865,1.13857,1.13863,41
2019.01.17,20:36,1.13861,1.13867,1.13856,1.13867,77
2019.01.17,20:37,1.13865,1.13872,1.13863,1.13865,68
2019.01.17,20:38,1.13864,1.13868,1.13853,1.13868,49
2019.01.17,20:39,1.13869,1.1387,1.13862,1.13867,40
2019.01.17,20:40,1.13867,1.13874,1.13858,1.13867,42
2019.01.17,20:41,1.13867,1.13868,1.13857,1.13868,61
2019.01.17,20:42,1.13867,1.13878,1.13867,1.13874,43
2019.01.17,20:43,1.13874,1.13881,1.13874,1.13874,43
2019.01.17,20:44,1.13874,1.13892,1.13874,1.13892,60
2019.01.17,20:45,1.1389,1.1389,1.13885,1.13887,78
2019.01.17,20:46,1.13886,1.13893,1.13866,1.13866,51
2019.01.17,20:47,1.13866,1.13872,1.13858,1.13872,59
2019.01.17,20:48,1.13873,1.13875,1.13847,1.13847,74
2019.01.17,20:49,1.13849,1.13857,1.13847,1.13853,64
2019.01.17,20:50,1.13853,1.13853,1.13833,1.13837,46
2019.01.17,20:51,1.13838,1.13847,1.13837,1.13846,29
2019.01.17,20:52,1.13847,1.13849,1.13838,1.13842,29
2019.01.17,20:53,1.13843,1.13846,1.13837,1.13839,26
2019.01.17,20:54,1.13845,1.13855,1.13845,1.13848,44
2019.01.17,20:55,1.13849,1.13851,1.13843,1.13849,42
2019.01.17,20:56,1.13848,1.13849,1.13838,1.13843,34
2019.01.17,20:57,1.13843,1.13843,1.13813,1.13817,46
2019.01.17,20:58,1.13818,1.13822,1.13811,1.13814,52
2019.01.17,20:59,1.13814,1.13819,1.13804,1.13813,69
2019.01.17,21:00,1.13813,1.13817,1.13806,1.13808,60
2019.01.17,21:01,1.13807,1.13813,1.138,1.13807,55
2019.01.17,21:02,1.13807,1.13808,1.13802,1.13803,48
2019.01.17,21:03,1.13803,1.13806,1.13799,1.13803,32
2019.01.17,21:04,1.13802,1.13807,1.13802,1.13807,25
2019.01.17,21:05,1.13807,1.13826,1.13807,1.13816,56
2019.01.17,21:06,1.13814,1.13822,1.13808,1.13814,49
2019.01.17,21:07,1.13814,1.13839,1.13814,1.13834,63
2019.01.17,21:08,1.13833,1.13834,1.13818,1.1382,82
2019.01.17,21:09,1.13821,1.13825,1.13818,1.13824,32
2019.01.17,21:10,1.13824,1.13824,1.13811,1.13814,63
2019.01.17,21:11,1.13814,1.13819,1.13811,1.13818,27
2019.01.17,21:12,1.13817,1.13819,1.13807,1.13807,22
2019.01.17,21:13,1.13807,1.13814,1.13805,1.13813,27
2019.01.17,21:14,1.13814,1.1382,1.13814,1.13819,47
2019.01.17,21:15,1.13818,1.13851,1.13814,1.13848,62
2019.01.17,21:16,1.13847,1.13853,1.13839,1.13847,40
2019.01.17,21:17,1.13848,1.13851,1.1384,1.13846,35
2019.01.17,21:18,1.13846,1.13848,1.13843,1.13848,32
2019.01.17,21:19,1.13848,1.13854,1.13847,1.13852,36
2019.01.17,21:20,1.13852,1.13862,1.13852,1.13858,52
2019.01.17,21:21,1.13858,1.13861,1.13854,1.13855,51
2019.01.17,21:22,1.13857,1.13864,1.13857,1.13863,39
2019.01.17,21:23,1.13862,1.13863,1.13853,1.13859,39
2019.01.17,21:24,1.1386,1.13875,1.1386,1.1387,32
2019.01.17,21:25,1.13871,1.13875,1.13863,1.13871,45
2019.01.17,21:26,1.13871,1.13872,1.13863,1.13864,39
2019.01.17,21:27,1.13864,1.13864,1.13862,1.13862,20
2019.01.17,21:28,1.13864,1.13864,1.13839,1.13839,50
2019.01.17,21:29,1.13841,1.13847,1.13839,1.13841,42
2019.01.17,21:30,1.1384,1.13846,1.1384,1.13844,65
2019.01.17,21:31,1.13844,1.13844,1.13839,1.13842,65
2019.01.17,21:32,1.13842,1.13843,1.13836,1.13843,45
2019.01.17,21:33,1.13843,1.13843,1.13836,1.13836,43
2019.01.17,21:34,1.13837,1.13839,1.1383,1.13834,52
2019.01.17,21:35,1.13836,1.13842,1.13831,1.13841,67
2019.01.17,21:36,1.13839,1.13841,1.13837,1.13839,38
2019.01.17,21:37,1.13838,1.13847,1.13836,1.13844,38
2019.01.17,21:38,1.13845,1.13865,1.13844,1.1386,234
2019.01.17,21:39,1.13862,1.13893,1.13861,1.13876,225
2019.01.17,21:40,1.13873,1.13924,1.1387,1.13918,235
2019.01.17,21:41,1.1392,1.13993,1.13918,1.13973,328
2019.01.17,21:42,1.13973,1.13997,1.13963,1.13965,226
2019.01.17,21:43,1.13966,1.13981,1.13951,1.13976,193
2019.01.17,21:44,1.13977,1.13978,1.13935,1.13935,142
2019.01.17,21:45,1.13938,1.13958,1.13905,1.13943,221
2019.01.17,21:46,1.13942,1.13943,1.13908,1.13911,131
2019.01.17,21:47,1.13912,1.13959,1.13912,1.13948,141
2019.01.17,21:48,1.13946,1.13979,1.13937,1.13965,154
2019.01.17,21:49,1.13964,1.14002,1.13959,1.13968,160
2019.01.17,21:50,1.13967,1.13973,1.13943,1.13949,139
2019.01.17,21:51,1.1395,1.1395,1.13927,1.13927,121
2019.01.17,21:52,1.13925,1.13969,1.13924,1.13959,157
2019.01.17,21:53,1.13959,1.13974,1.13945,1.13963,188
2019.01.17,21:54,1.13962,1.13965,1.13914,1.13929,186
2019.01.17,21:55,1.13929,1.1394,1.1391,1.13928,294
2019.01.17,21:56,1.13929,1.13943,1.13915,1.13934,324
2019.01.17,21:57,1.13933,1.13939,1.13915,1.13918,259
2019.01.17,21:58,1.1392,1.1392,1.13886,1.13891,185
2019.01.17,21:59,1.13891,1.13899,1.13884,1.13894,163
2019.01.17,22:00,1.1389,1.13908,1.13881,1.13898,187
2019.01.17,22:01,1.13897,1.13898,1.13881,1.13894,176
2019.01.17,22:02,1.13894,1.13896,1.13873,1.1388,145
2019.01.17,22:03,1.1388,1.13892,1.13876,1.13891,135
2019.01.17,22:04,1.1389,1.13915,1.13886,1.13904,164
2019.01.17,22:05,1.13904,1.13915,1.13893,1.13894,159
2019.01.17,22:06,1.13894,1.13899,1.13884,1.13884,105
2019.01.17,22:07,1.13882,1.13903,1.13882,1.13889,92
2019.01.17,22:08,1.13895,1.13902,1.13893,1.13898,79
2019.01.17,22:09,1.13895,1.13895,1.13876,1.13878,87
2019.01.17,22:10,1.13878,1.13878,1.13856,1.13863,62
2019.01.17,22:11,1.13863,1.13867,1.13853,1.1386,97
2019.01.17,22:12,1.1386,1.13882,1.1386,1.13874,122
2019.01.17,22:13,1.13877,1.13885,1.13873,1.1388,99
2019.01.17,22:14,1.1388,1.13881,1.13874,1.13875,96
2019.01.17,22:15,1.13876,1.13883,1.13872,1.13878,66
2019.01.17,22:16,1.13877,1.13884,1.13874,1.13874,103
2019.01.17,22:17,1.13874,1.13893,1.13874,1.13888,92
2019.01.17,22:18,1.13889,1.13889,1.13869,1.13876,81
2019.01.17,22:19,1.13877,1.13878,1.13871,1.13873,117
2019.01.17,22:20,1.13874,1.13878,1.13872,1.13874,58
2019.01.17,22:21,1.13874,1.13885,1.13873,1.13883,53
2019.01.17,22:22,1.13884,1.13889,1.1388,1.13881,66
2019.01.17,22:23,1.13882,1.13891,1.13873,1.13874,82
2019.01.17,22:24,1.13873,1.13876,1.13864,1.13875,112
2019.01.17,22:25,1.13873,1.13882,1.13867,1.13871,110
2019.01.17,22:26,1.13872,1.13879,1.13863,1.13877,71
2019.01.17,22:27,1.13874,1.13883,1.13873,1.1388,50
2019.01.17,22:28,1.13879,1.13893,1.13879,1.13889,60
2019.01.17,22:29,1.1389,1.13892,1.13886,1.13889,67
2019.01.17,22:30,1.13889,1.13898,1.13883,1.13898,97
2019.01.17,22:31,1.13898,1.13913,1.13898,1.13912,65
2019.01.17,22:32,1.13912,1.13921,1.13911,1.13915,64
2019.01.17,22:33,1.13916,1.13919,1.13912,1.13917,55
2019.01.17,22:34,1.13915,1.13922,1.139,1.13908,68
2019.01.17,22:35,1.13906,1.1391,1.13892,1.13893,102
2019.01.17,22:36,1.13893,1.13905,1.13892,1.13899,63
2019.01.17,22:37,1.13898,1.13899,1.13891,1.13893,80
2019.01.17,22:38,1.13894,1.13902,1.13893,1.13899,32
2019.01.17,22:39,1.13899,1.13906,1.13899,1.13903,41
2019.01.17,22:40,1.13903,1.13907,1.13903,1.13907,32
2019.01.17,22:41,1.13908,1.13908,1.13903,1.13905,32
2019.01.17,22:42,1.13906,1.13908,1.13903,1.13903,54
2019.01.17,22:43,1.13904,1.13905,1.13896,1.139,62
2019.01.17,22:44,1.13899,1.13903,1.13898,1.13898,39
2019.01.17,22:45,1.13896,1.13898,1.13893,1.13897,50
2019.01.17,22:46,1.13898,1.13898,1.13892,1.13894,38
2019.01.17,22:47,1.13893,1.13901,1.13893,1.13898,54
2019.01.17,22:48,1.13898,1.13899,1.13893,1.13897,40
2019.01.17,22:49,1.13898,1.13901,1.13892,1.13893,58
2019.01.17,22:50,1.13893,1.13899,1.13893,1.13899,41
2019.01.17,22:51,1.13898,1.13903,1.13898,1.13901,49
2019.01.17,22:52,1.13901,1.13904,1.13898,1.13901,54
2019.01.17,22:53,1.139,1.13911,1.13899,1.13908,70
2019.01.17,22:54,1.13908,1.13912,1.13902,1.13906,48
2019.01.17,22:55,1.13906,1.13908,1.13904,1.13907,32
2019.01.17,22:56,1.13907,1.13912,1.13906,1.13907,29
2019.01.17,22:57,1.13907,1.13912,1.13906,1.13909,50
2019.01.17,22:58,1.13909,1.13911,1.13901,1.13906,45
2019.01.17,22:59,1.13906,1.13917,1.13906,1.13911,78
2019.01.17,23:00,1.1391,1.13913,1.13903,1.13904,69
2019.01.17,23:01,1.13899,1.13905,1.13899,1.13902,56
2019.01.17,23:02,1.13901,1.13911,1.13901,1.13905,34
2019.01.17,23:03,1.13905,1.13916,1.13904,1.13914,29
2019.01.17,23:04,1.13918,1.13922,1.13917,1.13917,12
2019.01.17,23:05,1.13916,1.13917,1.13912,1.13912,31
2019.01.17,23:06,1.13914,1.13914,1.13909,1.13909,12
2019.01.17,23:07,1.13908,1.13914,1.13908,1.13913,11
2019.01.17,23:08,1.13913,1.13913,1.13908,1.13908,15
2019.01.17,23:09,1.13909,1.1391,1.13908,1.13909,13
2019.01.17,23:10,1.13908,1.13922,1.13908,1.13919,20
2019.01.17,23:11,1.13919,1.13919,1.13918,1.13919,6
2019.01.17,23:12,1.13918,1.13923,1.13917,1.13922,34
2019.01.17,23:13,1.13923,1.13924,1.1392,1.13924,16
2019.01.17,23:14,1.13922,1.13922,1.13908,1.13912,29
2019.01.17,23:15,1.13913,1.13913,1.13908,1.13912,17
2019.01.17,23:16,1.13912,1.13913,1.13908,1.13908,9
2019.01.17,23:17,1.13908,1.13908,1.139,1.13902,27
2019.01.17,23:18,1.13902,1.13905,1.13901,1.13905,17
2019.01.17,23:19,1.13906,1.13906,1.13903,1.13903,8
2019.01.17,23:20,1.13902,1.13904,1.13901,1.13902,8
2019.01.17,23:21,1.13902,1.13903,1.139,1.13901,11
2019.01.17,23:22,1.139,1.139,1.13897,1.13897,6
2019.01.17,23:23,1.13897,1.139,1.13897,1.139,9
2019.01.17,23:24,1.13902,1.13905,1.13902,1.13903,11
2019.01.17,23:25,1.13903,1.13906,1.13903,1.13904,15
2019.01.17,23:26,1.13901,1.13903,1.13901,1.13901,5
2019.01.17,23:27,1.13902,1.13902,1.13901,1.13901,2
2019.01.17,23:28,1.13903,1.13903,1.13898,1.13898,11
2019.01.17,23:29,1.13898,1.13901,1.13894,1.13898,22
2019.01.17,23:30,1.13897,1.13899,1.13892,1.13894,49
2019.01.17,23:31,1.13893,1.13894,1.13892,1.13893,10
2019.01.17,23:32,1.13895,1.13896,1.13892,1.13893,18
2019.01.17,23:33,1.13894,1.13897,1.13893,1.13895,20
2019.01.17,23:34,1.13897,1.13898,1.13896,1.13897,11
2019.01.17,23:35,1.13898,1.13899,1.13893,1.13894,28
2019.01.17,23:36,1.13894,1.13894,1.13893,1.13893,6
2019.01.17,23:37,1.13894,1.13894,1.13891,1.13891,14
2019.01.17,23:38,1.13892,1.13892,1.13891,1.13891,7
2019.01.17,23:39,1.13892,1.13893,1.1389,1.13891,21
2019.01.17,23:40,1.13892,1.13892,1.13881,1.13882,36
2019.01.17,23:41,1.13881,1.13884,1.13881,1.13882,16
2019.01.17,23:42,1.1388,1.13883,1.1388,1.13881,19
2019.01.17,23:43,1.13881,1.13881,1.13879,1.1388,19
2019.01.17,23:44,1.1388,1.13883,1.13879,1.13881,23
2019.01.17,23:45,1.13882,1.13885,1.1388,1.13885,31
2019.01.17,23:46,1.13884,1.13893,1.13884,1.13889,35
2019.01.17,23:47,1.13888,1.13889,1.13888,1.13888,12
2019.01.17,23:48,1.13889,1.13891,1.13888,1.13891,9
2019.01.17,23:49,1.13891,1.13892,1.1389,1.13891,14
2019.01.17,23:50,1.13889,1.13889,1.13887,1.13889,17
2019.01.17,23:51,1.13889,1.13889,1.13886,1.13888,20
2019.01.17,23:52,1.13887,1.13889,1.13887,1.13888,16
2019.01.17,23:53,1.13888,1.13889,1.13886,1.13887,11
2019.01.17,23:54,1.13888,1.13888,1.13885,1.13885,14
2019.01.17,23:55,1.13885,1.13885,1.13881,1.13882,18
2019.01.17,23:56,1.13883,1.13885,1.13879,1.13883,19
2019.01.17,23:57,1.13882,1.13883,1.1388,1.1388,5
2019.01.17,23:58,1.13882,1.13885,1.13881,1.13883,9
2019.01.17,23:59,1.13887,1.13887,1.13873,1.13873,43
2019.01.18,00:00,1.13872,1.13878,1.13872,1.13878,6
2019.01.18,00:01,1.13879,1.13879,1.13877,1.13878,3
2019.01.18,00:02,1.13878,1.13909,1.13874,1.13901,21
2019.01.18,00:03,1.13901,1.13902,1.13875,1.13877,15
2019.01.18,00:04,1.13876,1.139,1.13874,1.13891,15
2019.01.18,00:05,1.13892,1.139,1.13891,1.13896,18
2019.01.18,00:06,1.13898,1.13898,1.13879,1.1388,27
2019.01.18,00:07,1.13882,1.13898,1.13879,1.13897,32
2019.01.18,00:08,1.13896,1.13899,1.13891,1.13894,30
2019.01.18,00:09,1.13895,1.13905,1.13893,1.13894,28
2019.01.18,00:10,1.13893,1.13911,1.13893,1.13895,33
2019.01.18,00:11,1.13895,1.13902,1.1389,1.13894,32
2019.01.18,00:12,1.13892,1.13898,1.13892,1.13898,13
2019.01.18,00:13,1.13897,1.13899,1.13897,1.13899,8
2019.01.18,00:14,1.13897,1.139,1.13897,1.139,15
2019.01.18,00:15,1.13899,1.13903,1.13896,1.13903,12
2019.01.18,00:16,1.13903,1.13904,1.13901,1.13901,6
2019.01.18,00:17,1.13902,1.13902,1.13899,1.13899,7
2019.01.18,00:18,1.13901,1.13901,1.13899,1.13899,7
2019.01.18,00:19,1.13898,1.139,1.13896,1.139,17
2019.01.18,00:20,1.13898,1.139,1.13898,1.13899,7
2019.01.18,00:21,1.13898,1.13899,1.13896,1.13899,9
2019.01.18,00:22,1.13896,1.13896,1.13891,1.13892,24
2019.01.18,00:23,1.13892,1.13899,1.13888,1.1389,13
2019.01.18,00:24,1.13891,1.13897,1.13889,1.13895,13
2019.01.18,00:25,1.13896,1.13896,1.13893,1.13896,15
2019.01.18,00:26,1.13896,1.13899,1.13894,1.13897,17
2019.01.18,00:27,1.13897,1.13897,1.13892,1.13893,15
2019.01.18,00:28,1.13894,1.13899,1.13894,1.13897,15
2019.01.18,00:29,1.13898,1.13899,1.13856,1.13856,26
2019.01.18,00:30,1.13858,1.13873,1.13855,1.13867,18
2019.01.18,00:31,1.13867,1.13868,1.13862,1.13865,15
2019.01.18,00:32,1.13866,1.13873,1.13866,1.13871,14
2019.01.18,00:33,1.1387,1.13872,1.13864,1.13867,18
2019.01.18,00:34,1.13871,1.13874,1.13869,1.13872,7
2019.01.18,00:35,1.13872,1.13885,1.13865,1.13874,44
2019.01.18,00:36,1.13869,1.13882,1.13869,1.13882,9
2019.01.18,00:37,1.13881,1.13887,1.13881,1.13887,8
2019.01.18,00:38,1.13887,1.13889,1.13887,1.13887,14
2019.01.18,00:39,1.13887,1.13887,1.13887,1.13887,5
2019.01.18,00:40,1.1388,1.1388,1.13877,1.1388,14
2019.01.18,00:41,1.13879,1.13889,1.13874,1.13888,54
2019.01.18,00:42,1.13889,1.13892,1.1388,1.13882,38
2019.01.18,00:43,1.13882,1.13883,1.13865,1.13869,31
2019.01.18,00:44,1.13869,1.13871,1.13866,1.13871,10
2019.01.18,00:45,1.1387,1.13871,1.13866,1.13869,18
2019.01.18,00:46,1.1387,1.1388,1.13869,1.13879,19
2019.01.18,00:47,1.1388,1.1388,1.13879,1.13879,2
2019.01.18,00:48,1.13879,1.13879,1.13875,1.13876,6
2019.01.18,00:49,1.13877,1.13877,1.13876,1.13876,2
2019.01.18,00:50,1.13876,1.13877,1.13868,1.13876,9
2019.01.18,00:51,1.13874,1.13877,1.13874,1.13876,7
2019.01.18,00:52,1.13875,1.13875,1.1387,1.1387,9
2019.01.18,00:53,1.13871,1.13872,1.13869,1.13872,10
2019.01.18,00:54,1.13871,1.13871,1.13871,1.13871,2
2019.01.18,00:55,1.13872,1.13872,1.13872,1.13872,3
2019.01.18,00:56,1.13869,1.13873,1.13869,1.13872,16
2019.01.18,00:57,1.13873,1.13873,1.13872,1.13872,2
2019.01.18,00:58,1.13871,1.13871,1.13869,1.1387,4
2019.01.18,00:59,1.13869,1.13881,1.13869,1.13877,18
2019.01.18,01:00,1.13878,1.13892,1.13874,1.13889,50
2019.01.18,01:01,1.13891,1.13891,1.13879,1.13883,43
2019.01.18,01:02,1.13883,1.13884,1.13879,1.13881,30
2019.01.18,01:03,1.13881,1.13885,1.13881,1.13884,24
2019.01.18,01:04,1.13884,1.13886,1.13883,1.13886,7
2019.01.18,01:05,1.13884,1.13887,1.13884,1.13887,8
2019.01.18,01:06,1.13888,1.13888,1.13883,1.13884,17
2019.01.18,01:07,1.13885,1.1389,1.13884,1.13887,11
2019.01.18,01:08,1.13887,1.1389,1.13887,1.1389,10
2019.01.18,01:09,1.13891,1.13895,1.1389,1.13895,28
2019.01.18,01:10,1.13895,1.13896,1.13893,1.13895,27
2019.01.18,01:11,1.13894,1.13897,1.13893,1.13895,35
2019.01.18,01:12,1.13896,1.13897,1.13895,1.13895,13
2019.01.18,01:13,1.13896,1.13896,1.13896,1.13896,9
2019.01.18,01:14,1.13897,1.13899,1.13897,1.13897,13
2019.01.18,01:15,1.13897,1.13898,1.13894,1.13895,15
2019.01.18,01:16,1.13895,1.13897,1.13894,1.13896,43
2019.01.18,01:17,1.13895,1.13904,1.13893,1.13893,50
2019.01.18,01:18,1.13896,1.13897,1.13895,1.13896,22
2019.01.18,01:19,1.13897,1.13902,1.13897,1.13902,17
2019.01.18,01:20,1.13902,1.13906,1.13896,1.13903,30
2019.01.18,01:21,1.13901,1.13906,1.139,1.13904,24
2019.01.18,01:22,1.13905,1.1391,1.13903,1.13904,14
2019.01.18,01:23,1.13905,1.13911,1.13905,1.13906,22
2019.01.18,01:24,1.13906,1.13906,1.13903,1.13905,22
2019.01.18,01:25,1.13904,1.1391,1.13904,1.1391,31
2019.01.18,01:26,1.1391,1.13914,1.1391,1.13911,8
2019.01.18,01:27,1.13912,1.13917,1.13909,1.13911,24
2019.01.18,01:28,1.1391,1.13911,1.1391,1.13911,2
2019.01.18,01:29,1.1391,1.13911,1.13909,1.13909,11
2019.01.18,01:30,1.13909,1.13909,1.13904,1.13907,22
2019.01.18,01:31,1.13906,1.13906,1.13902,1.13903,11
2019.01.18,01:32,1.13902,1.13906,1.13902,1.13904,19
2019.01.18,01:33,1.13903,1.13903,1.13899,1.13902,16
2019.01.18,01:34,1.13902,1.13902,1.139,1.139,17
2019.01.18,01:35,1.13901,1.13904,1.139,1.13902,28
2019.01.18,01:36,1.13903,1.13904,1.13901,1.13904,11
2019.01.18,01:37,1.13905,1.13908,1.13903,1.13906,16
2019.01.18,01:38,1.13906,1.13907,1.13904,1.13904,15
2019.01.18,01:39,1.13905,1.13907,1.13903,1.13906,14
2019.01.18,01:40,1.13907,1.13908,1.13905,1.13907,28
2019.01.18,01:41,1.13906,1.13912,1.13906,1.13912,19
2019.01.18,01:42,1.13912,1.13912,1.13912,1.13912,3
2019.01.18,01:43,1.13912,1.13912,1.13912,1.13912,5
2019.01.18,01:44,1.13915,1.13915,1.13912,1.13914,13
2019.01.18,01:45,1.13914,1.13918,1.13913,1.13918,12
2019.01.18,01:46,1.13919,1.13924,1.13918,1.13922,21
2019.01.18,01:47,1.13922,1.13922,1.13915,1.13917,30
2019.01.18,01:48,1.13917,1.13919,1.13917,1.13918,9
2019.01.18,01:49,1.13918,1.13918,1.13917,1.13918,10
2019.01.18,01:50,1.13917,1.1392,1.13916,1.13919,14
2019.01.18,01:51,1.13918,1.13918,1.13917,1.13918,11
2019.01.18,01:52,1.13918,1.13919,1.13917,1.13918,18
2019.01.18,01:53,1.13919,1.13919,1.13918,1.13918,8
2019.01.18,01:54,1.13918,1.13918,1.13916,1.13916,11
2019.01.18,01:55,1.13918,1.13919,1.13917,1.13919,15
2019.01.18,01:56,1.13919,1.13919,1.13913,1.13919,26
2019.01.18,01:57,1.13922,1.13922,1.13917,1.13918,22
2019.01.18,01:58,1.13918,1.13922,1.13917,1.13919,26
2019.01.18,01:59,1.1392,1.1392,1.13918,1.13919,17
2019.01.18,02:00,1.1392,1.1392,1.13911,1.1392,51
2019.01.18,02:01,1.1392,1.13924,1.13919,1.13919,30
2019.01.18,02:02,1.13919,1.13919,1.13918,1.13918,10
2019.01.18,02:03,1.13917,1.13918,1.13913,1.13914,18
2019.01.18,02:04,1.13914,1.13917,1.13914,1.13917,21
2019.01.18,02:05,1.13916,1.13916,1.13902,1.13903,55
2019.01.18,02:06,1.13903,1.13907,1.13903,1.13906,33
2019.01.18,02:07,1.13906,1.13912,1.13904,1.13911,52
2019.01.18,02:08,1.13911,1.13914,1.13903,1.13904,23
2019.01.18,02:09,1.13904,1.13904,1.13901,1.13902,14
2019.01.18,02:10,1.13901,1.13904,1.13897,1.13901,39
2019.01.18,02:11,1.139,1.13906,1.139,1.13905,11
2019.01.18,02:12,1.13904,1.13904,1.1389,1.13894,31
2019.01.18,02:13,1.13894,1.13895,1.1389,1.13891,49
2019.01.18,02:14,1.13892,1.13893,1.1389,1.13892,38
2019.01.18,02:15,1.13893,1.13907,1.13893,1.139,61
2019.01.18,02:16,1.139,1.13903,1.13894,1.13894,44
2019.01.18,02:17,1.13897,1.13898,1.13888,1.13889,28
2019.01.18,02:18,1.13889,1.13891,1.13889,1.13889,34
2019.01.18,02:19,1.13889,1.13895,1.13888,1.13889,30
2019.01.18,02:20,1.13888,1.1391,1.13888,1.13905,62
2019.01.18,02:21,1.13904,1.13904,1.13889,1.1389,42
2019.01.18,02:22,1.13889,1.13899,1.13889,1.1389,34
2019.01.18,02:23,1.13889,1.13893,1.13881,1.13883,29
2019.01.18,02:24,1.13883,1.13896,1.13881,1.13895,46
2019.01.18,02:25,1.13898,1.13899,1.13897,1.13899,12
2019.01.18,02:26,1.13902,1.13902,1.13897,1.13897,50
2019.01.18,02:27,1.13896,1.13898,1.13887,1.13888,51
2019.01.18,02:28,1.13888,1.13889,1.13885,1.13888,24
2019.01.18,02:29,1.13889,1.139,1.13888,1.13898,54
2019.01.18,02:30,1.13899,1.13899,1.13893,1.13894,52
2019.01.18,02:31,1.13894,1.13905,1.13893,1.13904,46
2019.01.18,02:32,1.13906,1.1391,1.13904,1.1391,41
2019.01.18,02:33,1.13909,1.13913,1.13909,1.13912,42
2019.01.18,02:34,1.13912,1.13922,1.13911,1.1392,68
2019.01.18,02:35,1.1392,1.13922,1.13919,1.13921,28
2019.01.18,02:36,1.13923,1.13923,1.13917,1.13922,36
2019.01.18,02:37,1.13921,1.13925,1.13921,1.13924,17
2019.01.18,02:38,1.13925,1.13933,1.13925,1.13926,21
2019.01.18,02:39,1.13926,1.13926,1.13925,1.13925,18
2019.01.18,02:40,1.13925,1.13928,1.13923,1.13925,49
2019.01.18,02:41,1.13926,1.13926,1.13924,1.13926,25
2019.01.18,02:42,1.13926,1.1393,1.13925,1.13928,52
2019.01.18,02:43,1.13928,1.13928,1.13922,1.13923,23
2019.01.18,02:44,1.13923,1.13924,1.13919,1.13923,22
2019.01.18,02:45,1.13922,1.13924,1.13919,1.13921,29
2019.01.18,02:46,1.13921,1.13921,1.13916,1.13916,20
2019.01.18,02:47,1.13914,1.13914,1.13908,1.1391,25
2019.01.18,02:48,1.13911,1.13921,1.1391,1.13914,42
2019.01.18,02:49,1.13912,1.13912,1.13904,1.13904,30
2019.01.18,02:50,1.13903,1.13916,1.13903,1.13915,43
2019.01.18,02:51,1.13916,1.13919,1.13914,1.13919,36
2019.01.18,02:52,1.13918,1.13922,1.13918,1.13919,24
2019.01.18,02:53,1.13921,1.13935,1.1392,1.13932,56
2019.01.18,02:54,1.1393,1.13946,1.13926,1.13944,104
2019.01.18,02:55,1.13952,1.13952,1.13929,1.13949,117
2019.01.18,02:56,1.13949,1.1395,1.13943,1.13949,36
2019.01.18,02:57,1.13949,1.13949,1.13937,1.13937,44
2019.01.18,02:58,1.13937,1.13938,1.13929,1.13937,29
2019.01.18,02:59,1.13938,1.13943,1.13938,1.13939,27
2019.01.18,03:00,1.13939,1.13941,1.13934,1.13941,37
2019.01.18,03:01,1.1394,1.13941,1.13938,1.13939,20
2019.01.18,03:02,1.13937,1.13937,1.13929,1.13929,19
2019.01.18,03:03,1.13927,1.1393,1.13923,1.13929,24
2019.01.18,03:04,1.13929,1.13936,1.13929,1.13935,41
2019.01.18,03:05,1.13935,1.13947,1.13935,1.13942,48
2019.01.18,03:06,1.13943,1.13955,1.13943,1.13954,29
2019.01.18,03:07,1.13955,1.13955,1.13919,1.13924,62
2019.01.18,03:08,1.13924,1.13933,1.13924,1.13929,58
2019.01.18,03:09,1.13928,1.13936,1.13924,1.13925,52
2019.01.18,03:10,1.13926,1.13936,1.13925,1.13931,36
2019.01.18,03:11,1.13932,1.13936,1.1393,1.13936,43
2019.01.18,03:12,1.13936,1.13936,1.13931,1.13934,26
2019.01.18,03:13,1.13936,1.13946,1.13936,1.13945,38
2019.01.18,03:14,1.13946,1.13946,1.13944,1.13945,28
2019.01.18,03:15,1.13945,1.13947,1.13938,1.13939,51
2019.01.18,03:16,1.13941,1.13943,1.13936,1.1394,42
2019.01.18,03:17,1.13939,1.13946,1.13939,1.1394,51
2019.01.18,03:18,1.1394,1.13941,1.13931,1.13931,58
2019.01.18,03:19,1.13933,1.13945,1.13933,1.13934,46
2019.01.18,03:20,1.13934,1.13941,1.13934,1.13938,27
2019.01.18,03:21,1.1394,1.13956,1.13939,1.13954,58
2019.01.18,03:22,1.13955,1.13956,1.13954,1.13955,14
2019.01.18,03:23,1.13955,1.13959,1.13951,1.13954,56
2019.01.18,03:24,1.13953,1.13956,1.13952,1.13956,16
2019.01.18,03:25,1.13956,1.1396,1.13955,1.1396,11
2019.01.18,03:26,1.13959,1.13965,1.13957,1.13964,53
2019.01.18,03:27,1.13964,1.13968,1.1396,1.13968,57
2019.01.18,03:28,1.1397,1.13977,1.13964,1.13975,71
2019.01.18,03:29,1.13975,1.13991,1.13973,1.13982,63
2019.01.18,03:30,1.13981,1.13995,1.1398,1.13983,94
2019.01.18,03:31,1.13983,1.13996,1.13983,1.13985,64
2019.01.18,03:32,1.13984,1.13992,1.13964,1.13965,91
2019.01.18,03:33,1.13965,1.13965,1.13954,1.13954,60
2019.01.18,03:34,1.13954,1.1398,1.13954,1.13977,51
2019.01.18,03:35,1.13976,1.13981,1.13966,1.13966,50
2019.01.18,03:36,1.13965,1.13969,1.13958,1.13964,69
2019.01.18,03:37,1.13963,1.13966,1.13961,1.13966,37
2019.01.18,03:38,1.13965,1.1397,1.13958,1.13958,60
2019.01.18,03:39,1.13959,1.13965,1.13957,1.13963,39
2019.01.18,03:40,1.13964,1.13966,1.13954,1.13954,48
2019.01.18,03:41,1.13954,1.13956,1.13949,1.13949,53
2019.01.18,03:42,1.13949,1.13953,1.13938,1.13942,49
2019.01.18,03:43,1.13943,1.13949,1.13935,1.13935,74
2019.01.18,03:44,1.13939,1.1394,1.13934,1.13939,51
2019.01.18,03:45,1.13939,1.13939,1.13934,1.13935,52
2019.01.18,03:46,1.13934,1.13941,1.13934,1.13939,44
2019.01.18,03:47,1.13939,1.1394,1.13929,1.13932,45
2019.01.18,03:48,1.13934,1.1394,1.1393,1.13934,51
2019.01.18,03:49,1.13934,1.13939,1.13933,1.13934,51
2019.01.18,03:50,1.13934,1.13936,1.13932,1.13932,28
2019.01.18,03:51,1.13933,1.13935,1.13933,1.13934,34
2019.01.18,03:52,1.13934,1.13937,1.1393,1.13933,39
2019.01.18,03:53,1.13932,1.13946,1.1393,1.13946,54
2019.01.18,03:54,1.13944,1.13952,1.13943,1.13945,52
2019.01.18,03:55,1.13945,1.13954,1.13943,1.13954,38
2019.01.18,03:56,1.13955,1.13958,1.13944,1.13944,56
2019.01.18,03:57,1.13944,1.13952,1.13936,1.13944,55
2019.01.18,03:58,1.13945,1.13951,1.13944,1.1395,42
2019.01.18,03:59,1.13949,1.13951,1.13942,1.13949,43
2019.01.18,04:00,1.1395,1.1395,1.13931,1.13934,66
2019.01.18,04:01,1.13936,1.13942,1.13935,1.13941,46
2019.01.18,04:02,1.13943,1.1395,1.13941,1.13949,30
2019.01.18,04:03,1.13951,1.13955,1.13949,1.13953,55
2019.01.18,04:04,1.13952,1.13957,1.13951,1.13955,40
2019.01.18,04:05,1.13954,1.13956,1.13954,1.13956,20
2019.01.18,04:06,1.13956,1.13968,1.13954,1.13966,68
2019.01.18,04:07,1.13967,1.1397,1.13952,1.13955,48
2019.01.18,04:08,1.13954,1.13958,1.13949,1.13949,49
2019.01.18,04:09,1.1395,1.13951,1.13945,1.13945,21
2019.01.18,04:10,1.13944,1.13957,1.13944,1.13954,57
2019.01.18,04:11,1.13954,1.13964,1.13954,1.13955,38
2019.01.18,04:12,1.13955,1.13956,1.13954,1.13954,18
2019.01.18,04:13,1.13955,1.13955,1.13947,1.13949,23
2019.01.18,04:14,1.13948,1.13951,1.13944,1.13949,42
2019.01.18,04:15,1.13947,1.13949,1.1394,1.13945,59
2019.01.18,04:16,1.13944,1.13956,1.13944,1.13956,62
2019.01.18,04:17,1.13956,1.13963,1.13956,1.13961,41
2019.01.18,04:18,1.13961,1.13962,1.13955,1.13961,45
2019.01.18,04:19,1.13961,1.13966,1.1396,1.13961,54
2019.01.18,04:20,1.1396,1.13961,1.13954,1.13954,18
2019.01.18,04:21,1.13953,1.13956,1.13951,1.13952,24
2019.01.18,04:22,1.13953,1.13962,1.13953,1.1396,24
2019.01.18,04:23,1.13961,1.13962,1.13956,1.13959,43
2019.01.18,04:24,1.13961,1.13966,1.13959,1.13966,49
2019.01.18,04:25,1.13966,1.13966,1.13959,1.13961,27
2019.01.18,04:26,1.1396,1.13961,1.13957,1.13961,24
2019.01.18,04:27,1.13961,1.13961,1.13955,1.13956,16
2019.01.18,04:28,1.13954,1.13955,1.13948,1.13955,34
2019.01.18,04:29,1.13955,1.13956,1.13949,1.13951,18
2019.01.18,04:30,1.13951,1.13954,1.1395,1.1395,17
2019.01.18,04:31,1.13951,1.13963,1.1395,1.13958,21
2019.01.18,04:32,1.13959,1.13962,1.13957,1.13958,28
2019.01.18,04:33,1.13957,1.13965,1.13957,1.13964,18
2019.01.18,04:34,1.13964,1.13966,1.13958,1.13961,29
2019.01.18,04:35,1.13961,1.13961,1.1394,1.13942,40
2019.01.18,04:36,1.13941,1.13941,1.13924,1.1393,55
2019.01.18,04:37,1.1393,1.13931,1.13921,1.1393,37
2019.01.18,04:38,1.13931,1.13935,1.13929,1.13935,14
2019.01.18,04:39,1.13935,1.13939,1.13934,1.13937,37
2019.01.18,04:40,1.13936,1.13941,1.13936,1.13938,34
2019.01.18,04:41,1.13939,1.13941,1.13936,1.13937,10
2019.01.18,04:42,1.13936,1.13936,1.13931,1.13931,36
2019.01.18,04:43,1.13931,1.13931,1.13922,1.13924,42
2019.01.18,04:44,1.13923,1.13926,1.13923,1.13924,29
2019.01.18,04:45,1.13924,1.13927,1.13916,1.13916,60
2019.01.18,04:46,1.13915,1.13924,1.13914,1.13921,73
2019.01.18,04:47,1.13919,1.13919,1.13904,1.13905,66
2019.01.18,04:48,1.13905,1.13918,1.13905,1.13913,71
2019.01.18,04:49,1.13914,1.13925,1.13911,1.13921,39
2019.01.18,04:50,1.1392,1.13925,1.1392,1.1392,33
2019.01.18,04:51,1.1392,1.13926,1.1392,1.13926,19
2019.01.18,04:52,1.13926,1.13939,1.13926,1.13939,17
2019.01.18,04:53,1.13937,1.13942,1.13935,1.13937,37
2019.01.18,04:54,1.1394,1.1394,1.13937,1.13938,3
2019.01.18,04:55,1.13937,1.13951,1.13937,1.13946,31
2019.01.18,04:56,1.13947,1.13952,1.13942,1.13952,39
2019.01.18,04:57,1.13951,1.13951,1.13947,1.1395,25
2019.01.18,04:58,1.13951,1.13956,1.13946,1.13946,19
2019.01.18,04:59,1.13946,1.13951,1.13942,1.13946,42
2019.01.18,05:00,1.13945,1.13951,1.1394,1.1394,55
2019.01.18,05:01,1.13939,1.13947,1.13939,1.13947,36
2019.01.18,05:02,1.13948,1.1395,1.13944,1.13944,9
2019.01.18,05:03,1.13944,1.13953,1.13942,1.13951,35
2019.01.18,05:04,1.13949,1.13953,1.13946,1.13951,30
2019.01.18,05:05,1.13951,1.13953,1.13951,1.13952,9
2019.01.18,05:06,1.13952,1.1396,1.13947,1.13958,34
2019.01.18,05:07,1.13957,1.13963,1.13956,1.13958,39
2019.01.18,05:08,1.13958,1.13961,1.13956,1.13961,32
2019.01.18,05:09,1.13962,1.13966,1.13956,1.13956,36
2019.01.18,05:10,1.13956,1.13965,1.13956,1.13962,31
2019.01.18,05:11,1.13961,1.13963,1.1396,1.13961,8
2019.01.18,05:12,1.13962,1.13963,1.13959,1.13963,22
2019.01.18,05:13,1.13962,1.13962,1.13962,1.13962,5
2019.01.18,05:14,1.13961,1.13962,1.13961,1.13962,11
2019.01.18,05:15,1.13963,1.13968,1.13961,1.13966,38
2019.01.18,05:16,1.13966,1.13966,1.13951,1.13956,29
2019.01.18,05:17,1.13957,1.13967,1.13956,1.13964,26
2019.01.18,05:18,1.13963,1.13966,1.13961,1.13966,35
2019.01.18,05:19,1.13965,1.13967,1.13964,1.13964,28
2019.01.18,05:20,1.13965,1.13965,1.13956,1.13961,28
2019.01.18,05:21,1.13963,1.13967,1.13961,1.13961,27
2019.01.18,05:22,1.1396,1.13963,1.13956,1.13959,32
2019.01.18,05:23,1.1396,1.13962,1.13959,1.13961,17
2019.01.18,05:24,1.1396,1.13962,1.13955,1.13959,30
2019.01.18,05:25,1.13959,1.13962,1.13957,1.13957,40
2019.01.18,05:26,1.13958,1.13958,1.1395,1.13954,31
2019.01.18,05:27,1.13953,1.13955,1.1395,1.13952,28
2019.01.18,05:28,1.13948,1.13951,1.13945,1.13945,41
2019.01.18,05:29,1.13945,1.13945,1.13937,1.1394,46
2019.01.18,05:30,1.1394,1.13946,1.13936,1.13936,45
2019.01.18,05:31,1.13936,1.13945,1.13935,1.13944,36
2019.01.18,05:32,1.13944,1.13946,1.13944,1.13945,14
2019.01.18,05:33,1.13946,1.13956,1.13944,1.13944,39
2019.01.18,05:34,1.13945,1.13959,1.13945,1.13959,52
2019.01.18,05:35,1.13957,1.13963,1.13955,1.13958,40
2019.01.18,05:36,1.13959,1.13961,1.13956,1.13958,28
2019.01.18,05:37,1.1396,1.13967,1.13959,1.13964,51
2019.01.18,05:38,1.13963,1.13966,1.13961,1.13963,30
2019.01.18,05:39,1.13964,1.13966,1.13958,1.13964,42
2019.01.18,05:40,1.13963,1.13963,1.13953,1.13957,41
2019.01.18,05:41,1.13958,1.13963,1.13955,1.13962,20
2019.01.18,05:42,1.13961,1.13961,1.13956,1.13956,11
2019.01.18,05:43,1.13956,1.13961,1.13956,1.13959,26
2019.01.18,05:44,1.13959,1.13966,1.13959,1.13962,33
2019.01.18,05:45,1.13961,1.13963,1.13952,1.13958,58
2019.01.18,05:46,1.13958,1.1396,1.13956,1.13957,11
2019.01.18,05:47,1.13958,1.13961,1.13957,1.13958,10
2019.01.18,05:48,1.13958,1.13963,1.13958,1.13962,7
2019.01.18,05:49,1.1396,1.13963,1.13954,1.13957,42
2019.01.18,05:50,1.13959,1.13963,1.13957,1.13963,14
2019.01.18,05:51,1.13963,1.13964,1.13962,1.13962,17
2019.01.18,05:52,1.1396,1.13965,1.1396,1.13962,14
2019.01.18,05:53,1.13961,1.13961,1.13953,1.13953,28
2019.01.18,05:54,1.13953,1.13954,1.13946,1.13947,29
2019.01.18,05:55,1.13944,1.13954,1.13942,1.13954,47
2019.01.18,05:56,1.13954,1.1396,1.13953,1.13958,28
2019.01.18,05:57,1.13957,1.13958,1.13948,1.13958,52
2019.01.18,05:58,1.1396,1.13961,1.13953,1.13954,38
2019.01.18,05:59,1.13954,1.1396,1.13938,1.13938,72
2019.01.18,06:00,1.13939,1.13963,1.13939,1.13963,49
2019.01.18,06:01,1.13962,1.13963,1.13958,1.13963,24
2019.01.18,06:02,1.13963,1.13969,1.13957,1.13961,47
2019.01.18,06:03,1.13963,1.13963,1.13956,1.13958,24
2019.01.18,06:04,1.13959,1.13959,1.13957,1.13959,12
2019.01.18,06:05,1.13958,1.13959,1.13958,1.13958,9
2019.01.18,06:06,1.13961,1.13963,1.13955,1.13959,32
2019.01.18,06:07,1.13959,1.13966,1.13959,1.13962,25
2019.01.18,06:08,1.13963,1.13963,1.13957,1.13959,15
2019.01.18,06:09,1.13961,1.13961,1.13945,1.13947,22
2019.01.18,06:10,1.13948,1.13952,1.13942,1.13952,24
2019.01.18,06:11,1.13951,1.13961,1.13948,1.13952,43
2019.01.18,06:12,1.13951,1.13951,1.13939,1.1395,51
2019.01.18,06:13,1.13949,1.13953,1.13945,1.13948,43
2019.01.18,06:14,1.13949,1.13949,1.13942,1.13943,17
2019.01.18,06:15,1.13942,1.13951,1.13937,1.13947,38
2019.01.18,06:16,1.13947,1.13949,1.13944,1.13947,15
2019.01.18,06:17,1.13947,1.13953,1.13947,1.13948,21
2019.01.18,06:18,1.13949,1.13952,1.13942,1.13945,29
2019.01.18,06:19,1.13945,1.13949,1.13944,1.13948,36
2019.01.18,06:20,1.13948,1.13949,1.1394,1.13941,24
2019.01.18,06:21,1.13941,1.13945,1.13935,1.13935,39
2019.01.18,06:22,1.13936,1.13936,1.13931,1.13932,33
2019.01.18,06:23,1.13931,1.13937,1.13931,1.13936,14
2019.01.18,06:24,1.13936,1.13936,1.13926,1.13928,41
2019.01.18,06:25,1.13928,1.13939,1.13922,1.13922,59
2019.01.18,06:26,1.13922,1.13928,1.1392,1.13928,47
2019.01.18,06:27,1.13929,1.13936,1.13929,1.13932,34
2019.01.18,06:28,1.13931,1.13933,1.13928,1.1393,32
2019.01.18,06:29,1.13931,1.13943,1.13931,1.13933,29
2019.01.18,06:30,1.13934,1.13945,1.13934,1.13943,22
2019.01.18,06:31,1.13942,1.13942,1.13938,1.13939,15
2019.01.18,06:32,1.13938,1.13941,1.13938,1.13941,12
2019.01.18,06:33,1.13942,1.13948,1.13942,1.13943,27
2019.01.18,06:34,1.13943,1.13948,1.13942,1.13948,29
2019.01.18,06:35,1.13948,1.13948,1.13941,1.13942,27
2019.01.18,06:36,1.13942,1.13943,1.13933,1.13933,41
2019.01.18,06:37,1.13933,1.13938,1.13932,1.13936,28
2019.01.18,06:38,1.13937,1.13938,1.13931,1.13932,18
2019.01.18,06:39,1.13932,1.13936,1.13931,1.13932,14
2019.01.18,06:40,1.13933,1.1394,1.13932,1.13934,33
2019.01.18,06:41,1.13935,1.13939,1.13932,1.13937,29
2019.01.18,06:42,1.13939,1.13939,1.13932,1.13932,16
2019.01.18,06:43,1.13933,1.13936,1.13933,1.13936,25
2019.01.18,06:44,1.13936,1.13938,1.13936,1.13937,11
2019.01.18,06:45,1.13936,1.13936,1.13931,1.13931,10
2019.01.18,06:46,1.13931,1.13931,1.13931,1.13931,7
2019.01.18,06:47,1.13931,1.13937,1.13926,1.13936,24
2019.01.18,06:48,1.13937,1.13937,1.13936,1.13936,10
2019.01.18,06:49,1.13936,1.13936,1.13933,1.13936,10
2019.01.18,06:50,1.13937,1.13937,1.13932,1.13936,10
2019.01.18,06:51,1.13932,1.13934,1.13932,1.13933,8
2019.01.18,06:52,1.13934,1.13939,1.13928,1.13928,17
2019.01.18,06:53,1.13928,1.13932,1.13928,1.13931,24
2019.01.18,06:54,1.1393,1.13931,1.13929,1.13929,9
2019.01.18,06:55,1.1393,1.13931,1.13928,1.13931,21
2019.01.18,06:56,1.13931,1.13932,1.13931,1.13931,5
2019.01.18,06:57,1.13931,1.13933,1.13926,1.13933,26
2019.01.18,06:58,1.13935,1.13938,1.13934,1.13936,24
2019.01.18,06:59,1.13936,1.13938,1.13936,1.13936,18
2019.01.18,07:00,1.13937,1.13937,1.13933,1.13933,6
2019.01.18,07:01,1.13933,1.13938,1.13931,1.13938,23
2019.01.18,07:02,1.13937,1.13938,1.13931,1.13931,36
2019.01.18,07:03,1.1393,1.13933,1.13927,1.13932,26
2019.01.18,07:04,1.13933,1.13933,1.13932,1.13932,2
2019.01.18,07:05,1.13931,1.13933,1.13931,1.13932,13
2019.01.18,07:06,1.13932,1.13933,1.13931,1.13931,3
2019.01.18,07:07,1.13931,1.13934,1.13931,1.13933,12
2019.01.18,07:08,1.13932,1.13933,1.13926,1.13926,11
2019.01.18,07:09,1.13926,1.13926,1.13926,1.13926,5
2019.01.18,07:10,1.13924,1.13924,1.13921,1.13922,15
2019.01.18,07:11,1.13921,1.13922,1.13917,1.1392,19
2019.01.18,07:12,1.13921,1.13923,1.13917,1.13922,16
2019.01.18,07:13,1.13924,1.13924,1.13916,1.13916,21
2019.01.18,07:14,1.13916,1.13916,1.13914,1.13916,25
2019.01.18,07:15,1.13916,1.13919,1.13916,1.13917,11
2019.01.18,07:16,1.13918,1.1392,1.13917,1.13917,6
2019.01.18,07:17,1.13918,1.13918,1.13917,1.13917,7
2019.01.18,07:18,1.13916,1.13917,1.13912,1.13912,15
2019.01.18,07:19,1.13912,1.13916,1.13912,1.13916,14
2019.01.18,07:20,1.13917,1.13917,1.13916,1.13916,4
2019.01.18,07:21,1.13916,1.13917,1.13916,1.13916,8
2019.01.18,07:22,1.13915,1.13918,1.13913,1.13916,21
2019.01.18,07:23,1.13917,1.13917,1.13911,1.13914,33
2019.01.18,07:24,1.13913,1.13914,1.13907,1.13908,11
2019.01.18,07:25,1.1391,1.13917,1.1391,1.13914,18
2019.01.18,07:26,1.13913,1.13914,1.13908,1.13913,22
2019.01.18,07:27,1.13913,1.13915,1.13913,1.13914,11
2019.01.18,07:28,1.13912,1.13914,1.13911,1.13911,13
2019.01.18,07:29,1.13912,1.13914,1.13911,1.13911,14
2019.01.18,07:30,1.13909,1.13912,1.13909,1.13912,13
2019.01.18,07:31,1.13911,1.13911,1.13908,1.13909,15
2019.01.18,07:32,1.13909,1.13909,1.139,1.139,31
2019.01.18,07:33,1.13901,1.13902,1.13894,1.13896,14
2019.01.18,07:34,1.13896,1.13901,1.13891,1.13901,26
2019.01.18,07:35,1.139,1.139,1.13898,1.13899,8
2019.01.18,07:36,1.13899,1.13899,1.13887,1.13887,20
2019.01.18,07:37,1.13887,1.13892,1.13887,1.13889,24
2019.01.18,07:38,1.13889,1.13889,1.13883,1.13883,37
2019.01.18,07:39,1.13886,1.13891,1.13883,1.13883,24
2019.01.18,07:40,1.13884,1.13886,1.13878,1.13878,33
2019.01.18,07:41,1.13879,1.13888,1.13878,1.13887,43
2019.01.18,07:42,1.13886,1.13886,1.13869,1.13873,59
2019.01.18,07:43,1.13873,1.13884,1.13872,1.13883,41
2019.01.18,07:44,1.13884,1.13888,1.13883,1.13888,26
2019.01.18,07:45,1.13888,1.1389,1.13883,1.13888,49
2019.01.18,07:46,1.13888,1.1389,1.13885,1.1389,22
2019.01.18,07:47,1.13891,1.13899,1.1389,1.13899,60
2019.01.18,07:48,1.13898,1.13903,1.13897,1.13897,39
2019.01.18,07:49,1.13898,1.13904,1.13894,1.13894,38
2019.01.18,07:50,1.13894,1.13902,1.13893,1.139,19
2019.01.18,07:51,1.13899,1.139,1.13894,1.13894,19
2019.01.18,07:52,1.13895,1.13898,1.13892,1.13894,26
2019.01.18,07:53,1.13896,1.13899,1.13894,1.13898,16
2019.01.18,07:54,1.13896,1.139,1.13894,1.13899,17
2019.01.18,07:55,1.13902,1.13908,1.13902,1.13904,17
2019.01.18,07:56,1.13904,1.13906,1.13899,1.13905,20
2019.01.18,07:57,1.13904,1.13908,1.13903,1.13905,27
2019.01.18,07:58,1.13905,1.13905,1.13899,1.13904,12
2019.01.18,07:59,1.13904,1.13904,1.1389,1.13891,78
2019.01.18,08:00,1.13891,1.13908,1.13891,1.13898,48
2019.01.18,08:01,1.13899,1.13904,1.13895,1.13895,21
2019.01.18,08:02,1.13895,1.13895,1.13888,1.13889,15
2019.01.18,08:03,1.13886,1.13889,1.13882,1.13884,38
2019.01.18,08:04,1.13884,1.13895,1.13882,1.13895,44
2019.01.18,08:05,1.13897,1.13902,1.13897,1.13902,20
2019.01.18,08:06,1.13904,1.13905,1.13899,1.13899,22
2019.01.18,08:07,1.13899,1.13909,1.13899,1.13908,39
2019.01.18,08:08,1.13909,1.13914,1.13906,1.13914,46
2019.01.18,08:09,1.13914,1.13916,1.13913,1.13915,24
2019.01.18,08:10,1.13915,1.13929,1.13915,1.13928,40
2019.01.18,08:11,1.13928,1.13929,1.13919,1.13923,31
2019.01.18,08:12,1.13924,1.13924,1.13913,1.13914,22
2019.01.18,08:13,1.13916,1.1392,1.13916,1.1392,15
2019.01.18,08:14,1.13919,1.1392,1.13917,1.13919,14
2019.01.18,08:15,1.13918,1.13922,1.13908,1.13909,28
2019.01.18,08:16,1.13909,1.1391,1.13904,1.13909,21
2019.01.18,08:17,1.13909,1.13912,1.13908,1.13911,17
2019.01.18,08:18,1.13909,1.13911,1.13905,1.13908,26
2019.01.18,08:19,1.13909,1.13911,1.13907,1.13908,46
2019.01.18,08:20,1.13909,1.13919,1.13909,1.1391,42
2019.01.18,08:21,1.13909,1.13913,1.13904,1.13907,26
2019.01.18,08:22,1.13906,1.13909,1.13898,1.13902,45
2019.01.18,08:23,1.13902,1.13909,1.13902,1.13907,44
2019.01.18,08:24,1.13909,1.13922,1.13909,1.13919,54
2019.01.18,08:25,1.13918,1.13918,1.13897,1.13897,37
2019.01.18,08:26,1.13899,1.13899,1.13897,1.13897,9
2019.01.18,08:27,1.13897,1.13908,1.13893,1.13904,34
2019.01.18,08:28,1.13904,1.13929,1.13904,1.13924,58
2019.01.18,08:29,1.13924,1.13926,1.13921,1.13925,24
2019.01.18,08:30,1.13925,1.13925,1.13921,1.13921,19
2019.01.18,08:31,1.13921,1.13925,1.13919,1.13922,30
2019.01.18,08:32,1.13924,1.13926,1.13919,1.1392,42
2019.01.18,08:33,1.13919,1.13921,1.13909,1.13919,39
2019.01.18,08:34,1.13921,1.13925,1.13919,1.13924,29
2019.01.18,08:35,1.13923,1.13924,1.13913,1.13918,25
2019.01.18,08:36,1.13918,1.13922,1.13917,1.13917,15
2019.01.18,08:37,1.13918,1.13919,1.13917,1.13918,27
2019.01.18,08:38,1.13919,1.13923,1.13918,1.13921,27
2019.01.18,08:39,1.13921,1.13925,1.13918,1.13924,25
2019.01.18,08:40,1.13924,1.13924,1.13919,1.13923,27
2019.01.18,08:41,1.13922,1.13924,1.13922,1.13924,13
2019.01.18,08:42,1.13926,1.13929,1.13924,1.13929,23
2019.01.18,08:43,1.13929,1.13932,1.13924,1.13928,44
2019.01.18,08:44,1.13928,1.13929,1.13925,1.13928,19
2019.01.18,08:45,1.13929,1.13933,1.13925,1.13932,32
2019.01.18,08:46,1.13931,1.13944,1.13926,1.13944,34
2019.01.18,08:47,1.13944,1.13956,1.13938,1.13954,80
2019.01.18,08:48,1.13953,1.13958,1.13947,1.13954,45
2019.01.18,08:49,1.13953,1.13953,1.13942,1.13944,33
2019.01.18,08:50,1.13943,1.13949,1.13943,1.13949,17
2019.01.18,08:51,1.13949,1.1395,1.13937,1.13945,48
2019.01.18,08:52,1.13945,1.13958,1.13939,1.13954,36
2019.01.18,08:53,1.13953,1.13969,1.13953,1.13962,66
2019.01.18,08:54,1.13961,1.13964,1.13959,1.13962,33
2019.01.18,08:55,1.13962,1.13973,1.13955,1.13958,75
2019.01.18,08:56,1.13958,1.13964,1.13955,1.13958,30
2019.01.18,08:57,1.13958,1.1396,1.13953,1.13959,60
2019.01.18,08:58,1.13962,1.13963,1.13958,1.13959,34
2019.01.18,08:59,1.13958,1.13958,1.13951,1.13953,24
2019.01.18,09:00,1.13954,1.13954,1.13939,1.1394,59
2019.01.18,09:01,1.1394,1.13951,1.1394,1.13948,55
2019.01.18,09:02,1.13949,1.1398,1.13949,1.13977,92
2019.01.18,09:03,1.13976,1.13986,1.13963,1.13981,85
2019.01.18,09:04,1.13981,1.13987,1.13959,1.13966,54
2019.01.18,09:05,1.13965,1.13978,1.13965,1.13973,65
2019.01.18,09:06,1.13973,1.13983,1.13968,1.13968,49
2019.01.18,09:07,1.13967,1.13982,1.13958,1.1398,52
2019.01.18,09:08,1.13979,1.13979,1.13968,1.13977,59
2019.01.18,09:09,1.13977,1.13978,1.13964,1.13964,34
2019.01.18,09:10,1.13964,1.13972,1.13962,1.13969,29
2019.01.18,09:11,1.13967,1.13971,1.13958,1.13958,45
2019.01.18,09:12,1.13959,1.13959,1.13938,1.13948,46
2019.01.18,09:13,1.13948,1.13953,1.13948,1.1395,40
2019.01.18,09:14,1.13948,1.13949,1.13938,1.13947,40
2019.01.18,09:15,1.13946,1.13947,1.13937,1.13942,62
2019.01.18,09:16,1.13943,1.13959,1.13943,1.13955,83
2019.01.18,09:17,1.13954,1.13964,1.13946,1.13946,56
2019.01.18,09:18,1.13948,1.13958,1.13946,1.13954,32
2019.01.18,09:19,1.13954,1.13961,1.13949,1.13954,53
2019.01.18,09:20,1.13958,1.13961,1.13956,1.13956,15
2019.01.18,09:21,1.13956,1.13964,1.13945,1.13962,41
2019.01.18,09:22,1.13962,1.13964,1.13956,1.13961,30
2019.01.18,09:23,1.13961,1.13969,1.13933,1.13943,43
2019.01.18,09:24,1.13943,1.13953,1.13936,1.1395,61
2019.01.18,09:25,1.13952,1.13964,1.13938,1.13949,65
2019.01.18,09:26,1.13949,1.13955,1.13938,1.1394,57
2019.01.18,09:27,1.1394,1.13953,1.1394,1.13953,41
2019.01.18,09:28,1.13952,1.13972,1.13946,1.13966,78
2019.01.18,09:29,1.13966,1.13979,1.13963,1.13963,55
2019.01.18,09:30,1.13964,1.13972,1.13957,1.13964,80
2019.01.18,09:31,1.13965,1.13971,1.13962,1.13967,74
2019.01.18,09:32,1.13968,1.13981,1.13958,1.13977,102
2019.01.18,09:33,1.13978,1.13978,1.13963,1.13963,68
2019.01.18,09:34,1.13963,1.1398,1.13963,1.13973,80
2019.01.18,09:35,1.13973,1.13984,1.1397,1.13976,72
2019.01.18,09:36,1.13978,1.13978,1.13947,1.13952,65
2019.01.18,09:37,1.13951,1.13957,1.13934,1.13936,63
2019.01.18,09:38,1.1394,1.13954,1.13931,1.1394,94
2019.01.18,09:39,1.13941,1.13944,1.13931,1.13937,90
2019.01.18,09:40,1.13938,1.13944,1.13938,1.13943,39
2019.01.18,09:41,1.13943,1.13946,1.13939,1.13945,39
2019.01.18,09:42,1.13944,1.13944,1.13932,1.13939,42
2019.01.18,09:43,1.13939,1.13944,1.13939,1.13943,29
2019.01.18,09:44,1.13943,1.13944,1.13943,1.13944,19
2019.01.18,09:45,1.13944,1.13951,1.13941,1.13951,61
2019.01.18,09:46,1.13951,1.13973,1.13951,1.13971,77
2019.01.18,09:47,1.13969,1.13991,1.13969,1.13983,91
2019.01.18,09:48,1.13983,1.13984,1.13968,1.13968,40
2019.01.18,09:49,1.13964,1.13974,1.13961,1.13961,66
2019.01.18,09:50,1.1396,1.1396,1.13943,1.13949,67
2019.01.18,09:51,1.13947,1.13949,1.13939,1.13946,51
2019.01.18,09:52,1.13947,1.13963,1.13947,1.13963,38
2019.01.18,09:53,1.13963,1.13964,1.13953,1.1396,47
2019.01.18,09:54,1.13961,1.13964,1.13956,1.13956,39
2019.01.18,09:55,1.13956,1.1396,1.13951,1.13953,79
2019.01.18,09:56,1.13953,1.13956,1.13938,1.13952,75
2019.01.18,09:57,1.13952,1.13952,1.13899,1.13899,119
2019.01.18,09:58,1.13899,1.13915,1.13899,1.13913,98
2019.01.18,09:59,1.13914,1.13919,1.13903,1.13913,103
2019.01.18,10:00,1.13913,1.13914,1.13888,1.13903,162
2019.01.18,10:01,1.13902,1.13911,1.13896,1.13898,113
2019.01.18,10:02,1.13898,1.13899,1.13883,1.13893,119
2019.01.18,10:03,1.13893,1.13906,1.13888,1.139,69
2019.01.18,10:04,1.13898,1.13908,1.13894,1.13904,45
2019.01.18,10:05,1.13904,1.13919,1.13904,1.13914,88
2019.01.18,10:06,1.13917,1.13939,1.1391,1.13939,113
2019.01.18,10:07,1.13938,1.1394,1.13917,1.1392,112
2019.01.18,10:08,1.13921,1.13925,1.1391,1.13919,93
2019.01.18,10:09,1.13921,1.13924,1.13919,1.13924,42
2019.01.18,10:10,1.13924,1.13924,1.1391,1.1392,95
2019.01.18,10:11,1.13924,1.1393,1.1392,1.13928,60
2019.01.18,10:12,1.13928,1.13929,1.13912,1.13925,88
2019.01.18,10:13,1.13924,1.13942,1.13922,1.13939,82
2019.01.18,10:14,1.13941,1.1395,1.13939,1.13943,126
2019.01.18,10:15,1.13944,1.13955,1.13941,1.13953,121
2019.01.18,10:16,1.13954,1.13954,1.1394,1.13949,87
2019.01.18,10:17,1.13951,1.13955,1.13943,1.13948,84
2019.01.18,10:18,1.13948,1.13952,1.13929,1.13939,116
2019.01.18,10:19,1.13939,1.13955,1.13939,1.1395,67
2019.01.18,10:20,1.13951,1.13961,1.13943,1.1396,114
2019.01.18,10:21,1.13959,1.13971,1.13955,1.13968,69
2019.01.18,10:22,1.13969,1.13984,1.13962,1.13964,103
2019.01.18,10:23,1.13963,1.13974,1.13962,1.13966,60
2019.01.18,10:24,1.13966,1.13976,1.13961,1.13969,79
2019.01.18,10:25,1.13969,1.13973,1.13961,1.13964,82
2019.01.18,10:26,1.13963,1.13983,1.1396,1.1398,109
2019.01.18,10:27,1.13979,1.13984,1.13962,1.13964,111
2019.01.18,10:28,1.13965,1.13985,1.13963,1.13974,96
2019.01.18,10:29,1.13974,1.13995,1.13974,1.13974,93
2019.01.18,10:30,1.13974,1.13975,1.13961,1.13963,83
2019.01.18,10:31,1.13962,1.1397,1.13955,1.13955,80
2019.01.18,10:32,1.13957,1.13974,1.13957,1.13969,80
2019.01.18,10:33,1.13968,1.13974,1.13958,1.13974,100
2019.01.18,10:34,1.13973,1.13985,1.13967,1.13974,105
2019.01.18,10:35,1.13972,1.13982,1.13957,1.13959,70
2019.01.18,10:36,1.1396,1.13966,1.13942,1.13942,83
2019.01.18,10:37,1.13942,1.13944,1.13909,1.13911,139
2019.01.18,10:38,1.13911,1.13915,1.13904,1.13906,105
2019.01.18,10:39,1.13906,1.1392,1.139,1.13918,81
2019.01.18,10:40,1.13919,1.13919,1.1391,1.13915,69
2019.01.18,10:41,1.13916,1.13927,1.13915,1.13925,68
2019.01.18,10:42,1.13925,1.1394,1.13925,1.13933,70
2019.01.18,10:43,1.13934,1.13936,1.1391,1.13915,88
2019.01.18,10:44,1.13915,1.13915,1.1391,1.13914,80
2019.01.18,10:45,1.13913,1.13925,1.13911,1.13923,90
2019.01.18,10:46,1.13923,1.13924,1.1391,1.13924,94
2019.01.18,10:47,1.13925,1.13951,1.13925,1.13943,98
2019.01.18,10:48,1.13942,1.13955,1.1394,1.13955,76
2019.01.18,10:49,1.13955,1.13966,1.13951,1.13965,40
2019.01.18,10:50,1.13965,1.1397,1.13954,1.13955,49
2019.01.18,10:51,1.13956,1.13979,1.13956,1.13974,111
2019.01.18,10:52,1.13973,1.13984,1.13969,1.13983,82
2019.01.18,10:53,1.13982,1.13995,1.13978,1.13979,81
2019.01.18,10:54,1.13979,1.13985,1.13974,1.13985,88
2019.01.18,10:55,1.13984,1.13993,1.13983,1.13992,130
2019.01.18,10:56,1.13995,1.14007,1.13982,1.13984,139
2019.01.18,10:57,1.13984,1.14003,1.13983,1.13999,100
2019.01.18,10:58,1.13999,1.14,1.13968,1.13972,97
2019.01.18,10:59,1.13972,1.13974,1.13946,1.13959,126
2019.01.18,11:00,1.1396,1.13973,1.13953,1.13966,71
2019.01.18,11:01,1.13968,1.13968,1.13949,1.13955,101
2019.01.18,11:02,1.13958,1.13965,1.13952,1.13964,80
2019.01.18,11:03,1.13961,1.13963,1.1395,1.13959,88
2019.01.18,11:04,1.13959,1.13961,1.13941,1.13945,90
2019.01.18,11:05,1.13945,1.13955,1.13941,1.13953,83
2019.01.18,11:06,1.13953,1.13959,1.13944,1.13944,91
2019.01.18,11:07,1.13945,1.13945,1.13926,1.13933,104
2019.01.18,11:08,1.13934,1.13945,1.1393,1.13934,92
2019.01.18,11:09,1.13933,1.1395,1.13928,1.1395,105
2019.01.18,11:10,1.13952,1.13954,1.13947,1.13954,75
2019.01.18,11:11,1.13954,1.13964,1.13953,1.1396,69
2019.01.18,11:12,1.1396,1.13962,1.13947,1.13949,70
2019.01.18,11:13,1.1395,1.13954,1.13936,1.13939,68
2019.01.18,11:14,1.13939,1.13951,1.13937,1.1395,44
2019.01.18,11:15,1.13951,1.13951,1.13937,1.13943,58
2019.01.18,11:16,1.13944,1.13955,1.13936,1.13955,69
2019.01.18,11:17,1.13955,1.13965,1.13948,1.13964,50
2019.01.18,11:18,1.13963,1.13972,1.1396,1.13962,66
2019.01.18,11:19,1.13961,1.13973,1.1396,1.13963,67
2019.01.18,11:20,1.13964,1.13976,1.13952,1.13952,85
2019.01.18,11:21,1.13952,1.13952,1.13938,1.13941,100
2019.01.18,11:22,1.13943,1.13964,1.13942,1.1396,101
2019.01.18,11:23,1.13959,1.1397,1.13951,1.13968,91
2019.01.18,11:24,1.13967,1.13967,1.13932,1.1394,95
2019.01.18,11:25,1.13939,1.13956,1.13933,1.1394,104
2019.01.18,11:26,1.13941,1.1396,1.13939,1.13959,92
2019.01.18,11:27,1.13959,1.13969,1.13955,1.13964,71
2019.01.18,11:28,1.13964,1.13964,1.13953,1.13954,71
2019.01.18,11:29,1.13954,1.13956,1.13949,1.13954,79
2019.01.18,11:30,1.13954,1.13954,1.13931,1.1394,108
2019.01.18,11:31,1.13939,1.1396,1.13939,1.13959,97
2019.01.18,11:32,1.13958,1.13971,1.13955,1.13968,107
2019.01.18,11:33,1.13966,1.13982,1.13959,1.13964,113
2019.01.18,11:34,1.13965,1.13975,1.13963,1.1397,84
2019.01.18,11:35,1.13969,1.13969,1.1396,1.13964,84
2019.01.18,11:36,1.13964,1.13979,1.13964,1.13972,83
2019.01.18,11:37,1.13971,1.14006,1.13971,1.13976,130
2019.01.18,11:38,1.13977,1.13982,1.13975,1.13981,55
2019.01.18,11:39,1.13983,1.13989,1.13977,1.13986,35
2019.01.18,11:40,1.13982,1.13991,1.13971,1.13982,80
2019.01.18,11:41,1.13982,1.13982,1.13974,1.13974,66
2019.01.18,11:42,1.13974,1.1398,1.13968,1.13969,78
2019.01.18,11:43,1.13969,1.13975,1.13967,1.13973,91
2019.01.18,11:44,1.13971,1.13975,1.13963,1.13965,58
2019.01.18,11:45,1.13965,1.1397,1.13958,1.13967,81
2019.01.18,11:46,1.13966,1.13969,1.1395,1.13952,63
2019.01.18,11:47,1.13951,1.13952,1.13943,1.1395,70
2019.01.18,11:48,1.1395,1.13974,1.1395,1.13972,69
2019.01.18,11:49,1.13973,1.13974,1.13967,1.13967,60
2019.01.18,11:50,1.13967,1.13974,1.13962,1.13971,40
2019.01.18,11:51,1.1397,1.13975,1.13967,1.1397,67
2019.01.18,11:52,1.13969,1.13969,1.13957,1.1396,67
2019.01.18,11:53,1.13961,1.13961,1.13936,1.13942,70
2019.01.18,11:54,1.13943,1.13969,1.13938,1.13969,113
2019.01.18,11:55,1.13969,1.13979,1.13967,1.13979,75
2019.01.18,11:56,1.13979,1.13979,1.1397,1.13978,63
2019.01.18,11:57,1.13979,1.13987,1.13979,1.13984,40
2019.01.18,11:58,1.13983,1.13984,1.13967,1.13973,75
2019.01.18,11:59,1.13973,1.13983,1.13971,1.1398,52
2019.01.18,12:00,1.1398,1.14003,1.13979,1.14001,70
2019.01.18,12:01,1.14,1.14027,1.13998,1.14019,129
2019.01.18,12:02,1.14019,1.14094,1.14019,1.14093,222
2019.01.18,12:03,1.14093,1.14096,1.14073,1.14074,184
2019.01.18,12:04,1.14073,1.14074,1.14055,1.14065,133
2019.01.18,12:05,1.14066,1.14068,1.14054,1.14054,75
2019.01.18,12:06,1.14054,1.14065,1.14052,1.14061,90
2019.01.18,12:07,1.14061,1.14062,1.14042,1.14048,81
2019.01.18,12:08,1.14048,1.14051,1.1404,1.1404,81
2019.01.18,12:09,1.1404,1.14041,1.14031,1.14035,54
2019.01.18,12:10,1.14037,1.14047,1.14035,1.14044,52
2019.01.18,12:11,1.14044,1.14053,1.14035,1.14044,74
2019.01.18,12:12,1.14044,1.14047,1.14033,1.14038,84
2019.01.18,12:13,1.14034,1.14035,1.14009,1.14018,93
2019.01.18,12:14,1.14018,1.14052,1.14014,1.14045,92
2019.01.18,12:15,1.14045,1.14046,1.14036,1.14046,97
2019.01.18,12:16,1.14047,1.14063,1.14046,1.14048,79
2019.01.18,12:17,1.14048,1.14052,1.14038,1.14041,60
2019.01.18,12:18,1.1404,1.14063,1.1403,1.14032,104
2019.01.18,12:19,1.14033,1.14043,1.14031,1.14039,64
2019.01.18,12:20,1.14038,1.14044,1.14029,1.14044,94
2019.01.18,12:21,1.14044,1.14048,1.14039,1.14043,60
2019.01.18,12:22,1.14043,1.14043,1.14025,1.14029,82
2019.01.18,12:23,1.1403,1.1403,1.14011,1.14012,59
2019.01.18,12:24,1.14012,1.14018,1.14006,1.14006,45
2019.01.18,12:25,1.14007,1.14008,1.13991,1.14008,111
2019.01.18,12:26,1.14007,1.14008,1.13991,1.13993,65
2019.01.18,12:27,1.13993,1.14016,1.13992,1.14013,58
2019.01.18,12:28,1.14013,1.14023,1.14004,1.14019,87
2019.01.18,12:29,1.14018,1.14027,1.14013,1.14024,74
2019.01.18,12:30,1.14024,1.14031,1.14022,1.14026,77
2019.01.18,12:31,1.14027,1.14042,1.14026,1.14038,80
2019.01.18,12:32,1.14039,1.1404,1.14026,1.14032,75
2019.01.18,12:33,1.14031,1.14035,1.14028,1.14029,57
2019.01.18,12:34,1.1403,1.14032,1.14023,1.14032,44
2019.01.18,12:35,1.14036,1.14043,1.14034,1.14036,59
2019.01.18,12:36,1.14036,1.14038,1.1403,1.14033,68
2019.01.18,12:37,1.14033,1.14045,1.14028,1.14038,70
2019.01.18,12:38,1.14037,1.14047,1.14031,1.14043,79
2019.01.18,12:39,1.14043,1.14046,1.14032,1.14046,68
2019.01.18,12:40,1.14046,1.1405,1.14037,1.14048,87
2019.01.18,12:41,1.14048,1.14049,1.14041,1.14043,71
2019.01.18,12:42,1.14043,1.14047,1.14036,1.14042,74
2019.01.18,12:43,1.14042,1.14044,1.14034,1.14039,79
2019.01.18,12:44,1.14039,1.14049,1.14039,1.14044,46
2019.01.18,12:45,1.14044,1.14044,1.1404,1.14043,27
2019.01.18,12:46,1.14043,1.14044,1.14028,1.14033,40
2019.01.18,12:47,1.14034,1.14044,1.14033,1.14043,30
2019.01.18,12:48,1.14043,1.14047,1.1404,1.14043,50
2019.01.18,12:49,1.14044,1.14044,1.14034,1.14036,53
2019.01.18,12:50,1.14036,1.14044,1.14035,1.1404,53
2019.01.18,12:51,1.14039,1.14042,1.14039,1.14041,26
2019.01.18,12:52,1.1404,1.1405,1.14039,1.1404,84
2019.01.18,12:53,1.1404,1.14047,1.14038,1.14043,49
2019.01.18,12:54,1.14043,1.14053,1.14041,1.14049,64
2019.01.18,12:55,1.1405,1.14057,1.14047,1.14053,78
2019.01.18,12:56,1.14053,1.14062,1.14038,1.1405,119
2019.01.18,12:57,1.14051,1.14065,1.14047,1.14058,74
2019.01.18,12:58,1.14058,1.14067,1.14055,1.14067,77
2019.01.18,12:59,1.14066,1.14071,1.14058,1.14066,91
2019.01.18,13:00,1.14065,1.14067,1.14062,1.14065,40
2019.01.18,13:01,1.14065,1.14072,1.14045,1.14047,102
2019.01.18,13:02,1.14046,1.14047,1.14042,1.14046,31
2019.01.18,13:03,1.14045,1.14051,1.14041,1.14047,79
2019.01.18,13:04,1.14046,1.1405,1.14045,1.14046,48
2019.01.18,13:05,1.14045,1.14048,1.14042,1.14042,56
2019.01.18,13:06,1.14043,1.14045,1.14036,1.14036,53
2019.01.18,13:07,1.14037,1.14046,1.14029,1.14043,50
2019.01.18,13:08,1.14043,1.14049,1.14039,1.1404,63
2019.01.18,13:09,1.1404,1.14042,1.14029,1.1404,73
2019.01.18,13:10,1.14039,1.14045,1.14037,1.14039,63
2019.01.18,13:11,1.14039,1.14051,1.14038,1.14047,55
2019.01.18,13:12,1.14047,1.14048,1.14045,1.14047,50
2019.01.18,13:13,1.14047,1.14049,1.14044,1.14045,45
2019.01.18,13:14,1.14045,1.14049,1.14038,1.14044,59
2019.01.18,13:15,1.14044,1.14047,1.14041,1.14046,63
2019.01.18,13:16,1.14046,1.14048,1.1404,1.14043,53
2019.01.18,13:17,1.14041,1.14046,1.14037,1.14041,66
2019.01.18,13:18,1.14041,1.14046,1.14041,1.14041,36
2019.01.18,13:19,1.14042,1.14049,1.14042,1.14047,64
2019.01.18,13:20,1.14047,1.1405,1.1404,1.14045,62
2019.01.18,13:21,1.14045,1.14047,1.14042,1.14045,47
2019.01.18,13:22,1.14044,1.14046,1.14042,1.14043,35
2019.01.18,13:23,1.14042,1.14047,1.14041,1.14046,46
2019.01.18,13:24,1.14046,1.14052,1.14043,1.14052,38
2019.01.18,13:25,1.14052,1.14057,1.14048,1.14054,45
2019.01.18,13:26,1.14054,1.14066,1.14051,1.14063,79
2019.01.18,13:27,1.14064,1.14069,1.14063,1.14068,48
2019.01.18,13:28,1.14068,1.14081,1.14061,1.1408,74
2019.01.18,13:29,1.1408,1.14084,1.14077,1.14082,66
2019.01.18,13:30,1.14083,1.14089,1.1407,1.1407,53
2019.01.18,13:31,1.14069,1.14071,1.14064,1.14071,67
2019.01.18,13:32,1.14071,1.14071,1.14066,1.14071,15
2019.01.18,13:33,1.14071,1.14075,1.14064,1.14065,42
2019.01.18,13:34,1.14065,1.14067,1.14059,1.14061,54
2019.01.18,13:35,1.14061,1.14063,1.14055,1.14059,65
2019.01.18,13:36,1.14058,1.14069,1.14057,1.14068,52
2019.01.18,13:37,1.14068,1.14076,1.14067,1.14076,61
2019.01.18,13:38,1.14077,1.14077,1.14071,1.14073,41
2019.01.18,13:39,1.14073,1.14082,1.14066,1.14081,46
2019.01.18,13:40,1.14079,1.14087,1.14078,1.14084,49
2019.01.18,13:41,1.14084,1.14091,1.14071,1.14091,69
2019.01.18,13:42,1.1409,1.14094,1.14079,1.14085,87
2019.01.18,13:43,1.14085,1.14096,1.14085,1.14092,69
2019.01.18,13:44,1.14092,1.14098,1.14092,1.14095,40
2019.01.18,13:45,1.14095,1.14099,1.14086,1.14088,58
2019.01.18,13:46,1.14087,1.14088,1.14079,1.14087,89
2019.01.18,13:47,1.14088,1.1409,1.14079,1.14086,62
2019.01.18,13:48,1.14085,1.14086,1.14081,1.14081,51
2019.01.18,13:49,1.1408,1.14086,1.14079,1.14084,57
2019.01.18,13:50,1.14083,1.14086,1.14058,1.14064,87
2019.01.18,13:51,1.14063,1.14063,1.14056,1.14059,54
2019.01.18,13:52,1.14061,1.14071,1.14061,1.14067,53
2019.01.18,13:53,1.14067,1.14068,1.1406,1.14062,55
2019.01.18,13:54,1.14062,1.14068,1.14059,1.14066,80
2019.01.18,13:55,1.14067,1.14068,1.14056,1.14057,63
2019.01.18,13:56,1.14054,1.14062,1.14048,1.14062,80
2019.01.18,13:57,1.14065,1.14084,1.14062,1.14077,84
2019.01.18,13:58,1.14077,1.14077,1.14044,1.14046,108
2019.01.18,13:59,1.14046,1.14053,1.14043,1.14046,106
2019.01.18,14:00,1.14048,1.14051,1.14035,1.14037,94
2019.01.18,14:01,1.14033,1.14037,1.14021,1.14025,104
2019.01.18,14:02,1.14029,1.14035,1.14025,1.14026,73
2019.01.18,14:03,1.14027,1.14027,1.14013,1.14014,91
2019.01.18,14:04,1.14014,1.14035,1.14012,1.14025,86
2019.01.18,14:05,1.14026,1.14031,1.14025,1.14026,79
2019.01.18,14:06,1.14026,1.14031,1.14025,1.14031,33
2019.01.18,14:07,1.14033,1.14039,1.14032,1.14038,53
2019.01.18,14:08,1.14039,1.14049,1.14039,1.14045,43
2019.01.18,14:09,1.14045,1.14046,1.14032,1.14032,57
2019.01.18,14:10,1.14033,1.14047,1.14032,1.14046,60
2019.01.18,14:11,1.14047,1.14052,1.14046,1.14051,54
2019.01.18,14:12,1.14052,1.14059,1.14049,1.14056,74
2019.01.18,14:13,1.14056,1.14058,1.14039,1.14039,58
2019.01.18,14:14,1.14038,1.14049,1.14033,1.14036,64
2019.01.18,14:15,1.14034,1.1404,1.14033,1.14039,66
2019.01.18,14:16,1.14038,1.14041,1.14037,1.14041,44
2019.01.18,14:17,1.14041,1.14048,1.14037,1.14047,46
2019.01.18,14:18,1.1405,1.1405,1.1404,1.1404,44
2019.01.18,14:19,1.1404,1.14041,1.14024,1.14026,93
2019.01.18,14:20,1.14028,1.14028,1.14023,1.14026,41
2019.01.18,14:21,1.14025,1.1403,1.14024,1.14028,63
2019.01.18,14:22,1.14029,1.14038,1.14025,1.14036,57
2019.01.18,14:23,1.14036,1.14045,1.14034,1.14041,58
2019.01.18,14:24,1.1404,1.14045,1.14039,1.14042,52
2019.01.18,14:25,1.14043,1.14051,1.14043,1.1405,73
2019.01.18,14:26,1.1405,1.14057,1.14047,1.1405,60
2019.01.18,14:27,1.14049,1.14055,1.14042,1.14043,60
2019.01.18,14:28,1.14044,1.14056,1.14043,1.14054,56
2019.01.18,14:29,1.14053,1.14057,1.14053,1.14056,28
2019.01.18,14:30,1.14057,1.14091,1.14057,1.14084,96
2019.01.18,14:31,1.14084,1.1409,1.14076,1.14076,132
2019.01.18,14:32,1.14086,1.14091,1.14064,1.14071,82
2019.01.18,14:33,1.14072,1.14072,1.14052,1.14069,88
2019.01.18,14:34,1.1407,1.1407,1.14063,1.14065,39
2019.01.18,14:35,1.14065,1.14066,1.14062,1.14064,43
2019.01.18,14:36,1.14063,1.1407,1.1406,1.14067,50
2019.01.18,14:37,1.14066,1.14089,1.14058,1.14088,72
2019.01.18,14:38,1.14088,1.14102,1.14053,1.14055,125
2019.01.18,14:39,1.14055,1.14063,1.14049,1.14061,69
2019.01.18,14:40,1.14061,1.1407,1.14053,1.14066,63
2019.01.18,14:41,1.14065,1.14066,1.14062,1.14065,27
2019.01.18,14:42,1.14064,1.14065,1.14054,1.14061,66
2019.01.18,14:43,1.1406,1.14066,1.14056,1.14065,54
2019.01.18,14:44,1.14065,1.14066,1.14056,1.14062,56
2019.01.18,14:45,1.14061,1.14067,1.14059,1.14065,49
2019.01.18,14:46,1.14066,1.14086,1.14065,1.14085,58
2019.01.18,14:47,1.14084,1.14091,1.14076,1.14086,91
2019.01.18,14:48,1.14085,1.14085,1.14066,1.14071,52
2019.01.18,14:49,1.14076,1.14083,1.14065,1.14067,80
2019.01.18,14:50,1.14066,1.14074,1.14061,1.14062,50
2019.01.18,14:51,1.1406,1.14065,1.14056,1.1406,66
2019.01.18,14:52,1.14061,1.14066,1.14057,1.14061,57
2019.01.18,14:53,1.14061,1.14064,1.1406,1.1406,41
2019.01.18,14:54,1.14061,1.14061,1.14053,1.1406,62
2019.01.18,14:55,1.14061,1.14065,1.14049,1.14049,86
2019.01.18,14:56,1.14049,1.1405,1.14046,1.14046,44
2019.01.18,14:57,1.14045,1.14048,1.14017,1.14028,129
2019.01.18,14:58,1.14026,1.14049,1.14013,1.14043,115
2019.01.18,14:59,1.14043,1.14052,1.14025,1.14026,123
2019.01.18,15:00,1.14026,1.14037,1.14003,1.14006,146
2019.01.18,15:01,1.14007,1.14025,1.14007,1.14014,116
2019.01.18,15:02,1.14015,1.14019,1.14011,1.14012,86
2019.01.18,15:03,1.14013,1.14029,1.14011,1.14028,66
2019.01.18,15:04,1.14031,1.14062,1.14028,1.14057,129
2019.01.18,15:05,1.14059,1.14062,1.1404,1.14046,112
2019.01.18,15:06,1.14048,1.14049,1.14036,1.14038,117
2019.01.18,15:07,1.14036,1.1404,1.14031,1.14035,79
2019.01.18,15:08,1.14036,1.14043,1.14031,1.14038,66
2019.01.18,15:09,1.14039,1.14039,1.1403,1.14038,52
2019.01.18,15:10,1.14037,1.14045,1.14033,1.14044,74
2019.01.18,15:11,1.14043,1.14044,1.14039,1.14039,39
2019.01.18,15:12,1.14041,1.14041,1.14013,1.14016,100
2019.01.18,15:13,1.14017,1.14017,1.14012,1.14012,47
2019.01.18,15:14,1.14012,1.14036,1.14012,1.14019,88
2019.01.18,15:15,1.14019,1.14031,1.14016,1.14028,95
2019.01.18,15:16,1.14028,1.14038,1.14028,1.14031,77
2019.01.18,15:17,1.1403,1.14031,1.14023,1.14025,48
2019.01.18,15:18,1.14024,1.14025,1.14018,1.14023,45
2019.01.18,15:19,1.14023,1.14027,1.14012,1.14019,89
2019.01.18,15:20,1.1402,1.14025,1.14012,1.14017,104
2019.01.18,15:21,1.14018,1.14032,1.14015,1.14023,73
2019.01.18,15:22,1.14025,1.14035,1.14024,1.14029,79
2019.01.18,15:23,1.1403,1.14035,1.14029,1.14034,68
2019.01.18,15:24,1.14035,1.14037,1.14022,1.14025,92
2019.01.18,15:25,1.14026,1.14037,1.14025,1.14034,51
2019.01.18,15:26,1.14033,1.14044,1.14033,1.14043,59
2019.01.18,15:27,1.14042,1.14042,1.14024,1.14025,43
2019.01.18,15:28,1.14025,1.14036,1.14025,1.14035,42
2019.01.18,15:29,1.14035,1.1404,1.14024,1.1404,48
2019.01.18,15:30,1.14041,1.14042,1.14013,1.14013,137
2019.01.18,15:31,1.14012,1.14024,1.14012,1.14018,115
2019.01.18,15:32,1.14017,1.14025,1.14015,1.14023,52
2019.01.18,15:33,1.14022,1.14041,1.14018,1.14018,105
2019.01.18,15:34,1.14018,1.14022,1.14008,1.14018,105
2019.01.18,15:35,1.14019,1.14026,1.14017,1.14021,74
2019.01.18,15:36,1.14021,1.14026,1.14016,1.14022,80
2019.01.18,15:37,1.14022,1.14025,1.14014,1.14015,56
2019.01.18,15:38,1.14014,1.14017,1.14004,1.14005,64
2019.01.18,15:39,1.14006,1.14031,1.14004,1.14022,104
2019.01.18,15:40,1.14021,1.14031,1.14014,1.14028,70
2019.01.18,15:41,1.14028,1.14032,1.14024,1.14026,54
2019.01.18,15:42,1.14027,1.14029,1.14015,1.14015,54
2019.01.18,15:43,1.14017,1.14022,1.14017,1.1402,59
2019.01.18,15:44,1.14021,1.14023,1.14011,1.14011,35
2019.01.18,15:45,1.14011,1.14011,1.13998,1.14,94
2019.01.18,15:46,1.14001,1.14025,1.13999,1.14021,105
2019.01.18,15:47,1.14021,1.14021,1.14004,1.14009,60
2019.01.18,15:48,1.14011,1.14011,1.1399,1.13991,84
2019.01.18,15:49,1.13992,1.13996,1.13968,1.13975,113
2019.01.18,15:50,1.13973,1.13994,1.13967,1.1399,104
2019.01.18,15:51,1.1399,1.13999,1.13975,1.1398,113
2019.01.18,15:52,1.13981,1.13983,1.13964,1.1397,78
2019.01.18,15:53,1.1397,1.13985,1.13969,1.13981,55
2019.01.18,15:54,1.13981,1.13982,1.13969,1.13981,70
2019.01.18,15:55,1.13982,1.13988,1.13971,1.13984,90
2019.01.18,15:56,1.13984,1.13995,1.13983,1.13991,76
2019.01.18,15:57,1.1399,1.1399,1.13976,1.13979,56
2019.01.18,15:58,1.13979,1.13979,1.13966,1.13979,67
2019.01.18,15:59,1.1398,1.13985,1.13975,1.13976,65
2019.01.18,16:00,1.13975,1.13998,1.13965,1.13992,140
2019.01.18,16:01,1.13992,1.14006,1.13983,1.13991,119
2019.01.18,16:02,1.1399,1.13996,1.13975,1.13995,116
2019.01.18,16:03,1.13994,1.13995,1.1398,1.13985,124
2019.01.18,16:04,1.13985,1.13988,1.1397,1.13976,105
2019.01.18,16:05,1.1398,1.13993,1.1398,1.13993,99
2019.01.18,16:06,1.13992,1.13992,1.13977,1.13983,143
2019.01.18,16:07,1.13985,1.14002,1.13985,1.1399,110
2019.01.18,16:08,1.13991,1.14,1.13982,1.1399,105
2019.01.18,16:09,1.13986,1.13999,1.13985,1.13995,139
2019.01.18,16:10,1.13992,1.13997,1.1398,1.13984,88
2019.01.18,16:11,1.13987,1.13992,1.13977,1.13978,121
2019.01.18,16:12,1.1398,1.13981,1.13974,1.13975,44
2019.01.18,16:13,1.13974,1.13976,1.13966,1.13976,36
2019.01.18,16:14,1.13975,1.13976,1.13964,1.13966,71
2019.01.18,16:15,1.13965,1.13966,1.13932,1.13934,130
2019.01.18,16:16,1.13935,1.13968,1.13931,1.13968,118
2019.01.18,16:17,1.13968,1.13972,1.13956,1.1396,95
2019.01.18,16:18,1.13961,1.13962,1.13945,1.13945,97
2019.01.18,16:19,1.13946,1.13951,1.13905,1.13906,115
2019.01.18,16:20,1.13905,1.13922,1.13898,1.13903,160
2019.01.18,16:21,1.13904,1.13929,1.13904,1.13922,121
2019.01.18,16:22,1.13922,1.13937,1.13918,1.13936,75
2019.01.18,16:23,1.13933,1.13947,1.13933,1.13944,91
2019.01.18,16:24,1.13943,1.13947,1.13921,1.13921,98
2019.01.18,16:25,1.13924,1.13928,1.13915,1.13921,114
2019.01.18,16:26,1.13921,1.1393,1.13918,1.13918,55
2019.01.18,16:27,1.13919,1.13922,1.13895,1.13904,116
2019.01.18,16:28,1.13904,1.13916,1.13902,1.13914,84
2019.01.18,16:29,1.13915,1.13919,1.13913,1.13914,65
2019.01.18,16:30,1.13913,1.13923,1.13907,1.13919,98
2019.01.18,16:31,1.13918,1.13926,1.13916,1.13922,70
2019.01.18,16:32,1.13921,1.13925,1.13915,1.13916,88
2019.01.18,16:33,1.13917,1.13923,1.13896,1.139,122
2019.01.18,16:34,1.139,1.13904,1.1387,1.13874,129
2019.01.18,16:35,1.13871,1.13871,1.13825,1.13843,250
2019.01.18,16:36,1.13843,1.13872,1.13837,1.13865,133
2019.01.18,16:37,1.13864,1.13876,1.1386,1.13872,154
2019.01.18,16:38,1.13872,1.13877,1.13861,1.13867,141
2019.01.18,16:39,1.13866,1.13884,1.13863,1.13868,133
2019.01.18,16:40,1.13869,1.13888,1.13868,1.13879,126
2019.01.18,16:41,1.1388,1.13888,1.1388,1.13885,117
2019.01.18,16:42,1.13884,1.13887,1.13861,1.13861,116
2019.01.18,16:43,1.1386,1.1386,1.13775,1.13776,231
2019.01.18,16:44,1.13777,1.13797,1.13744,1.13795,248
2019.01.18,16:45,1.13795,1.13826,1.1379,1.13814,183
2019.01.18,16:46,1.13811,1.13814,1.13797,1.13808,125
2019.01.18,16:47,1.13808,1.13814,1.13797,1.13805,98
2019.01.18,16:48,1.13806,1.13807,1.13752,1.13782,212
2019.01.18,16:49,1.13781,1.13786,1.13758,1.13758,145
2019.01.18,16:50,1.13757,1.13783,1.13757,1.13782,114
2019.01.18,16:51,1.13782,1.13803,1.13775,1.13802,100
2019.01.18,16:52,1.13802,1.13831,1.138,1.13819,138
2019.01.18,16:53,1.13822,1.13831,1.13819,1.13824,97
2019.01.18,16:54,1.13823,1.13833,1.1382,1.13831,83
2019.01.18,16:55,1.13831,1.13833,1.1378,1.1379,152
2019.01.18,16:56,1.1379,1.13802,1.13776,1.13796,129
2019.01.18,16:57,1.13794,1.13794,1.13778,1.13783,96
2019.01.18,16:58,1.13783,1.13787,1.13777,1.1378,107
2019.01.18,16:59,1.13779,1.1378,1.13739,1.13742,159
2019.01.18,17:00,1.13742,1.13803,1.13731,1.13732,300
2019.01.18,17:01,1.13735,1.13758,1.1373,1.13742,210
2019.01.18,17:02,1.13745,1.13772,1.13742,1.13747,158
2019.01.18,17:03,1.13747,1.13759,1.13736,1.13746,130
2019.01.18,17:04,1.13746,1.13761,1.13743,1.13743,163
2019.01.18,17:05,1.1374,1.13741,1.13664,1.13736,311
2019.01.18,17:06,1.13734,1.13741,1.13718,1.13718,170
2019.01.18,17:07,1.13718,1.13722,1.13701,1.13709,161
2019.01.18,17:08,1.13709,1.13738,1.13707,1.13733,130
2019.01.18,17:09,1.13734,1.13741,1.13723,1.13731,89
2019.01.18,17:10,1.1373,1.1374,1.13713,1.13739,88
2019.01.18,17:11,1.13735,1.13748,1.13733,1.13742,132
2019.01.18,17:12,1.1374,1.13755,1.13737,1.13753,134
2019.01.18,17:13,1.13752,1.13754,1.13742,1.13749,138
2019.01.18,17:14,1.13746,1.13775,1.13746,1.13762,103
2019.01.18,17:15,1.1376,1.13767,1.13725,1.13732,155
2019.01.18,17:16,1.13731,1.13759,1.13727,1.13738,133
2019.01.18,17:17,1.13737,1.13752,1.13735,1.13747,73
2019.01.18,17:18,1.13747,1.13751,1.13738,1.13743,103
2019.01.18,17:19,1.13742,1.13822,1.13717,1.13796,317
2019.01.18,17:20,1.13795,1.13804,1.13746,1.13753,367
2019.01.18,17:21,1.13753,1.13753,1.13691,1.13696,342
2019.01.18,17:22,1.137,1.13731,1.13693,1.13713,227
2019.01.18,17:23,1.13714,1.13717,1.1369,1.13697,150
2019.01.18,17:24,1.13711,1.13728,1.13704,1.13725,116
2019.01.18,17:25,1.13726,1.13747,1.1372,1.13744,134
2019.01.18,17:26,1.13743,1.13747,1.13707,1.13707,99
2019.01.18,17:27,1.13707,1.13707,1.13688,1.13689,165
2019.01.18,17:28,1.13688,1.13691,1.13644,1.13662,213
2019.01.18,17:29,1.13662,1.13668,1.13633,1.13633,138
2019.01.18,17:30,1.13633,1.13646,1.13627,1.13631,178
2019.01.18,17:31,1.13631,1.13632,1.13612,1.1362,138
2019.01.18,17:32,1.1362,1.1363,1.13604,1.13614,128
2019.01.18,17:33,1.13615,1.13645,1.13615,1.13643,115
2019.01.18,17:34,1.13643,1.13657,1.13635,1.1364,116
2019.01.18,17:35,1.1364,1.1367,1.13639,1.13669,105
2019.01.18,17:36,1.13669,1.13691,1.13665,1.13677,166
2019.01.18,17:37,1.13675,1.13681,1.13656,1.13656,121
2019.01.18,17:38,1.13657,1.13667,1.13642,1.13655,172
2019.01.18,17:39,1.13657,1.13657,1.13638,1.13638,115
2019.01.18,17:40,1.13638,1.13639,1.13611,1.13626,140
2019.01.18,17:41,1.13627,1.13631,1.13616,1.13627,127
2019.01.18,17:42,1.13629,1.13629,1.13613,1.13615,104
2019.01.18,17:43,1.13616,1.13622,1.13604,1.13622,141
2019.01.18,17:44,1.13621,1.13629,1.13612,1.13614,145
2019.01.18,17:45,1.13614,1.13629,1.1361,1.13629,93
2019.01.18,17:46,1.13629,1.13655,1.13627,1.13648,117
2019.01.18,17:47,1.13647,1.13658,1.13637,1.13642,132
2019.01.18,17:48,1.13643,1.13662,1.13637,1.13654,149
2019.01.18,17:49,1.13653,1.13668,1.13638,1.13638,182
2019.01.18,17:50,1.13642,1.13649,1.13629,1.13637,155
2019.01.18,17:51,1.13637,1.1365,1.13637,1.13645,126
2019.01.18,17:52,1.13645,1.13656,1.13604,1.13628,151
2019.01.18,17:53,1.13629,1.13668,1.13611,1.1366,228
2019.01.18,17:54,1.1366,1.13668,1.13633,1.13663,169
2019.01.18,17:55,1.13662,1.13679,1.13652,1.13673,160
2019.01.18,17:56,1.13672,1.13677,1.13651,1.13667,130
2019.01.18,17:57,1.13666,1.13671,1.13633,1.13643,218
2019.01.18,17:58,1.13647,1.13673,1.13645,1.13661,190
2019.01.18,17:59,1.13662,1.13676,1.1365,1.13671,193
2019.01.18,18:00,1.13672,1.13678,1.1366,1.13661,184
2019.01.18,18:01,1.13662,1.13676,1.1366,1.13673,96
2019.01.18,18:02,1.13672,1.13675,1.13661,1.13662,137
2019.01.18,18:03,1.13663,1.1367,1.13657,1.1366,143
2019.01.18,18:04,1.13658,1.13667,1.13657,1.1366,131
2019.01.18,18:05,1.1366,1.13672,1.13649,1.1365,128
2019.01.18,18:06,1.13649,1.13661,1.13647,1.13651,107
2019.01.18,18:07,1.13651,1.13658,1.13646,1.13651,110
2019.01.18,18:08,1.13649,1.13654,1.13634,1.13641,99
2019.01.18,18:09,1.13641,1.13648,1.13635,1.13643,111
2019.01.18,18:10,1.13639,1.13643,1.13624,1.1363,138
2019.01.18,18:11,1.1363,1.13632,1.13618,1.13622,131
2019.01.18,18:12,1.13621,1.13627,1.13595,1.13595,130
2019.01.18,18:13,1.13595,1.13602,1.1357,1.13575,215
2019.01.18,18:14,1.13575,1.13586,1.13571,1.13577,155
2019.01.18,18:15,1.13577,1.13592,1.13566,1.13591,141
2019.01.18,18:16,1.13593,1.13599,1.13587,1.13591,86
2019.01.18,18:17,1.1359,1.13593,1.1357,1.13574,119
2019.01.18,18:18,1.13573,1.13575,1.13561,1.13561,106
2019.01.18,18:19,1.13562,1.13589,1.1356,1.13586,149
2019.01.18,18:20,1.13585,1.13591,1.1357,1.13574,164
2019.01.18,18:21,1.13575,1.13578,1.13555,1.13558,116
2019.01.18,18:22,1.13557,1.13558,1.13535,1.13535,174
2019.01.18,18:23,1.13539,1.13551,1.13534,1.13548,121
2019.01.18,18:24,1.13546,1.13551,1.13533,1.13537,138
2019.01.18,18:25,1.13536,1.13551,1.13532,1.13549,131
2019.01.18,18:26,1.13551,1.13558,1.13548,1.13555,111
2019.01.18,18:27,1.13555,1.13563,1.13553,1.13562,90
2019.01.18,18:28,1.13563,1.13584,1.13561,1.13579,112
2019.01.18,18:29,1.13578,1.13587,1.13568,1.13569,129
2019.01.18,18:30,1.13568,1.13577,1.13565,1.13572,109
2019.01.18,18:31,1.13573,1.13582,1.13572,1.13572,97
2019.01.18,18:32,1.13572,1.13582,1.13566,1.13571,80
2019.01.18,18:33,1.13571,1.13586,1.13565,1.13574,90
2019.01.18,18:34,1.13575,1.1358,1.13561,1.13563,131
2019.01.18,18:35,1.13563,1.13577,1.1356,1.13563,113
2019.01.18,18:36,1.13563,1.13577,1.13561,1.13577,84
2019.01.18,18:37,1.13574,1.13582,1.13571,1.13581,60
2019.01.18,18:38,1.13582,1.13588,1.1358,1.13586,69
2019.01.18,18:39,1.13587,1.13595,1.13581,1.13594,71
2019.01.18,18:40,1.13595,1.13616,1.13595,1.13614,83
2019.01.18,18:41,1.13613,1.13619,1.13604,1.13619,116
2019.01.18,18:42,1.1362,1.13627,1.13614,1.13618,109
2019.01.18,18:43,1.13616,1.13636,1.13616,1.13629,58
2019.01.18,18:44,1.13628,1.13646,1.13622,1.13644,77
2019.01.18,18:45,1.13645,1.13662,1.13641,1.13645,80
2019.01.18,18:46,1.13646,1.13647,1.1364,1.13641,70
2019.01.18,18:47,1.1364,1.13648,1.13632,1.13644,86
2019.01.18,18:48,1.13642,1.13644,1.1363,1.13631,79
2019.01.18,18:49,1.1363,1.13635,1.13627,1.13633,48
2019.01.18,18:50,1.13633,1.13639,1.13622,1.13627,49
2019.01.18,18:51,1.13628,1.13633,1.13624,1.13628,82
2019.01.18,18:52,1.13628,1.13631,1.13622,1.13623,62
2019.01.18,18:53,1.13624,1.13624,1.13613,1.13613,81
2019.01.18,18:54,1.13613,1.13613,1.13604,1.13609,88
2019.01.18,18:55,1.13607,1.13607,1.13571,1.13589,125
2019.01.18,18:56,1.13593,1.13601,1.13584,1.13594,72
2019.01.18,18:57,1.13592,1.13628,1.13592,1.13621,131
2019.01.18,18:58,1.1362,1.13635,1.13616,1.13629,108
2019.01.18,18:59,1.13629,1.13633,1.13617,1.13622,58
2019.01.18,19:00,1.13622,1.13628,1.13612,1.13628,72
2019.01.18,19:01,1.13629,1.13637,1.13629,1.13635,85
2019.01.18,19:02,1.13635,1.13635,1.13614,1.13614,44
2019.01.18,19:03,1.13613,1.13614,1.136,1.13602,66
2019.01.18,19:04,1.13603,1.13605,1.13589,1.13605,65
2019.01.18,19:05,1.13605,1.13613,1.13601,1.13603,54
2019.01.18,19:06,1.13602,1.13604,1.13592,1.13597,60
2019.01.18,19:07,1.13594,1.13597,1.13587,1.13596,55
2019.01.18,19:08,1.13596,1.13601,1.13591,1.136,38
2019.01.18,19:09,1.136,1.136,1.13591,1.13595,32
2019.01.18,19:10,1.13596,1.13606,1.13594,1.13594,36
2019.01.18,19:11,1.13595,1.13596,1.13591,1.13596,35
2019.01.18,19:12,1.13595,1.13595,1.13576,1.13578,67
2019.01.18,19:13,1.13578,1.13596,1.13578,1.13589,64
2019.01.18,19:14,1.13589,1.13609,1.13589,1.13597,65
2019.01.18,19:15,1.13598,1.13599,1.13574,1.13579,63
2019.01.18,19:16,1.13581,1.13592,1.1358,1.13591,60
2019.01.18,19:17,1.13594,1.13596,1.13583,1.13594,69
2019.01.18,19:18,1.13593,1.13597,1.13591,1.13597,37
2019.01.18,19:19,1.13596,1.13598,1.13591,1.13591,28
2019.01.18,19:20,1.13592,1.13592,1.13568,1.13569,50
2019.01.18,19:21,1.13569,1.13596,1.13569,1.13596,49
2019.01.18,19:22,1.13596,1.13599,1.13594,1.13597,25
2019.01.18,19:23,1.13596,1.13596,1.13593,1.13595,35
2019.01.18,19:24,1.13596,1.13597,1.13593,1.13595,37
2019.01.18,19:25,1.13593,1.13607,1.13592,1.13606,39
2019.01.18,19:26,1.13604,1.13618,1.13604,1.1361,34
2019.01.18,19:27,1.13609,1.13615,1.13606,1.13606,34
2019.01.18,19:28,1.13606,1.13606,1.13595,1.13602,54
2019.01.18,19:29,1.13602,1.1361,1.13602,1.13607,53
2019.01.18,19:30,1.13607,1.13607,1.13599,1.13605,59
2019.01.18,19:31,1.13605,1.13609,1.13595,1.13596,60
2019.01.18,19:32,1.13595,1.13596,1.13567,1.13571,63
2019.01.18,19:33,1.13571,1.13576,1.13567,1.13567,44
2019.01.18,19:34,1.13566,1.13589,1.13566,1.13589,45
2019.01.18,19:35,1.1359,1.13591,1.13585,1.13589,34
2019.01.18,19:36,1.1359,1.13592,1.13576,1.13592,43
2019.01.18,19:37,1.13593,1.13598,1.13592,1.13595,31
2019.01.18,19:38,1.13596,1.13603,1.13596,1.13602,56
2019.01.18,19:39,1.136,1.13602,1.13586,1.1359,52
2019.01.18,19:40,1.1359,1.13593,1.13586,1.13591,49
2019.01.18,19:41,1.1359,1.13598,1.1359,1.13597,28
2019.01.18,19:42,1.13596,1.13597,1.1359,1.13597,38
2019.01.18,19:43,1.13597,1.13598,1.13581,1.13586,54
2019.01.18,19:44,1.13587,1.13598,1.13582,1.13583,64
2019.01.18,19:45,1.13584,1.13589,1.13581,1.13582,45
2019.01.18,19:46,1.13582,1.13587,1.13571,1.1358,70
2019.01.18,19:47,1.13581,1.13587,1.1358,1.13586,39
2019.01.18,19:48,1.13585,1.13586,1.13571,1.13571,36
2019.01.18,19:49,1.13572,1.13577,1.13566,1.13576,29
2019.01.18,19:50,1.13575,1.13587,1.13572,1.13587,61
2019.01.18,19:51,1.13587,1.13587,1.1358,1.13584,57
2019.01.18,19:52,1.13586,1.13587,1.1358,1.13587,60
2019.01.18,19:53,1.13591,1.13599,1.13586,1.13595,75
2019.01.18,19:54,1.13594,1.13594,1.13585,1.13585,25
2019.01.18,19:55,1.13584,1.13596,1.13584,1.13592,39
2019.01.18,19:56,1.13593,1.13593,1.13589,1.13592,37
2019.01.18,19:57,1.13593,1.13593,1.1357,1.13577,57
2019.01.18,19:58,1.13577,1.13577,1.13569,1.13574,43
2019.01.18,19:59,1.13574,1.13585,1.13572,1.13583,78
2019.01.18,20:00,1.13584,1.13592,1.13578,1.13581,59
2019.01.18,20:01,1.13585,1.13591,1.13583,1.13585,50
2019.01.18,20:02,1.13585,1.13589,1.13579,1.13589,57
2019.01.18,20:03,1.13591,1.13593,1.13588,1.13593,50
2019.01.18,20:04,1.13596,1.13603,1.13596,1.13603,21
2019.01.18,20:05,1.13602,1.13613,1.13599,1.13613,76
2019.01.18,20:06,1.13613,1.13627,1.13606,1.13626,90
2019.01.18,20:07,1.13627,1.13636,1.13624,1.13626,51
2019.01.18,20:08,1.13628,1.13629,1.13623,1.13627,46
2019.01.18,20:09,1.13627,1.13627,1.1362,1.13621,43
2019.01.18,20:10,1.13622,1.13623,1.13618,1.13621,68
2019.01.18,20:11,1.13621,1.13637,1.13621,1.13637,54
2019.01.18,20:12,1.13638,1.13642,1.13626,1.13632,65
2019.01.18,20:13,1.13633,1.13644,1.13632,1.13641,57
2019.01.18,20:14,1.13642,1.13651,1.13642,1.13648,55
2019.01.18,20:15,1.13649,1.13651,1.13641,1.13643,60
2019.01.18,20:16,1.13643,1.13645,1.13635,1.13636,40
2019.01.18,20:17,1.13636,1.13636,1.13624,1.13628,62
2019.01.18,20:18,1.13627,1.13633,1.13624,1.13632,39
2019.01.18,20:19,1.13631,1.13632,1.1362,1.13626,54
2019.01.18,20:20,1.1363,1.13647,1.13626,1.13647,55
2019.01.18,20:21,1.13647,1.13647,1.13639,1.13642,56
2019.01.18,20:22,1.13643,1.13652,1.13641,1.13652,41
2019.01.18,20:23,1.13651,1.13658,1.13648,1.13658,52
2019.01.18,20:24,1.13658,1.13669,1.13658,1.13667,61
2019.01.18,20:25,1.13665,1.13672,1.13664,1.13666,45
2019.01.18,20:26,1.13666,1.13668,1.13662,1.13665,45
2019.01.18,20:27,1.13664,1.13666,1.13656,1.13663,46
2019.01.18,20:28,1.13663,1.13667,1.13662,1.13663,32
2019.01.18,20:29,1.13665,1.13679,1.13665,1.13675,85
2019.01.18,20:30,1.13675,1.13676,1.13665,1.13666,96
2019.01.18,20:31,1.13666,1.13681,1.13666,1.1368,76
2019.01.18,20:32,1.1368,1.13681,1.13673,1.13681,63
2019.01.18,20:33,1.1368,1.13681,1.13677,1.1368,57
2019.01.18,20:34,1.13678,1.13683,1.13672,1.13677,58
2019.01.18,20:35,1.13678,1.13678,1.13672,1.13673,24
2019.01.18,20:36,1.13673,1.13674,1.1367,1.13674,25
2019.01.18,20:37,1.13676,1.13679,1.13676,1.13678,18
2019.01.18,20:38,1.13677,1.13679,1.13672,1.13677,35
2019.01.18,20:39,1.13677,1.13677,1.13673,1.13675,35
2019.01.18,20:40,1.13676,1.13679,1.13673,1.13677,34
2019.01.18,20:41,1.13676,1.13677,1.13672,1.13672,22
2019.01.18,20:42,1.13672,1.13673,1.1367,1.13672,22
2019.01.18,20:43,1.13672,1.13672,1.13669,1.13672,7
2019.01.18,20:44,1.13671,1.13672,1.13657,1.13657,48
2019.01.18,20:45,1.13657,1.13671,1.13655,1.13666,60
2019.01.18,20:46,1.13668,1.13672,1.13668,1.13671,47
2019.01.18,20:47,1.13671,1.13672,1.13665,1.13666,35
2019.01.18,20:48,1.13668,1.13669,1.13659,1.13662,48
2019.01.18,20:49,1.13662,1.13663,1.13659,1.13661,22
2019.01.18,20:50,1.13661,1.13661,1.13656,1.13657,39
2019.01.18,20:51,1.13657,1.13663,1.13656,1.13662,41
2019.01.18,20:52,1.13665,1.13672,1.13664,1.13672,33
2019.01.18,20:53,1.13673,1.13677,1.13673,1.13676,38
2019.01.18,20:54,1.13677,1.1368,1.13671,1.13673,38
2019.01.18,20:55,1.13671,1.13671,1.13662,1.13666,40
2019.01.18,20:56,1.13666,1.13671,1.13665,1.1367,29
2019.01.18,20:57,1.13671,1.13673,1.13656,1.13657,45
2019.01.18,20:58,1.13659,1.13661,1.13654,1.13658,45
2019.01.18,20:59,1.13657,1.13657,1.13645,1.13652,62
2019.01.18,21:00,1.13655,1.1366,1.13651,1.13657,65
2019.01.18,21:01,1.13656,1.13659,1.13638,1.13647,54
2019.01.18,21:02,1.13647,1.13653,1.13639,1.1364,107
2019.01.18,21:03,1.13644,1.1365,1.1364,1.13641,83
2019.01.18,21:04,1.1364,1.13644,1.13636,1.1364,88
2019.01.18,21:05,1.13641,1.13642,1.13631,1.13636,33
2019.01.18,21:06,1.13636,1.1364,1.13631,1.13636,54
2019.01.18,21:07,1.13636,1.13645,1.13635,1.13641,36
2019.01.18,21:08,1.13641,1.13641,1.13634,1.13636,26
2019.01.18,21:09,1.13635,1.13643,1.13629,1.1364,73
2019.01.18,21:10,1.13641,1.13651,1.1364,1.13645,80
2019.01.18,21:11,1.13646,1.1365,1.13645,1.13647,49
2019.01.18,21:12,1.13647,1.13651,1.13645,1.13646,45
2019.01.18,21:13,1.13646,1.13647,1.13641,1.13645,42
2019.01.18,21:14,1.13646,1.1366,1.13646,1.13658,38
2019.01.18,21:15,1.13657,1.13667,1.13655,1.13667,80
2019.01.18,21:16,1.13666,1.13667,1.13651,1.13651,57
2019.01.18,21:17,1.13653,1.13656,1.13647,1.13651,54
2019.01.18,21:18,1.13651,1.13656,1.13651,1.13655,43
2019.01.18,21:19,1.13655,1.13671,1.13652,1.13668,74
2019.01.18,21:20,1.13668,1.13671,1.13661,1.13666,82
2019.01.18,21:21,1.13666,1.13666,1.13659,1.13659,71
2019.01.18,21:22,1.13659,1.13659,1.13645,1.13647,60
2019.01.18,21:23,1.13646,1.13651,1.13645,1.13645,44
2019.01.18,21:24,1.13646,1.1365,1.13641,1.13646,34
2019.01.18,21:25,1.13647,1.13651,1.13646,1.13646,54
2019.01.18,21:26,1.13649,1.13661,1.13649,1.13655,52
2019.01.18,21:27,1.13654,1.13654,1.13645,1.13646,28
2019.01.18,21:28,1.13645,1.13651,1.13645,1.13646,61
2019.01.18,21:29,1.13645,1.13651,1.13645,1.13648,73
2019.01.18,21:30,1.13648,1.13655,1.13648,1.1365,62
2019.01.18,21:31,1.1365,1.13651,1.13646,1.13651,34
2019.01.18,21:32,1.13651,1.13656,1.13651,1.13655,36
2019.01.18,21:33,1.13655,1.13661,1.13654,1.13656,48
2019.01.18,21:34,1.13655,1.13657,1.13651,1.13657,45
2019.01.18,21:35,1.13656,1.13678,1.13656,1.13678,94
2019.01.18,21:36,1.13676,1.13681,1.13672,1.13677,79
2019.01.18,21:37,1.13676,1.13681,1.13676,1.13678,51
2019.01.18,21:38,1.13679,1.13682,1.13677,1.13678,39
2019.01.18,21:39,1.13678,1.13681,1.13675,1.13676,37
2019.01.18,21:40,1.13679,1.13685,1.13678,1.13681,34
2019.01.18,21:41,1.13681,1.13687,1.13681,1.13685,26
2019.01.18,21:42,1.13686,1.13698,1.13684,1.13696,40
2019.01.18,21:43,1.13695,1.13714,1.13693,1.1371,81
2019.01.18,21:44,1.13709,1.1372,1.13708,1.13715,58
2019.01.18,21:45,1.13714,1.13715,1.13706,1.13714,30
2019.01.18,21:46,1.13715,1.13716,1.13714,1.13714,12
2019.01.18,21:47,1.13714,1.13714,1.13709,1.1371,23
2019.01.18,21:48,1.13711,1.13718,1.13711,1.13715,39
2019.01.18,21:49,1.13716,1.13716,1.13707,1.13707,30
2019.01.18,21:50,1.13708,1.13716,1.13707,1.13715,42
2019.01.18,21:51,1.13716,1.13716,1.13711,1.13713,21
2019.01.18,21:52,1.13714,1.13717,1.13707,1.13709,36
2019.01.18,21:53,1.13712,1.13712,1.13706,1.1371,40
2019.01.18,21:54,1.13711,1.13712,1.13699,1.13702,54
2019.01.18,21:55,1.13702,1.13707,1.13697,1.13701,68
2019.01.18,21:56,1.13702,1.13705,1.13697,1.137,52
2019.01.18,21:57,1.137,1.13705,1.13699,1.13701,57
2019.01.18,21:58,1.13701,1.13706,1.137,1.13704,57
2019.01.18,21:59,1.13702,1.13706,1.13692,1.13697,122
2019.01.18,22:00,1.13696,1.13698,1.13684,1.13684,118
2019.01.18,22:01,1.13684,1.13688,1.13674,1.13677,93
2019.01.18,22:02,1.13677,1.13683,1.13666,1.13669,105
2019.01.18,22:03,1.13667,1.13676,1.13665,1.13676,65
2019.01.18,22:04,1.13677,1.13683,1.13667,1.13669,76
2019.01.18,22:05,1.13669,1.13673,1.13661,1.13663,58
2019.01.18,22:06,1.13663,1.13667,1.13662,1.13667,42
2019.01.18,22:07,1.13668,1.13677,1.13667,1.13675,59
2019.01.18,22:08,1.13674,1.13677,1.13671,1.13674,46
2019.01.18,22:09,1.13673,1.13673,1.13669,1.13671,31
2019.01.18,22:10,1.13672,1.13676,1.1367,1.13671,31
2019.01.18,22:11,1.13672,1.13676,1.13659,1.13661,47
2019.01.18,22:12,1.13663,1.13668,1.13661,1.13664,50
2019.01.18,22:13,1.13663,1.13664,1.13651,1.13653,44
2019.01.18,22:14,1.13651,1.13653,1.1364,1.13641,74
2019.01.18,22:15,1.13641,1.13652,1.1364,1.13651,59
2019.01.18,22:16,1.1365,1.13653,1.13646,1.1365,63
2019.01.18,22:17,1.13647,1.13648,1.13644,1.13645,36
2019.01.18,22:18,1.13644,1.1365,1.13637,1.13637,51
2019.01.18,22:19,1.13636,1.13649,1.13631,1.13641,60
2019.01.18,22:20,1.13641,1.13645,1.13636,1.13636,61
2019.01.18,22:21,1.13636,1.13637,1.13634,1.13635,33
2019.01.18,22:22,1.13636,1.13636,1.13626,1.13631,61
2019.01.18,22:23,1.13632,1.13636,1.13631,1.13635,28
2019.01.18,22:24,1.13634,1.13636,1.13628,1.13631,45
2019.01.18,22:25,1.13632,1.13634,1.13631,1.13632,14
2019.01.18,22:26,1.13634,1.13636,1.13626,1.13631,34
2019.01.18,22:27,1.13631,1.13634,1.13629,1.13631,35
2019.01.18,22:28,1.13635,1.13645,1.13635,1.13643,49
2019.01.18,22:29,1.13645,1.13647,1.13634,1.13636,44
2019.01.18,22:30,1.13637,1.13637,1.13626,1.13631,28
2019.01.18,22:31,1.13632,1.13637,1.13628,1.13635,26
2019.01.18,22:32,1.13633,1.13633,1.13626,1.13626,28
2019.01.18,22:33,1.13631,1.13634,1.13623,1.13629,41
2019.01.18,22:34,1.13626,1.13634,1.13626,1.13627,28
2019.01.18,22:35,1.13628,1.13636,1.13626,1.13635,19
2019.01.18,22:36,1.13636,1.13637,1.13625,1.13632,66
2019.01.18,22:37,1.13632,1.13638,1.13632,1.13637,24
2019.01.18,22:38,1.13636,1.13641,1.13636,1.1364,41
2019.01.18,22:39,1.13641,1.13641,1.13637,1.13638,25
2019.01.18,22:40,1.13637,1.13642,1.13636,1.13639,21
2019.01.18,22:41,1.13639,1.13639,1.13632,1.13632,29
2019.01.18,22:42,1.13632,1.13637,1.13631,1.13634,34
2019.01.18,22:43,1.13633,1.13639,1.13633,1.13637,44
2019.01.18,22:44,1.13638,1.13641,1.13636,1.13641,54
2019.01.18,22:45,1.13641,1.13642,1.13634,1.13637,69
2019.01.18,22:46,1.13638,1.13641,1.13637,1.13638,16
2019.01.18,22:47,1.13639,1.13642,1.13638,1.13638,23
2019.01.18,22:48,1.13638,1.13639,1.13637,1.13637,19
2019.01.18,22:49,1.13637,1.13637,1.13624,1.13629,43
2019.01.18,22:50,1.13625,1.13627,1.1362,1.13627,35
2019.01.18,22:51,1.13628,1.13641,1.13626,1.13641,49
2019.01.18,22:52,1.13639,1.13639,1.13626,1.13639,40
2019.01.18,22:53,1.13639,1.13644,1.13637,1.13639,27
2019.01.18,22:54,1.13639,1.1364,1.13634,1.13639,42
2019.01.18,22:55,1.13639,1.13648,1.13636,1.13643,45
2019.01.18,22:56,1.13642,1.13642,1.13626,1.1364,62
2019.01.18,22:57,1.13641,1.13643,1.13633,1.13638,85
2019.01.18,22:58,1.13639,1.13646,1.13635,1.13644,133
2019.01.18,22:59,1.13645,1.13649,1.13631,1.13639,104
2019.01.18,23:00,1.13636,1.13646,1.13633,1.13641,63
2019.01.18,23:01,1.13641,1.13644,1.13638,1.13644,47
2019.01.18,23:02,1.13644,1.13645,1.13641,1.13643,27
2019.01.18,23:03,1.13643,1.13648,1.13642,1.13645,48
2019.01.18,23:04,1.13645,1.13646,1.13641,1.13643,29
2019.01.18,23:05,1.13642,1.13646,1.13642,1.13646,18
2019.01.18,23:06,1.13645,1.13648,1.13645,1.13647,16
2019.01.18,23:07,1.13648,1.13652,1.13648,1.13648,81
2019.01.18,23:08,1.13649,1.13654,1.13649,1.13651,18
2019.01.18,23:09,1.13648,1.13652,1.13647,1.13652,15
2019.01.18,23:10,1.13651,1.13653,1.13651,1.13653,4
2019.01.18,23:11,1.13651,1.13654,1.13651,1.13653,23
2019.01.18,23:12,1.13652,1.13658,1.1365,1.13651,57
2019.01.18,23:13,1.1365,1.13652,1.13649,1.1365,23
2019.01.18,23:14,1.13649,1.13652,1.13647,1.13649,45
2019.01.18,23:15,1.13649,1.13653,1.13649,1.1365,17
2019.01.18,23:16,1.1365,1.13657,1.13647,1.13651,18
2019.01.18,23:17,1.13653,1.13653,1.13647,1.13651,15
2019.01.18,23:18,1.13652,1.13653,1.13648,1.13649,20
2019.01.18,23:19,1.13651,1.13655,1.1365,1.13653,8
2019.01.18,23:20,1.13653,1.13658,1.13652,1.13657,30
2019.01.18,23:21,1.13655,1.13657,1.13655,1.13656,10
2019.01.18,23:22,1.13657,1.13657,1.13651,1.13652,11
2019.01.18,23:23,1.13652,1.13654,1.13652,1.13653,12
2019.01.18,23:24,1.13653,1.13653,1.13652,1.13652,9
2019.01.18,23:25,1.13652,1.13652,1.1365,1.1365,16
2019.01.18,23:26,1.13651,1.13653,1.1365,1.1365,22
2019.01.18,23:27,1.13652,1.13652,1.13647,1.13652,26
2019.01.18,23:28,1.13654,1.13654,1.1365,1.13651,12
2019.01.18,23:29,1.13651,1.13652,1.13646,1.13647,29
2019.01.18,23:30,1.13648,1.13658,1.13648,1.13655,57
2019.01.18,23:31,1.13658,1.13658,1.13653,1.13654,37
2019.01.18,23:32,1.13653,1.13654,1.13653,1.13654,13
2019.01.18,23:33,1.13653,1.13658,1.1365,1.1365,19
2019.01.18,23:34,1.1365,1.13653,1.13645,1.13653,40
2019.01.18,23:35,1.13653,1.13654,1.13647,1.13652,57
2019.01.18,23:36,1.13651,1.13652,1.13646,1.13651,30
2019.01.18,23:37,1.13651,1.13654,1.13646,1.13653,38
2019.01.18,23:38,1.13654,1.13655,1.13651,1.13654,17
2019.01.18,23:39,1.13654,1.13655,1.13649,1.13649,23
2019.01.18,23:40,1.13649,1.13649,1.13642,1.13643,28
2019.01.18,23:41,1.13644,1.13645,1.13639,1.13644,28
2019.01.18,23:42,1.13646,1.13646,1.13643,1.13646,18
2019.01.18,23:43,1.13645,1.13646,1.13642,1.13645,37
2019.01.18,23:44,1.13644,1.13649,1.13642,1.13642,25
2019.01.18,23:45,1.13643,1.13644,1.1364,1.13642,13
2019.01.18,23:46,1.1364,1.13643,1.13638,1.13641,31
2019.01.18,23:47,1.13641,1.13645,1.13637,1.1364,40
2019.01.18,23:48,1.1364,1.13646,1.13639,1.13646,32
2019.01.18,23:49,1.13646,1.13648,1.13644,1.13645,28
2019.01.18,23:50,1.13644,1.13647,1.1364,1.13646,30
2019.01.18,23:51,1.13646,1.13647,1.13642,1.13644,27
2019.01.18,23:52,1.13645,1.13647,1.13643,1.13645,21
2019.01.18,23:53,1.13645,1.13648,1.1364,1.1364,28
2019.01.18,23:54,1.13639,1.1364,1.13637,1.13637,26
2019.01.18,23:55,1.1364,1.1364,1.1363,1.13635,32
2019.01.18,23:56,1.13633,1.13636,1.13631,1.13631,19
2019.01.18,23:57,1.1363,1.13631,1.13599,1.13607,33
2019.01.21,00:00,1.13604,1.13604,1.13599,1.13599,2
2019.01.21,00:01,1.136,1.136,1.136,1.136,1
2019.01.21,00:02,1.13601,1.13602,1.13601,1.13602,3
2019.01.21,00:03,1.13605,1.13605,1.13605,1.13605,2
2019.01.21,00:04,1.13606,1.13606,1.13605,1.13605,3
2019.01.21,00:05,1.13605,1.13613,1.13605,1.13613,6
2019.01.21,00:06,1.13616,1.13621,1.13612,1.13614,17
2019.01.21,00:07,1.13614,1.13616,1.13603,1.13614,15
2019.01.21,00:08,1.13617,1.13621,1.13613,1.13615,10
2019.01.21,00:09,1.13617,1.13622,1.13613,1.13616,21
2019.01.21,00:10,1.13616,1.13621,1.13614,1.13615,28
2019.01.21,00:11,1.13615,1.13616,1.13611,1.13612,12
2019.01.21,00:12,1.13613,1.13614,1.13611,1.13613,17
2019.01.21,00:13,1.13613,1.13614,1.13611,1.13613,28
2019.01.21,00:14,1.13613,1.13614,1.13612,1.13613,22
2019.01.21,00:15,1.13613,1.13617,1.13612,1.13615,31
2019.01.21,00:16,1.13614,1.13617,1.13612,1.13613,39
2019.01.21,00:17,1.13613,1.13638,1.13613,1.13638,26
2019.01.21,00:18,1.13639,1.13642,1.13635,1.13638,16
2019.01.21,00:19,1.13638,1.13644,1.13634,1.13638,25
2019.01.21,00:20,1.13638,1.13638,1.13638,1.13638,25
2019.01.21,00:21,1.13642,1.13652,1.13634,1.13652,28
2019.01.21,00:22,1.13652,1.13652,1.13652,1.13652,23
2019.01.21,00:23,1.13652,1.13665,1.13652,1.13663,30
2019.01.21,00:24,1.13665,1.13668,1.13661,1.13661,14
2019.01.21,00:25,1.13663,1.13668,1.13657,1.13662,22
2019.01.21,00:26,1.13667,1.13667,1.13659,1.13659,23
2019.01.21,00:27,1.13659,1.13659,1.13647,1.13658,16
2019.01.21,00:28,1.13661,1.13667,1.13657,1.13657,21
2019.01.21,00:29,1.13654,1.13658,1.13651,1.13651,66
2019.01.21,00:30,1.13653,1.13653,1.13651,1.13651,22
2019.01.21,00:31,1.1365,1.13654,1.1365,1.13654,23
2019.01.21,00:32,1.13654,1.13655,1.13646,1.13646,32
2019.01.21,00:33,1.13646,1.13651,1.13646,1.13647,23
2019.01.21,00:34,1.13647,1.13647,1.13647,1.13647,8
2019.01.21,00:35,1.13647,1.13648,1.13647,1.13647,7
2019.01.21,00:36,1.13648,1.13648,1.13647,1.13647,4
2019.01.21,00:37,1.13648,1.13649,1.13647,1.13648,51
2019.01.21,00:38,1.13649,1.1365,1.13648,1.13649,5
2019.01.21,00:39,1.1365,1.13651,1.1365,1.13651,2
2019.01.21,00:40,1.13652,1.1366,1.13651,1.13659,17
2019.01.21,00:41,1.13658,1.13658,1.13653,1.13654,11
2019.01.21,00:42,1.13656,1.13659,1.13655,1.13659,7
2019.01.21,00:43,1.1366,1.13663,1.13649,1.13659,14
2019.01.21,00:44,1.1366,1.13661,1.1366,1.1366,3
2019.01.21,00:45,1.13659,1.13659,1.13658,1.13658,4
2019.01.21,00:46,1.13658,1.13658,1.13656,1.13656,3
2019.01.21,00:47,1.13656,1.13656,1.13656,1.13656,1
2019.01.21,00:48,1.13655,1.13655,1.13655,1.13655,1
2019.01.21,00:49,1.13654,1.13654,1.13654,1.13654,1
2019.01.21,00:50,1.13653,1.13653,1.13653,1.13653,1
2019.01.21,00:51,1.13654,1.13654,1.13653,1.13654,9
2019.01.21,00:52,1.13653,1.13654,1.1365,1.13651,27
2019.01.21,00:53,1.13652,1.13653,1.1365,1.1365,17
2019.01.21,00:54,1.13651,1.13651,1.1365,1.1365,43
2019.01.21,00:55,1.13651,1.13651,1.13649,1.13649,46
2019.01.21,00:56,1.1365,1.1366,1.13649,1.13649,38
2019.01.21,00:57,1.1365,1.13656,1.1365,1.13653,19
2019.01.21,00:58,1.13657,1.13657,1.13648,1.13652,19
2019.01.21,00:59,1.13651,1.13658,1.13649,1.13654,31
2019.01.21,01:00,1.13654,1.13657,1.13648,1.13657,49
2019.01.21,01:01,1.1366,1.1366,1.13659,1.13659,4
2019.01.21,01:02,1.13659,1.13664,1.13658,1.1366,35
2019.01.21,01:03,1.13661,1.13662,1.13656,1.13657,21
2019.01.21,01:04,1.13658,1.13662,1.13657,1.1366,19
2019.01.21,01:05,1.1366,1.13661,1.13659,1.1366,17
2019.01.21,01:06,1.1366,1.13663,1.13659,1.13659,15
2019.01.21,01:07,1.13659,1.13659,1.13659,1.13659,1
2019.01.21,01:08,1.13659,1.13659,1.13655,1.13655,5
2019.01.21,01:09,1.13655,1.13658,1.13655,1.13658,9
2019.01.21,01:10,1.13658,1.13664,1.13658,1.13662,24
2019.01.21,01:11,1.13662,1.13664,1.1366,1.13663,26
2019.01.21,01:12,1.13664,1.13664,1.13663,1.13664,8
2019.01.21,01:13,1.13662,1.13662,1.13657,1.13659,27
2019.01.21,01:14,1.13659,1.1366,1.13656,1.13657,19
2019.01.21,01:15,1.13657,1.13668,1.13657,1.13664,23
2019.01.21,01:16,1.13664,1.13666,1.13663,1.13664,17
2019.01.21,01:17,1.13665,1.13665,1.13663,1.13663,5
2019.01.21,01:18,1.13661,1.13663,1.13658,1.1366,12
2019.01.21,01:19,1.13659,1.13664,1.13659,1.13664,5
2019.01.21,01:20,1.13665,1.13668,1.13665,1.13665,15
2019.01.21,01:21,1.13665,1.13666,1.13654,1.13658,40
2019.01.21,01:22,1.13657,1.13667,1.13655,1.13666,27
2019.01.21,01:23,1.13664,1.13665,1.13664,1.13664,7
2019.01.21,01:24,1.13665,1.13665,1.13664,1.13664,9
2019.01.21,01:25,1.13667,1.13671,1.13667,1.13671,20
2019.01.21,01:26,1.13672,1.13675,1.1367,1.1367,14
2019.01.21,01:27,1.13673,1.13673,1.1367,1.13671,20
2019.01.21,01:28,1.13671,1.13671,1.13669,1.1367,26
2019.01.21,01:29,1.1367,1.13681,1.1367,1.1368,26
2019.01.21,01:30,1.13678,1.13678,1.13662,1.13662,21
2019.01.21,01:31,1.13663,1.13666,1.13655,1.13655,14
2019.01.21,01:32,1.13656,1.13656,1.13648,1.13651,23
2019.01.21,01:33,1.13651,1.13651,1.13647,1.1365,13
2019.01.21,01:34,1.13649,1.13654,1.13649,1.13654,10
2019.01.21,01:35,1.13654,1.13654,1.13652,1.13652,9
2019.01.21,01:36,1.13651,1.13656,1.1365,1.13655,26
2019.01.21,01:37,1.13656,1.13657,1.13656,1.13656,5
2019.01.21,01:38,1.13656,1.13656,1.13649,1.1365,17
2019.01.21,01:39,1.1365,1.13651,1.13649,1.13651,12
2019.01.21,01:40,1.1365,1.13652,1.1365,1.13651,9
2019.01.21,01:41,1.1365,1.13653,1.1365,1.13653,6
2019.01.21,01:42,1.13652,1.13654,1.13651,1.13652,7
2019.01.21,01:43,1.13652,1.13656,1.13651,1.13656,10
2019.01.21,01:44,1.13656,1.13656,1.13656,1.13656,1
2019.01.21,01:45,1.13657,1.13672,1.13656,1.13668,24
2019.01.21,01:46,1.13667,1.13668,1.1366,1.13661,23
2019.01.21,01:47,1.13662,1.13663,1.1366,1.13663,15
2019.01.21,01:48,1.13665,1.13669,1.13663,1.13666,25
2019.01.21,01:49,1.13667,1.13667,1.13664,1.13665,10
2019.01.21,01:50,1.13664,1.13665,1.13663,1.13664,11
2019.01.21,01:51,1.13664,1.13665,1.13664,1.13664,16
2019.01.21,01:52,1.13664,1.13664,1.13662,1.13663,16
2019.01.21,01:53,1.13662,1.13669,1.13662,1.13667,26
2019.01.21,01:54,1.13666,1.13667,1.13663,1.13664,15
2019.01.21,01:55,1.13665,1.13665,1.13661,1.13662,12
2019.01.21,01:56,1.13661,1.13661,1.1366,1.13661,3
2019.01.21,01:57,1.13661,1.13661,1.13655,1.13655,20
2019.01.21,01:58,1.13654,1.13655,1.13647,1.13655,63
2019.01.21,01:59,1.13654,1.13655,1.13649,1.13654,15
2019.01.21,02:00,1.13653,1.13656,1.1365,1.13654,39
2019.01.21,02:01,1.13653,1.13655,1.13649,1.13651,21
2019.01.21,02:02,1.13651,1.13683,1.1365,1.13683,52
2019.01.21,02:03,1.13682,1.13685,1.13681,1.13683,43
2019.01.21,02:04,1.13683,1.13686,1.13683,1.13684,8
2019.01.21,02:05,1.13683,1.13691,1.13681,1.13684,34
2019.01.21,02:06,1.13682,1.137,1.13682,1.13696,70
2019.01.21,02:07,1.13696,1.13716,1.13696,1.13712,49
2019.01.21,02:08,1.13711,1.13732,1.1371,1.13726,69
2019.01.21,02:09,1.13727,1.13727,1.13716,1.1372,37
2019.01.21,02:10,1.1372,1.13731,1.1372,1.13728,35
2019.01.21,02:11,1.13728,1.13731,1.13725,1.13729,40
2019.01.21,02:12,1.13732,1.13732,1.13726,1.1373,41
2019.01.21,02:13,1.1373,1.1375,1.1373,1.1375,64
2019.01.21,02:14,1.13751,1.13761,1.13744,1.13759,53
2019.01.21,02:15,1.13758,1.13759,1.13734,1.13758,51
2019.01.21,02:16,1.13765,1.13774,1.13765,1.13768,59
2019.01.21,02:17,1.13769,1.13769,1.13765,1.13768,40
2019.01.21,02:18,1.13767,1.13772,1.13765,1.13771,28
2019.01.21,02:19,1.13769,1.1377,1.13766,1.13768,28
2019.01.21,02:20,1.13769,1.1377,1.13762,1.13769,82
2019.01.21,02:21,1.13772,1.13773,1.13766,1.13768,38
2019.01.21,02:22,1.13768,1.13768,1.13754,1.13754,29
2019.01.21,02:23,1.13751,1.13751,1.13745,1.13749,29
2019.01.21,02:24,1.13747,1.1375,1.13741,1.1375,34
2019.01.21,02:25,1.1375,1.1375,1.13742,1.13747,44
2019.01.21,02:26,1.13748,1.13751,1.13741,1.13741,30
2019.01.21,02:27,1.13742,1.13742,1.13736,1.13737,24
2019.01.21,02:28,1.13738,1.13743,1.13738,1.13739,20
2019.01.21,02:29,1.1374,1.13742,1.13738,1.13742,24
2019.01.21,02:30,1.13742,1.13744,1.13742,1.13743,10
2019.01.21,02:31,1.13747,1.13748,1.13739,1.13739,29
2019.01.21,02:32,1.13738,1.13739,1.13737,1.13738,10
2019.01.21,02:33,1.13737,1.1374,1.13736,1.13739,15
2019.01.21,02:34,1.13738,1.13742,1.13738,1.13739,27
2019.01.21,02:35,1.13737,1.1374,1.13734,1.13734,26
2019.01.21,02:36,1.13737,1.13742,1.13731,1.13739,41
2019.01.21,02:37,1.13738,1.1374,1.13727,1.13731,42
2019.01.21,02:38,1.13732,1.13732,1.13731,1.13732,9
2019.01.21,02:39,1.13733,1.13733,1.13725,1.13728,29
2019.01.21,02:40,1.13729,1.13748,1.13728,1.13744,34
2019.01.21,02:41,1.13745,1.13753,1.13745,1.1375,35
2019.01.21,02:42,1.1375,1.13755,1.13749,1.13752,39
2019.01.21,02:43,1.13753,1.13756,1.13747,1.13749,37
2019.01.21,02:44,1.13748,1.13748,1.13738,1.13742,29
2019.01.21,02:45,1.13742,1.13751,1.13742,1.13748,35
2019.01.21,02:46,1.13748,1.13751,1.13738,1.13738,32
2019.01.21,02:47,1.1374,1.1374,1.13737,1.13738,26
2019.01.21,02:48,1.13738,1.13738,1.13736,1.13736,12
2019.01.21,02:49,1.13736,1.13736,1.13722,1.13723,27
2019.01.21,02:50,1.13724,1.13731,1.13724,1.13728,26
2019.01.21,02:51,1.13728,1.13735,1.13728,1.13734,22
2019.01.21,02:52,1.13734,1.13737,1.13734,1.13734,20
2019.01.21,02:53,1.13733,1.13734,1.13731,1.13733,18
2019.01.21,02:54,1.13733,1.13755,1.13733,1.13751,69
2019.01.21,02:55,1.13751,1.13757,1.13747,1.13749,50
2019.01.21,02:56,1.1375,1.13752,1.13743,1.13746,31
2019.01.21,02:57,1.13744,1.13744,1.13732,1.13732,51
2019.01.21,02:58,1.13731,1.13744,1.13731,1.13742,22
2019.01.21,02:59,1.13741,1.13747,1.13741,1.13743,28
2019.01.21,03:00,1.13743,1.13743,1.13733,1.13742,49
2019.01.21,03:01,1.13743,1.13743,1.13731,1.13732,48
2019.01.21,03:02,1.13732,1.13734,1.13732,1.13733,14
2019.01.21,03:03,1.13734,1.13734,1.13733,1.13733,9
2019.01.21,03:04,1.13733,1.13746,1.13733,1.13746,20
2019.01.21,03:05,1.13746,1.13754,1.13746,1.13753,24
2019.01.21,03:06,1.13753,1.13756,1.13735,1.13735,49
2019.01.21,03:07,1.13736,1.13736,1.13726,1.13731,66
2019.01.21,03:08,1.13732,1.13742,1.13732,1.13742,49
2019.01.21,03:09,1.13743,1.13743,1.13728,1.13739,49
2019.01.21,03:10,1.13738,1.13743,1.13737,1.13737,57
2019.01.21,03:11,1.13735,1.13753,1.1373,1.13752,83
2019.01.21,03:12,1.13752,1.13759,1.1375,1.13755,53
2019.01.21,03:13,1.13755,1.13755,1.13742,1.13743,52
2019.01.21,03:14,1.13744,1.13745,1.13734,1.13734,42
2019.01.21,03:15,1.13734,1.13735,1.13721,1.13725,79
2019.01.21,03:16,1.13726,1.13742,1.13726,1.13741,54
2019.01.21,03:17,1.1374,1.13757,1.13739,1.13754,53
2019.01.21,03:18,1.13754,1.13754,1.13731,1.13738,62
2019.01.21,03:19,1.13738,1.13747,1.13738,1.13738,44
2019.01.21,03:20,1.13738,1.13745,1.13738,1.13745,33
2019.01.21,03:21,1.13744,1.13745,1.13739,1.13742,33
2019.01.21,03:22,1.13744,1.13751,1.13744,1.13747,35
2019.01.21,03:23,1.13747,1.13752,1.13747,1.13752,18
2019.01.21,03:24,1.13754,1.13754,1.13747,1.13748,23
2019.01.21,03:25,1.13747,1.13748,1.13737,1.13737,47
2019.01.21,03:26,1.13739,1.1374,1.13735,1.13737,26
2019.01.21,03:27,1.13736,1.13742,1.13736,1.13737,34
2019.01.21,03:28,1.13735,1.13737,1.13735,1.13737,20
2019.01.21,03:29,1.13739,1.1374,1.13734,1.13735,18
2019.01.21,03:30,1.13735,1.13737,1.13732,1.13735,22
2019.01.21,03:31,1.13736,1.13737,1.13723,1.13732,48
2019.01.21,03:32,1.13733,1.13737,1.13733,1.13733,10
2019.01.21,03:33,1.13733,1.13736,1.13717,1.13726,56
2019.01.21,03:34,1.13727,1.13737,1.13726,1.13732,36
2019.01.21,03:35,1.13732,1.13733,1.13711,1.13716,51
2019.01.21,03:36,1.13717,1.13719,1.13713,1.13719,36
2019.01.21,03:37,1.1372,1.13725,1.13716,1.1372,40
2019.01.21,03:38,1.13719,1.13722,1.13715,1.13716,45
2019.01.21,03:39,1.13716,1.1372,1.13716,1.13717,22
2019.01.21,03:40,1.13717,1.13728,1.13717,1.13726,55
2019.01.21,03:41,1.13727,1.13765,1.13727,1.13765,89
2019.01.21,03:42,1.13764,1.13766,1.13755,1.1376,52
2019.01.21,03:43,1.13758,1.13773,1.13757,1.13769,61
2019.01.21,03:44,1.13768,1.13768,1.13753,1.13754,47
2019.01.21,03:45,1.13755,1.13758,1.13753,1.13757,30
2019.01.21,03:46,1.13758,1.13766,1.13757,1.13759,24
2019.01.21,03:47,1.13759,1.13763,1.13754,1.13758,23
2019.01.21,03:48,1.13758,1.13762,1.13757,1.1376,23
2019.01.21,03:49,1.13761,1.13762,1.13759,1.13759,5
2019.01.21,03:50,1.13758,1.13764,1.13756,1.13764,33
2019.01.21,03:51,1.13767,1.13767,1.13764,1.13764,10
2019.01.21,03:52,1.13767,1.13772,1.13764,1.13767,29
2019.01.21,03:53,1.13768,1.13773,1.13766,1.13767,26
2019.01.21,03:54,1.13767,1.13768,1.13765,1.13765,18
2019.01.21,03:55,1.13766,1.13772,1.13765,1.13768,19
2019.01.21,03:56,1.13769,1.1377,1.13767,1.1377,11
2019.01.21,03:57,1.13769,1.13769,1.13764,1.13768,20
2019.01.21,03:58,1.13767,1.13768,1.13762,1.13762,19
2019.01.21,03:59,1.13762,1.13767,1.13757,1.13763,62
2019.01.21,04:00,1.13765,1.13789,1.13761,1.13772,114
2019.01.21,04:01,1.13773,1.13774,1.13771,1.13772,32
2019.01.21,04:02,1.13772,1.13783,1.1377,1.13783,45
2019.01.21,04:03,1.13781,1.13783,1.13778,1.13782,51
2019.01.21,04:04,1.13783,1.13784,1.13778,1.13779,44
2019.01.21,04:05,1.13779,1.13782,1.13766,1.13767,58
2019.01.21,04:06,1.1377,1.13772,1.13763,1.13764,59
2019.01.21,04:07,1.13764,1.13768,1.13757,1.13758,68
2019.01.21,04:08,1.13759,1.13767,1.13753,1.13766,37
2019.01.21,04:09,1.13767,1.13767,1.13755,1.13757,51
2019.01.21,04:10,1.13758,1.13759,1.13754,1.13759,39
2019.01.21,04:11,1.13761,1.13761,1.13759,1.13759,18
2019.01.21,04:12,1.13759,1.13767,1.13758,1.13762,52
2019.01.21,04:13,1.13764,1.1377,1.13763,1.13766,32
2019.01.21,04:14,1.13765,1.13767,1.13759,1.13762,53
2019.01.21,04:15,1.13762,1.13764,1.13757,1.13764,26
2019.01.21,04:16,1.13763,1.13771,1.13758,1.13769,66
2019.01.21,04:17,1.13771,1.13775,1.13765,1.13773,72
2019.01.21,04:18,1.13772,1.13775,1.13768,1.13769,40
2019.01.21,04:19,1.13771,1.13777,1.13768,1.13777,37
2019.01.21,04:20,1.13776,1.13779,1.13773,1.13779,49
2019.01.21,04:21,1.13778,1.13778,1.13766,1.13777,42
2019.01.21,04:22,1.13777,1.13779,1.13772,1.13777,52
2019.01.21,04:23,1.13777,1.13778,1.13774,1.13775,30
2019.01.21,04:24,1.13775,1.13777,1.13772,1.13776,38
2019.01.21,04:25,1.13777,1.13779,1.13775,1.13779,31
2019.01.21,04:26,1.13779,1.13779,1.13777,1.13778,8
2019.01.21,04:27,1.13777,1.1378,1.13777,1.13779,23
2019.01.21,04:28,1.1378,1.13782,1.13774,1.13777,41
2019.01.21,04:29,1.13779,1.13779,1.13775,1.13777,25
2019.01.21,04:30,1.13777,1.1378,1.13776,1.13779,24
2019.01.21,04:31,1.13777,1.13779,1.13777,1.13777,17
2019.01.21,04:32,1.13778,1.1378,1.13777,1.13777,15
2019.01.21,04:33,1.13777,1.13777,1.13774,1.13776,20
2019.01.21,04:34,1.13776,1.1378,1.13775,1.13777,21
2019.01.21,04:35,1.13775,1.13781,1.13775,1.13778,33
2019.01.21,04:36,1.13777,1.13778,1.13776,1.13776,15
2019.01.21,04:37,1.13776,1.13777,1.13774,1.13776,29
2019.01.21,04:38,1.13776,1.13779,1.13776,1.13776,17
2019.01.21,04:39,1.13775,1.13775,1.13771,1.13771,8
2019.01.21,04:40,1.13772,1.13777,1.13771,1.13777,14
2019.01.21,04:41,1.13777,1.13786,1.13777,1.13786,18
2019.01.21,04:42,1.13787,1.13787,1.13786,1.13787,11
2019.01.21,04:43,1.13786,1.13793,1.13785,1.13793,37
2019.01.21,04:44,1.13792,1.13799,1.13791,1.13798,53
2019.01.21,04:45,1.13797,1.13797,1.13788,1.13793,32
2019.01.21,04:46,1.13794,1.13803,1.13791,1.13801,45
2019.01.21,04:47,1.138,1.13801,1.13797,1.13797,20
2019.01.21,04:48,1.13798,1.13801,1.13797,1.13797,10
2019.01.21,04:49,1.13796,1.13802,1.13796,1.13801,30
2019.01.21,04:50,1.138,1.13801,1.13793,1.13797,26
2019.01.21,04:51,1.13796,1.13799,1.13796,1.13797,21
2019.01.21,04:52,1.13797,1.13797,1.13791,1.13791,28
2019.01.21,04:53,1.13792,1.13792,1.13789,1.13792,23
2019.01.21,04:54,1.13792,1.13797,1.13789,1.13792,30
2019.01.21,04:55,1.1379,1.1379,1.13777,1.13778,40
2019.01.21,04:56,1.13779,1.13789,1.13779,1.1378,40
2019.01.21,04:57,1.1378,1.1378,1.13766,1.13772,38
2019.01.21,04:58,1.13772,1.13778,1.13771,1.13772,45
2019.01.21,04:59,1.13772,1.13772,1.13764,1.13767,33
2019.01.21,05:00,1.13767,1.13772,1.13759,1.13762,34
2019.01.21,05:01,1.13762,1.13762,1.13756,1.13756,34
2019.01.21,05:02,1.13756,1.13763,1.13755,1.13756,38
2019.01.21,05:03,1.13755,1.13756,1.13752,1.13756,22
2019.01.21,05:04,1.13756,1.13758,1.13756,1.13756,7
2019.01.21,05:05,1.13756,1.13758,1.13752,1.13758,24
2019.01.21,05:06,1.1376,1.13766,1.13757,1.13763,51
2019.01.21,05:07,1.13762,1.13767,1.13762,1.13767,29
2019.01.21,05:08,1.13766,1.13767,1.13763,1.13763,28
2019.01.21,05:09,1.13764,1.13764,1.13753,1.13753,29
2019.01.21,05:10,1.13753,1.13766,1.13752,1.13762,28
2019.01.21,05:11,1.13762,1.13765,1.13762,1.13762,13
2019.01.21,05:12,1.13762,1.13762,1.13754,1.13755,18
2019.01.21,05:13,1.13755,1.13762,1.13754,1.13758,21
2019.01.21,05:14,1.13759,1.13764,1.13757,1.13762,14
2019.01.21,05:15,1.13763,1.13764,1.13762,1.13764,10
2019.01.21,05:16,1.13762,1.13764,1.13753,1.13756,23
2019.01.21,05:17,1.13757,1.1376,1.13754,1.13756,40
2019.01.21,05:18,1.13755,1.13757,1.13747,1.13752,48
2019.01.21,05:19,1.13751,1.13759,1.1375,1.13756,41
2019.01.21,05:20,1.13758,1.13759,1.13755,1.13755,20
2019.01.21,05:21,1.13756,1.13756,1.13746,1.13746,35
2019.01.21,05:22,1.13745,1.13752,1.13745,1.13751,22
2019.01.21,05:23,1.1375,1.13751,1.13747,1.13748,28
2019.01.21,05:24,1.13746,1.13746,1.13735,1.1374,44
2019.01.21,05:25,1.13739,1.13744,1.13739,1.13742,26
2019.01.21,05:26,1.13742,1.13747,1.13741,1.13747,36
2019.01.21,05:27,1.13747,1.13752,1.13742,1.13752,28
2019.01.21,05:28,1.13752,1.13762,1.13752,1.1376,31
2019.01.21,05:29,1.13759,1.1376,1.13752,1.13759,36
2019.01.21,05:30,1.1376,1.13764,1.13758,1.1376,29
2019.01.21,05:31,1.13759,1.1376,1.13757,1.13758,25
2019.01.21,05:32,1.13758,1.13758,1.13755,1.13757,11
2019.01.21,05:33,1.13757,1.13764,1.13757,1.1376,24
2019.01.21,05:34,1.13761,1.13764,1.13761,1.13762,22
2019.01.21,05:35,1.13762,1.13766,1.13762,1.13765,11
2019.01.21,05:36,1.13765,1.13768,1.13763,1.13764,27
2019.01.21,05:37,1.13764,1.1377,1.13764,1.13764,24
2019.01.21,05:38,1.13766,1.13767,1.13766,1.13766,7
2019.01.21,05:39,1.13766,1.13767,1.13763,1.13764,22
2019.01.21,05:40,1.13765,1.13767,1.13762,1.13762,34
2019.01.21,05:41,1.13762,1.13764,1.13761,1.13762,14
2019.01.21,05:42,1.13762,1.13766,1.13761,1.13765,20
2019.01.21,05:43,1.13765,1.13768,1.13763,1.13766,20
2019.01.21,05:44,1.13763,1.13764,1.13755,1.13759,32
2019.01.21,05:45,1.13757,1.13759,1.13752,1.13752,38
2019.01.21,05:46,1.13752,1.13754,1.13751,1.13752,23
2019.01.21,05:47,1.13752,1.13755,1.13752,1.13752,30
2019.01.21,05:48,1.13752,1.13752,1.13746,1.13747,38
2019.01.21,05:49,1.13748,1.13759,1.13747,1.13757,44
2019.01.21,05:50,1.13757,1.13762,1.13757,1.13757,21
2019.01.21,05:51,1.13757,1.13762,1.13753,1.13761,35
2019.01.21,05:52,1.13763,1.13763,1.13759,1.13762,26
2019.01.21,05:53,1.13762,1.13768,1.13762,1.13765,17
2019.01.21,05:54,1.13763,1.13763,1.13752,1.13753,38
2019.01.21,05:55,1.13754,1.13758,1.13753,1.13757,35
2019.01.21,05:56,1.13756,1.13758,1.13751,1.13751,28
2019.01.21,05:57,1.13751,1.13754,1.13751,1.13752,26
2019.01.21,05:58,1.13752,1.13756,1.13751,1.13751,30
2019.01.21,05:59,1.13751,1.13752,1.13751,1.13752,17
2019.01.21,06:00,1.13752,1.13752,1.13741,1.13743,39
2019.01.21,06:01,1.13743,1.13752,1.13741,1.13752,38
2019.01.21,06:02,1.13751,1.13751,1.13735,1.13736,35
2019.01.21,06:03,1.13735,1.13736,1.13734,1.13735,27
2019.01.21,06:04,1.13734,1.13737,1.13732,1.13735,16
2019.01.21,06:05,1.13737,1.13748,1.13736,1.13748,33
2019.01.21,06:06,1.13748,1.13748,1.13745,1.13745,15
2019.01.21,06:07,1.13745,1.13747,1.13745,1.13746,19
2019.01.21,06:08,1.13747,1.13753,1.13746,1.13751,23
2019.01.21,06:09,1.1375,1.1375,1.13741,1.13747,30
2019.01.21,06:10,1.13747,1.13749,1.13746,1.13747,30
2019.01.21,06:11,1.13748,1.1375,1.13747,1.13747,6
2019.01.21,06:12,1.13747,1.13747,1.13745,1.13745,11
2019.01.21,06:13,1.13746,1.13748,1.13745,1.13746,16
2019.01.21,06:14,1.13746,1.13749,1.13743,1.13745,19
2019.01.21,06:15,1.13744,1.13744,1.13741,1.13742,10
2019.01.21,06:16,1.13742,1.13742,1.13739,1.1374,8
2019.01.21,06:17,1.13739,1.13739,1.13736,1.13736,5
2019.01.21,06:18,1.13736,1.13736,1.13735,1.13736,7
2019.01.21,06:19,1.13736,1.13737,1.13731,1.13732,11
2019.01.21,06:20,1.13731,1.13738,1.13731,1.13736,12
2019.01.21,06:21,1.13737,1.13738,1.13736,1.13736,6
2019.01.21,06:22,1.13737,1.13746,1.13735,1.13745,25
2019.01.21,06:23,1.13744,1.13746,1.1374,1.13742,16
2019.01.21,06:24,1.13742,1.13751,1.1374,1.13751,30
2019.01.21,06:25,1.1375,1.1375,1.13741,1.13747,48
2019.01.21,06:26,1.13746,1.1375,1.13746,1.13747,12
2019.01.21,06:27,1.13746,1.13747,1.13745,1.13746,21
2019.01.21,06:28,1.13746,1.13753,1.13746,1.13752,14
2019.01.21,06:29,1.13752,1.13752,1.13747,1.1375,9
2019.01.21,06:30,1.1375,1.1375,1.13747,1.13747,5
2019.01.21,06:31,1.13749,1.1375,1.13747,1.13747,7
2019.01.21,06:32,1.13748,1.13752,1.13736,1.13738,32
2019.01.21,06:33,1.13739,1.13752,1.13739,1.13742,39
2019.01.21,06:34,1.13742,1.13742,1.13741,1.13741,10
2019.01.21,06:35,1.13742,1.13756,1.13742,1.13752,32
2019.01.21,06:36,1.13753,1.13753,1.1374,1.13742,25
2019.01.21,06:37,1.13744,1.13746,1.13743,1.13744,15
2019.01.21,06:38,1.13742,1.13747,1.13741,1.13745,23
2019.01.21,06:39,1.13745,1.13747,1.13742,1.13744,25
2019.01.21,06:40,1.13745,1.13745,1.13744,1.13744,6
2019.01.21,06:41,1.13744,1.13745,1.13742,1.13744,22
2019.01.21,06:42,1.13744,1.13744,1.13744,1.13744,8
2019.01.21,06:43,1.13744,1.13747,1.13744,1.13747,8
2019.01.21,06:44,1.13748,1.13754,1.13747,1.13754,9
2019.01.21,06:45,1.13752,1.13754,1.13752,1.13753,6
2019.01.21,06:46,1.13754,1.13755,1.13753,1.13755,19
2019.01.21,06:47,1.13756,1.13756,1.13752,1.13753,13
2019.01.21,06:48,1.13753,1.13754,1.13749,1.13751,27
2019.01.21,06:49,1.1375,1.1375,1.13741,1.13746,28
2019.01.21,06:50,1.13747,1.13747,1.13746,1.13747,11
2019.01.21,06:51,1.13747,1.13747,1.13742,1.13746,20
2019.01.21,06:52,1.13745,1.13751,1.13745,1.13749,27
2019.01.21,06:53,1.13748,1.13749,1.13748,1.13749,3
2019.01.21,06:54,1.13748,1.13748,1.13744,1.13746,21
2019.01.21,06:55,1.13746,1.13747,1.13746,1.13746,6
2019.01.21,06:56,1.13747,1.13748,1.13747,1.13747,5
2019.01.21,06:57,1.13747,1.13765,1.13747,1.13764,49
2019.01.21,06:58,1.13763,1.13774,1.13762,1.13773,58
2019.01.21,06:59,1.13773,1.13787,1.13773,1.13786,41
2019.01.21,07:00,1.13786,1.13786,1.13773,1.13786,61
2019.01.21,07:01,1.13787,1.13787,1.13776,1.13776,44
2019.01.21,07:02,1.13777,1.13781,1.13773,1.13773,32
2019.01.21,07:03,1.13773,1.13773,1.13772,1.13772,7
2019.01.21,07:04,1.13771,1.13772,1.13755,1.13756,18
2019.01.21,07:05,1.13756,1.13758,1.13746,1.13746,46
2019.01.21,07:06,1.13746,1.13753,1.13742,1.13752,34
2019.01.21,07:07,1.13751,1.13754,1.13744,1.13747,47
2019.01.21,07:08,1.13746,1.13748,1.13744,1.13748,25
2019.01.21,07:09,1.13748,1.13753,1.13747,1.13748,28
2019.01.21,07:10,1.13747,1.13747,1.13742,1.13745,27
2019.01.21,07:11,1.13742,1.13748,1.13739,1.13747,18
2019.01.21,07:12,1.13748,1.1375,1.13745,1.1375,20
2019.01.21,07:13,1.13749,1.13749,1.1374,1.13742,21
2019.01.21,07:14,1.13743,1.13749,1.13743,1.13745,35
2019.01.21,07:15,1.13746,1.13747,1.1374,1.13741,21
2019.01.21,07:16,1.13742,1.13745,1.13741,1.13741,18
2019.01.21,07:17,1.1374,1.13744,1.13738,1.13742,22
2019.01.21,07:18,1.13742,1.13742,1.13738,1.13738,10
2019.01.21,07:19,1.13739,1.13753,1.13739,1.13747,41
2019.01.21,07:20,1.13746,1.13747,1.13744,1.13747,9
2019.01.21,07:21,1.13747,1.13747,1.13743,1.13745,16
2019.01.21,07:22,1.13746,1.13747,1.13746,1.13747,6
2019.01.21,07:23,1.13747,1.13748,1.13747,1.13747,9
2019.01.21,07:24,1.13747,1.13747,1.13746,1.13747,11
2019.01.21,07:25,1.13747,1.13747,1.13746,1.13747,8
2019.01.21,07:26,1.13751,1.13751,1.13746,1.13746,4
2019.01.21,07:27,1.13746,1.13755,1.13746,1.13755,17
2019.01.21,07:28,1.13756,1.13762,1.13756,1.13756,22
2019.01.21,07:29,1.13756,1.13759,1.13756,1.13758,22
2019.01.21,07:30,1.13757,1.13759,1.13753,1.13758,34
2019.01.21,07:31,1.13757,1.13763,1.13757,1.13763,10
2019.01.21,07:32,1.13765,1.13766,1.13758,1.13763,29
2019.01.21,07:33,1.13763,1.13768,1.1376,1.13768,27
2019.01.21,07:34,1.13768,1.13777,1.13768,1.13775,35
2019.01.21,07:35,1.13775,1.13776,1.13773,1.13774,15
2019.01.21,07:36,1.13774,1.13774,1.13768,1.13768,18
2019.01.21,07:37,1.13768,1.13779,1.13768,1.13778,35
2019.01.21,07:38,1.13778,1.13781,1.13773,1.13773,28
2019.01.21,07:39,1.13773,1.13773,1.13768,1.13769,29
2019.01.21,07:40,1.1377,1.1378,1.1377,1.13778,17
2019.01.21,07:41,1.13776,1.13776,1.13764,1.13768,29
2019.01.21,07:42,1.13769,1.13769,1.13763,1.13768,19
2019.01.21,07:43,1.1377,1.13774,1.13768,1.13774,12
2019.01.21,07:44,1.13774,1.13774,1.13768,1.13768,12
2019.01.21,07:45,1.13768,1.13778,1.13768,1.13776,24
2019.01.21,07:46,1.13775,1.13775,1.13767,1.13768,20
2019.01.21,07:47,1.1377,1.13773,1.13768,1.13768,18
2019.01.21,07:48,1.13768,1.13769,1.13767,1.13768,16
2019.01.21,07:49,1.13771,1.13788,1.13771,1.13784,34
2019.01.21,07:50,1.13784,1.13784,1.13766,1.13767,35
2019.01.21,07:51,1.13765,1.13767,1.13755,1.13755,24
2019.01.21,07:52,1.13755,1.13765,1.13755,1.13765,43
2019.01.21,07:53,1.13765,1.13767,1.13763,1.13765,29
2019.01.21,07:54,1.13766,1.13768,1.13764,1.13767,21
2019.01.21,07:55,1.13768,1.13774,1.13767,1.13774,12
2019.01.21,07:56,1.13773,1.13779,1.13773,1.13777,30
2019.01.21,07:57,1.13777,1.13777,1.13774,1.13777,19
2019.01.21,07:58,1.13778,1.13778,1.13774,1.13778,24
2019.01.21,07:59,1.13778,1.13784,1.13775,1.13777,26
2019.01.21,08:00,1.13778,1.13787,1.13777,1.13777,37
2019.01.21,08:01,1.13779,1.13787,1.13777,1.13782,18
2019.01.21,08:02,1.13781,1.13782,1.1377,1.13771,27
2019.01.21,08:03,1.13771,1.13775,1.13771,1.13774,32
2019.01.21,08:04,1.13775,1.13775,1.13756,1.13759,25
2019.01.21,08:05,1.1376,1.13766,1.1376,1.1376,25
2019.01.21,08:06,1.1376,1.13769,1.1376,1.13768,27
2019.01.21,08:07,1.13767,1.13768,1.13767,1.13767,12
2019.01.21,08:08,1.13766,1.13768,1.13764,1.13765,23
2019.01.21,08:09,1.13765,1.13766,1.13758,1.13762,29
2019.01.21,08:10,1.13763,1.13763,1.13752,1.13757,36
2019.01.21,08:11,1.13756,1.13757,1.13752,1.13755,22
2019.01.21,08:12,1.13754,1.13767,1.13752,1.13766,29
2019.01.21,08:13,1.13767,1.13771,1.13767,1.13768,15
2019.01.21,08:14,1.13768,1.13769,1.13767,1.13768,17
2019.01.21,08:15,1.13767,1.13774,1.13767,1.13773,15
2019.01.21,08:16,1.13772,1.13772,1.13762,1.13763,35
2019.01.21,08:17,1.13764,1.13772,1.13764,1.13771,29
2019.01.21,08:18,1.1377,1.13782,1.1377,1.13778,19
2019.01.21,08:19,1.13777,1.13787,1.13777,1.13787,25
2019.01.21,08:20,1.13786,1.13792,1.13781,1.13787,57
2019.01.21,08:21,1.13788,1.13789,1.13772,1.13773,37
2019.01.21,08:22,1.13774,1.13774,1.13772,1.13773,8
2019.01.21,08:23,1.13772,1.13773,1.13757,1.13757,36
2019.01.21,08:24,1.13757,1.13757,1.13752,1.13754,31
2019.01.21,08:25,1.13754,1.13762,1.13754,1.13762,30
2019.01.21,08:26,1.1376,1.13774,1.1376,1.13774,36
2019.01.21,08:27,1.13774,1.13779,1.13772,1.13775,46
2019.01.21,08:28,1.13775,1.13781,1.13772,1.13775,55
2019.01.21,08:29,1.13775,1.13781,1.13773,1.13781,34
2019.01.21,08:30,1.13787,1.13799,1.13785,1.13799,43
2019.01.21,08:31,1.13798,1.13802,1.13794,1.13795,44
2019.01.21,08:32,1.13795,1.13798,1.13792,1.13794,41
2019.01.21,08:33,1.13793,1.13804,1.13788,1.13804,42
2019.01.21,08:34,1.13803,1.13805,1.13799,1.13801,32
2019.01.21,08:35,1.138,1.138,1.13795,1.13798,12
2019.01.21,08:36,1.13798,1.13799,1.13794,1.13797,21
2019.01.21,08:37,1.13797,1.13803,1.13796,1.13798,30
2019.01.21,08:38,1.13799,1.13803,1.13796,1.13799,42
2019.01.21,08:39,1.138,1.13804,1.13797,1.13799,38
2019.01.21,08:40,1.13798,1.13804,1.13798,1.13802,29
2019.01.21,08:41,1.13801,1.13803,1.13799,1.13802,32
2019.01.21,08:42,1.13801,1.13804,1.13795,1.13798,38
2019.01.21,08:43,1.13799,1.13803,1.13799,1.13803,8
2019.01.21,08:44,1.13806,1.13807,1.13798,1.13802,37
2019.01.21,08:45,1.138,1.138,1.13795,1.13798,16
2019.01.21,08:46,1.13798,1.13803,1.13797,1.13801,19
2019.01.21,08:47,1.13802,1.13803,1.13798,1.13799,24
2019.01.21,08:48,1.13798,1.13802,1.13798,1.13802,12
2019.01.21,08:49,1.13802,1.13803,1.13793,1.13793,34
2019.01.21,08:50,1.13793,1.13795,1.13793,1.13793,16
2019.01.21,08:51,1.13794,1.13797,1.1379,1.13792,26
2019.01.21,08:52,1.13792,1.13793,1.13792,1.13793,6
2019.01.21,08:53,1.13794,1.13796,1.13794,1.13796,11
2019.01.21,08:54,1.13796,1.13796,1.13792,1.13793,15
2019.01.21,08:55,1.13794,1.13797,1.13793,1.13797,17
2019.01.21,08:56,1.13797,1.13797,1.1379,1.13794,58
2019.01.21,08:57,1.13795,1.13805,1.13795,1.13799,53
2019.01.21,08:58,1.138,1.13803,1.138,1.13802,25
2019.01.21,08:59,1.13802,1.13802,1.13793,1.13795,38
2019.01.21,09:00,1.13794,1.13796,1.13762,1.13762,116
2019.01.21,09:01,1.13761,1.13784,1.13758,1.13769,70
2019.01.21,09:02,1.13769,1.13793,1.13769,1.13793,48
2019.01.21,09:03,1.13792,1.13814,1.13792,1.13808,44
2019.01.21,09:04,1.13807,1.13813,1.13795,1.13797,41
2019.01.21,09:05,1.13798,1.13894,1.13798,1.13884,173
2019.01.21,09:06,1.13879,1.13913,1.13857,1.13859,198
2019.01.21,09:07,1.13858,1.13874,1.13853,1.13854,85
2019.01.21,09:08,1.13853,1.13869,1.13853,1.13856,62
2019.01.21,09:09,1.13855,1.13855,1.13836,1.13836,50
2019.01.21,09:10,1.13835,1.13835,1.13828,1.13828,82
2019.01.21,09:11,1.13829,1.13854,1.13829,1.13854,53
2019.01.21,09:12,1.13854,1.13854,1.13816,1.13822,54
2019.01.21,09:13,1.13821,1.13838,1.13819,1.13835,49
2019.01.21,09:14,1.13834,1.13839,1.13833,1.13839,25
2019.01.21,09:15,1.13837,1.13846,1.13828,1.1383,61
2019.01.21,09:16,1.13831,1.13842,1.13827,1.13836,41
2019.01.21,09:17,1.13837,1.13838,1.13821,1.13823,34
2019.01.21,09:18,1.13824,1.13837,1.13822,1.13836,35
2019.01.21,09:19,1.13837,1.13838,1.13818,1.1382,33
2019.01.21,09:20,1.13822,1.13857,1.13822,1.1384,102
2019.01.21,09:21,1.13839,1.13839,1.13802,1.1382,69
2019.01.21,09:22,1.13821,1.13821,1.13808,1.13814,50
2019.01.21,09:23,1.13815,1.1382,1.13804,1.13811,35
2019.01.21,09:24,1.13812,1.13818,1.13803,1.13803,38
2019.01.21,09:25,1.13803,1.13807,1.13801,1.13802,27
2019.01.21,09:26,1.13802,1.13808,1.138,1.13808,37
2019.01.21,09:27,1.13807,1.13838,1.13804,1.13833,74
2019.01.21,09:28,1.13832,1.13839,1.13829,1.13838,70
2019.01.21,09:29,1.13839,1.13844,1.13838,1.13843,49
2019.01.21,09:30,1.13843,1.13845,1.13836,1.13844,37
2019.01.21,09:31,1.13845,1.13851,1.13844,1.13844,28
2019.01.21,09:32,1.13845,1.13845,1.13824,1.13839,56
2019.01.21,09:33,1.1384,1.1384,1.13814,1.13814,82
2019.01.21,09:34,1.13814,1.13826,1.13814,1.13824,55
2019.01.21,09:35,1.13823,1.13823,1.13814,1.13814,38
2019.01.21,09:36,1.13814,1.1382,1.13808,1.13818,57
2019.01.21,09:37,1.13818,1.13823,1.13808,1.13819,35
2019.01.21,09:38,1.13818,1.13818,1.1381,1.13814,43
2019.01.21,09:39,1.13815,1.13826,1.13815,1.13824,59
2019.01.21,09:40,1.13825,1.13834,1.13824,1.13832,41
2019.01.21,09:41,1.13832,1.1384,1.13832,1.13834,40
2019.01.21,09:42,1.13835,1.13838,1.1383,1.13834,43
2019.01.21,09:43,1.13832,1.13836,1.13828,1.13835,53
2019.01.21,09:44,1.13835,1.13842,1.13835,1.13837,42
2019.01.21,09:45,1.13838,1.13838,1.13824,1.13829,49
2019.01.21,09:46,1.13828,1.13838,1.13817,1.13835,59
2019.01.21,09:47,1.13835,1.1384,1.13828,1.13829,40
2019.01.21,09:48,1.13828,1.13829,1.13813,1.13813,21
2019.01.21,09:49,1.13813,1.13816,1.13805,1.13808,34
2019.01.21,09:50,1.13809,1.13817,1.13808,1.13815,38
2019.01.21,09:51,1.13814,1.13836,1.13808,1.13833,50
2019.01.21,09:52,1.13834,1.13839,1.13823,1.13838,67
2019.01.21,09:53,1.13838,1.13839,1.13837,1.13838,23
2019.01.21,09:54,1.1384,1.13848,1.13835,1.13848,47
2019.01.21,09:55,1.13846,1.13858,1.13842,1.13858,93
2019.01.21,09:56,1.13859,1.13874,1.13853,1.1386,134
2019.01.21,09:57,1.13861,1.13861,1.13844,1.13852,114
2019.01.21,09:58,1.1385,1.13855,1.13832,1.13833,111
2019.01.21,09:59,1.13833,1.13859,1.13833,1.13848,130
2019.01.21,10:00,1.13847,1.13863,1.13837,1.13863,123
2019.01.21,10:01,1.13863,1.13863,1.13856,1.13862,89
2019.01.21,10:02,1.13862,1.13862,1.13829,1.13829,76
2019.01.21,10:03,1.13825,1.13827,1.13817,1.13821,45
2019.01.21,10:04,1.13821,1.13844,1.13821,1.13831,62
2019.01.21,10:05,1.13831,1.13852,1.13829,1.13852,91
2019.01.21,10:06,1.13852,1.13859,1.13839,1.13849,104
2019.01.21,10:07,1.13849,1.13849,1.13836,1.13841,72
2019.01.21,10:08,1.13842,1.13849,1.1383,1.13846,69
2019.01.21,10:09,1.13845,1.13867,1.13843,1.13854,80
2019.01.21,10:10,1.13852,1.13852,1.13817,1.13819,94
2019.01.21,10:11,1.13819,1.13819,1.13809,1.13811,36
2019.01.21,10:12,1.1381,1.13819,1.13809,1.13817,76
2019.01.21,10:13,1.13816,1.13831,1.13806,1.13827,75
2019.01.21,10:14,1.13827,1.13844,1.13827,1.13843,72
2019.01.21,10:15,1.13843,1.13843,1.1383,1.13834,60
2019.01.21,10:16,1.13836,1.13859,1.13836,1.13857,90
2019.01.21,10:17,1.13856,1.13858,1.13842,1.13844,82
2019.01.21,10:18,1.13844,1.13853,1.13842,1.13851,49
2019.01.21,10:19,1.13849,1.13852,1.13828,1.13828,77
2019.01.21,10:20,1.13831,1.13838,1.13829,1.13834,46
2019.01.21,10:21,1.13833,1.13843,1.13828,1.13834,65
2019.01.21,10:22,1.13834,1.13834,1.13811,1.13812,58
2019.01.21,10:23,1.13815,1.13822,1.13814,1.13817,41
2019.01.21,10:24,1.13819,1.13824,1.13817,1.13818,40
2019.01.21,10:25,1.13819,1.13823,1.13813,1.13818,55
2019.01.21,10:26,1.13818,1.13818,1.13787,1.13792,125
2019.01.21,10:27,1.13791,1.13797,1.13787,1.13793,73
2019.01.21,10:28,1.13794,1.13803,1.13786,1.13803,77
2019.01.21,10:29,1.13802,1.13814,1.13799,1.13804,77
2019.01.21,10:30,1.13804,1.13808,1.13776,1.13776,104
2019.01.21,10:31,1.13776,1.13782,1.13763,1.13774,132
2019.01.21,10:32,1.13765,1.13778,1.13756,1.13767,132
2019.01.21,10:33,1.13766,1.1377,1.13762,1.13764,73
2019.01.21,10:34,1.13765,1.13776,1.13763,1.13763,89
2019.01.21,10:35,1.13762,1.13763,1.13743,1.13752,90
2019.01.21,10:36,1.13752,1.13763,1.1375,1.13761,71
2019.01.21,10:37,1.13761,1.1377,1.13756,1.13761,61
2019.01.21,10:38,1.1376,1.1376,1.13748,1.13757,68
2019.01.21,10:39,1.13757,1.13759,1.13751,1.13759,60
2019.01.21,10:40,1.13758,1.13758,1.13747,1.13747,66
2019.01.21,10:41,1.13748,1.13751,1.13739,1.13748,61
2019.01.21,10:42,1.13748,1.13757,1.13747,1.13748,70
2019.01.21,10:43,1.13749,1.13761,1.13747,1.13761,53
2019.01.21,10:44,1.13759,1.13772,1.13757,1.13763,54
2019.01.21,10:45,1.13764,1.13764,1.13752,1.13758,50
2019.01.21,10:46,1.13759,1.13766,1.13759,1.13764,40
2019.01.21,10:47,1.13765,1.13767,1.1375,1.13757,71
2019.01.21,10:48,1.13756,1.13762,1.13742,1.13744,82
2019.01.21,10:49,1.13747,1.13754,1.13743,1.13754,67
2019.01.21,10:50,1.13754,1.13754,1.13742,1.13743,29
2019.01.21,10:51,1.13743,1.13754,1.13743,1.13754,47
2019.01.21,10:52,1.13753,1.13758,1.13746,1.13747,76
2019.01.21,10:53,1.13747,1.13749,1.13742,1.13748,65
2019.01.21,10:54,1.13747,1.13754,1.13742,1.13742,70
2019.01.21,10:55,1.13743,1.13755,1.13743,1.13752,46
2019.01.21,10:56,1.13752,1.13752,1.13724,1.13731,91
2019.01.21,10:57,1.13732,1.13746,1.13729,1.13737,72
2019.01.21,10:58,1.13737,1.13744,1.13737,1.1374,58
2019.01.21,10:59,1.1374,1.13747,1.1374,1.13747,61
2019.01.21,11:00,1.13747,1.13747,1.13709,1.13715,106
2019.01.21,11:01,1.13717,1.13733,1.13717,1.13723,111
2019.01.21,11:02,1.13727,1.13741,1.13727,1.13738,68
2019.01.21,11:03,1.13736,1.13746,1.13734,1.13746,65
2019.01.21,11:04,1.13747,1.13759,1.13746,1.13752,96
2019.01.21,11:05,1.13751,1.13758,1.13746,1.1375,50
2019.01.21,11:06,1.13751,1.13752,1.13733,1.13748,92
2019.01.21,11:07,1.13748,1.13759,1.13744,1.13749,46
2019.01.21,11:08,1.13748,1.13758,1.13745,1.13757,60
2019.01.21,11:09,1.13758,1.13758,1.1375,1.13752,63
2019.01.21,11:10,1.13752,1.13763,1.13747,1.13754,57
2019.01.21,11:11,1.13756,1.13758,1.13737,1.13737,53
2019.01.21,11:12,1.13737,1.13739,1.13723,1.13739,82
2019.01.21,11:13,1.1374,1.13741,1.13734,1.13734,37
2019.01.21,11:14,1.13734,1.13754,1.13729,1.13752,69
2019.01.21,11:15,1.13753,1.13756,1.13745,1.13749,70
2019.01.21,11:16,1.1375,1.13754,1.13741,1.13745,60
2019.01.21,11:17,1.13745,1.13756,1.13745,1.13754,63
2019.01.21,11:18,1.13755,1.13755,1.13732,1.13744,64
2019.01.21,11:19,1.13744,1.13744,1.13738,1.13741,23
2019.01.21,11:20,1.1374,1.1374,1.13703,1.13709,113
2019.01.21,11:21,1.13709,1.13719,1.137,1.1371,127
2019.01.21,11:22,1.13711,1.13717,1.13701,1.13717,95
2019.01.21,11:23,1.13717,1.13724,1.13703,1.13705,79
2019.01.21,11:24,1.13705,1.1371,1.13702,1.13706,47
2019.01.21,11:25,1.13705,1.1371,1.13701,1.13702,59
2019.01.21,11:26,1.13703,1.13708,1.13696,1.13704,84
2019.01.21,11:27,1.13703,1.13719,1.13702,1.13715,89
2019.01.21,11:28,1.13716,1.13726,1.13715,1.13726,70
2019.01.21,11:29,1.13728,1.13738,1.13722,1.13734,81
2019.01.21,11:30,1.1373,1.1373,1.13718,1.13721,79
2019.01.21,11:31,1.13721,1.13733,1.13721,1.13728,71
2019.01.21,11:32,1.13728,1.13733,1.13709,1.1371,67
2019.01.21,11:33,1.13711,1.13718,1.13706,1.13715,84
2019.01.21,11:34,1.13715,1.13726,1.13695,1.13696,99
2019.01.21,11:35,1.13697,1.13706,1.13697,1.13699,56
2019.01.21,11:36,1.137,1.13702,1.13684,1.13695,75
2019.01.21,11:37,1.13697,1.13702,1.13687,1.13691,61
2019.01.21,11:38,1.13689,1.13694,1.13673,1.13677,78
2019.01.21,11:39,1.13676,1.13688,1.13672,1.13673,72
2019.01.21,11:40,1.13676,1.13684,1.13672,1.13683,93
2019.01.21,11:41,1.13684,1.13687,1.13674,1.13681,54
2019.01.21,11:42,1.13681,1.13686,1.1366,1.13684,104
2019.01.21,11:43,1.13684,1.13691,1.13684,1.13689,53
2019.01.21,11:44,1.13688,1.13691,1.13686,1.1369,40
2019.01.21,11:45,1.13689,1.13699,1.13685,1.13691,75
2019.01.21,11:46,1.1369,1.13696,1.13682,1.13684,61
2019.01.21,11:47,1.13686,1.137,1.13686,1.13694,59
2019.01.21,11:48,1.13696,1.13704,1.13691,1.13696,66
2019.01.21,11:49,1.13695,1.13707,1.13695,1.13701,56
2019.01.21,11:50,1.137,1.13704,1.13697,1.13697,57
2019.01.21,11:51,1.13697,1.13702,1.13691,1.13692,39
2019.01.21,11:52,1.13692,1.13714,1.13691,1.13697,66
2019.01.21,11:53,1.13696,1.13706,1.13695,1.13703,52
2019.01.21,11:54,1.13704,1.13711,1.13699,1.1371,70
2019.01.21,11:55,1.13711,1.13716,1.13705,1.13705,62
2019.01.21,11:56,1.13704,1.13714,1.13703,1.13712,84
2019.01.21,11:57,1.13711,1.13718,1.13707,1.13717,57
2019.01.21,11:58,1.13717,1.13723,1.13714,1.13721,53
2019.01.21,11:59,1.1372,1.13723,1.13714,1.13714,47
2019.01.21,12:00,1.13714,1.1373,1.13712,1.1373,78
2019.01.21,12:01,1.13729,1.13729,1.13712,1.13719,85
2019.01.21,12:02,1.13718,1.13718,1.1371,1.13715,69
2019.01.21,12:03,1.13714,1.13718,1.13713,1.13716,56
2019.01.21,12:04,1.13716,1.13723,1.13716,1.13717,33
2019.01.21,12:05,1.13718,1.13723,1.13714,1.13714,44
2019.01.21,12:06,1.13715,1.13716,1.13713,1.13714,41
2019.01.21,12:07,1.13713,1.13737,1.13713,1.13734,90
2019.01.21,12:08,1.13735,1.13737,1.13721,1.13724,66
2019.01.21,12:09,1.13725,1.13725,1.13716,1.13721,33
2019.01.21,12:10,1.13721,1.13739,1.13721,1.13732,55
2019.01.21,12:11,1.13732,1.13733,1.13724,1.13728,66
2019.01.21,12:12,1.13733,1.13739,1.13733,1.13737,49
2019.01.21,12:13,1.1374,1.13749,1.13736,1.13747,66
2019.01.21,12:14,1.13748,1.13749,1.13746,1.13749,26
2019.01.21,12:15,1.13748,1.13749,1.13741,1.13744,51
2019.01.21,12:16,1.13743,1.13749,1.13739,1.13747,44
2019.01.21,12:17,1.13746,1.13746,1.1374,1.13741,32
2019.01.21,12:18,1.13741,1.13743,1.13738,1.13742,23
2019.01.21,12:19,1.13741,1.13756,1.13741,1.13754,39
2019.01.21,12:20,1.13754,1.13754,1.13744,1.1375,52
2019.01.21,12:21,1.13749,1.13757,1.13749,1.13752,33
2019.01.21,12:22,1.13752,1.13758,1.13751,1.13753,32
2019.01.21,12:23,1.13753,1.13772,1.13753,1.1377,65
2019.01.21,12:24,1.13771,1.13776,1.13764,1.13765,72
2019.01.21,12:25,1.13766,1.13766,1.1375,1.13754,86
2019.01.21,12:26,1.13755,1.13758,1.13754,1.13756,28
2019.01.21,12:27,1.13753,1.13758,1.13751,1.13751,42
2019.01.21,12:28,1.13752,1.13755,1.1375,1.13753,33
2019.01.21,12:29,1.13753,1.13763,1.13752,1.13754,51
2019.01.21,12:30,1.13754,1.13759,1.13752,1.13755,66
2019.01.21,12:31,1.13756,1.13773,1.13753,1.13773,59
2019.01.21,12:32,1.13773,1.13798,1.13773,1.13783,87
2019.01.21,12:33,1.13782,1.13783,1.13766,1.13766,66
2019.01.21,12:34,1.13768,1.13794,1.13768,1.13792,84
2019.01.21,12:35,1.13793,1.13801,1.13792,1.13792,63
2019.01.21,12:36,1.13791,1.13793,1.13784,1.13784,53
2019.01.21,12:37,1.13785,1.13791,1.13779,1.13781,39
2019.01.21,12:38,1.13781,1.13782,1.13772,1.13775,34
2019.01.21,12:39,1.13775,1.13781,1.13775,1.13777,31
2019.01.21,12:40,1.13778,1.1378,1.13772,1.13778,48
2019.01.21,12:41,1.13779,1.13793,1.13776,1.13793,54
2019.01.21,12:42,1.13792,1.13797,1.1379,1.13791,60
2019.01.21,12:43,1.13792,1.13792,1.13786,1.13788,30
2019.01.21,12:44,1.13788,1.13793,1.13788,1.13791,24
2019.01.21,12:45,1.13789,1.13791,1.13786,1.13791,34
2019.01.21,12:46,1.13791,1.13792,1.13785,1.13791,57
2019.01.21,12:47,1.13791,1.13793,1.13789,1.13792,33
2019.01.21,12:48,1.13791,1.13791,1.13783,1.13784,57
2019.01.21,12:49,1.13785,1.13791,1.13782,1.13789,41
2019.01.21,12:50,1.13789,1.13789,1.13784,1.13784,35
2019.01.21,12:51,1.13783,1.13792,1.13777,1.1378,52
2019.01.21,12:52,1.13781,1.13782,1.13777,1.13781,25
2019.01.21,12:53,1.1378,1.13787,1.13777,1.13781,65
2019.01.21,12:54,1.13781,1.13786,1.13777,1.13785,65
2019.01.21,12:55,1.13784,1.13786,1.13771,1.13771,63
2019.01.21,12:56,1.13773,1.13776,1.13766,1.1377,76
2019.01.21,12:57,1.1377,1.13771,1.13766,1.13768,73
2019.01.21,12:58,1.13769,1.1377,1.13765,1.1377,33
2019.01.21,12:59,1.1377,1.13771,1.13769,1.13771,25
2019.01.21,13:00,1.1377,1.13776,1.13764,1.13766,55
2019.01.21,13:01,1.13765,1.13765,1.13741,1.13744,80
2019.01.21,13:02,1.13744,1.1375,1.13741,1.13744,59
2019.01.21,13:03,1.13745,1.13763,1.13743,1.13752,79
2019.01.21,13:04,1.1375,1.13755,1.13746,1.13754,72
2019.01.21,13:05,1.13755,1.13758,1.13743,1.13744,53
2019.01.21,13:06,1.13743,1.13747,1.13734,1.13742,42
2019.01.21,13:07,1.13741,1.13746,1.13733,1.13739,49
2019.01.21,13:08,1.1374,1.13747,1.13738,1.13745,62
2019.01.21,13:09,1.13745,1.1375,1.13736,1.13736,53
2019.01.21,13:10,1.13738,1.13742,1.13731,1.13741,54
2019.01.21,13:11,1.13741,1.13744,1.13728,1.1373,53
2019.01.21,13:12,1.13731,1.13732,1.13727,1.1373,31
2019.01.21,13:13,1.13729,1.13734,1.13727,1.13732,41
2019.01.21,13:14,1.13732,1.13734,1.13727,1.13729,47
2019.01.21,13:15,1.13729,1.13735,1.13729,1.13734,22
2019.01.21,13:16,1.13733,1.13737,1.13725,1.13728,35
2019.01.21,13:17,1.13732,1.13733,1.13731,1.13733,15
2019.01.21,13:18,1.13729,1.13729,1.13723,1.13728,32
2019.01.21,13:19,1.13727,1.13728,1.13722,1.13725,52
2019.01.21,13:20,1.13725,1.13749,1.13722,1.13747,75
2019.01.21,13:21,1.13746,1.13746,1.13733,1.13733,39
2019.01.21,13:22,1.13733,1.13734,1.13728,1.13732,60
2019.01.21,13:23,1.13733,1.13737,1.13728,1.13735,52
2019.01.21,13:24,1.13733,1.13736,1.13722,1.13722,70
2019.01.21,13:25,1.13721,1.13723,1.13716,1.13718,37
2019.01.21,13:26,1.13719,1.13727,1.13718,1.13721,42
2019.01.21,13:27,1.13721,1.13721,1.13703,1.13714,64
2019.01.21,13:28,1.13713,1.13718,1.13706,1.13709,54
2019.01.21,13:29,1.13709,1.1371,1.13698,1.13698,59
2019.01.21,13:30,1.13696,1.13705,1.13691,1.13702,73
2019.01.21,13:31,1.13701,1.13705,1.13692,1.13697,75
2019.01.21,13:32,1.13698,1.13702,1.13689,1.13692,73
2019.01.21,13:33,1.13693,1.13695,1.13687,1.13694,53
2019.01.21,13:34,1.13692,1.13695,1.13678,1.13678,47
2019.01.21,13:35,1.1368,1.13684,1.13677,1.1368,64
2019.01.21,13:36,1.13681,1.13704,1.13681,1.13702,53
2019.01.21,13:37,1.13705,1.13707,1.13697,1.137,48
2019.01.21,13:38,1.13698,1.13706,1.13698,1.13703,24
2019.01.21,13:39,1.13704,1.13706,1.137,1.137,39
2019.01.21,13:40,1.137,1.13706,1.13699,1.13706,38
2019.01.21,13:41,1.13706,1.13711,1.13705,1.13709,40
2019.01.21,13:42,1.1371,1.13713,1.13705,1.13705,67
2019.01.21,13:43,1.13705,1.13706,1.13685,1.13685,65
2019.01.21,13:44,1.13685,1.13689,1.13677,1.13684,77
2019.01.21,13:45,1.13682,1.13685,1.13676,1.13684,45
2019.01.21,13:46,1.13685,1.13687,1.13682,1.13683,44
2019.01.21,13:47,1.13683,1.13693,1.13683,1.13692,39
2019.01.21,13:48,1.13691,1.13702,1.13687,1.13688,56
2019.01.21,13:49,1.13687,1.13699,1.13684,1.13688,49
2019.01.21,13:50,1.1369,1.13702,1.1369,1.13701,38
2019.01.21,13:51,1.13701,1.13708,1.13699,1.13699,78
2019.01.21,13:52,1.137,1.13701,1.13697,1.137,24
2019.01.21,13:53,1.13701,1.13703,1.137,1.137,20
2019.01.21,13:54,1.13702,1.13705,1.13696,1.13701,51
2019.01.21,13:55,1.137,1.13702,1.13686,1.13688,46
2019.01.21,13:56,1.13687,1.13688,1.13685,1.13687,28
2019.01.21,13:57,1.13687,1.13689,1.13677,1.13683,62
2019.01.21,13:58,1.13684,1.13685,1.1368,1.13681,34
2019.01.21,13:59,1.13683,1.13687,1.13679,1.13685,60
2019.01.21,14:00,1.13686,1.13686,1.13667,1.13668,73
2019.01.21,14:01,1.13668,1.13681,1.13666,1.13678,71
2019.01.21,14:02,1.13678,1.13691,1.13677,1.13688,52
2019.01.21,14:03,1.13688,1.13697,1.13687,1.13688,44
2019.01.21,14:04,1.13687,1.13692,1.13685,1.13688,36
2019.01.21,14:05,1.13689,1.13692,1.13688,1.1369,44
2019.01.21,14:06,1.1369,1.1369,1.13678,1.1368,33
2019.01.21,14:07,1.1368,1.13682,1.13677,1.13682,53
2019.01.21,14:08,1.13682,1.13684,1.13682,1.13682,10
2019.01.21,14:09,1.13681,1.13684,1.13676,1.13682,28
2019.01.21,14:10,1.13681,1.13682,1.13672,1.13677,39
2019.01.21,14:11,1.13677,1.13681,1.13676,1.13677,19
2019.01.21,14:12,1.13678,1.13678,1.13667,1.13667,26
2019.01.21,14:13,1.13667,1.13669,1.13661,1.13663,44
2019.01.21,14:14,1.13661,1.13661,1.13627,1.13633,118
2019.01.21,14:15,1.13632,1.13636,1.13624,1.13631,105
2019.01.21,14:16,1.13632,1.13641,1.13632,1.13634,53
2019.01.21,14:17,1.13634,1.13636,1.13626,1.13631,64
2019.01.21,14:18,1.13631,1.13636,1.13626,1.13632,39
2019.01.21,14:19,1.13632,1.13636,1.13632,1.13635,35
2019.01.21,14:20,1.13634,1.13646,1.13634,1.13644,56
2019.01.21,14:21,1.13644,1.13648,1.13642,1.13644,55
2019.01.21,14:22,1.13645,1.1365,1.13645,1.13648,22
2019.01.21,14:23,1.1365,1.13663,1.13634,1.13636,65
2019.01.21,14:24,1.13634,1.13636,1.13626,1.13633,40
2019.01.21,14:25,1.13632,1.13634,1.13629,1.13634,37
2019.01.21,14:26,1.13635,1.13637,1.1363,1.13637,50
2019.01.21,14:27,1.13636,1.13637,1.13627,1.13633,43
2019.01.21,14:28,1.13633,1.13651,1.13632,1.13649,46
2019.01.21,14:29,1.1365,1.1365,1.13628,1.13638,67
2019.01.21,14:30,1.13638,1.13646,1.13631,1.1364,77
2019.01.21,14:31,1.13638,1.13639,1.13634,1.13635,35
2019.01.21,14:32,1.13635,1.13642,1.13635,1.13637,37
2019.01.21,14:33,1.13636,1.13639,1.13634,1.13638,17
2019.01.21,14:34,1.1364,1.13646,1.13639,1.13644,65
2019.01.21,14:35,1.13644,1.13648,1.13638,1.13638,51
2019.01.21,14:36,1.13638,1.13643,1.13632,1.13639,38
2019.01.21,14:37,1.13638,1.13656,1.13638,1.13652,66
2019.01.21,14:38,1.13652,1.13657,1.1365,1.13657,49
2019.01.21,14:39,1.13657,1.13657,1.13649,1.13649,61
2019.01.21,14:40,1.13649,1.13649,1.13639,1.1364,74
2019.01.21,14:41,1.13639,1.13639,1.13611,1.13611,78
2019.01.21,14:42,1.1361,1.1361,1.13591,1.136,117
2019.01.21,14:43,1.13602,1.13621,1.13602,1.13611,93
2019.01.21,14:44,1.13612,1.13625,1.13612,1.13618,75
2019.01.21,14:45,1.13622,1.13631,1.13619,1.13626,78
2019.01.21,14:46,1.13628,1.13631,1.13626,1.13626,35
2019.01.21,14:47,1.13627,1.13638,1.13627,1.13628,67
2019.01.21,14:48,1.13629,1.13638,1.13629,1.13638,39
2019.01.21,14:49,1.13639,1.13641,1.13628,1.1363,56
2019.01.21,14:50,1.1363,1.13631,1.13622,1.13626,72
2019.01.21,14:51,1.13626,1.13627,1.13618,1.13622,73
2019.01.21,14:52,1.13621,1.13625,1.13613,1.13619,56
2019.01.21,14:53,1.13615,1.13638,1.13608,1.13637,98
2019.01.21,14:54,1.13635,1.13645,1.13629,1.13636,85
2019.01.21,14:55,1.13637,1.13646,1.13635,1.13642,83
2019.01.21,14:56,1.13643,1.13657,1.13643,1.13647,98
2019.01.21,14:57,1.13647,1.13653,1.13646,1.13652,58
2019.01.21,14:58,1.13652,1.13658,1.1365,1.13656,155
2019.01.21,14:59,1.13655,1.13679,1.13653,1.13679,109
2019.01.21,15:00,1.13679,1.13688,1.13656,1.13659,129
2019.01.21,15:01,1.13659,1.13678,1.13652,1.13652,96
2019.01.21,15:02,1.13652,1.13656,1.13634,1.13634,100
2019.01.21,15:03,1.13633,1.13633,1.13617,1.13629,104
2019.01.21,15:04,1.13628,1.1363,1.13609,1.13619,86
2019.01.21,15:05,1.13619,1.1362,1.13609,1.13609,110
2019.01.21,15:06,1.13609,1.13613,1.13607,1.1361,72
2019.01.21,15:07,1.1361,1.13611,1.13575,1.13576,105
2019.01.21,15:08,1.13577,1.1361,1.13576,1.13602,83
2019.01.21,15:09,1.136,1.13609,1.13593,1.13606,38
2019.01.21,15:10,1.13607,1.13611,1.13601,1.13604,58
2019.01.21,15:11,1.13604,1.13613,1.13594,1.13609,105
2019.01.21,15:12,1.1361,1.13617,1.13607,1.13612,89
2019.01.21,15:13,1.13613,1.13624,1.13612,1.13617,81
2019.01.21,15:14,1.13621,1.13623,1.13613,1.13614,130
2019.01.21,15:15,1.13613,1.13615,1.13609,1.13611,53
2019.01.21,15:16,1.13612,1.13613,1.13601,1.13601,54
2019.01.21,15:17,1.13601,1.13607,1.13593,1.13603,83
2019.01.21,15:18,1.13604,1.13617,1.13603,1.13616,34
2019.01.21,15:19,1.13617,1.13619,1.13612,1.13616,53
2019.01.21,15:20,1.13616,1.13623,1.13616,1.13622,72
2019.01.21,15:21,1.13622,1.13627,1.13617,1.13621,89
2019.01.21,15:22,1.13623,1.13624,1.13614,1.13617,80
2019.01.21,15:23,1.13617,1.13621,1.13612,1.1362,66
2019.01.21,15:24,1.13619,1.13619,1.13611,1.13614,42
2019.01.21,15:25,1.13613,1.13613,1.1361,1.13612,22
2019.01.21,15:26,1.13613,1.13617,1.13612,1.13613,28
2019.01.21,15:27,1.13614,1.13619,1.13612,1.13616,20
2019.01.21,15:28,1.13616,1.1363,1.13613,1.13618,70
2019.01.21,15:29,1.13617,1.13622,1.13613,1.13613,51
2019.01.21,15:30,1.13614,1.13616,1.13591,1.13604,74
2019.01.21,15:31,1.13605,1.13617,1.13603,1.13616,60
2019.01.21,15:32,1.13614,1.13614,1.13607,1.13607,36
2019.01.21,15:33,1.13609,1.13609,1.13606,1.13607,18
2019.01.21,15:34,1.13608,1.1361,1.13607,1.1361,18
2019.01.21,15:35,1.13611,1.13611,1.13601,1.13602,48
2019.01.21,15:36,1.13602,1.13606,1.13591,1.13593,46
2019.01.21,15:37,1.13592,1.13607,1.13587,1.13597,85
2019.01.21,15:38,1.13597,1.13597,1.13568,1.13575,81
2019.01.21,15:39,1.13575,1.13581,1.13571,1.13575,77
2019.01.21,15:40,1.13575,1.13592,1.13574,1.13592,54
2019.01.21,15:41,1.13592,1.13609,1.13592,1.13603,51
2019.01.21,15:42,1.13603,1.13604,1.13589,1.13601,79
2019.01.21,15:43,1.13601,1.13611,1.13598,1.13604,55
2019.01.21,15:44,1.13604,1.13612,1.13598,1.13601,58
2019.01.21,15:45,1.13601,1.1361,1.136,1.13607,30
2019.01.21,15:46,1.13608,1.13613,1.13606,1.13607,32
2019.01.21,15:47,1.13608,1.13627,1.13605,1.13626,81
2019.01.21,15:48,1.13625,1.13625,1.13612,1.13617,77
2019.01.21,15:49,1.13617,1.13623,1.13607,1.13619,51
2019.01.21,15:50,1.13621,1.13626,1.13616,1.13625,56
2019.01.21,15:51,1.13626,1.13627,1.1362,1.13627,43
2019.01.21,15:52,1.13627,1.1363,1.13621,1.13622,41
2019.01.21,15:53,1.13622,1.13625,1.13602,1.13602,58
2019.01.21,15:54,1.13604,1.13609,1.13597,1.13602,65
2019.01.21,15:55,1.13602,1.13621,1.13601,1.13621,51
2019.01.21,15:56,1.13619,1.13619,1.1361,1.13612,54
2019.01.21,15:57,1.13612,1.13619,1.13609,1.13614,87
2019.01.21,15:58,1.13614,1.13621,1.13611,1.13617,73
2019.01.21,15:59,1.13616,1.13617,1.13607,1.13612,52
2019.01.21,16:00,1.13612,1.13625,1.13608,1.13623,104
2019.01.21,16:01,1.13624,1.13624,1.13606,1.13607,95
2019.01.21,16:02,1.13607,1.13613,1.13607,1.13612,55
2019.01.21,16:03,1.13612,1.13613,1.13603,1.13603,47
2019.01.21,16:04,1.13602,1.13602,1.13587,1.13589,73
2019.01.21,16:05,1.13591,1.13608,1.13591,1.13601,52
2019.01.21,16:06,1.13601,1.13604,1.13591,1.13596,70
2019.01.21,16:07,1.13595,1.136,1.13595,1.13597,33
2019.01.21,16:08,1.13598,1.13609,1.13596,1.13596,87
2019.01.21,16:09,1.13596,1.13604,1.13591,1.13593,60
2019.01.21,16:10,1.13592,1.13604,1.13592,1.13599,59
2019.01.21,16:11,1.13601,1.13617,1.13599,1.13616,72
2019.01.21,16:12,1.13615,1.13622,1.13613,1.13615,61
2019.01.21,16:13,1.13615,1.13618,1.136,1.13601,72
2019.01.21,16:14,1.136,1.13601,1.13593,1.13594,29
2019.01.21,16:15,1.13594,1.136,1.13586,1.13589,111
2019.01.21,16:16,1.13589,1.13594,1.13582,1.13584,70
2019.01.21,16:17,1.13585,1.13592,1.13585,1.13588,70
2019.01.21,16:18,1.13588,1.13593,1.13587,1.13587,36
2019.01.21,16:19,1.13589,1.13593,1.13582,1.13583,74
2019.01.21,16:20,1.13583,1.13589,1.13578,1.1358,70
2019.01.21,16:21,1.1358,1.13583,1.13574,1.13575,64
2019.01.21,16:22,1.13576,1.13589,1.13573,1.13588,91
2019.01.21,16:23,1.13586,1.13592,1.13581,1.13586,90
2019.01.21,16:24,1.13587,1.13591,1.13581,1.13589,53
2019.01.21,16:25,1.13589,1.13591,1.13578,1.13586,43
2019.01.21,16:26,1.13585,1.13592,1.13583,1.13588,59
2019.01.21,16:27,1.1359,1.13596,1.13589,1.13596,36
2019.01.21,16:28,1.13595,1.13607,1.13592,1.13604,104
2019.01.21,16:29,1.13604,1.13608,1.13601,1.13601,48
2019.01.21,16:30,1.13601,1.13616,1.13601,1.13612,67
2019.01.21,16:31,1.1361,1.13613,1.13607,1.13611,52
2019.01.21,16:32,1.13614,1.13624,1.13614,1.13621,56
2019.01.21,16:33,1.13618,1.13624,1.13615,1.13621,43
2019.01.21,16:34,1.13622,1.13624,1.13616,1.1362,46
2019.01.21,16:35,1.1362,1.13621,1.13616,1.13616,28
2019.01.21,16:36,1.13615,1.13625,1.13615,1.13621,41
2019.01.21,16:37,1.13621,1.13621,1.13615,1.13616,41
2019.01.21,16:38,1.13616,1.13619,1.13615,1.13615,32
2019.01.21,16:39,1.13615,1.13639,1.13612,1.13637,76
2019.01.21,16:40,1.13637,1.13646,1.13632,1.13645,57
2019.01.21,16:41,1.13644,1.13645,1.13637,1.13645,73
2019.01.21,16:42,1.13644,1.13648,1.13642,1.13643,61
2019.01.21,16:43,1.13642,1.13644,1.13636,1.13642,54
2019.01.21,16:44,1.13642,1.13652,1.13637,1.13641,61
2019.01.21,16:45,1.13641,1.13651,1.13636,1.13645,71
2019.01.21,16:46,1.13645,1.13645,1.13641,1.13641,43
2019.01.21,16:47,1.13641,1.13643,1.13636,1.13641,47
2019.01.21,16:48,1.13642,1.1365,1.13639,1.13647,49
2019.01.21,16:49,1.13646,1.13656,1.13646,1.13656,50
2019.01.21,16:50,1.13656,1.13663,1.13654,1.13654,60
2019.01.21,16:51,1.13654,1.13656,1.13633,1.13639,77
2019.01.21,16:52,1.13641,1.13647,1.13637,1.13641,51
2019.01.21,16:53,1.13642,1.13646,1.13641,1.13645,28
2019.01.21,16:54,1.13643,1.13648,1.13635,1.13647,59
2019.01.21,16:55,1.13647,1.1365,1.13637,1.13647,32
2019.01.21,16:56,1.1365,1.13656,1.13646,1.13655,48
2019.01.21,16:57,1.13655,1.13655,1.1365,1.13652,35
2019.01.21,16:58,1.13653,1.13656,1.13649,1.13654,32
2019.01.21,16:59,1.13653,1.13655,1.13643,1.13648,48
2019.01.21,17:00,1.13648,1.13657,1.13648,1.13654,89
2019.01.21,17:01,1.13655,1.13664,1.13654,1.13657,114
2019.01.21,17:02,1.13658,1.13667,1.13657,1.13661,58
2019.01.21,17:03,1.13662,1.13672,1.13661,1.13671,32
2019.01.21,17:04,1.1367,1.13677,1.13668,1.13674,63
2019.01.21,17:05,1.13673,1.13679,1.13673,1.13674,43
2019.01.21,17:06,1.13676,1.13683,1.13676,1.1368,41
2019.01.21,17:07,1.1368,1.1368,1.13661,1.13665,55
2019.01.21,17:08,1.13665,1.1367,1.13661,1.13667,41
2019.01.21,17:09,1.13665,1.13668,1.13663,1.13668,32
2019.01.21,17:10,1.13669,1.13669,1.13656,1.13656,38
2019.01.21,17:11,1.13656,1.13662,1.13652,1.13652,46
2019.01.21,17:12,1.13652,1.13661,1.13647,1.13658,48
2019.01.21,17:13,1.13658,1.13659,1.13652,1.13655,38
2019.01.21,17:14,1.13656,1.13656,1.1365,1.13652,41
2019.01.21,17:15,1.13652,1.13652,1.13642,1.13644,53
2019.01.21,17:16,1.13645,1.13645,1.13635,1.13637,41
2019.01.21,17:17,1.13637,1.13656,1.13636,1.13656,54
2019.01.21,17:18,1.13656,1.13658,1.13636,1.13636,34
2019.01.21,17:19,1.13637,1.13642,1.13636,1.13642,40
2019.01.21,17:20,1.13643,1.13647,1.13632,1.13634,63
2019.01.21,17:21,1.13633,1.13636,1.13631,1.13634,46
2019.01.21,17:22,1.13633,1.13634,1.13627,1.13627,45
2019.01.21,17:23,1.13627,1.13635,1.13627,1.13631,45
2019.01.21,17:24,1.13631,1.13632,1.13626,1.13629,46
2019.01.21,17:25,1.13628,1.13632,1.13623,1.13625,60
2019.01.21,17:26,1.13626,1.13626,1.13617,1.13619,40
2019.01.21,17:27,1.13618,1.13625,1.13617,1.13619,49
2019.01.21,17:28,1.1362,1.13621,1.13611,1.13612,41
2019.01.21,17:29,1.13612,1.13612,1.136,1.13602,90
2019.01.21,17:30,1.13602,1.13606,1.13589,1.13594,71
2019.01.21,17:31,1.1359,1.13597,1.13588,1.13596,45
2019.01.21,17:32,1.13595,1.13607,1.13595,1.13607,35
2019.01.21,17:33,1.13608,1.13616,1.13602,1.13606,69
2019.01.21,17:34,1.13606,1.13624,1.13606,1.13624,54
2019.01.21,17:35,1.13623,1.13633,1.13621,1.13624,50
2019.01.21,17:36,1.13625,1.13626,1.13619,1.13622,58
2019.01.21,17:37,1.13621,1.13625,1.13621,1.13623,33
2019.01.21,17:38,1.13624,1.13625,1.13605,1.13612,73
2019.01.21,17:39,1.13614,1.13618,1.13605,1.13605,70
2019.01.21,17:40,1.13602,1.13627,1.136,1.13625,102
2019.01.21,17:41,1.13625,1.13625,1.13612,1.13614,71
2019.01.21,17:42,1.13614,1.1362,1.13606,1.13619,73
2019.01.21,17:43,1.13621,1.13637,1.1361,1.13636,110
2019.01.21,17:44,1.13636,1.13645,1.13632,1.13642,82
2019.01.21,17:45,1.13647,1.13653,1.13636,1.1364,60
2019.01.21,17:46,1.13639,1.13649,1.13636,1.13641,50
2019.01.21,17:47,1.13638,1.13644,1.13621,1.13626,96
2019.01.21,17:48,1.13629,1.13641,1.13629,1.13635,85
2019.01.21,17:49,1.13635,1.13638,1.13621,1.13632,72
2019.01.21,17:50,1.13633,1.13647,1.13633,1.1364,68
2019.01.21,17:51,1.1364,1.13645,1.13633,1.13637,59
2019.01.21,17:52,1.13638,1.13641,1.13632,1.1364,76
2019.01.21,17:53,1.13638,1.13663,1.13636,1.1365,109
2019.01.21,17:54,1.13651,1.13655,1.13649,1.13653,70
2019.01.21,17:55,1.13652,1.13659,1.13643,1.13658,122
2019.01.21,17:56,1.13658,1.13667,1.1365,1.13652,125
2019.01.21,17:57,1.13651,1.13673,1.13645,1.13665,146
2019.01.21,17:58,1.13665,1.13666,1.13632,1.13632,140
2019.01.21,17:59,1.13633,1.13643,1.13628,1.13634,116
2019.01.21,18:00,1.13637,1.13659,1.13635,1.13659,168
2019.01.21,18:01,1.13658,1.13671,1.13645,1.13652,167
2019.01.21,18:02,1.13652,1.13679,1.13647,1.13677,144
2019.01.21,18:03,1.13678,1.13679,1.13666,1.13671,88
2019.01.21,18:04,1.13672,1.13673,1.13666,1.13667,58
2019.01.21,18:05,1.13667,1.13677,1.13666,1.13674,49
2019.01.21,18:06,1.13674,1.13691,1.13666,1.13688,72
2019.01.21,18:07,1.13688,1.13693,1.1368,1.13685,83
2019.01.21,18:08,1.13684,1.13685,1.13679,1.13682,57
2019.01.21,18:09,1.13682,1.13685,1.13677,1.13684,54
2019.01.21,18:10,1.13682,1.13688,1.1368,1.13681,46
2019.01.21,18:11,1.1368,1.1368,1.13672,1.13672,36
2019.01.21,18:12,1.13671,1.13679,1.13671,1.13676,42
2019.01.21,18:13,1.13675,1.13687,1.13675,1.1368,62
2019.01.21,18:14,1.13681,1.13687,1.1368,1.13682,66
2019.01.21,18:15,1.13682,1.13683,1.13676,1.13682,69
2019.01.21,18:16,1.13681,1.13699,1.13681,1.13694,95
2019.01.21,18:17,1.13694,1.13703,1.13693,1.13701,120
2019.01.21,18:18,1.13701,1.13711,1.13695,1.13707,138
2019.01.21,18:19,1.13707,1.13708,1.13686,1.13687,85
2019.01.21,18:20,1.13687,1.13687,1.13673,1.13674,61
2019.01.21,18:21,1.13674,1.13675,1.13662,1.13662,69
2019.01.21,18:22,1.13663,1.13669,1.13663,1.13667,48
2019.01.21,18:23,1.13667,1.13669,1.13661,1.13667,52
2019.01.21,18:24,1.13668,1.13681,1.13664,1.13677,59
2019.01.21,18:25,1.13678,1.13686,1.13677,1.13682,31
2019.01.21,18:26,1.13681,1.13684,1.13674,1.13677,49
2019.01.21,18:27,1.13677,1.13677,1.13666,1.13666,74
2019.01.21,18:28,1.13666,1.13673,1.13664,1.13673,42
2019.01.21,18:29,1.13673,1.13688,1.13673,1.13679,66
2019.01.21,18:30,1.13678,1.13678,1.13663,1.13663,52
2019.01.21,18:31,1.13664,1.13667,1.13661,1.13664,44
2019.01.21,18:32,1.13664,1.13667,1.13662,1.13662,56
2019.01.21,18:33,1.13663,1.13667,1.13657,1.13666,35
2019.01.21,18:34,1.13665,1.13681,1.13665,1.13677,48
2019.01.21,18:35,1.13678,1.13679,1.13669,1.13671,44
2019.01.21,18:36,1.1367,1.13676,1.13669,1.13672,54
2019.01.21,18:37,1.13672,1.13682,1.13671,1.13677,43
2019.01.21,18:38,1.13679,1.1368,1.13669,1.13673,36
2019.01.21,18:39,1.13672,1.13674,1.13668,1.13669,34
2019.01.21,18:40,1.1367,1.13675,1.13669,1.13675,19
2019.01.21,18:41,1.13675,1.13689,1.13675,1.13688,41
2019.01.21,18:42,1.13688,1.13692,1.13686,1.13686,33
2019.01.21,18:43,1.13687,1.13688,1.13683,1.13685,31
2019.01.21,18:44,1.13686,1.13693,1.13685,1.1369,53
2019.01.21,18:45,1.1369,1.1369,1.13682,1.13683,28
2019.01.21,18:46,1.13684,1.13686,1.13682,1.13686,14
2019.01.21,18:47,1.13687,1.13697,1.13687,1.13692,36
2019.01.21,18:48,1.13691,1.13693,1.13678,1.13683,48
2019.01.21,18:49,1.13687,1.13689,1.13681,1.13684,37
2019.01.21,18:50,1.13684,1.13686,1.13681,1.13686,23
2019.01.21,18:51,1.13685,1.13687,1.13682,1.13682,20
2019.01.21,18:52,1.13683,1.13701,1.13683,1.13701,48
2019.01.21,18:53,1.13702,1.13702,1.13691,1.13692,21
2019.01.21,18:54,1.13692,1.13693,1.13691,1.13692,26
2019.01.21,18:55,1.13694,1.13694,1.13684,1.13685,47
2019.01.21,18:56,1.13685,1.13702,1.13685,1.137,36
2019.01.21,18:57,1.13701,1.13701,1.137,1.137,8
2019.01.21,18:58,1.137,1.13705,1.13697,1.13704,31
2019.01.21,18:59,1.13703,1.13704,1.13695,1.13698,42
2019.01.21,19:00,1.13697,1.13698,1.13692,1.13695,67
2019.01.21,19:01,1.13696,1.13697,1.13676,1.13682,41
2019.01.21,19:02,1.13682,1.13682,1.13679,1.1368,13
2019.01.21,19:03,1.1368,1.13683,1.1368,1.13682,15
2019.01.21,19:04,1.13683,1.13692,1.13683,1.13691,32
2019.01.21,19:05,1.13691,1.13698,1.13689,1.1369,26
2019.01.21,19:06,1.13689,1.13689,1.13686,1.13686,19
2019.01.21,19:07,1.13686,1.13693,1.13685,1.13691,11
2019.01.21,19:08,1.13691,1.13691,1.13681,1.13685,18
2019.01.21,19:09,1.13684,1.13685,1.13682,1.13685,13
2019.01.21,19:10,1.13686,1.13687,1.13684,1.13686,18
2019.01.21,19:11,1.13687,1.13688,1.13684,1.13688,27
2019.01.21,19:12,1.13687,1.13692,1.13686,1.13692,20
2019.01.21,19:13,1.13691,1.137,1.1369,1.13699,28
2019.01.21,19:14,1.137,1.137,1.13689,1.1369,15
2019.01.21,19:15,1.1369,1.1369,1.13685,1.13687,14
2019.01.21,19:16,1.13687,1.13687,1.13685,1.13686,10
2019.01.21,19:17,1.13686,1.13686,1.13681,1.13682,17
2019.01.21,19:18,1.13681,1.13686,1.13672,1.13685,35
2019.01.21,19:19,1.13684,1.13685,1.13684,1.13684,11
2019.01.21,19:20,1.13683,1.13688,1.13682,1.13683,28
2019.01.21,19:21,1.13684,1.13685,1.13684,1.13685,8
2019.01.21,19:22,1.13685,1.13685,1.13685,1.13685,2
2019.01.21,19:23,1.13684,1.13684,1.13677,1.13677,31
2019.01.21,19:24,1.13679,1.13687,1.13674,1.13686,40
2019.01.21,19:25,1.13686,1.13686,1.13684,1.13685,14
2019.01.21,19:26,1.13684,1.13685,1.1368,1.13685,11
2019.01.21,19:27,1.1369,1.1369,1.13682,1.13685,25
2019.01.21,19:28,1.13684,1.13685,1.13682,1.13682,18
2019.01.21,19:29,1.13683,1.1369,1.13681,1.13682,52
2019.01.21,19:30,1.13684,1.13691,1.13684,1.1369,30
2019.01.21,19:31,1.13689,1.13696,1.13688,1.13696,26
2019.01.21,19:32,1.13696,1.13696,1.1369,1.1369,20
2019.01.21,19:33,1.13691,1.13692,1.13686,1.13686,11
2019.01.21,19:34,1.13686,1.13688,1.13686,1.13687,8
2019.01.21,19:35,1.13686,1.13692,1.13686,1.1369,25
2019.01.21,19:36,1.13689,1.13691,1.13688,1.1369,17
2019.01.21,19:37,1.1369,1.13692,1.13689,1.1369,39
2019.01.21,19:38,1.13689,1.13694,1.13689,1.13693,17
2019.01.21,19:39,1.13693,1.13697,1.1369,1.1369,38
2019.01.21,19:40,1.13691,1.13691,1.13688,1.13688,13
2019.01.21,19:41,1.13689,1.13689,1.13687,1.13687,10
2019.01.21,19:42,1.13687,1.13689,1.13684,1.13685,26
2019.01.21,19:43,1.13684,1.13685,1.13678,1.13685,23
2019.01.21,19:44,1.13685,1.13686,1.13685,1.13685,16
2019.01.21,19:45,1.13685,1.13686,1.13682,1.13683,16
2019.01.21,19:46,1.13683,1.1369,1.13682,1.13689,24
2019.01.21,19:47,1.13689,1.1369,1.13688,1.13689,17
2019.01.21,19:48,1.1369,1.1369,1.13687,1.13688,8
2019.01.21,19:49,1.13688,1.1369,1.13687,1.13687,9
2019.01.21,19:50,1.13687,1.13688,1.13685,1.13685,22
2019.01.21,19:51,1.13684,1.13685,1.13682,1.13682,11
2019.01.21,19:52,1.13682,1.13682,1.13678,1.13679,23
2019.01.21,19:53,1.13679,1.1368,1.13676,1.13679,10
2019.01.21,19:54,1.13678,1.13683,1.13678,1.13682,10
2019.01.21,19:55,1.13681,1.13682,1.13681,1.13681,12
2019.01.21,19:56,1.13681,1.13684,1.13681,1.13682,11
2019.01.21,19:57,1.13681,1.13688,1.13678,1.1368,64
2019.01.21,19:58,1.13681,1.13689,1.13681,1.13685,80
2019.01.21,19:59,1.13684,1.1369,1.13681,1.13684,41
2019.01.21,20:00,1.13684,1.13684,1.13648,1.13649,58
2019.01.21,20:01,1.13646,1.13648,1.1364,1.13646,27
2019.01.21,20:02,1.13647,1.13652,1.13643,1.13652,39
2019.01.21,20:03,1.13651,1.13658,1.1364,1.13653,48
2019.01.21,20:04,1.13654,1.13655,1.13652,1.13654,18
2019.01.21,20:05,1.13653,1.13655,1.13645,1.13654,30
2019.01.21,20:06,1.13647,1.13654,1.13647,1.13654,9
2019.01.21,20:07,1.1365,1.13657,1.13649,1.13657,36
2019.01.21,20:08,1.13658,1.13671,1.13654,1.13669,22
2019.01.21,20:09,1.13669,1.13679,1.13668,1.13679,66
2019.01.21,20:10,1.1368,1.13682,1.13669,1.13671,27
2019.01.21,20:11,1.13671,1.13674,1.13665,1.13668,46
2019.01.21,20:12,1.13667,1.13667,1.13665,1.13665,10
2019.01.21,20:13,1.13666,1.13667,1.13666,1.13667,5
2019.01.21,20:14,1.13668,1.13668,1.13666,1.13667,8
2019.01.21,20:15,1.13666,1.13666,1.13665,1.13665,3
2019.01.21,20:16,1.13669,1.13669,1.13664,1.13665,13
2019.01.21,20:18,1.13665,1.13671,1.13665,1.13671,6
2019.01.21,20:19,1.13671,1.13672,1.13671,1.13672,14
2019.01.21,20:20,1.13671,1.13676,1.13671,1.13676,13
2019.01.21,20:21,1.13676,1.13676,1.13676,1.13676,24
2019.01.21,20:22,1.13676,1.13678,1.13675,1.13675,35
2019.01.21,20:23,1.13675,1.13675,1.13665,1.13669,32
2019.01.21,20:24,1.13669,1.13669,1.1364,1.13656,42
2019.01.21,20:25,1.13655,1.13656,1.13655,1.13656,4
2019.01.21,20:26,1.13656,1.13661,1.13656,1.13659,26
2019.01.21,20:27,1.13658,1.1366,1.13658,1.13659,18
2019.01.21,20:28,1.1366,1.1366,1.13655,1.13655,22
2019.01.21,20:29,1.13655,1.13659,1.13655,1.13655,19
2019.01.21,20:30,1.13655,1.13658,1.13655,1.13656,21
2019.01.21,20:31,1.13656,1.13658,1.13656,1.13658,19
2019.01.21,20:32,1.1366,1.13663,1.13659,1.1366,13
2019.01.21,20:33,1.1366,1.13661,1.1366,1.1366,50
2019.01.21,20:34,1.1366,1.13661,1.1366,1.13661,11
2019.01.21,20:35,1.13661,1.13664,1.1366,1.1366,19
2019.01.21,20:37,1.1366,1.13661,1.13659,1.1366,6
2019.01.21,20:38,1.13659,1.13659,1.13659,1.13659,6
2019.01.21,20:39,1.13659,1.1366,1.13659,1.13659,7
2019.01.21,20:40,1.13659,1.13659,1.13659,1.13659,4
2019.01.21,20:41,1.13659,1.13661,1.13659,1.13659,13
2019.01.21,20:42,1.13659,1.13659,1.13659,1.13659,8
2019.01.21,20:43,1.13659,1.13659,1.13659,1.13659,6
2019.01.21,20:44,1.13659,1.1366,1.13654,1.13655,15
2019.01.21,20:45,1.13654,1.13655,1.13654,1.13654,7
2019.01.21,20:46,1.13654,1.13656,1.13654,1.13656,9
2019.01.21,20:47,1.13657,1.13657,1.13657,1.13657,1
2019.01.21,20:48,1.13657,1.13657,1.13657,1.13657,2
2019.01.21,20:49,1.13657,1.13658,1.13657,1.13658,14
2019.01.21,20:50,1.13659,1.13661,1.13657,1.13661,16
2019.01.21,20:51,1.13659,1.13661,1.13659,1.13661,2
2019.01.21,20:52,1.1366,1.13661,1.13657,1.13658,18
2019.01.21,20:53,1.13658,1.13679,1.13657,1.13678,38
2019.01.21,20:54,1.13676,1.13693,1.13675,1.13684,67
2019.01.21,20:55,1.13684,1.13684,1.13674,1.13682,44
2019.01.21,20:56,1.1368,1.13691,1.13664,1.13678,90
2019.01.21,20:57,1.13677,1.13682,1.13664,1.13667,38
2019.01.21,20:58,1.13668,1.13683,1.13668,1.13682,37
2019.01.21,20:59,1.13683,1.1369,1.13677,1.13677,36
2019.01.21,21:00,1.13676,1.13677,1.13675,1.13675,16
2019.01.21,21:01,1.13676,1.13678,1.13675,1.13676,18
2019.01.21,21:02,1.13678,1.13681,1.13678,1.13679,15
2019.01.21,21:03,1.13679,1.1368,1.13677,1.13679,30
2019.01.21,21:04,1.13679,1.13679,1.13678,1.13679,15
2019.01.21,21:05,1.13679,1.1368,1.13677,1.13678,19
2019.01.21,21:06,1.13678,1.13679,1.13677,1.13677,13
2019.01.21,21:07,1.13677,1.13683,1.13677,1.13681,11
2019.01.21,21:08,1.13681,1.13681,1.13679,1.1368,7
2019.01.21,21:09,1.1368,1.13683,1.13679,1.13679,10
2019.01.21,21:10,1.13679,1.1368,1.13679,1.13679,4
2019.01.21,21:11,1.13679,1.13679,1.13679,1.13679,11
2019.01.21,21:12,1.13679,1.1368,1.13679,1.13679,13
2019.01.21,21:13,1.13679,1.13679,1.13679,1.13679,5
2019.01.21,21:14,1.13679,1.1368,1.13679,1.13679,8
2019.01.21,21:15,1.13679,1.13679,1.13679,1.13679,6
2019.01.21,21:16,1.13678,1.13678,1.13678,1.13678,7
2019.01.21,21:17,1.1368,1.13682,1.13679,1.13682,12
2019.01.21,21:18,1.13681,1.13682,1.13681,1.13682,9
2019.01.21,21:19,1.13681,1.13682,1.13681,1.13682,9
2019.01.21,21:20,1.13682,1.13682,1.13681,1.13681,10
2019.01.21,21:21,1.1368,1.1368,1.13675,1.1368,8
2019.01.21,21:22,1.13681,1.13682,1.1368,1.13681,10
2019.01.21,21:23,1.13682,1.13682,1.13682,1.13682,4
2019.01.21,21:24,1.13681,1.13681,1.13679,1.1368,17
2019.01.21,21:25,1.13681,1.13681,1.13671,1.13681,15
2019.01.21,21:26,1.13681,1.13682,1.13676,1.13681,15
2019.01.21,21:27,1.13681,1.13682,1.13681,1.13681,9
2019.01.21,21:28,1.13681,1.13681,1.13673,1.13673,14
2019.01.21,21:29,1.13674,1.13675,1.13674,1.13675,5
2019.01.21,21:30,1.13675,1.13676,1.13672,1.13672,10
2019.01.21,21:31,1.13671,1.13674,1.13671,1.13674,6
2019.01.21,21:32,1.13674,1.13674,1.13674,1.13674,4
2019.01.21,21:33,1.13674,1.13674,1.13673,1.13673,10
2019.01.21,21:34,1.13672,1.13673,1.13672,1.13673,6
2019.01.21,21:35,1.13672,1.13674,1.13672,1.13672,10
2019.01.21,21:36,1.13672,1.13672,1.13672,1.13672,1
2019.01.21,21:37,1.13673,1.13673,1.13672,1.13672,9
2019.01.21,21:38,1.13673,1.13673,1.13672,1.13673,19
2019.01.21,21:39,1.13678,1.13678,1.13675,1.13676,18
2019.01.21,21:40,1.13675,1.13676,1.13675,1.13675,5
2019.01.21,21:41,1.13676,1.13676,1.13675,1.13675,4
2019.01.21,21:42,1.13675,1.13675,1.13675,1.13675,4
2019.01.21,21:43,1.13675,1.13675,1.13675,1.13675,1
2019.01.21,21:45,1.13675,1.13675,1.13675,1.13675,5
2019.01.21,21:46,1.13675,1.13675,1.13675,1.13675,4
2019.01.21,21:47,1.13675,1.13676,1.13675,1.13676,7
2019.01.21,21:48,1.13676,1.13676,1.13676,1.13676,2
2019.01.21,21:49,1.13676,1.13676,1.13676,1.13676,2
2019.01.21,21:51,1.13675,1.13675,1.13675,1.13675,1
2019.01.21,21:52,1.13677,1.13677,1.13675,1.13675,3
2019.01.21,21:53,1.13677,1.13677,1.13675,1.13677,3
2019.01.21,21:54,1.13676,1.13678,1.13675,1.13678,10
2019.01.21,21:55,1.13678,1.13678,1.13678,1.13678,5
2019.01.21,21:56,1.13681,1.13681,1.13678,1.13679,13
2019.01.21,21:57,1.13678,1.13681,1.13678,1.13678,18
2019.01.21,21:58,1.13679,1.13684,1.13678,1.13681,11
2019.01.21,21:59,1.13681,1.13689,1.1368,1.13689,18
2019.01.21,22:00,1.1369,1.1369,1.13672,1.13675,75
2019.01.21,22:01,1.13675,1.13676,1.13674,1.13674,30
2019.01.21,22:02,1.13674,1.13675,1.13672,1.13675,25
2019.01.21,22:03,1.13675,1.13678,1.13673,1.13674,13
2019.01.21,22:04,1.13674,1.13674,1.13673,1.13674,13
2019.01.21,22:05,1.13674,1.13674,1.13674,1.13674,4
2019.01.21,22:06,1.13674,1.13675,1.1367,1.13672,9
2019.01.21,22:07,1.13672,1.13672,1.1367,1.13671,27
2019.01.21,22:08,1.13671,1.13675,1.13671,1.13673,24
2019.01.21,22:09,1.13672,1.13675,1.13672,1.13675,26
2019.01.21,22:10,1.13675,1.13675,1.13675,1.13675,13
2019.01.21,22:11,1.13675,1.13675,1.13674,1.13675,20
2019.01.21,22:13,1.13675,1.13675,1.13675,1.13675,2
2019.01.21,22:14,1.13676,1.13676,1.13675,1.13676,3
2019.01.21,22:15,1.13675,1.13679,1.13675,1.13675,5
2019.01.21,22:16,1.13676,1.13676,1.13675,1.13675,5
2019.01.21,22:17,1.13676,1.13676,1.13675,1.13675,4
2019.01.21,22:18,1.13674,1.13675,1.13674,1.13675,9
2019.01.21,22:19,1.13675,1.13675,1.13673,1.13674,7
2019.01.21,22:20,1.13675,1.13675,1.13673,1.13675,6
2019.01.21,22:21,1.13673,1.13675,1.13673,1.13675,3
2019.01.21,22:22,1.13675,1.1368,1.13675,1.13675,9
2019.01.21,22:23,1.13675,1.13677,1.13675,1.13677,10
2019.01.21,22:24,1.13677,1.1368,1.13675,1.13675,5
2019.01.21,22:25,1.13675,1.13675,1.13675,1.13675,4
2019.01.21,22:26,1.13676,1.13677,1.13675,1.13677,16
2019.01.21,22:27,1.13675,1.13676,1.13675,1.13675,6
2019.01.21,22:28,1.13676,1.13676,1.13675,1.13675,8
2019.01.21,22:29,1.13676,1.13678,1.13675,1.13677,22
2019.01.21,22:30,1.13676,1.13676,1.13676,1.13676,2
2019.01.21,22:31,1.13678,1.13679,1.13678,1.13678,11
2019.01.21,22:32,1.13679,1.13679,1.13678,1.13679,11
2019.01.21,22:33,1.13681,1.13684,1.13679,1.13682,16
2019.01.21,22:34,1.13682,1.13684,1.13682,1.13682,13
2019.01.21,22:35,1.13683,1.13683,1.13682,1.13682,14
2019.01.21,22:36,1.13686,1.13686,1.13682,1.13683,5
2019.01.21,22:37,1.13682,1.13683,1.13682,1.13683,12
2019.01.21,22:38,1.13682,1.13685,1.13682,1.13682,9
2019.01.21,22:39,1.13682,1.13685,1.13682,1.13682,8
2019.01.21,22:40,1.13682,1.13685,1.13682,1.13685,4
2019.01.21,22:41,1.13684,1.13685,1.13684,1.13685,4
2019.01.21,22:42,1.13685,1.13685,1.13685,1.13685,4
2019.01.21,22:43,1.13685,1.13685,1.13684,1.13684,5
2019.01.21,22:44,1.13686,1.13686,1.13684,1.13685,6
2019.01.21,22:45,1.13686,1.13686,1.13685,1.13685,9
2019.01.21,22:46,1.13686,1.13687,1.13685,1.13686,17
2019.01.21,22:47,1.13685,1.13687,1.13685,1.13686,11
2019.01.21,22:48,1.13686,1.13692,1.13686,1.1369,58
2019.01.21,22:49,1.13689,1.1369,1.13688,1.1369,17
2019.01.21,22:50,1.13689,1.13692,1.13689,1.1369,15
2019.01.21,22:51,1.13689,1.13695,1.13689,1.13693,8
2019.01.21,22:52,1.13694,1.13694,1.13685,1.13685,10
2019.01.21,22:53,1.13684,1.13685,1.13675,1.1368,28
2019.01.21,22:54,1.1368,1.1368,1.13675,1.1368,25
2019.01.21,22:55,1.1368,1.1368,1.13674,1.1368,40
2019.01.21,22:56,1.1368,1.13682,1.1368,1.13682,12
2019.01.21,22:57,1.13681,1.13689,1.13681,1.13689,13
2019.01.21,22:58,1.13688,1.13715,1.13688,1.1369,72
2019.01.21,22:59,1.1369,1.1369,1.13681,1.13684,19
2019.01.21,23:00,1.13683,1.13687,1.13682,1.13682,15
2019.01.21,23:01,1.13682,1.13689,1.1368,1.13682,19
2019.01.21,23:02,1.13682,1.13686,1.13681,1.13686,23
2019.01.21,23:03,1.13685,1.13685,1.13682,1.13685,4
2019.01.21,23:05,1.13683,1.13685,1.13683,1.13685,2
2019.01.21,23:06,1.13685,1.13685,1.13685,1.13685,2
2019.01.21,23:07,1.13684,1.13685,1.13683,1.13685,6
2019.01.21,23:08,1.13685,1.13688,1.13685,1.13686,6
2019.01.21,23:09,1.13688,1.13688,1.13685,1.13687,21
2019.01.21,23:10,1.13689,1.1369,1.13686,1.13689,9
2019.01.21,23:11,1.13688,1.13689,1.13688,1.13689,10
2019.01.21,23:12,1.13688,1.13691,1.13688,1.13689,6
2019.01.21,23:13,1.13688,1.13689,1.13687,1.13688,5
2019.01.21,23:14,1.13687,1.13689,1.13687,1.13688,6
2019.01.21,23:15,1.13674,1.13676,1.13659,1.13675,116
2019.01.21,23:16,1.13674,1.13674,1.13673,1.13673,35
2019.01.21,23:17,1.13673,1.13673,1.13673,1.13673,132
2019.01.21,23:18,1.13673,1.13675,1.13673,1.13675,57
2019.01.21,23:19,1.13675,1.13688,1.13675,1.13685,25
2019.01.21,23:20,1.13684,1.13685,1.13683,1.13684,14
2019.01.21,23:21,1.13685,1.13687,1.13684,1.13685,46
2019.01.21,23:22,1.13686,1.13687,1.13685,1.13687,50
2019.01.21,23:23,1.13686,1.13688,1.13685,1.13686,46
2019.01.21,23:24,1.13685,1.13687,1.13685,1.13685,29
2019.01.21,23:25,1.13685,1.13689,1.13685,1.13688,28
2019.01.21,23:26,1.13688,1.13689,1.13688,1.13689,26
2019.01.21,23:27,1.13688,1.13691,1.13688,1.13689,6
2019.01.21,23:28,1.13688,1.13689,1.13688,1.13689,8
2019.01.21,23:29,1.13689,1.13689,1.13681,1.13681,50
2019.01.21,23:30,1.13682,1.13687,1.13681,1.13686,49
2019.01.21,23:31,1.13687,1.13688,1.13685,1.13686,240
2019.01.21,23:32,1.13687,1.13695,1.13685,1.13686,64
2019.01.21,23:33,1.13687,1.13688,1.13686,1.13687,8
2019.01.21,23:34,1.13686,1.13687,1.13686,1.13687,2
2019.01.21,23:35,1.13687,1.13689,1.13686,1.13686,33
2019.01.21,23:36,1.13686,1.13688,1.13685,1.13685,60
2019.01.21,23:37,1.13686,1.13691,1.13686,1.13688,40
2019.01.21,23:38,1.13688,1.13691,1.13685,1.13689,97
2019.01.21,23:39,1.13689,1.13691,1.13685,1.13689,46
2019.01.21,23:40,1.1369,1.13692,1.1369,1.13691,12
2019.01.21,23:41,1.13691,1.13691,1.13685,1.13688,45
2019.01.21,23:42,1.1369,1.1369,1.13686,1.13688,39
2019.01.21,23:43,1.13689,1.1369,1.13685,1.13685,21
2019.01.21,23:44,1.13688,1.13692,1.13663,1.13665,50
2019.01.21,23:45,1.13667,1.13676,1.1366,1.1367,130
2019.01.21,23:46,1.13669,1.13682,1.13667,1.13674,45
2019.01.21,23:47,1.13675,1.13683,1.13669,1.13671,28
2019.01.21,23:48,1.13672,1.13672,1.13666,1.13666,27
2019.01.21,23:49,1.13668,1.1367,1.13662,1.13663,40
2019.01.21,23:50,1.13664,1.13685,1.1366,1.13681,41
2019.01.21,23:51,1.13681,1.13684,1.13666,1.13679,103
2019.01.21,23:52,1.13674,1.1368,1.13674,1.13677,92
2019.01.21,23:53,1.13676,1.13679,1.13673,1.13679,31
2019.01.21,23:54,1.13681,1.13681,1.13677,1.13677,2
2019.01.21,23:55,1.1368,1.1368,1.13677,1.13677,2
2019.01.21,23:56,1.13678,1.13686,1.13678,1.13686,7
2019.01.21,23:57,1.13684,1.13686,1.13678,1.13679,14
2019.01.21,23:58,1.13679,1.13679,1.13659,1.13667,28
2019.01.21,23:59,1.13667,1.13667,1.13644,1.13659,22
2019.01.22,00:00,1.13666,1.13667,1.13666,1.13667,4
2019.01.22,00:01,1.13664,1.13665,1.13664,1.13665,2
2019.01.22,00:02,1.13666,1.13666,1.13666,1.13666,2
2019.01.22,00:03,1.13665,1.13666,1.13665,1.13665,7
2019.01.22,00:04,1.13665,1.13669,1.13659,1.13669,115
2019.01.22,00:05,1.13669,1.13669,1.13663,1.13663,22
2019.01.22,00:06,1.13663,1.13663,1.13663,1.13663,28
2019.01.22,00:08,1.13663,1.13663,1.13663,1.13663,22
2019.01.22,00:09,1.13663,1.13663,1.13663,1.13663,82
2019.01.22,00:11,1.13663,1.13663,1.13663,1.13663,11
2019.01.22,00:12,1.13663,1.13663,1.13662,1.13662,7
2019.01.22,00:15,1.13662,1.13663,1.13646,1.13661,25
2019.01.22,00:16,1.13661,1.13661,1.1366,1.1366,21
2019.01.22,00:17,1.1366,1.1366,1.1366,1.1366,13
2019.01.22,00:18,1.1366,1.1366,1.1366,1.1366,17
2019.01.22,00:19,1.1366,1.1366,1.1366,1.1366,11
2019.01.22,00:20,1.1366,1.13666,1.1366,1.13662,17
2019.01.22,00:21,1.13662,1.13667,1.13662,1.13664,30
2019.01.22,00:22,1.13665,1.13666,1.13662,1.13662,47
2019.01.22,00:23,1.13662,1.13667,1.13662,1.13662,11
2019.01.22,00:24,1.13662,1.13662,1.13662,1.13662,17
2019.01.22,00:25,1.13662,1.13683,1.13662,1.13682,31
2019.01.22,00:26,1.13683,1.13692,1.13681,1.13687,48
2019.01.22,00:27,1.13688,1.13688,1.13684,1.13684,22
2019.01.22,00:28,1.13681,1.13681,1.13678,1.1368,14
2019.01.22,00:29,1.13681,1.13682,1.13676,1.13676,8
2019.01.22,00:30,1.13675,1.13676,1.13675,1.13675,8
2019.01.22,00:31,1.13674,1.13676,1.13672,1.13676,10
2019.01.22,00:32,1.13677,1.13677,1.13676,1.13676,2
2019.01.22,00:33,1.13671,1.13671,1.13658,1.13668,34
2019.01.22,00:34,1.13667,1.13668,1.13661,1.13662,15
2019.01.22,00:35,1.13662,1.13668,1.1366,1.13668,11
2019.01.22,00:36,1.13669,1.13674,1.13669,1.13674,12
2019.01.22,00:37,1.13676,1.13677,1.13676,1.13677,2
2019.01.22,00:38,1.13678,1.1368,1.13678,1.13679,11
2019.01.22,00:39,1.13679,1.1368,1.13678,1.1368,10
2019.01.22,00:40,1.13681,1.13681,1.13679,1.1368,11
2019.01.22,00:41,1.13681,1.13684,1.13678,1.13681,22
2019.01.22,00:42,1.13681,1.13683,1.1368,1.13681,12
2019.01.22,00:43,1.13681,1.13681,1.13679,1.13679,13
2019.01.22,00:44,1.13677,1.13677,1.13677,1.13677,5
2019.01.22,00:45,1.13677,1.13679,1.13677,1.13678,14
2019.01.22,00:46,1.13679,1.13679,1.13675,1.13677,18
2019.01.22,00:47,1.13676,1.13677,1.13675,1.13675,15
2019.01.22,00:48,1.13676,1.13678,1.13675,1.13676,18
2019.01.22,00:49,1.13676,1.13677,1.13674,1.13675,21
2019.01.22,00:50,1.13676,1.13695,1.13675,1.13694,32
2019.01.22,00:51,1.13695,1.13696,1.13694,1.13696,14
2019.01.22,00:52,1.137,1.137,1.13693,1.13695,15
2019.01.22,00:53,1.13695,1.13701,1.13695,1.137,16
2019.01.22,00:54,1.13701,1.13701,1.13699,1.13699,3
2019.01.22,00:55,1.137,1.13701,1.13699,1.137,12
2019.01.22,00:56,1.137,1.13701,1.13699,1.137,9
2019.01.22,00:57,1.13699,1.137,1.13693,1.13693,17
2019.01.22,00:58,1.13692,1.13694,1.13692,1.13693,8
2019.01.22,00:59,1.13693,1.13699,1.13693,1.13699,8
2019.01.22,01:00,1.13699,1.13705,1.13696,1.13703,53
2019.01.22,01:01,1.13704,1.13709,1.13703,1.13706,26
2019.01.22,01:02,1.13705,1.13705,1.13695,1.137,54
2019.01.22,01:03,1.13698,1.137,1.13692,1.13693,135
2019.01.22,01:04,1.13694,1.13695,1.13692,1.13693,132
2019.01.22,01:05,1.13693,1.13697,1.13691,1.13696,82
2019.01.22,01:06,1.13697,1.13714,1.13696,1.13713,21
2019.01.22,01:07,1.13713,1.13714,1.13709,1.1371,23
2019.01.22,01:08,1.13706,1.13707,1.13702,1.13703,20
2019.01.22,01:09,1.13702,1.13703,1.137,1.137,8
2019.01.22,01:10,1.13701,1.1371,1.13695,1.13708,44
2019.01.22,01:11,1.13708,1.1371,1.13703,1.13704,36
2019.01.22,01:12,1.13704,1.13709,1.13702,1.13702,40
2019.01.22,01:13,1.13702,1.13705,1.13687,1.13692,56
2019.01.22,01:14,1.13692,1.13694,1.13686,1.13686,38
2019.01.22,01:15,1.13688,1.1369,1.13681,1.13689,40
2019.01.22,01:16,1.1369,1.1369,1.13689,1.13689,20
2019.01.22,01:17,1.1369,1.13695,1.13689,1.13694,30
2019.01.22,01:18,1.13694,1.13696,1.13692,1.13693,19
2019.01.22,01:19,1.13693,1.13698,1.13692,1.13696,22
2019.01.22,01:20,1.13694,1.13703,1.13692,1.13701,23
2019.01.22,01:21,1.13702,1.13705,1.13699,1.13704,14
2019.01.22,01:22,1.13704,1.13705,1.13702,1.13704,18
2019.01.22,01:23,1.13703,1.13705,1.13702,1.13702,12
2019.01.22,01:24,1.13702,1.13706,1.13699,1.13704,29
2019.01.22,01:25,1.13704,1.13704,1.13699,1.13702,24
2019.01.22,01:26,1.13701,1.13701,1.13696,1.13696,15
2019.01.22,01:27,1.13696,1.13696,1.13687,1.13689,21
2019.01.22,01:28,1.13689,1.13696,1.13686,1.13695,18
2019.01.22,01:29,1.13696,1.13699,1.13696,1.13697,11
2019.01.22,01:30,1.13695,1.13695,1.13685,1.13691,30
2019.01.22,01:31,1.13687,1.13689,1.13686,1.13689,10
2019.01.22,01:32,1.1369,1.13691,1.13685,1.13685,18
2019.01.22,01:33,1.13686,1.1369,1.13681,1.13687,24
2019.01.22,01:34,1.13688,1.13688,1.1368,1.13684,33
2019.01.22,01:35,1.13684,1.13687,1.13678,1.13681,23
2019.01.22,01:36,1.13682,1.13687,1.13681,1.13687,10
2019.01.22,01:37,1.13689,1.13697,1.13689,1.13692,16
2019.01.22,01:38,1.13693,1.13694,1.13692,1.13692,5
2019.01.22,01:39,1.13691,1.13692,1.13687,1.13688,32
2019.01.22,01:40,1.13687,1.13691,1.13687,1.1369,17
2019.01.22,01:41,1.1369,1.13692,1.1369,1.13691,11
2019.01.22,01:42,1.13689,1.13689,1.13687,1.13688,7
2019.01.22,01:43,1.13691,1.13699,1.13687,1.13698,29
2019.01.22,01:44,1.13697,1.13703,1.13697,1.13702,33
2019.01.22,01:45,1.13701,1.13701,1.13696,1.13696,16
2019.01.22,01:46,1.13695,1.13696,1.13695,1.13696,5
2019.01.22,01:47,1.13696,1.13698,1.13691,1.13692,24
2019.01.22,01:48,1.13691,1.13692,1.13686,1.13688,15
2019.01.22,01:49,1.13687,1.1369,1.13687,1.13689,11
2019.01.22,01:50,1.13688,1.13696,1.13687,1.13696,28
2019.01.22,01:51,1.13697,1.13698,1.13695,1.13695,23
2019.01.22,01:52,1.13694,1.13694,1.13693,1.13693,4
2019.01.22,01:53,1.13693,1.13695,1.13693,1.13694,15
2019.01.22,01:54,1.13693,1.13695,1.13693,1.13694,6
2019.01.22,01:55,1.13693,1.13693,1.13692,1.13692,5
2019.01.22,01:56,1.13693,1.13695,1.13692,1.13692,13
2019.01.22,01:57,1.13692,1.13692,1.13688,1.13688,12
2019.01.22,01:58,1.13688,1.13688,1.13684,1.13688,12
2019.01.22,01:59,1.13688,1.1369,1.13687,1.13689,13
2019.01.22,02:00,1.13689,1.13692,1.13683,1.13689,42
2019.01.22,02:01,1.13689,1.13689,1.13682,1.13683,57
2019.01.22,02:02,1.13684,1.1369,1.1368,1.13689,42
2019.01.22,02:03,1.13689,1.1369,1.13688,1.13688,19
2019.01.22,02:04,1.13686,1.13692,1.13684,1.13691,23
2019.01.22,02:05,1.1369,1.13704,1.13688,1.13703,30
2019.01.22,02:06,1.13703,1.13703,1.13698,1.13699,18
2019.01.22,02:07,1.137,1.137,1.13699,1.137,5
2019.01.22,02:08,1.13699,1.13704,1.13699,1.13702,13
2019.01.22,02:09,1.13703,1.13714,1.13702,1.13713,39
2019.01.22,02:10,1.13713,1.13718,1.13712,1.13712,17
2019.01.22,02:11,1.13711,1.13712,1.1371,1.1371,12
2019.01.22,02:12,1.13711,1.13711,1.13703,1.13704,46
2019.01.22,02:13,1.13704,1.13712,1.137,1.13707,34
2019.01.22,02:14,1.13707,1.13711,1.13707,1.13707,15
2019.01.22,02:15,1.13707,1.13709,1.13707,1.13708,9
2019.01.22,02:16,1.13707,1.13716,1.13705,1.13715,23
2019.01.22,02:17,1.13713,1.13717,1.13712,1.13716,16
2019.01.22,02:18,1.13713,1.13716,1.13709,1.13712,21
2019.01.22,02:19,1.13712,1.13712,1.13707,1.1371,44
2019.01.22,02:20,1.13711,1.13712,1.13702,1.13702,37
2019.01.22,02:21,1.13702,1.13702,1.13686,1.13689,63
2019.01.22,02:22,1.13689,1.13695,1.13682,1.13684,32
2019.01.22,02:23,1.13685,1.13693,1.13685,1.13692,29
2019.01.22,02:24,1.13693,1.13693,1.13684,1.13684,27
2019.01.22,02:25,1.13684,1.13689,1.13683,1.13689,10
2019.01.22,02:26,1.1369,1.13698,1.1369,1.13698,15
2019.01.22,02:27,1.13698,1.13704,1.13698,1.13703,21
2019.01.22,02:28,1.13704,1.13714,1.13701,1.13713,30
2019.01.22,02:29,1.13712,1.13713,1.1371,1.1371,13
2019.01.22,02:30,1.13709,1.13713,1.13709,1.13712,24
2019.01.22,02:31,1.13712,1.13713,1.13711,1.13713,14
2019.01.22,02:32,1.13713,1.13713,1.13712,1.13712,16
2019.01.22,02:33,1.13712,1.13713,1.1371,1.13712,9
2019.01.22,02:34,1.13712,1.13712,1.13708,1.13711,34
2019.01.22,02:35,1.13711,1.13712,1.13707,1.13708,16
2019.01.22,02:36,1.13709,1.13709,1.13707,1.13708,8
2019.01.22,02:37,1.13706,1.13706,1.13702,1.13702,20
2019.01.22,02:38,1.13701,1.13707,1.13701,1.13703,23
2019.01.22,02:39,1.13701,1.13702,1.13699,1.137,31
2019.01.22,02:40,1.13701,1.13702,1.13696,1.13697,43
2019.01.22,02:41,1.13697,1.137,1.13697,1.137,23
2019.01.22,02:42,1.13698,1.137,1.1369,1.13691,34
2019.01.22,02:43,1.1369,1.13698,1.13688,1.13693,44
2019.01.22,02:44,1.13693,1.13696,1.13689,1.13693,35
2019.01.22,02:45,1.13693,1.13693,1.13685,1.13691,41
2019.01.22,02:46,1.13692,1.13697,1.13687,1.13689,41
2019.01.22,02:47,1.13689,1.13701,1.13687,1.13701,58
2019.01.22,02:48,1.137,1.137,1.13692,1.13694,24
2019.01.22,02:49,1.13695,1.13701,1.13691,1.13691,36
2019.01.22,02:50,1.13691,1.13699,1.13691,1.13696,36
2019.01.22,02:51,1.13697,1.13703,1.13697,1.13701,59
2019.01.22,02:52,1.137,1.137,1.13683,1.13688,62
2019.01.22,02:53,1.13688,1.13697,1.13686,1.13692,63
2019.01.22,02:54,1.13692,1.13695,1.13683,1.13686,68
2019.01.22,02:55,1.13685,1.13691,1.13684,1.13688,60
2019.01.22,02:56,1.13689,1.13691,1.13689,1.13689,12
2019.01.22,02:57,1.13688,1.13689,1.13678,1.13678,44
2019.01.22,02:58,1.1368,1.13688,1.1368,1.13683,27
2019.01.22,02:59,1.13683,1.13683,1.13683,1.13683,5
2019.01.22,03:00,1.13683,1.13683,1.13676,1.13677,30
2019.01.22,03:01,1.13678,1.13683,1.13674,1.1368,40
2019.01.22,03:02,1.13679,1.1368,1.13673,1.1368,46
2019.01.22,03:03,1.13678,1.13678,1.13667,1.13672,50
2019.01.22,03:04,1.13672,1.13674,1.13668,1.13669,38
2019.01.22,03:05,1.13669,1.13673,1.13666,1.13667,45
2019.01.22,03:06,1.13666,1.13671,1.13666,1.1367,31
2019.01.22,03:07,1.13669,1.13674,1.13666,1.13669,30
2019.01.22,03:08,1.13669,1.13672,1.13666,1.13671,29
2019.01.22,03:09,1.13671,1.13677,1.13668,1.13668,29
2019.01.22,03:10,1.13669,1.13674,1.13669,1.13673,17
2019.01.22,03:11,1.13673,1.13675,1.13671,1.13673,31
2019.01.22,03:12,1.13673,1.13673,1.13667,1.13673,35
2019.01.22,03:13,1.13672,1.13679,1.13672,1.13674,23
2019.01.22,03:14,1.13674,1.13677,1.1367,1.13673,28
2019.01.22,03:15,1.13672,1.13686,1.13672,1.13685,30
2019.01.22,03:16,1.13684,1.13693,1.13684,1.13692,25
2019.01.22,03:17,1.13696,1.13701,1.13694,1.13697,26
2019.01.22,03:18,1.13696,1.13696,1.13688,1.13694,26
2019.01.22,03:19,1.13694,1.13697,1.13692,1.13695,16
2019.01.22,03:20,1.13695,1.13703,1.13695,1.13703,26
2019.01.22,03:21,1.13704,1.13714,1.13699,1.13714,29
2019.01.22,03:22,1.13713,1.13713,1.13704,1.13709,30
2019.01.22,03:23,1.13709,1.13711,1.13707,1.13708,18
2019.01.22,03:24,1.13708,1.13713,1.13708,1.13709,33
2019.01.22,03:25,1.13711,1.13713,1.13709,1.1371,22
2019.01.22,03:26,1.13709,1.13709,1.13705,1.13707,34
2019.01.22,03:27,1.13708,1.13716,1.13707,1.13714,16
2019.01.22,03:28,1.13713,1.13721,1.13711,1.13718,23
2019.01.22,03:29,1.13717,1.13721,1.13711,1.1372,25
2019.01.22,03:30,1.1372,1.13723,1.13715,1.13715,41
2019.01.22,03:31,1.13715,1.13715,1.13706,1.13707,37
2019.01.22,03:32,1.13706,1.13706,1.13701,1.13706,41
2019.01.22,03:33,1.13707,1.13708,1.13703,1.13706,40
2019.01.22,03:34,1.13707,1.13707,1.13704,1.13705,17
2019.01.22,03:35,1.13705,1.13705,1.13702,1.13702,12
2019.01.22,03:36,1.13702,1.13702,1.13694,1.13695,36
2019.01.22,03:37,1.13695,1.13701,1.13695,1.137,34
2019.01.22,03:38,1.13702,1.13703,1.13701,1.13702,13
2019.01.22,03:39,1.13702,1.13702,1.13693,1.13698,30
2019.01.22,03:40,1.13697,1.13702,1.13697,1.13702,25
2019.01.22,03:41,1.13701,1.13706,1.13699,1.13705,28
2019.01.22,03:42,1.13705,1.13705,1.137,1.13702,28
2019.01.22,03:43,1.13702,1.13713,1.13702,1.13713,28
2019.01.22,03:44,1.13714,1.13722,1.13713,1.13721,13
2019.01.22,03:45,1.13721,1.13721,1.13716,1.1372,26
2019.01.22,03:46,1.1372,1.13729,1.1372,1.13728,32
2019.01.22,03:47,1.13728,1.13728,1.13718,1.13719,26
2019.01.22,03:48,1.13718,1.13718,1.13704,1.13712,47
2019.01.22,03:49,1.13713,1.13714,1.1371,1.1371,16
2019.01.22,03:50,1.13711,1.13711,1.13707,1.13707,16
2019.01.22,03:51,1.13705,1.13708,1.13701,1.13702,37
2019.01.22,03:52,1.13703,1.13704,1.13697,1.13699,17
2019.01.22,03:53,1.137,1.13704,1.137,1.13702,19
2019.01.22,03:54,1.13703,1.13709,1.137,1.13708,44
2019.01.22,03:55,1.13706,1.13706,1.13698,1.13699,25
2019.01.22,03:56,1.13699,1.13705,1.13699,1.13703,26
2019.01.22,03:57,1.13704,1.13704,1.13699,1.137,28
2019.01.22,03:58,1.13701,1.13702,1.13694,1.13695,19
2019.01.22,03:59,1.13697,1.13705,1.13695,1.13705,32
2019.01.22,04:00,1.13706,1.13706,1.13687,1.13689,56
2019.01.22,04:01,1.1369,1.13704,1.1369,1.13702,33
2019.01.22,04:02,1.13702,1.13702,1.13694,1.13694,20
2019.01.22,04:03,1.13695,1.13699,1.13695,1.13698,18
2019.01.22,04:04,1.13697,1.13697,1.13692,1.13693,18
2019.01.22,04:05,1.13694,1.13698,1.13693,1.13696,32
2019.01.22,04:06,1.13694,1.13701,1.13694,1.13701,21
2019.01.22,04:07,1.13701,1.13701,1.13686,1.1369,30
2019.01.22,04:08,1.1369,1.1369,1.13685,1.13689,37
2019.01.22,04:09,1.13688,1.13688,1.13682,1.13683,23
2019.01.22,04:10,1.13684,1.13691,1.13684,1.13691,49
2019.01.22,04:11,1.13692,1.13698,1.13692,1.13697,36
2019.01.22,04:12,1.13698,1.13701,1.13697,1.137,23
2019.01.22,04:13,1.137,1.13704,1.13698,1.137,19
2019.01.22,04:14,1.137,1.13706,1.137,1.13706,25
2019.01.22,04:15,1.13707,1.13708,1.13697,1.13703,28
2019.01.22,04:16,1.13703,1.13703,1.13697,1.13698,16
2019.01.22,04:17,1.13697,1.13698,1.13693,1.13693,20
2019.01.22,04:18,1.13694,1.13695,1.13687,1.13693,25
2019.01.22,04:19,1.13692,1.13699,1.13692,1.13697,15
2019.01.22,04:20,1.13694,1.13694,1.13692,1.13692,5
2019.01.22,04:21,1.13692,1.13692,1.13688,1.13689,12
2019.01.22,04:22,1.13688,1.13689,1.13688,1.13689,10
2019.01.22,04:23,1.13688,1.1369,1.13686,1.1369,18
2019.01.22,04:24,1.1369,1.1369,1.13685,1.13685,33
2019.01.22,04:25,1.13685,1.1369,1.13685,1.13687,19
2019.01.22,04:26,1.13688,1.13689,1.13683,1.13688,33
2019.01.22,04:27,1.13688,1.1369,1.13685,1.13685,23
2019.01.22,04:28,1.13686,1.1369,1.13686,1.13689,20
2019.01.22,04:29,1.1369,1.1369,1.13685,1.13685,18
2019.01.22,04:30,1.13685,1.1369,1.13685,1.13688,8
2019.01.22,04:31,1.13687,1.13692,1.13686,1.13692,33
2019.01.22,04:32,1.13693,1.13693,1.13687,1.1369,29
2019.01.22,04:33,1.1369,1.1369,1.13685,1.13688,20
2019.01.22,04:34,1.13687,1.1369,1.13687,1.13688,10
2019.01.22,04:35,1.13687,1.13689,1.13686,1.13687,17
2019.01.22,04:36,1.13688,1.13688,1.13683,1.13685,21
2019.01.22,04:37,1.13685,1.13685,1.13678,1.13679,22
2019.01.22,04:38,1.13678,1.13678,1.13672,1.13675,30
2019.01.22,04:39,1.13674,1.13678,1.13673,1.13678,18
2019.01.22,04:40,1.13679,1.13684,1.13674,1.13675,48
2019.01.22,04:41,1.13674,1.13675,1.13673,1.13673,32
2019.01.22,04:42,1.13673,1.13674,1.13667,1.13672,21
2019.01.22,04:43,1.13672,1.13677,1.13672,1.13674,35
2019.01.22,04:44,1.13673,1.13679,1.13673,1.13679,19
2019.01.22,04:45,1.13678,1.13679,1.13674,1.13678,27
2019.01.22,04:46,1.13678,1.13687,1.13678,1.13684,43
2019.01.22,04:47,1.13684,1.1369,1.13683,1.13688,45
2019.01.22,04:48,1.13688,1.13691,1.13684,1.13689,35
2019.01.22,04:49,1.13689,1.13696,1.13688,1.13694,24
2019.01.22,04:50,1.13695,1.13695,1.13693,1.13695,13
2019.01.22,04:51,1.13695,1.13699,1.1369,1.13698,35
2019.01.22,04:52,1.13698,1.13709,1.13698,1.13708,17
2019.01.22,04:53,1.13708,1.13708,1.13694,1.13694,30
2019.01.22,04:54,1.13694,1.13694,1.13692,1.13692,28
2019.01.22,04:55,1.13692,1.13695,1.1369,1.13694,67
2019.01.22,04:56,1.13693,1.13695,1.13688,1.13692,42
2019.01.22,04:57,1.13695,1.13695,1.13682,1.13687,52
2019.01.22,04:58,1.13686,1.13687,1.13677,1.13682,61
2019.01.22,04:59,1.13682,1.13703,1.13682,1.13701,65
2019.01.22,05:00,1.13702,1.13702,1.1368,1.13682,59
2019.01.22,05:01,1.13683,1.13685,1.13681,1.13682,19
2019.01.22,05:02,1.13683,1.13689,1.13682,1.13689,33
2019.01.22,05:03,1.13688,1.13689,1.13684,1.13687,27
2019.01.22,05:04,1.13687,1.13698,1.13687,1.13694,22
2019.01.22,05:05,1.13691,1.13697,1.13691,1.13696,22
2019.01.22,05:06,1.13695,1.13697,1.13693,1.13694,34
2019.01.22,05:07,1.13694,1.13694,1.13682,1.13685,30
2019.01.22,05:08,1.13684,1.13686,1.13682,1.13682,16
2019.01.22,05:09,1.13682,1.13684,1.13675,1.13676,29
2019.01.22,05:10,1.13677,1.13678,1.13675,1.13676,21
2019.01.22,05:11,1.13674,1.13684,1.13674,1.13682,19
2019.01.22,05:12,1.13682,1.13683,1.1368,1.1368,23
2019.01.22,05:13,1.1368,1.13682,1.13677,1.13681,25
2019.01.22,05:14,1.13678,1.13682,1.13677,1.1368,24
2019.01.22,05:15,1.13679,1.13682,1.13676,1.13681,32
2019.01.22,05:16,1.13681,1.13682,1.13678,1.1368,12
2019.01.22,05:17,1.1368,1.13694,1.13679,1.13692,37
2019.01.22,05:18,1.13693,1.13706,1.13693,1.13705,38
2019.01.22,05:19,1.13704,1.13706,1.13698,1.13705,53
2019.01.22,05:20,1.13704,1.13704,1.13699,1.13702,32
2019.01.22,05:21,1.13701,1.13705,1.137,1.13702,57
2019.01.22,05:22,1.13701,1.13705,1.13701,1.13702,23
2019.01.22,05:23,1.137,1.13707,1.137,1.13706,28
2019.01.22,05:24,1.13706,1.13706,1.13702,1.13705,25
2019.01.22,05:25,1.13707,1.13709,1.13707,1.13708,21
2019.01.22,05:26,1.13707,1.13707,1.13701,1.13702,26
2019.01.22,05:27,1.13702,1.13702,1.13694,1.13694,45
2019.01.22,05:28,1.13694,1.13696,1.13691,1.13693,21
2019.01.22,05:29,1.13694,1.13699,1.13693,1.13694,18
2019.01.22,05:30,1.13693,1.13693,1.13689,1.13689,12
2019.01.22,05:31,1.13689,1.13692,1.13687,1.13687,31
2019.01.22,05:32,1.13688,1.13688,1.13684,1.13685,21
2019.01.22,05:33,1.13685,1.13687,1.13683,1.13683,17
2019.01.22,05:34,1.13682,1.13682,1.13673,1.13673,32
2019.01.22,05:35,1.13674,1.13675,1.13673,1.13674,18
2019.01.22,05:36,1.13673,1.13673,1.13669,1.13669,16
2019.01.22,05:37,1.13667,1.13667,1.13659,1.13661,37
2019.01.22,05:38,1.13662,1.13667,1.13662,1.13663,11
2019.01.22,05:39,1.13662,1.13665,1.1366,1.13662,61
2019.01.22,05:40,1.13661,1.13663,1.13659,1.13662,23
2019.01.22,05:41,1.13661,1.13661,1.13657,1.13657,33
2019.01.22,05:42,1.13655,1.13657,1.13648,1.13648,48
2019.01.22,05:43,1.13648,1.1365,1.13628,1.13632,79
2019.01.22,05:44,1.13631,1.13632,1.13622,1.13624,108
2019.01.22,05:45,1.13624,1.13627,1.13623,1.13624,37
2019.01.22,05:46,1.13624,1.13627,1.13622,1.13625,48
2019.01.22,05:47,1.13625,1.13631,1.13625,1.13628,28
2019.01.22,05:48,1.13628,1.13634,1.13628,1.13633,11
2019.01.22,05:49,1.13633,1.13638,1.13633,1.13635,31
2019.01.22,05:50,1.13633,1.13637,1.13628,1.13633,40
2019.01.22,05:51,1.13634,1.13635,1.1363,1.13632,29
2019.01.22,05:52,1.13634,1.13646,1.13634,1.13635,56
2019.01.22,05:53,1.13636,1.13647,1.13636,1.1364,46
2019.01.22,05:54,1.13639,1.13644,1.13638,1.13638,36
2019.01.22,05:55,1.13638,1.1364,1.13636,1.13638,28
2019.01.22,05:56,1.13638,1.13639,1.1363,1.1363,37
2019.01.22,05:57,1.13629,1.1363,1.13626,1.13628,35
2019.01.22,05:58,1.13629,1.13629,1.13622,1.13623,46
2019.01.22,05:59,1.13625,1.13629,1.13621,1.13625,47
2019.01.22,06:00,1.13623,1.13626,1.13617,1.13623,50
2019.01.22,06:01,1.13624,1.13625,1.13624,1.13624,3
2019.01.22,06:02,1.13622,1.13624,1.13615,1.13618,47
2019.01.22,06:03,1.13619,1.13623,1.13617,1.13623,28
2019.01.22,06:04,1.13624,1.13624,1.13606,1.1361,55
2019.01.22,06:05,1.13608,1.13609,1.13587,1.13594,75
2019.01.22,06:06,1.13594,1.13594,1.13588,1.13589,36
2019.01.22,06:07,1.1359,1.136,1.13589,1.13598,51
2019.01.22,06:08,1.13599,1.13603,1.13594,1.13594,21
2019.01.22,06:09,1.13594,1.136,1.13594,1.13599,21
2019.01.22,06:10,1.13599,1.13612,1.13599,1.136,46
2019.01.22,06:11,1.136,1.136,1.13592,1.13596,58
2019.01.22,06:12,1.13597,1.13597,1.13583,1.13585,82
2019.01.22,06:13,1.13586,1.13589,1.13586,1.13588,31
2019.01.22,06:14,1.13591,1.13592,1.13587,1.13588,55
2019.01.22,06:15,1.13588,1.13591,1.13587,1.13587,37
2019.01.22,06:16,1.13588,1.13594,1.13588,1.13594,49
2019.01.22,06:17,1.13593,1.136,1.13592,1.13597,49
2019.01.22,06:18,1.13597,1.13603,1.13593,1.13602,38
2019.01.22,06:19,1.13601,1.13601,1.13598,1.13599,21
2019.01.22,06:20,1.136,1.13603,1.13599,1.13603,34
2019.01.22,06:21,1.13599,1.13602,1.13597,1.13598,21
2019.01.22,06:22,1.13598,1.13598,1.13586,1.1359,28
2019.01.22,06:23,1.13589,1.13595,1.13588,1.13591,38
2019.01.22,06:24,1.1359,1.13593,1.13584,1.13592,47
2019.01.22,06:25,1.13592,1.13603,1.13592,1.13595,56
2019.01.22,06:26,1.13595,1.13605,1.13595,1.13604,32
2019.01.22,06:27,1.13606,1.13608,1.13604,1.13607,19
2019.01.22,06:28,1.13606,1.13608,1.13604,1.13605,36
2019.01.22,06:29,1.13606,1.13608,1.13603,1.13606,42
2019.01.22,06:30,1.13607,1.13608,1.13602,1.13603,35
2019.01.22,06:31,1.13601,1.13603,1.13598,1.13598,33
2019.01.22,06:32,1.13599,1.136,1.13595,1.13598,29
2019.01.22,06:33,1.13598,1.13601,1.13597,1.13598,14
2019.01.22,06:34,1.13599,1.13603,1.13598,1.13598,40
2019.01.22,06:35,1.136,1.136,1.13587,1.13588,54
2019.01.22,06:36,1.13587,1.1359,1.13582,1.13584,76
2019.01.22,06:37,1.13582,1.13589,1.13582,1.13585,42
2019.01.22,06:38,1.13585,1.13588,1.13582,1.13588,31
2019.01.22,06:39,1.13588,1.13589,1.13581,1.13585,19
2019.01.22,06:40,1.13585,1.13594,1.13583,1.13594,39
2019.01.22,06:41,1.13595,1.13595,1.13593,1.13594,8
2019.01.22,06:42,1.13594,1.13595,1.13594,1.13594,5
2019.01.22,06:43,1.13595,1.13595,1.13593,1.13594,10
2019.01.22,06:44,1.13595,1.13597,1.13592,1.13592,21
2019.01.22,06:45,1.13592,1.13594,1.13582,1.13584,33
2019.01.22,06:46,1.13583,1.13585,1.13583,1.13584,10
2019.01.22,06:47,1.13584,1.13584,1.13558,1.13562,65
2019.01.22,06:48,1.13561,1.13566,1.13559,1.1356,32
2019.01.22,06:49,1.13561,1.13571,1.13561,1.13569,33
2019.01.22,06:50,1.1357,1.13575,1.1357,1.13572,28
2019.01.22,06:51,1.13571,1.13572,1.13563,1.13564,31
2019.01.22,06:52,1.13565,1.13575,1.13565,1.13571,22
2019.01.22,06:53,1.13571,1.13578,1.1357,1.13574,27
2019.01.22,06:54,1.13575,1.13575,1.13568,1.1357,25
2019.01.22,06:55,1.1357,1.1357,1.13559,1.13559,19
2019.01.22,06:56,1.13562,1.13565,1.13558,1.13565,44
2019.01.22,06:57,1.13566,1.1357,1.13566,1.1357,39
2019.01.22,06:58,1.13569,1.13581,1.13569,1.1358,41
2019.01.22,06:59,1.1358,1.13586,1.13579,1.13586,45
2019.01.22,07:00,1.13586,1.13588,1.1358,1.13587,61
2019.01.22,07:01,1.13589,1.13593,1.13587,1.13589,26
2019.01.22,07:02,1.1359,1.1359,1.13583,1.13585,39
2019.01.22,07:03,1.13585,1.13592,1.13585,1.1359,18
2019.01.22,07:04,1.1359,1.1359,1.13586,1.13588,12
2019.01.22,07:05,1.13588,1.13588,1.13578,1.13584,29
2019.01.22,07:06,1.13584,1.13585,1.13579,1.13584,27
2019.01.22,07:07,1.13584,1.13585,1.13581,1.13584,29
2019.01.22,07:08,1.13584,1.13584,1.1358,1.1358,19
2019.01.22,07:09,1.13579,1.13579,1.13579,1.13579,5
2019.01.22,07:10,1.1358,1.1358,1.13579,1.13579,12
2019.01.22,07:11,1.13578,1.13585,1.13578,1.13583,19
2019.01.22,07:12,1.13584,1.13584,1.13584,1.13584,5
2019.01.22,07:13,1.13585,1.13589,1.13585,1.13589,29
2019.01.22,07:14,1.13589,1.1359,1.13589,1.13589,5
2019.01.22,07:15,1.13589,1.1359,1.13581,1.13583,21
2019.01.22,07:16,1.13583,1.13585,1.13583,1.13584,12
2019.01.22,07:17,1.13583,1.13586,1.13583,1.13585,12
2019.01.22,07:18,1.13583,1.13583,1.13581,1.13582,15
2019.01.22,07:19,1.13583,1.13583,1.13574,1.13575,22
2019.01.22,07:20,1.13575,1.13581,1.13575,1.1358,28
2019.01.22,07:21,1.13579,1.13582,1.13578,1.13581,23
2019.01.22,07:22,1.13581,1.13581,1.1357,1.13574,29
2019.01.22,07:23,1.13573,1.13575,1.13568,1.13572,16
2019.01.22,07:24,1.13572,1.13577,1.13568,1.13574,28
2019.01.22,07:25,1.13575,1.13578,1.13574,1.13576,17
2019.01.22,07:26,1.13577,1.1358,1.13568,1.13568,29
2019.01.22,07:27,1.13569,1.13574,1.13568,1.13573,32
2019.01.22,07:28,1.13573,1.13573,1.13567,1.13568,32
2019.01.22,07:29,1.1357,1.1357,1.1356,1.13562,24
2019.01.22,07:30,1.1356,1.13564,1.13557,1.13564,40
2019.01.22,07:31,1.13563,1.13565,1.13562,1.13565,19
2019.01.22,07:32,1.13564,1.13566,1.13562,1.13565,27
2019.01.22,07:33,1.13564,1.13565,1.13564,1.13564,5
2019.01.22,07:34,1.13565,1.1357,1.13562,1.1357,22
2019.01.22,07:35,1.1357,1.13575,1.13568,1.13569,22
2019.01.22,07:36,1.1357,1.13574,1.13569,1.13574,27
2019.01.22,07:37,1.13574,1.13579,1.13573,1.13579,23
2019.01.22,07:38,1.1358,1.13583,1.13578,1.13583,26
2019.01.22,07:39,1.13582,1.1359,1.13582,1.1359,25
2019.01.22,07:40,1.13589,1.13589,1.13584,1.13585,46
2019.01.22,07:41,1.13583,1.13585,1.1358,1.13585,28
2019.01.22,07:42,1.13585,1.13592,1.13585,1.13589,41
2019.01.22,07:43,1.1359,1.13593,1.13589,1.13592,15
2019.01.22,07:44,1.13593,1.13593,1.13587,1.1359,18
2019.01.22,07:45,1.1359,1.13598,1.1359,1.13594,35
2019.01.22,07:46,1.13594,1.1361,1.13594,1.13608,45
2019.01.22,07:47,1.13607,1.13607,1.13599,1.136,38
2019.01.22,07:48,1.13601,1.13601,1.13595,1.13596,10
2019.01.22,07:49,1.13595,1.13595,1.13586,1.13589,36
2019.01.22,07:50,1.13591,1.136,1.13589,1.13597,33
2019.01.22,07:51,1.13595,1.136,1.13593,1.13599,29
2019.01.22,07:52,1.13599,1.13605,1.13598,1.13604,30
2019.01.22,07:53,1.13604,1.13605,1.13603,1.13604,11
2019.01.22,07:54,1.13602,1.13602,1.1359,1.1359,37
2019.01.22,07:55,1.13589,1.13595,1.13587,1.13595,17
2019.01.22,07:56,1.13594,1.13606,1.13593,1.13601,32
2019.01.22,07:57,1.13601,1.13601,1.13588,1.13591,25
2019.01.22,07:58,1.1359,1.1359,1.13585,1.13589,22
2019.01.22,07:59,1.13589,1.13589,1.13575,1.13576,36
2019.01.22,08:00,1.13577,1.13582,1.13575,1.13582,42
2019.01.22,08:01,1.13583,1.13594,1.13583,1.13587,31
2019.01.22,08:02,1.13587,1.1359,1.13587,1.1359,14
2019.01.22,08:03,1.1359,1.1359,1.13589,1.13589,7
2019.01.22,08:04,1.1359,1.1359,1.13589,1.1359,14
2019.01.22,08:05,1.1359,1.13596,1.13587,1.13595,21
2019.01.22,08:06,1.13596,1.13597,1.1359,1.13591,20
2019.01.22,08:07,1.13592,1.13599,1.13591,1.13593,42
2019.01.22,08:08,1.13592,1.13592,1.13585,1.13585,27
2019.01.22,08:09,1.13586,1.13596,1.13579,1.13583,50
2019.01.22,08:10,1.13581,1.13583,1.13579,1.1358,18
2019.01.22,08:11,1.13579,1.1358,1.13577,1.13579,18
2019.01.22,08:12,1.1358,1.13583,1.13578,1.13578,18
2019.01.22,08:13,1.13578,1.1358,1.13575,1.13575,14
2019.01.22,08:14,1.13574,1.13574,1.13565,1.13565,45
2019.01.22,08:15,1.13564,1.13565,1.13557,1.13564,38
2019.01.22,08:16,1.13564,1.13568,1.13563,1.13565,29
2019.01.22,08:17,1.13564,1.13565,1.13558,1.13565,28
2019.01.22,08:18,1.13564,1.13568,1.13564,1.13565,29
2019.01.22,08:19,1.13565,1.13577,1.13565,1.13576,32
2019.01.22,08:20,1.13574,1.13579,1.13572,1.13575,45
2019.01.22,08:21,1.13575,1.13576,1.13572,1.13576,44
2019.01.22,08:22,1.13575,1.13577,1.1357,1.1357,23
2019.01.22,08:23,1.13569,1.13571,1.13499,1.13509,151
2019.01.22,08:24,1.13508,1.13531,1.13501,1.13516,137
2019.01.22,08:25,1.13518,1.13535,1.13514,1.1353,96
2019.01.22,08:26,1.1353,1.13541,1.1353,1.13538,73
2019.01.22,08:27,1.13539,1.13539,1.1353,1.13535,62
2019.01.22,08:28,1.13536,1.13537,1.13535,1.13535,14
2019.01.22,08:29,1.13535,1.13541,1.13535,1.13537,33
2019.01.22,08:30,1.13538,1.13541,1.13535,1.13541,43
2019.01.22,08:31,1.13542,1.13542,1.1354,1.13542,10
2019.01.22,08:32,1.13544,1.13556,1.13544,1.13545,33
2019.01.22,08:33,1.13545,1.13552,1.13545,1.13551,39
2019.01.22,08:34,1.13551,1.13552,1.13544,1.13545,23
2019.01.22,08:35,1.13544,1.13554,1.13544,1.13554,25
2019.01.22,08:36,1.13553,1.13555,1.13549,1.13555,23
2019.01.22,08:37,1.13555,1.13562,1.13554,1.1356,31
2019.01.22,08:38,1.1356,1.13565,1.13558,1.13565,31
2019.01.22,08:39,1.13565,1.13566,1.13563,1.13564,23
2019.01.22,08:40,1.13564,1.13566,1.1356,1.13566,42
2019.01.22,08:41,1.13566,1.13566,1.13555,1.1356,55
2019.01.22,08:42,1.13561,1.13561,1.13555,1.1356,28
2019.01.22,08:43,1.1356,1.1356,1.13559,1.1356,15
2019.01.22,08:44,1.1356,1.13561,1.13556,1.13557,23
2019.01.22,08:45,1.13556,1.13557,1.13546,1.13548,51
2019.01.22,08:46,1.13549,1.13549,1.13539,1.13548,52
2019.01.22,08:47,1.13547,1.13548,1.13543,1.13548,24
2019.01.22,08:48,1.13547,1.13548,1.13539,1.13539,24
2019.01.22,08:49,1.13541,1.13545,1.13538,1.13538,34
2019.01.22,08:50,1.13537,1.13537,1.13512,1.13524,88
2019.01.22,08:51,1.13524,1.13533,1.13523,1.13533,18
2019.01.22,08:52,1.13532,1.13539,1.13525,1.13525,36
2019.01.22,08:53,1.13527,1.13527,1.135,1.135,66
2019.01.22,08:54,1.135,1.13506,1.13499,1.13505,73
2019.01.22,08:55,1.13505,1.13511,1.13498,1.13511,64
2019.01.22,08:56,1.13512,1.13525,1.13511,1.13525,71
2019.01.22,08:57,1.13525,1.13537,1.13525,1.13535,62
2019.01.22,08:58,1.13534,1.13536,1.1353,1.13531,28
2019.01.22,08:59,1.13532,1.13541,1.1353,1.1354,32
2019.01.22,09:00,1.13539,1.13544,1.13539,1.13544,28
2019.01.22,09:01,1.13544,1.13548,1.13511,1.1352,58
2019.01.22,09:02,1.13521,1.13535,1.1352,1.13533,55
2019.01.22,09:03,1.13531,1.13541,1.13531,1.13535,71
2019.01.22,09:04,1.13534,1.13536,1.13528,1.13534,45
2019.01.22,09:05,1.13534,1.13536,1.13531,1.13534,44
2019.01.22,09:06,1.13534,1.13536,1.13531,1.13535,39
2019.01.22,09:07,1.13535,1.13535,1.13524,1.13527,40
2019.01.22,09:08,1.13527,1.13532,1.13521,1.13532,34
2019.01.22,09:09,1.13533,1.13533,1.13497,1.135,76
2019.01.22,09:10,1.13501,1.13511,1.13496,1.1351,83
2019.01.22,09:11,1.1351,1.13524,1.13509,1.13515,59
2019.01.22,09:12,1.13514,1.1352,1.13514,1.1352,43
2019.01.22,09:13,1.13521,1.13522,1.13516,1.13519,40
2019.01.22,09:14,1.13518,1.13524,1.13515,1.13524,51
2019.01.22,09:15,1.13524,1.13538,1.13519,1.13519,58
2019.01.22,09:16,1.1352,1.1352,1.13462,1.13468,164
2019.01.22,09:17,1.1347,1.13485,1.13469,1.13482,100
2019.01.22,09:18,1.13484,1.13505,1.13484,1.13497,124
2019.01.22,09:19,1.13496,1.13513,1.13488,1.13494,88
2019.01.22,09:20,1.13495,1.1351,1.13495,1.13505,53
2019.01.22,09:21,1.13505,1.13509,1.13495,1.13498,79
2019.01.22,09:22,1.13498,1.13505,1.13485,1.13505,79
2019.01.22,09:23,1.13506,1.13507,1.13498,1.13502,59
2019.01.22,09:24,1.135,1.13501,1.13482,1.13488,94
2019.01.22,09:25,1.13487,1.13503,1.13486,1.13502,59
2019.01.22,09:26,1.13502,1.13505,1.13495,1.13505,74
2019.01.22,09:27,1.13505,1.13515,1.13501,1.13508,63
2019.01.22,09:28,1.13507,1.13523,1.13505,1.13519,82
2019.01.22,09:29,1.13519,1.13522,1.13515,1.13515,28
2019.01.22,09:30,1.13514,1.13514,1.13492,1.13498,71
2019.01.22,09:31,1.13501,1.13517,1.13501,1.13501,86
2019.01.22,09:32,1.13501,1.13511,1.135,1.13511,33
2019.01.22,09:33,1.13511,1.13512,1.135,1.1351,52
2019.01.22,09:34,1.13511,1.13517,1.13489,1.13497,87
2019.01.22,09:35,1.13497,1.13502,1.13491,1.135,108
2019.01.22,09:36,1.135,1.13506,1.13495,1.13495,58
2019.01.22,09:37,1.13495,1.13497,1.13476,1.13493,74
2019.01.22,09:38,1.13493,1.13497,1.13488,1.13488,56
2019.01.22,09:39,1.13488,1.13501,1.13485,1.13499,88
2019.01.22,09:40,1.13499,1.13508,1.13499,1.13506,132
2019.01.22,09:41,1.13506,1.13516,1.13505,1.13515,68
2019.01.22,09:42,1.13514,1.13521,1.135,1.13516,86
2019.01.22,09:43,1.13516,1.13534,1.13516,1.13533,116
2019.01.22,09:44,1.13532,1.13537,1.13521,1.13532,115
2019.01.22,09:45,1.13531,1.13533,1.13522,1.13526,104
2019.01.22,09:46,1.13526,1.13532,1.13512,1.13524,113
2019.01.22,09:47,1.13524,1.13534,1.13524,1.13532,77
2019.01.22,09:48,1.13533,1.13542,1.13531,1.13541,79
2019.01.22,09:49,1.13541,1.13546,1.13536,1.13541,100
2019.01.22,09:50,1.13542,1.13546,1.13538,1.13544,113
2019.01.22,09:51,1.13545,1.13558,1.13539,1.13557,137
2019.01.22,09:52,1.13556,1.13557,1.13549,1.13551,95
2019.01.22,09:53,1.13549,1.13552,1.1354,1.13541,89
2019.01.22,09:54,1.13542,1.13544,1.13539,1.13542,86
2019.01.22,09:55,1.13542,1.13542,1.13525,1.13526,67
2019.01.22,09:56,1.13525,1.1354,1.13525,1.13537,79
2019.01.22,09:57,1.13538,1.13547,1.13526,1.13536,64
2019.01.22,09:58,1.13536,1.1355,1.13525,1.13544,93
2019.01.22,09:59,1.13544,1.13554,1.1353,1.13532,133
2019.01.22,10:00,1.13535,1.13545,1.13516,1.13534,176
2019.01.22,10:01,1.13535,1.13551,1.13527,1.13527,116
2019.01.22,10:02,1.13525,1.13537,1.13509,1.13511,152
2019.01.22,10:03,1.13511,1.1353,1.13507,1.13525,167
2019.01.22,10:04,1.13525,1.13535,1.13517,1.1352,131
2019.01.22,10:05,1.1352,1.13523,1.13512,1.13514,113
2019.01.22,10:06,1.13514,1.13514,1.13501,1.13511,97
2019.01.22,10:07,1.13512,1.13533,1.13512,1.13527,70
2019.01.22,10:08,1.13528,1.13562,1.13527,1.13561,111
2019.01.22,10:09,1.1356,1.1356,1.13548,1.13555,87
2019.01.22,10:10,1.13555,1.13572,1.13549,1.13572,111
2019.01.22,10:11,1.13572,1.13598,1.13572,1.13591,143
2019.01.22,10:12,1.13592,1.13606,1.13591,1.13605,167
2019.01.22,10:13,1.13604,1.13606,1.13586,1.13591,152
2019.01.22,10:14,1.13592,1.13596,1.13575,1.13581,85
2019.01.22,10:15,1.1358,1.13587,1.13575,1.13577,82
2019.01.22,10:16,1.13578,1.13585,1.13572,1.13581,107
2019.01.22,10:17,1.13582,1.13588,1.13572,1.13576,92
2019.01.22,10:18,1.13577,1.13577,1.1354,1.13556,116
2019.01.22,10:19,1.13555,1.13565,1.1355,1.13565,83
2019.01.22,10:20,1.13565,1.13565,1.13543,1.13546,118
2019.01.22,10:21,1.13545,1.13546,1.13534,1.13536,71
2019.01.22,10:22,1.13536,1.13536,1.1352,1.1353,126
2019.01.22,10:23,1.13529,1.13537,1.13524,1.1353,108
2019.01.22,10:24,1.13531,1.13551,1.13531,1.13549,99
2019.01.22,10:25,1.13549,1.13567,1.13549,1.13555,96
2019.01.22,10:26,1.13555,1.13559,1.13548,1.13556,88
2019.01.22,10:27,1.13556,1.13561,1.13545,1.13545,79
2019.01.22,10:28,1.13544,1.13548,1.13538,1.13544,70
2019.01.22,10:29,1.13545,1.13548,1.13534,1.13541,68
2019.01.22,10:30,1.13541,1.13559,1.1354,1.13554,104
2019.01.22,10:31,1.13554,1.1356,1.13548,1.13555,60
2019.01.22,10:32,1.13557,1.13571,1.13557,1.13567,59
2019.01.22,10:33,1.13567,1.1358,1.13566,1.13568,69
2019.01.22,10:34,1.13569,1.13572,1.13563,1.1357,81
2019.01.22,10:35,1.13572,1.13579,1.13564,1.13578,82
2019.01.22,10:36,1.13579,1.13579,1.13563,1.13568,51
2019.01.22,10:37,1.13569,1.13579,1.13566,1.1357,62
2019.01.22,10:38,1.13569,1.13576,1.13564,1.13564,36
2019.01.22,10:39,1.13564,1.13582,1.13564,1.1358,82
2019.01.22,10:40,1.13579,1.13589,1.13579,1.13589,58
2019.01.22,10:41,1.13589,1.13595,1.13589,1.1359,95
2019.01.22,10:42,1.13589,1.13598,1.13584,1.13594,84
2019.01.22,10:43,1.13597,1.13599,1.13588,1.13588,62
2019.01.22,10:44,1.13589,1.13595,1.13584,1.13584,64
2019.01.22,10:45,1.13584,1.13588,1.13579,1.13584,91
2019.01.22,10:46,1.13585,1.13595,1.1358,1.13593,89
2019.01.22,10:47,1.13593,1.13596,1.13573,1.13578,92
2019.01.22,10:48,1.13578,1.13584,1.13569,1.13584,102
2019.01.22,10:49,1.13586,1.13586,1.13578,1.13578,56
2019.01.22,10:50,1.13578,1.13598,1.13578,1.13591,78
2019.01.22,10:51,1.13591,1.1362,1.1359,1.1362,107
2019.01.22,10:52,1.13623,1.13637,1.13617,1.13619,134
2019.01.22,10:53,1.13619,1.13628,1.13614,1.13624,95
2019.01.22,10:54,1.13624,1.13624,1.13615,1.13615,57
2019.01.22,10:55,1.13615,1.13617,1.13597,1.13603,79
2019.01.22,10:56,1.13602,1.13604,1.13596,1.13596,65
2019.01.22,10:57,1.13596,1.13596,1.13582,1.13585,70
2019.01.22,10:58,1.13586,1.13598,1.13586,1.13597,39
2019.01.22,10:59,1.13597,1.1361,1.13597,1.13606,49
2019.01.22,11:00,1.13606,1.13629,1.13603,1.13624,66
2019.01.22,11:01,1.13623,1.13631,1.13622,1.13624,77
2019.01.22,11:02,1.13624,1.13635,1.13617,1.13619,131
2019.01.22,11:03,1.13619,1.13632,1.13618,1.1363,64
2019.01.22,11:04,1.13629,1.13639,1.13627,1.13628,91
2019.01.22,11:05,1.13626,1.13631,1.13612,1.13614,101
2019.01.22,11:06,1.13613,1.13616,1.13599,1.136,59
2019.01.22,11:07,1.13601,1.13601,1.13591,1.13591,65
2019.01.22,11:08,1.1359,1.13598,1.13587,1.1359,47
2019.01.22,11:09,1.13589,1.13595,1.13588,1.13593,41
2019.01.22,11:10,1.13594,1.13601,1.13587,1.136,69
2019.01.22,11:11,1.13601,1.13601,1.13569,1.1357,105
2019.01.22,11:12,1.13573,1.13581,1.13569,1.13574,68
2019.01.22,11:13,1.13574,1.13585,1.13571,1.13579,63
2019.01.22,11:14,1.13578,1.13592,1.13577,1.13591,73
2019.01.22,11:15,1.1359,1.13602,1.13584,1.13594,66
2019.01.22,11:16,1.13594,1.13597,1.13593,1.13594,37
2019.01.22,11:17,1.13594,1.13596,1.13584,1.13584,78
2019.01.22,11:18,1.13585,1.13604,1.1357,1.13589,100
2019.01.22,11:19,1.13583,1.13589,1.13578,1.13588,97
2019.01.22,11:20,1.13592,1.13606,1.1359,1.13599,54
2019.01.22,11:21,1.136,1.13603,1.13591,1.13599,74
2019.01.22,11:22,1.13599,1.136,1.13579,1.13591,106
2019.01.22,11:23,1.1359,1.13601,1.1359,1.13595,81
2019.01.22,11:24,1.13594,1.13598,1.13591,1.13593,61
2019.01.22,11:25,1.13592,1.13594,1.13583,1.13584,60
2019.01.22,11:26,1.13585,1.13603,1.13582,1.13601,52
2019.01.22,11:27,1.13602,1.13604,1.13598,1.13602,44
2019.01.22,11:28,1.13603,1.1361,1.13594,1.1361,43
2019.01.22,11:29,1.13611,1.13618,1.13611,1.13614,55
2019.01.22,11:30,1.13614,1.13635,1.13613,1.13635,72
2019.01.22,11:31,1.13634,1.13638,1.13625,1.13626,94
2019.01.22,11:32,1.13625,1.13626,1.1362,1.13625,41
2019.01.22,11:33,1.13625,1.13638,1.13625,1.13635,99
2019.01.22,11:34,1.13635,1.13643,1.13625,1.13627,89
2019.01.22,11:35,1.13626,1.13633,1.1362,1.13624,69
2019.01.22,11:36,1.13624,1.13645,1.13623,1.13635,104
2019.01.22,11:37,1.13634,1.13635,1.13623,1.13635,63
2019.01.22,11:38,1.13636,1.13638,1.13626,1.13626,67
2019.01.22,11:39,1.13626,1.13626,1.13616,1.13616,56
2019.01.22,11:40,1.13617,1.13644,1.13616,1.13639,82
2019.01.22,11:41,1.13639,1.13651,1.13634,1.1364,147
2019.01.22,11:42,1.13641,1.13645,1.1363,1.13632,82
2019.01.22,11:43,1.13632,1.13636,1.1363,1.1363,67
2019.01.22,11:44,1.13629,1.13636,1.13628,1.13635,54
2019.01.22,11:45,1.13636,1.13642,1.13629,1.1363,67
2019.01.22,11:46,1.13631,1.13635,1.13629,1.13631,78
2019.01.22,11:47,1.1363,1.1363,1.13618,1.13627,63
2019.01.22,11:48,1.13628,1.13629,1.13619,1.13625,54
2019.01.22,11:49,1.13625,1.13625,1.13618,1.13618,66
2019.01.22,11:50,1.13619,1.1362,1.13612,1.13613,63
2019.01.22,11:51,1.13613,1.13614,1.13604,1.13607,80
2019.01.22,11:52,1.13605,1.1362,1.13605,1.13614,50
2019.01.22,11:53,1.13614,1.13628,1.1361,1.1361,62
2019.01.22,11:54,1.13612,1.13614,1.13605,1.13613,67
2019.01.22,11:55,1.13612,1.13618,1.13611,1.13616,39
2019.01.22,11:56,1.13615,1.13622,1.13615,1.13617,58
2019.01.22,11:57,1.13616,1.13619,1.13614,1.13619,37
2019.01.22,11:58,1.13619,1.13619,1.13611,1.13613,38
2019.01.22,11:59,1.13613,1.1362,1.136,1.13603,90
2019.01.22,12:00,1.13602,1.13607,1.13564,1.13601,186
2019.01.22,12:01,1.136,1.13602,1.13583,1.13587,104
2019.01.22,12:02,1.13586,1.13609,1.13586,1.13609,71
2019.01.22,12:03,1.13609,1.13624,1.13603,1.13622,115
2019.01.22,12:04,1.1362,1.13645,1.13615,1.13643,131
2019.01.22,12:05,1.13643,1.1365,1.13639,1.13639,110
2019.01.22,12:06,1.13639,1.13642,1.13635,1.13638,53
2019.01.22,12:07,1.13638,1.13644,1.13628,1.1364,57
2019.01.22,12:08,1.1364,1.13651,1.1364,1.13649,57
2019.01.22,12:09,1.13649,1.13671,1.13645,1.13659,98
2019.01.22,12:10,1.13661,1.13663,1.13648,1.13648,78
2019.01.22,12:11,1.13649,1.13657,1.13645,1.13648,59
2019.01.22,12:12,1.13646,1.13653,1.13643,1.1365,42
2019.01.22,12:13,1.1365,1.13652,1.13641,1.13642,87
2019.01.22,12:14,1.13643,1.13643,1.1363,1.13631,63
2019.01.22,12:15,1.1363,1.1363,1.13621,1.13623,44
2019.01.22,12:16,1.13624,1.13628,1.13618,1.1362,55
2019.01.22,12:17,1.13619,1.13625,1.13618,1.13619,26
2019.01.22,12:18,1.13619,1.13619,1.13604,1.13607,94
2019.01.22,12:19,1.13608,1.13623,1.13604,1.1362,72
2019.01.22,12:20,1.13619,1.1362,1.13617,1.13619,21
2019.01.22,12:21,1.13619,1.13619,1.13609,1.13615,41
2019.01.22,12:22,1.13615,1.13635,1.13615,1.13634,54
2019.01.22,12:23,1.13633,1.13635,1.13618,1.13618,58
2019.01.22,12:24,1.13619,1.13629,1.13616,1.13622,70
2019.01.22,12:25,1.13623,1.13631,1.13621,1.1363,72
2019.01.22,12:26,1.13631,1.13632,1.13622,1.13626,76
2019.01.22,12:27,1.13627,1.13631,1.13623,1.13625,57
2019.01.22,12:28,1.13626,1.13631,1.13625,1.13629,41
2019.01.22,12:29,1.13629,1.13636,1.13629,1.13634,30
2019.01.22,12:30,1.13635,1.13641,1.13629,1.13636,73
2019.01.22,12:31,1.13636,1.1365,1.13635,1.13649,61
2019.01.22,12:32,1.13649,1.13649,1.13644,1.13646,41
2019.01.22,12:33,1.13645,1.13646,1.13645,1.13645,15
2019.01.22,12:34,1.13644,1.13646,1.13635,1.13636,49
2019.01.22,12:35,1.13635,1.13636,1.13621,1.13633,85
2019.01.22,12:36,1.13634,1.13639,1.13633,1.13634,43
2019.01.22,12:37,1.13632,1.13633,1.13617,1.1362,41
2019.01.22,12:38,1.13619,1.13626,1.13619,1.13626,37
2019.01.22,12:39,1.13625,1.13629,1.13621,1.13624,77
2019.01.22,12:40,1.13622,1.13628,1.13617,1.13623,60
2019.01.22,12:41,1.13622,1.13632,1.13621,1.13624,83
2019.01.22,12:42,1.13625,1.13636,1.13622,1.13635,55
2019.01.22,12:43,1.13634,1.13636,1.1363,1.13634,37
2019.01.22,12:44,1.13636,1.13644,1.13636,1.13642,56
2019.01.22,12:45,1.13643,1.13643,1.13632,1.13634,61
2019.01.22,12:46,1.13636,1.13636,1.13627,1.13632,56
2019.01.22,12:47,1.13633,1.13635,1.13629,1.13631,55
2019.01.22,12:48,1.13631,1.13631,1.13624,1.13625,38
2019.01.22,12:49,1.13626,1.13629,1.13622,1.13626,37
2019.01.22,12:50,1.13627,1.13631,1.13615,1.13616,57
2019.01.22,12:51,1.13614,1.13616,1.13603,1.13604,52
2019.01.22,12:52,1.13605,1.13612,1.13605,1.13609,56
2019.01.22,12:53,1.13612,1.13615,1.13605,1.13614,38
2019.01.22,12:54,1.13617,1.1362,1.13613,1.13613,39
2019.01.22,12:55,1.13614,1.13615,1.1361,1.13612,46
2019.01.22,12:56,1.13612,1.13612,1.13603,1.13604,26
2019.01.22,12:57,1.13605,1.13611,1.13604,1.13607,34
2019.01.22,12:58,1.13606,1.13613,1.13605,1.1361,50
2019.01.22,12:59,1.13611,1.13626,1.1361,1.13625,51
2019.01.22,13:00,1.13625,1.13625,1.13613,1.13614,53
2019.01.22,13:01,1.13614,1.13627,1.13613,1.13626,36
2019.01.22,13:02,1.13626,1.13628,1.13617,1.1362,49
2019.01.22,13:03,1.1362,1.13621,1.1362,1.1362,6
2019.01.22,13:04,1.13621,1.13623,1.1362,1.13622,36
2019.01.22,13:05,1.13622,1.13626,1.13614,1.13614,64
2019.01.22,13:06,1.13614,1.13614,1.13607,1.1361,69
2019.01.22,13:07,1.1361,1.13611,1.13591,1.136,61
2019.01.22,13:08,1.13602,1.13611,1.13602,1.13607,65
2019.01.22,13:09,1.13607,1.13607,1.13595,1.13601,48
2019.01.22,13:10,1.13602,1.13602,1.13591,1.13596,59
2019.01.22,13:11,1.13596,1.13597,1.13588,1.13591,63
2019.01.22,13:12,1.13591,1.13597,1.13589,1.13591,71
2019.01.22,13:13,1.13592,1.13609,1.13592,1.13604,75
2019.01.22,13:14,1.13604,1.13605,1.13592,1.13592,35
2019.01.22,13:15,1.13591,1.13612,1.13587,1.13602,136
2019.01.22,13:16,1.13601,1.13602,1.13589,1.13593,52
2019.01.22,13:17,1.13593,1.13593,1.13585,1.13587,64
2019.01.22,13:18,1.13584,1.13585,1.13576,1.13577,51
2019.01.22,13:19,1.13578,1.13582,1.13577,1.13582,34
2019.01.22,13:20,1.13581,1.13586,1.13577,1.13583,42
2019.01.22,13:21,1.13583,1.13605,1.13581,1.13605,72
2019.01.22,13:22,1.13605,1.13606,1.13597,1.13599,43
2019.01.22,13:23,1.136,1.13605,1.13597,1.13604,28
2019.01.22,13:24,1.13604,1.13608,1.13604,1.13608,25
2019.01.22,13:25,1.13609,1.13612,1.13601,1.1361,87
2019.01.22,13:26,1.1361,1.13613,1.13601,1.13602,67
2019.01.22,13:27,1.13604,1.13604,1.13586,1.13599,72
2019.01.22,13:28,1.13598,1.13598,1.13585,1.13594,66
2019.01.22,13:29,1.13594,1.13601,1.13583,1.13584,41
2019.01.22,13:30,1.13585,1.13595,1.13584,1.13595,52
2019.01.22,13:31,1.13593,1.13609,1.13591,1.13606,64
2019.01.22,13:32,1.13605,1.13613,1.13598,1.13601,59
2019.01.22,13:33,1.136,1.13608,1.136,1.13603,57
2019.01.22,13:34,1.13604,1.13608,1.13602,1.13603,78
2019.01.22,13:35,1.13604,1.13608,1.13598,1.13605,51
2019.01.22,13:36,1.13606,1.13607,1.13578,1.1358,93
2019.01.22,13:37,1.1358,1.13585,1.13573,1.13575,47
2019.01.22,13:38,1.13576,1.13602,1.13575,1.13601,51
2019.01.22,13:39,1.13602,1.13611,1.13597,1.13605,58
2019.01.22,13:40,1.13605,1.13608,1.13602,1.13606,43
2019.01.22,13:41,1.13606,1.13609,1.136,1.13608,63
2019.01.22,13:42,1.13608,1.13612,1.13608,1.13611,43
2019.01.22,13:43,1.13611,1.13614,1.13605,1.13605,42
2019.01.22,13:44,1.13606,1.13607,1.13604,1.13605,16
2019.01.22,13:45,1.13605,1.13607,1.13602,1.13604,40
2019.01.22,13:46,1.13605,1.13612,1.13602,1.13612,43
2019.01.22,13:47,1.13611,1.13618,1.13606,1.13616,66
2019.01.22,13:48,1.13617,1.13619,1.1361,1.13612,57
2019.01.22,13:49,1.13614,1.13615,1.13606,1.1361,85
2019.01.22,13:50,1.1361,1.13614,1.13609,1.13612,57
2019.01.22,13:51,1.13612,1.13617,1.1361,1.13612,53
2019.01.22,13:52,1.13614,1.13619,1.13611,1.13615,61
2019.01.22,13:53,1.13615,1.13618,1.1361,1.13616,48
2019.01.22,13:54,1.13616,1.13618,1.13609,1.13609,38
2019.01.22,13:55,1.1361,1.1361,1.13599,1.13606,62
2019.01.22,13:56,1.13607,1.13607,1.13603,1.13606,50
2019.01.22,13:57,1.13605,1.13613,1.13605,1.13608,51
2019.01.22,13:58,1.13607,1.13607,1.13592,1.13593,80
2019.01.22,13:59,1.13592,1.13592,1.13576,1.13587,112
2019.01.22,14:00,1.13587,1.13591,1.13568,1.13571,90
2019.01.22,14:01,1.13573,1.13584,1.1357,1.13584,112
2019.01.22,14:02,1.13583,1.13583,1.13571,1.13572,65
2019.01.22,14:03,1.13572,1.13575,1.13563,1.13566,102
2019.01.22,14:04,1.13565,1.13573,1.13563,1.13571,58
2019.01.22,14:05,1.13572,1.13579,1.13571,1.13576,52
2019.01.22,14:06,1.13577,1.13582,1.13576,1.13581,39
2019.01.22,14:07,1.13582,1.13593,1.13582,1.13585,65
2019.01.22,14:08,1.13585,1.13601,1.13585,1.13596,93
2019.01.22,14:09,1.13596,1.13607,1.13595,1.13596,96
2019.01.22,14:10,1.13596,1.13597,1.13591,1.13591,52
2019.01.22,14:11,1.13591,1.13593,1.13581,1.13582,54
2019.01.22,14:12,1.13583,1.13593,1.13583,1.13592,45
2019.01.22,14:13,1.13592,1.13593,1.13586,1.13588,33
2019.01.22,14:14,1.13587,1.13597,1.13586,1.13597,68
2019.01.22,14:15,1.13596,1.136,1.13591,1.13593,70
2019.01.22,14:16,1.13593,1.13602,1.13592,1.13599,42
2019.01.22,14:17,1.13599,1.13601,1.13598,1.136,39
2019.01.22,14:18,1.136,1.13603,1.13577,1.13582,67
2019.01.22,14:19,1.13582,1.13588,1.13577,1.13582,59
2019.01.22,14:20,1.1358,1.13593,1.13576,1.13587,72
2019.01.22,14:21,1.13587,1.13602,1.13586,1.13594,70
2019.01.22,14:22,1.13595,1.13601,1.13595,1.13595,59
2019.01.22,14:23,1.13594,1.13599,1.13593,1.13597,40
2019.01.22,14:24,1.13598,1.13601,1.13595,1.13597,46
2019.01.22,14:25,1.136,1.13605,1.13595,1.13596,76
2019.01.22,14:26,1.13596,1.13607,1.13591,1.13606,76
2019.01.22,14:27,1.13605,1.13611,1.13603,1.13607,82
2019.01.22,14:28,1.13606,1.13608,1.13597,1.13599,59
2019.01.22,14:29,1.13598,1.13611,1.13595,1.13603,117
2019.01.22,14:30,1.13602,1.13611,1.13596,1.13598,67
2019.01.22,14:31,1.13598,1.13602,1.13587,1.13588,61
2019.01.22,14:32,1.13589,1.13599,1.13589,1.13595,61
2019.01.22,14:33,1.13595,1.13608,1.13595,1.13606,66
2019.01.22,14:34,1.13608,1.13612,1.13608,1.13611,29
2019.01.22,14:35,1.13611,1.13611,1.13598,1.136,49
2019.01.22,14:36,1.136,1.1361,1.136,1.13605,47
2019.01.22,14:37,1.13605,1.13609,1.13604,1.13607,38
2019.01.22,14:38,1.13606,1.1361,1.13601,1.13607,39
2019.01.22,14:39,1.13608,1.13609,1.13601,1.13605,51
2019.01.22,14:40,1.13606,1.1361,1.13604,1.13607,49
2019.01.22,14:41,1.13607,1.13615,1.13607,1.13613,43
2019.01.22,14:42,1.13614,1.13618,1.13613,1.13614,40
2019.01.22,14:43,1.13614,1.13616,1.13612,1.13614,20
2019.01.22,14:44,1.13613,1.13622,1.13611,1.13622,54
2019.01.22,14:45,1.13621,1.13628,1.1362,1.13625,54
2019.01.22,14:46,1.13627,1.13627,1.13617,1.13619,48
2019.01.22,14:47,1.1362,1.1362,1.13606,1.13613,65
2019.01.22,14:48,1.13611,1.13612,1.13583,1.13583,72
2019.01.22,14:49,1.13584,1.13596,1.13584,1.1359,62
2019.01.22,14:50,1.1359,1.13598,1.13587,1.13598,83
2019.01.22,14:51,1.13599,1.13599,1.13589,1.1359,33
2019.01.22,14:52,1.13588,1.1359,1.13575,1.13576,68
2019.01.22,14:53,1.13576,1.13595,1.13575,1.13593,80
2019.01.22,14:54,1.1359,1.13594,1.13586,1.1359,57
2019.01.22,14:55,1.13589,1.13605,1.13588,1.13598,81
2019.01.22,14:56,1.13599,1.13601,1.13576,1.13578,90
2019.01.22,14:57,1.13579,1.13584,1.13568,1.13578,153
2019.01.22,14:58,1.13579,1.13584,1.13564,1.13565,111
2019.01.22,14:59,1.13565,1.13565,1.13545,1.13549,95
2019.01.22,15:00,1.13548,1.13555,1.13535,1.13543,164
2019.01.22,15:01,1.13544,1.13548,1.13534,1.13534,143
2019.01.22,15:02,1.13534,1.13542,1.13533,1.13538,87
2019.01.22,15:03,1.13539,1.13541,1.13527,1.13529,83
2019.01.22,15:04,1.13531,1.13531,1.13515,1.13521,106
2019.01.22,15:05,1.13521,1.13541,1.13521,1.13532,69
2019.01.22,15:06,1.1353,1.13538,1.13529,1.13538,41
2019.01.22,15:07,1.13539,1.13541,1.13536,1.13539,33
2019.01.22,15:08,1.13538,1.1355,1.13538,1.13544,58
2019.01.22,15:09,1.13545,1.13546,1.13536,1.13544,72
2019.01.22,15:10,1.13546,1.13548,1.1354,1.13543,64
2019.01.22,15:11,1.13543,1.13546,1.13534,1.13536,54
2019.01.22,15:12,1.13537,1.1355,1.13534,1.13547,84
2019.01.22,15:13,1.13545,1.13554,1.13541,1.13543,77
2019.01.22,15:14,1.13545,1.13552,1.13539,1.1354,69
2019.01.22,15:15,1.13539,1.13543,1.13531,1.13538,96
2019.01.22,15:16,1.13537,1.13539,1.13533,1.13537,71
2019.01.22,15:17,1.13538,1.13542,1.13527,1.13534,79
2019.01.22,15:18,1.13534,1.13538,1.13524,1.13524,84
2019.01.22,15:19,1.13524,1.13532,1.13524,1.13527,79
2019.01.22,15:20,1.13527,1.13531,1.13519,1.13521,90
2019.01.22,15:21,1.13523,1.13525,1.13516,1.13524,84
2019.01.22,15:22,1.13525,1.13526,1.13518,1.13521,59
2019.01.22,15:23,1.1352,1.13524,1.13515,1.13516,53
2019.01.22,15:24,1.13514,1.13516,1.13493,1.13493,124
2019.01.22,15:25,1.13492,1.13497,1.13489,1.1349,104
2019.01.22,15:26,1.1349,1.13492,1.13462,1.13487,155
2019.01.22,15:27,1.13488,1.13496,1.1348,1.13487,122
2019.01.22,15:28,1.13489,1.1349,1.13481,1.13489,79
2019.01.22,15:29,1.13489,1.13519,1.13488,1.13514,112
2019.01.22,15:30,1.13513,1.13536,1.13511,1.13529,122
2019.01.22,15:31,1.13526,1.13529,1.13519,1.13528,111
2019.01.22,15:32,1.13529,1.13536,1.13524,1.13533,88
2019.01.22,15:33,1.13533,1.1354,1.13533,1.13534,63
2019.01.22,15:34,1.13534,1.1354,1.13528,1.13539,47
2019.01.22,15:35,1.13539,1.13541,1.13534,1.13534,90
2019.01.22,15:36,1.13531,1.13539,1.13523,1.13537,108
2019.01.22,15:37,1.13537,1.13542,1.13529,1.13539,135
2019.01.22,15:38,1.13539,1.13546,1.1353,1.13532,105
2019.01.22,15:39,1.13529,1.13529,1.13509,1.13511,88
2019.01.22,15:40,1.13511,1.13519,1.13507,1.13509,86
2019.01.22,15:41,1.13509,1.13512,1.13505,1.13511,110
2019.01.22,15:42,1.13509,1.13509,1.13493,1.13493,153
2019.01.22,15:43,1.13494,1.13498,1.13473,1.13473,111
2019.01.22,15:44,1.13473,1.13474,1.13455,1.13464,140
2019.01.22,15:45,1.13463,1.13464,1.13454,1.13458,83
2019.01.22,15:46,1.13458,1.13471,1.13457,1.13471,69
2019.01.22,15:47,1.13472,1.1348,1.13461,1.13477,100
2019.01.22,15:48,1.13478,1.13481,1.13459,1.13472,101
2019.01.22,15:49,1.13472,1.13474,1.13463,1.13464,94
2019.01.22,15:50,1.13464,1.13466,1.13461,1.13463,41
2019.01.22,15:51,1.13464,1.13466,1.13461,1.13461,75
2019.01.22,15:52,1.13462,1.13479,1.13462,1.13474,56
2019.01.22,15:53,1.13475,1.13487,1.13467,1.13485,83
2019.01.22,15:54,1.13484,1.1349,1.13474,1.13474,95
2019.01.22,15:55,1.13476,1.13481,1.13464,1.1347,102
2019.01.22,15:56,1.13469,1.13478,1.13467,1.13469,81
2019.01.22,15:57,1.13469,1.13473,1.13464,1.13467,88
2019.01.22,15:58,1.13466,1.13466,1.13452,1.13455,107
2019.01.22,15:59,1.13455,1.13457,1.13453,1.13456,56
2019.01.22,16:00,1.13458,1.13458,1.13398,1.13407,218
2019.01.22,16:01,1.13408,1.13408,1.13361,1.13386,226
2019.01.22,16:02,1.13389,1.13403,1.13387,1.13399,159
2019.01.22,16:03,1.134,1.13424,1.13397,1.13418,139
2019.01.22,16:04,1.13419,1.13437,1.13418,1.13428,101
2019.01.22,16:05,1.13428,1.13443,1.13418,1.1344,125
2019.01.22,16:06,1.13441,1.13449,1.13426,1.13428,124
2019.01.22,16:07,1.13427,1.13434,1.13417,1.13423,100
2019.01.22,16:08,1.13424,1.13436,1.13414,1.13418,87
2019.01.22,16:09,1.13418,1.13428,1.13414,1.13417,88
2019.01.22,16:10,1.13417,1.13429,1.13411,1.13425,130
2019.01.22,16:11,1.13425,1.13429,1.13422,1.13428,64
2019.01.22,16:12,1.13429,1.13438,1.13426,1.13436,106
2019.01.22,16:13,1.13437,1.13438,1.13426,1.13434,107
2019.01.22,16:14,1.13435,1.13449,1.13434,1.1344,103
2019.01.22,16:15,1.1344,1.13442,1.13434,1.13434,82
2019.01.22,16:16,1.13434,1.1344,1.13426,1.13439,113
2019.01.22,16:17,1.1344,1.13448,1.13435,1.1344,115
2019.01.22,16:18,1.1344,1.13453,1.13438,1.13451,97
2019.01.22,16:19,1.13451,1.13458,1.13445,1.13446,96
2019.01.22,16:20,1.13447,1.13449,1.13437,1.13447,105
2019.01.22,16:21,1.13447,1.13449,1.13439,1.13445,92
2019.01.22,16:22,1.13445,1.13454,1.1344,1.13451,71
2019.01.22,16:23,1.13451,1.13458,1.13429,1.13429,103
2019.01.22,16:24,1.13434,1.13434,1.13419,1.13431,68
2019.01.22,16:25,1.13432,1.13454,1.13432,1.13445,104
2019.01.22,16:26,1.13447,1.13466,1.13444,1.13465,75
2019.01.22,16:27,1.13466,1.13472,1.13452,1.13455,85
2019.01.22,16:28,1.13456,1.13464,1.13449,1.13461,66
2019.01.22,16:29,1.13461,1.13462,1.13449,1.13459,70
2019.01.22,16:30,1.13458,1.13478,1.13455,1.13478,144
2019.01.22,16:31,1.13477,1.13496,1.13469,1.13483,176
2019.01.22,16:32,1.13484,1.13507,1.13484,1.13499,145
2019.01.22,16:33,1.13498,1.135,1.13488,1.13495,137
2019.01.22,16:34,1.13496,1.13499,1.13488,1.13491,106
2019.01.22,16:35,1.1349,1.13503,1.1349,1.13498,108
2019.01.22,16:36,1.135,1.13527,1.13498,1.13526,74
2019.01.22,16:37,1.13525,1.13529,1.13506,1.13507,117
2019.01.22,16:38,1.13507,1.13512,1.13492,1.13498,83
2019.01.22,16:39,1.13496,1.13518,1.13493,1.13517,103
2019.01.22,16:40,1.13516,1.13531,1.13514,1.13529,87
2019.01.22,16:41,1.13529,1.13532,1.1351,1.13519,123
2019.01.22,16:42,1.13518,1.13519,1.13499,1.13502,62
2019.01.22,16:43,1.13502,1.13507,1.13492,1.13504,85
2019.01.22,16:44,1.13504,1.13507,1.13496,1.13504,82
2019.01.22,16:45,1.13503,1.13512,1.13494,1.13506,105
2019.01.22,16:46,1.13506,1.13513,1.13503,1.13508,87
2019.01.22,16:47,1.13508,1.13532,1.13506,1.13518,133
2019.01.22,16:48,1.13517,1.13527,1.1351,1.13523,112
2019.01.22,16:49,1.13524,1.13529,1.13506,1.13507,92
2019.01.22,16:50,1.13506,1.13524,1.13506,1.13524,88
2019.01.22,16:51,1.13524,1.13547,1.13524,1.13536,114
2019.01.22,16:52,1.13534,1.13538,1.13525,1.13533,115
2019.01.22,16:53,1.13532,1.13544,1.13532,1.13542,64
2019.01.22,16:54,1.13542,1.13546,1.13523,1.13523,144
2019.01.22,16:55,1.13522,1.13539,1.13515,1.13534,137
2019.01.22,16:56,1.13533,1.13538,1.13516,1.13516,119
2019.01.22,16:57,1.13517,1.13522,1.13512,1.13522,91
2019.01.22,16:58,1.13524,1.13547,1.13524,1.13547,116
2019.01.22,16:59,1.13547,1.13556,1.1354,1.13556,104
2019.01.22,17:00,1.13556,1.13579,1.1355,1.13554,172
2019.01.22,17:01,1.13554,1.13562,1.13549,1.13551,102
2019.01.22,17:02,1.13548,1.13571,1.13544,1.13568,129
2019.01.22,17:03,1.13567,1.13567,1.13546,1.13558,151
2019.01.22,17:04,1.13558,1.13571,1.13554,1.13564,113
2019.01.22,17:05,1.13564,1.13566,1.13557,1.13562,107
2019.01.22,17:06,1.13561,1.13577,1.13559,1.13575,143
2019.01.22,17:07,1.13575,1.13605,1.13568,1.1359,138
2019.01.22,17:08,1.13589,1.13598,1.13584,1.13593,136
2019.01.22,17:09,1.13591,1.13592,1.13584,1.13588,65
2019.01.22,17:10,1.13588,1.13598,1.13582,1.13585,85
2019.01.22,17:11,1.13587,1.13596,1.13579,1.13593,79
2019.01.22,17:12,1.13594,1.13618,1.13594,1.13615,96
2019.01.22,17:13,1.13611,1.13612,1.13596,1.13598,83
2019.01.22,17:14,1.136,1.13624,1.136,1.13622,104
2019.01.22,17:15,1.13621,1.13624,1.13606,1.13607,108
2019.01.22,17:16,1.13608,1.13612,1.13602,1.13612,96
2019.01.22,17:17,1.13613,1.13623,1.13613,1.13617,89
2019.01.22,17:18,1.13617,1.13618,1.13602,1.13604,94
2019.01.22,17:19,1.13602,1.13605,1.13597,1.13597,70
2019.01.22,17:20,1.13598,1.13609,1.13598,1.13609,76
2019.01.22,17:21,1.13608,1.13609,1.13601,1.13603,63
2019.01.22,17:22,1.13604,1.13605,1.13596,1.13602,91
2019.01.22,17:23,1.13601,1.13604,1.13599,1.13603,70
2019.01.22,17:24,1.13602,1.13606,1.13597,1.13597,72
2019.01.22,17:25,1.13597,1.13598,1.13589,1.13592,59
2019.01.22,17:26,1.13592,1.13592,1.13577,1.13591,100
2019.01.22,17:27,1.13594,1.13594,1.13578,1.13582,94
2019.01.22,17:28,1.1358,1.13591,1.1358,1.1359,89
2019.01.22,17:29,1.1359,1.13597,1.13586,1.13594,69
2019.01.22,17:30,1.13594,1.13596,1.13585,1.13587,102
2019.01.22,17:31,1.13586,1.13602,1.13584,1.1359,82
2019.01.22,17:32,1.13591,1.13591,1.13567,1.13573,93
2019.01.22,17:33,1.13573,1.13579,1.13564,1.13574,89
2019.01.22,17:34,1.13575,1.13575,1.13555,1.13558,87
2019.01.22,17:35,1.13559,1.13583,1.13559,1.13582,108
2019.01.22,17:36,1.13582,1.13601,1.13581,1.13595,68
2019.01.22,17:37,1.13596,1.13598,1.13576,1.13596,137
2019.01.22,17:38,1.13597,1.13613,1.13595,1.13611,141
2019.01.22,17:39,1.13612,1.13612,1.136,1.13608,89
2019.01.22,17:40,1.13608,1.13612,1.13595,1.13607,112
2019.01.22,17:41,1.13608,1.13608,1.13592,1.13597,73
2019.01.22,17:42,1.13597,1.13624,1.13593,1.13623,98
2019.01.22,17:43,1.13622,1.13637,1.13622,1.13627,135
2019.01.22,17:44,1.13627,1.13637,1.13622,1.13622,135
2019.01.22,17:45,1.13624,1.13639,1.13618,1.13639,90
2019.01.22,17:46,1.13639,1.13642,1.13622,1.13623,110
2019.01.22,17:47,1.13623,1.13634,1.13616,1.13632,69
2019.01.22,17:48,1.13633,1.13647,1.13619,1.13621,95
2019.01.22,17:49,1.1362,1.13634,1.13618,1.13628,77
2019.01.22,17:50,1.13627,1.13627,1.13602,1.13608,93
2019.01.22,17:51,1.13607,1.13627,1.136,1.13607,111
2019.01.22,17:52,1.13608,1.1362,1.13606,1.13607,89
2019.01.22,17:53,1.13607,1.13607,1.13592,1.13595,72
2019.01.22,17:54,1.13596,1.13623,1.13589,1.13612,100
2019.01.22,17:55,1.13609,1.1362,1.13597,1.13613,113
2019.01.22,17:56,1.13613,1.13618,1.13608,1.13612,78
2019.01.22,17:57,1.13612,1.13614,1.13592,1.13597,133
2019.01.22,17:58,1.13597,1.13602,1.13562,1.13566,193
2019.01.22,17:59,1.13565,1.13578,1.13549,1.13573,199
2019.01.22,18:00,1.1357,1.13573,1.13557,1.13561,156
2019.01.22,18:01,1.13559,1.13578,1.13558,1.13568,188
2019.01.22,18:02,1.13568,1.13568,1.1355,1.13557,117
2019.01.22,18:03,1.13562,1.13597,1.13559,1.13594,144
2019.01.22,18:04,1.13593,1.13622,1.13591,1.13622,132
2019.01.22,18:05,1.13623,1.13632,1.13622,1.13626,101
2019.01.22,18:06,1.13626,1.13632,1.13613,1.13613,100
2019.01.22,18:07,1.13614,1.13632,1.13614,1.13631,66
2019.01.22,18:08,1.13631,1.1364,1.13627,1.13631,84
2019.01.22,18:09,1.13631,1.13631,1.1362,1.13621,55
2019.01.22,18:10,1.13622,1.1364,1.13622,1.13636,89
2019.01.22,18:11,1.13635,1.13649,1.13634,1.13647,85
2019.01.22,18:12,1.13648,1.13651,1.13626,1.13626,92
2019.01.22,18:13,1.13626,1.13631,1.13612,1.13613,109
2019.01.22,18:14,1.13614,1.13616,1.13597,1.13604,89
2019.01.22,18:15,1.13605,1.13618,1.13602,1.13612,87
2019.01.22,18:16,1.13613,1.13616,1.1361,1.13612,42
2019.01.22,18:17,1.13611,1.13613,1.13594,1.13598,63
2019.01.22,18:18,1.13599,1.13606,1.13597,1.13602,43
2019.01.22,18:19,1.13604,1.13612,1.13603,1.13611,32
2019.01.22,18:20,1.13612,1.13616,1.13606,1.13612,67
2019.01.22,18:21,1.13613,1.13616,1.1361,1.13612,44
2019.01.22,18:22,1.13611,1.1363,1.13611,1.13618,86
2019.01.22,18:23,1.1362,1.13628,1.13618,1.13623,72
2019.01.22,18:24,1.13622,1.13627,1.13616,1.13624,68
2019.01.22,18:25,1.13626,1.13627,1.13604,1.13607,77
2019.01.22,18:26,1.13607,1.13612,1.13604,1.1361,45
2019.01.22,18:27,1.1361,1.13611,1.13591,1.13591,57
2019.01.22,18:28,1.13591,1.13596,1.13586,1.13588,74
2019.01.22,18:29,1.13588,1.13603,1.13587,1.13603,66
2019.01.22,18:30,1.13603,1.13607,1.13597,1.13606,65
2019.01.22,18:31,1.13606,1.13607,1.13588,1.13588,72
2019.01.22,18:32,1.13589,1.13593,1.13582,1.13588,47
2019.01.22,18:33,1.13589,1.13589,1.13574,1.13583,61
2019.01.22,18:34,1.13582,1.13599,1.13582,1.13593,48
2019.01.22,18:35,1.13592,1.13599,1.13572,1.13574,84
2019.01.22,18:36,1.13573,1.13575,1.13563,1.13563,58
2019.01.22,18:37,1.13566,1.13571,1.13561,1.13567,41
2019.01.22,18:38,1.13568,1.13568,1.1356,1.13567,28
2019.01.22,18:39,1.13568,1.13578,1.13568,1.1357,25
2019.01.22,18:40,1.13569,1.13571,1.13563,1.13568,49
2019.01.22,18:41,1.13569,1.13578,1.13569,1.13578,12
2019.01.22,18:42,1.13579,1.13587,1.13578,1.13587,50
2019.01.22,18:43,1.13588,1.13588,1.13579,1.13588,58
2019.01.22,18:44,1.13588,1.13613,1.13588,1.13613,66
2019.01.22,18:45,1.13612,1.13612,1.13588,1.13588,68
2019.01.22,18:46,1.1359,1.1359,1.13582,1.13584,39
2019.01.22,18:47,1.13583,1.13588,1.13581,1.13584,33
2019.01.22,18:48,1.13585,1.13593,1.13581,1.13582,26
2019.01.22,18:49,1.13581,1.13583,1.13568,1.13576,88
2019.01.22,18:50,1.13577,1.13583,1.13577,1.13583,25
2019.01.22,18:51,1.13582,1.13582,1.13571,1.13572,29
2019.01.22,18:52,1.13576,1.13592,1.13572,1.1359,49
2019.01.22,18:53,1.1359,1.13609,1.13587,1.13606,62
2019.01.22,18:54,1.13607,1.13611,1.13591,1.13592,63
2019.01.22,18:55,1.1359,1.13593,1.13583,1.13592,45
2019.01.22,18:56,1.13593,1.136,1.13587,1.13598,46
2019.01.22,18:57,1.13598,1.13598,1.13587,1.13589,50
2019.01.22,18:58,1.1359,1.13592,1.13582,1.13591,64
2019.01.22,18:59,1.13589,1.13593,1.13585,1.13591,67
2019.01.22,19:00,1.13588,1.13588,1.13581,1.13587,64
2019.01.22,19:01,1.13586,1.13597,1.13581,1.13588,53
2019.01.22,19:02,1.13589,1.13608,1.13588,1.13606,61
2019.01.22,19:03,1.13606,1.13611,1.13601,1.13603,49
2019.01.22,19:04,1.13604,1.13613,1.13601,1.13613,59
2019.01.22,19:05,1.13613,1.13619,1.13589,1.13591,63
2019.01.22,19:06,1.13592,1.13622,1.13592,1.13617,53
2019.01.22,19:07,1.13617,1.13635,1.13612,1.13633,49
2019.01.22,19:08,1.1363,1.13646,1.13627,1.1364,82
2019.01.22,19:09,1.1364,1.13647,1.13638,1.13644,55
2019.01.22,19:10,1.13645,1.13645,1.13638,1.13643,48
2019.01.22,19:11,1.13643,1.13664,1.13643,1.13659,73
2019.01.22,19:12,1.13659,1.13663,1.13652,1.13656,70
2019.01.22,19:13,1.13655,1.13658,1.1365,1.13658,30
2019.01.22,19:14,1.13658,1.1368,1.13658,1.13677,66
2019.01.22,19:15,1.13678,1.13678,1.13662,1.13662,65
2019.01.22,19:16,1.13662,1.13662,1.13655,1.13657,37
2019.01.22,19:17,1.13656,1.13658,1.13651,1.13654,45
2019.01.22,19:18,1.13652,1.13674,1.13651,1.1366,90
2019.01.22,19:19,1.1366,1.13661,1.1365,1.13657,82
2019.01.22,19:20,1.1366,1.1366,1.13653,1.13657,59
2019.01.22,19:21,1.13657,1.13657,1.13641,1.13643,67
2019.01.22,19:22,1.13643,1.13649,1.13637,1.13641,43
2019.01.22,19:23,1.13642,1.13662,1.13642,1.13658,71
2019.01.22,19:24,1.13659,1.13659,1.13651,1.13652,30
2019.01.22,19:25,1.13652,1.13654,1.13649,1.13649,40
2019.01.22,19:26,1.13648,1.13651,1.13641,1.13641,55
2019.01.22,19:27,1.13642,1.13658,1.13641,1.13658,55
2019.01.22,19:28,1.13657,1.13668,1.13654,1.13665,86
2019.01.22,19:29,1.13664,1.13668,1.13651,1.13655,65
2019.01.22,19:30,1.13654,1.13662,1.13636,1.13657,87
2019.01.22,19:31,1.13658,1.13673,1.13657,1.13661,61
2019.01.22,19:32,1.13661,1.13666,1.13659,1.13661,61
2019.01.22,19:33,1.13661,1.13662,1.13653,1.13654,49
2019.01.22,19:34,1.13654,1.1366,1.13647,1.13655,49
2019.01.22,19:35,1.13655,1.13662,1.13654,1.13654,32
2019.01.22,19:36,1.13654,1.13661,1.13653,1.1366,35
2019.01.22,19:37,1.13659,1.13664,1.13658,1.13661,18
2019.01.22,19:38,1.13661,1.13673,1.13661,1.13671,50
2019.01.22,19:39,1.1367,1.13677,1.13669,1.13677,19
2019.01.22,19:40,1.13677,1.13697,1.13677,1.13695,92
2019.01.22,19:41,1.13697,1.13698,1.13685,1.13688,30
2019.01.22,19:42,1.13687,1.13698,1.13686,1.13694,50
2019.01.22,19:43,1.13693,1.13698,1.1369,1.13692,40
2019.01.22,19:44,1.13692,1.13692,1.13682,1.13682,59
2019.01.22,19:45,1.13683,1.13698,1.13677,1.13693,58
2019.01.22,19:46,1.13693,1.13702,1.13692,1.137,32
2019.01.22,19:47,1.13699,1.137,1.13686,1.13694,51
2019.01.22,19:48,1.13694,1.13704,1.13692,1.13701,49
2019.01.22,19:49,1.13701,1.13713,1.137,1.13702,57
2019.01.22,19:50,1.13703,1.13712,1.13701,1.13708,56
2019.01.22,19:51,1.13708,1.13712,1.13697,1.13697,34
2019.01.22,19:52,1.13697,1.13697,1.13692,1.13694,23
2019.01.22,19:53,1.13693,1.13694,1.13686,1.13687,19
2019.01.22,19:54,1.13687,1.13692,1.13687,1.13689,19
2019.01.22,19:55,1.1369,1.1369,1.13674,1.13682,61
2019.01.22,19:56,1.13681,1.1369,1.13674,1.13685,32
2019.01.22,19:57,1.13683,1.137,1.13683,1.13697,53
2019.01.22,19:58,1.13697,1.13705,1.13697,1.13701,55
2019.01.22,19:59,1.13699,1.13705,1.13691,1.13694,66
2019.01.22,20:00,1.13693,1.13709,1.13693,1.13708,108
2019.01.22,20:01,1.13707,1.13728,1.13707,1.13727,92
2019.01.22,20:02,1.13727,1.1374,1.13723,1.13727,127
2019.01.22,20:03,1.13726,1.13726,1.13714,1.13717,52
2019.01.22,20:04,1.13718,1.13729,1.13706,1.13725,103
2019.01.22,20:05,1.13725,1.13725,1.13711,1.13714,92
2019.01.22,20:06,1.13714,1.13721,1.13711,1.13717,62
2019.01.22,20:07,1.13719,1.13719,1.13701,1.13701,45
2019.01.22,20:08,1.13701,1.13702,1.13691,1.13693,105
2019.01.22,20:09,1.13693,1.13698,1.13691,1.13697,39
2019.01.22,20:10,1.13699,1.13727,1.13696,1.13723,196
2019.01.22,20:11,1.13722,1.13725,1.13699,1.137,135
2019.01.22,20:12,1.13702,1.13706,1.13694,1.13701,91
2019.01.22,20:13,1.13702,1.1371,1.13695,1.13702,63
2019.01.22,20:14,1.13703,1.13714,1.13703,1.13707,69
2019.01.22,20:15,1.13706,1.1371,1.13692,1.13692,56
2019.01.22,20:16,1.13695,1.13698,1.13689,1.13691,102
2019.01.22,20:17,1.13691,1.13691,1.13665,1.13667,111
2019.01.22,20:18,1.13668,1.1368,1.13665,1.13671,123
2019.01.22,20:19,1.1367,1.1367,1.13651,1.13654,84
2019.01.22,20:20,1.13653,1.13657,1.1365,1.13657,111
2019.01.22,20:21,1.13656,1.13659,1.13651,1.13651,57
2019.01.22,20:22,1.13651,1.13662,1.1365,1.13659,74
2019.01.22,20:23,1.13658,1.13681,1.13657,1.13678,57
2019.01.22,20:24,1.13678,1.13678,1.1366,1.13662,49
2019.01.22,20:25,1.13664,1.13668,1.13653,1.13658,44
2019.01.22,20:26,1.13659,1.13661,1.13657,1.13661,22
2019.01.22,20:27,1.13662,1.13678,1.13657,1.13668,63
2019.01.22,20:28,1.13666,1.13671,1.13658,1.13666,25
2019.01.22,20:29,1.13667,1.137,1.13667,1.13691,97
2019.01.22,20:30,1.13692,1.13697,1.13686,1.13693,69
2019.01.22,20:31,1.13695,1.13702,1.13692,1.13702,50
2019.01.22,20:32,1.13702,1.13713,1.13701,1.13707,95
2019.01.22,20:33,1.13707,1.1371,1.13701,1.13708,57
2019.01.22,20:34,1.13708,1.13718,1.13706,1.13716,44
2019.01.22,20:35,1.13716,1.13719,1.13708,1.1371,55
2019.01.22,20:36,1.13711,1.13711,1.13695,1.13698,87
2019.01.22,20:37,1.13697,1.13703,1.13692,1.13698,60
2019.01.22,20:38,1.13698,1.13707,1.13696,1.13698,63
2019.01.22,20:39,1.13699,1.13702,1.13698,1.13699,32
2019.01.22,20:40,1.13698,1.13701,1.13692,1.13696,45
2019.01.22,20:41,1.13695,1.13696,1.13688,1.13689,60
2019.01.22,20:42,1.13689,1.13689,1.13677,1.13679,66
2019.01.22,20:43,1.13675,1.13682,1.13675,1.1368,45
2019.01.22,20:44,1.1368,1.13681,1.13675,1.1368,45
2019.01.22,20:45,1.13682,1.13682,1.13677,1.13679,25
2019.01.22,20:46,1.1368,1.13686,1.13676,1.13682,51
2019.01.22,20:47,1.13685,1.1369,1.13681,1.13688,52
2019.01.22,20:48,1.13688,1.13688,1.13671,1.13673,32
2019.01.22,20:49,1.13673,1.13682,1.13672,1.13681,49
2019.01.22,20:50,1.13683,1.13686,1.13667,1.1367,50
2019.01.22,20:51,1.13671,1.13671,1.13662,1.13666,45
2019.01.22,20:52,1.13666,1.13675,1.13665,1.13674,33
2019.01.22,20:53,1.13676,1.13679,1.13655,1.13662,85
2019.01.22,20:54,1.13662,1.13664,1.13657,1.13661,41
2019.01.22,20:55,1.13661,1.13661,1.13658,1.13661,18
2019.01.22,20:56,1.13664,1.1369,1.13664,1.13688,58
2019.01.22,20:57,1.13688,1.13688,1.1367,1.13676,50
2019.01.22,20:58,1.13676,1.13679,1.13666,1.1367,72
2019.01.22,20:59,1.13672,1.13679,1.1367,1.13676,70
2019.01.22,21:00,1.13679,1.13681,1.13665,1.13677,64
2019.01.22,21:01,1.1368,1.13681,1.1367,1.1367,56
2019.01.22,21:02,1.1367,1.13676,1.1367,1.13676,53
2019.01.22,21:03,1.13676,1.13676,1.13656,1.13659,54
2019.01.22,21:04,1.13657,1.13666,1.13657,1.1366,44
2019.01.22,21:05,1.13658,1.13661,1.13648,1.13657,69
2019.01.22,21:06,1.13655,1.13658,1.13652,1.13657,28
2019.01.22,21:07,1.13658,1.13666,1.13658,1.13662,34
2019.01.22,21:08,1.13661,1.1367,1.13661,1.13668,27
2019.01.22,21:09,1.13669,1.1368,1.13669,1.1368,23
2019.01.22,21:10,1.13681,1.13681,1.13666,1.13666,31
2019.01.22,21:11,1.13665,1.13666,1.13657,1.13662,46
2019.01.22,21:12,1.13661,1.13664,1.1366,1.13661,23
2019.01.22,21:13,1.13666,1.13666,1.13661,1.13664,44
2019.01.22,21:14,1.13663,1.13675,1.1366,1.13672,51
2019.01.22,21:15,1.13671,1.13672,1.13657,1.13657,43
2019.01.22,21:16,1.13657,1.1366,1.13652,1.13652,38
2019.01.22,21:17,1.13651,1.13657,1.13651,1.13651,69
2019.01.22,21:18,1.13652,1.13657,1.13651,1.13652,24
2019.01.22,21:19,1.13653,1.13656,1.13645,1.13646,56
2019.01.22,21:20,1.13649,1.13652,1.13642,1.1365,46
2019.01.22,21:21,1.13649,1.13654,1.13636,1.13642,56
2019.01.22,21:22,1.13641,1.13648,1.1364,1.13646,34
2019.01.22,21:23,1.13647,1.13667,1.13647,1.13666,53
2019.01.22,21:24,1.13665,1.13673,1.1365,1.1366,80
2019.01.22,21:25,1.13659,1.13678,1.13659,1.13672,47
2019.01.22,21:26,1.13671,1.13677,1.13667,1.13674,42
2019.01.22,21:27,1.13676,1.13678,1.13667,1.13667,42
2019.01.22,21:28,1.13666,1.13666,1.13655,1.13662,51
2019.01.22,21:29,1.13661,1.13662,1.13649,1.13649,42
2019.01.22,21:30,1.13651,1.13653,1.13645,1.13647,35
2019.01.22,21:31,1.13646,1.13649,1.1363,1.13633,52
2019.01.22,21:32,1.13636,1.13636,1.13626,1.13626,54
2019.01.22,21:33,1.13627,1.13633,1.13626,1.13627,53
2019.01.22,21:34,1.13626,1.13646,1.13626,1.13646,41
2019.01.22,21:35,1.13646,1.13646,1.13633,1.13634,33
2019.01.22,21:36,1.13633,1.13633,1.13625,1.13631,39
2019.01.22,21:37,1.1363,1.13631,1.13628,1.13629,13
2019.01.22,21:38,1.1363,1.13633,1.13628,1.13632,43
2019.01.22,21:39,1.13635,1.13641,1.13631,1.13632,34
2019.01.22,21:40,1.13631,1.13632,1.13626,1.13631,37
2019.01.22,21:41,1.13632,1.13633,1.13631,1.13632,12
2019.01.22,21:42,1.13631,1.13631,1.13618,1.13626,38
2019.01.22,21:43,1.13625,1.13633,1.13624,1.13627,24
2019.01.22,21:44,1.13626,1.13639,1.13626,1.13638,35
2019.01.22,21:45,1.13639,1.13646,1.13631,1.13631,59
2019.01.22,21:46,1.13632,1.13644,1.13632,1.13642,59
2019.01.22,21:47,1.13641,1.13646,1.13632,1.13632,47
2019.01.22,21:48,1.13632,1.13642,1.13632,1.13638,42
2019.01.22,21:49,1.13639,1.13641,1.13632,1.13637,39
2019.01.22,21:50,1.13636,1.1364,1.13634,1.13637,38
2019.01.22,21:51,1.13634,1.13637,1.13625,1.13626,24
2019.01.22,21:52,1.13622,1.13624,1.13617,1.13621,30
2019.01.22,21:53,1.13622,1.13626,1.13618,1.13624,81
2019.01.22,21:54,1.13623,1.13628,1.13619,1.1362,54
2019.01.22,21:55,1.13621,1.13622,1.13612,1.13615,92
2019.01.22,21:56,1.13617,1.13624,1.13617,1.13623,49
2019.01.22,21:57,1.13624,1.13624,1.13617,1.1362,50
2019.01.22,21:58,1.1362,1.13638,1.13615,1.13637,61
2019.01.22,21:59,1.13635,1.13638,1.13611,1.13617,118
2019.01.22,22:00,1.13615,1.13632,1.13613,1.13629,70
2019.01.22,22:01,1.13633,1.13643,1.13632,1.13643,38
2019.01.22,22:02,1.13643,1.13644,1.13634,1.13634,38
2019.01.22,22:03,1.13633,1.13635,1.13619,1.13619,51
2019.01.22,22:04,1.13619,1.13625,1.13618,1.13622,56
2019.01.22,22:05,1.13622,1.13622,1.13614,1.13618,47
2019.01.22,22:06,1.13617,1.13618,1.13606,1.13617,62
2019.01.22,22:07,1.13618,1.13622,1.13605,1.13605,71
2019.01.22,22:08,1.13605,1.13605,1.13594,1.13597,60
2019.01.22,22:09,1.13598,1.136,1.13591,1.13591,32
2019.01.22,22:10,1.13591,1.13598,1.13591,1.13596,79
2019.01.22,22:11,1.13598,1.13602,1.13595,1.13597,62
2019.01.22,22:12,1.13597,1.13598,1.1359,1.1359,43
2019.01.22,22:13,1.1359,1.13591,1.13586,1.13589,35
2019.01.22,22:14,1.13588,1.13592,1.13586,1.13591,39
2019.01.22,22:15,1.13591,1.13597,1.13591,1.13592,69
2019.01.22,22:16,1.13592,1.13604,1.13592,1.13603,38
2019.01.22,22:17,1.13603,1.1361,1.13602,1.13608,38
2019.01.22,22:18,1.13607,1.13607,1.13598,1.13598,35
2019.01.22,22:19,1.13599,1.13608,1.13599,1.13608,28
2019.01.22,22:20,1.13608,1.1361,1.13598,1.13599,41
2019.01.22,22:21,1.13599,1.13603,1.13599,1.13601,17
2019.01.22,22:22,1.13599,1.13599,1.13592,1.13592,38
2019.01.22,22:23,1.13591,1.13592,1.13585,1.13587,32
2019.01.22,22:24,1.13588,1.13595,1.13588,1.1359,37
2019.01.22,22:25,1.13591,1.13593,1.1359,1.13592,25
2019.01.22,22:26,1.13592,1.13593,1.13587,1.13589,44
2019.01.22,22:27,1.13588,1.13588,1.13587,1.13587,11
2019.01.22,22:28,1.13587,1.13596,1.13584,1.13594,41
2019.01.22,22:29,1.13594,1.13598,1.13592,1.13597,60
2019.01.22,22:30,1.13597,1.13602,1.13595,1.13598,38
2019.01.22,22:31,1.13597,1.13598,1.13585,1.13587,28
2019.01.22,22:32,1.13588,1.13603,1.13585,1.13602,33
2019.01.22,22:33,1.13602,1.13608,1.13601,1.13607,50
2019.01.22,22:34,1.13605,1.13613,1.13603,1.13606,40
2019.01.22,22:35,1.13605,1.13611,1.13605,1.13609,31
2019.01.22,22:36,1.13608,1.13608,1.13599,1.13604,45
2019.01.22,22:37,1.13604,1.13608,1.13603,1.13603,29
2019.01.22,22:38,1.13603,1.13607,1.136,1.13604,30
2019.01.22,22:39,1.13604,1.13614,1.13583,1.1359,119
2019.01.22,22:40,1.13589,1.13592,1.13581,1.13583,119
2019.01.22,22:41,1.13582,1.13593,1.13582,1.13584,74
2019.01.22,22:42,1.13584,1.13589,1.13582,1.13583,33
2019.01.22,22:43,1.13584,1.13586,1.1358,1.13583,51
2019.01.22,22:44,1.13583,1.13587,1.13581,1.13587,44
2019.01.22,22:45,1.13584,1.136,1.13583,1.13592,73
2019.01.22,22:46,1.13594,1.13596,1.13589,1.13593,33
2019.01.22,22:47,1.13594,1.13594,1.13592,1.13593,14
2019.01.22,22:48,1.13594,1.13597,1.1359,1.13592,44
2019.01.22,22:49,1.13593,1.13594,1.13585,1.13587,31
2019.01.22,22:50,1.13586,1.13587,1.13583,1.13584,24
2019.01.22,22:51,1.13583,1.13597,1.13583,1.13595,61
2019.01.22,22:52,1.13596,1.13597,1.1359,1.13592,73
2019.01.22,22:53,1.13591,1.13599,1.13591,1.13597,44
2019.01.22,22:54,1.13597,1.13597,1.13582,1.13584,32
2019.01.22,22:55,1.13583,1.13583,1.13565,1.13567,71
2019.01.22,22:56,1.13568,1.13574,1.13567,1.13573,26
2019.01.22,22:57,1.13573,1.13573,1.13565,1.13573,76
2019.01.22,22:58,1.13573,1.13594,1.13572,1.13578,68
2019.01.22,22:59,1.13576,1.13576,1.1352,1.13523,144
2019.01.22,23:00,1.13526,1.13558,1.13526,1.13557,85
2019.01.22,23:01,1.13557,1.13558,1.13556,1.13557,33
2019.01.22,23:02,1.13557,1.13563,1.13557,1.1356,31
2019.01.22,23:03,1.1356,1.13564,1.13558,1.13564,32
2019.01.22,23:04,1.13564,1.13581,1.13563,1.13577,59
2019.01.22,23:05,1.13576,1.13584,1.13576,1.13583,43
2019.01.22,23:06,1.13583,1.13589,1.13577,1.13584,39
2019.01.22,23:07,1.13588,1.13595,1.13587,1.13594,28
2019.01.22,23:08,1.13593,1.13595,1.13588,1.13594,48
2019.01.22,23:09,1.13593,1.13605,1.13593,1.13603,72
2019.01.22,23:10,1.13602,1.13609,1.13593,1.13598,61
2019.01.22,23:11,1.13602,1.1361,1.13602,1.13607,43
2019.01.22,23:12,1.13608,1.13608,1.13603,1.13603,10
2019.01.22,23:13,1.13604,1.13604,1.13603,1.13604,6
2019.01.22,23:14,1.13603,1.13604,1.13602,1.13603,16
2019.01.22,23:15,1.13602,1.13604,1.13602,1.13603,7
2019.01.22,23:16,1.13604,1.13605,1.13601,1.13603,17
2019.01.22,23:17,1.13603,1.13603,1.13597,1.13597,15
2019.01.22,23:18,1.13598,1.13598,1.13597,1.13598,7
2019.01.22,23:19,1.13597,1.13602,1.13597,1.13602,12
2019.01.22,23:20,1.13603,1.13604,1.13601,1.13602,19
2019.01.22,23:21,1.13602,1.13603,1.13598,1.13598,15
2019.01.22,23:22,1.13597,1.13601,1.13597,1.13601,3
2019.01.22,23:24,1.13601,1.13611,1.13601,1.13609,11
2019.01.22,23:25,1.13609,1.13614,1.13608,1.13614,9
2019.01.22,23:26,1.13614,1.13616,1.13609,1.13613,34
2019.01.22,23:27,1.13613,1.13615,1.13612,1.13612,12
2019.01.22,23:28,1.13612,1.13613,1.13612,1.13612,6
2019.01.22,23:29,1.13612,1.13612,1.13599,1.13609,42
2019.01.22,23:30,1.13607,1.13614,1.13606,1.13613,33
2019.01.22,23:31,1.13612,1.13612,1.13607,1.13608,14
2019.01.22,23:32,1.13609,1.13612,1.13608,1.13608,12
2019.01.22,23:33,1.13607,1.13611,1.13602,1.13603,27
2019.01.22,23:34,1.13602,1.13607,1.13601,1.13606,27
2019.01.22,23:35,1.13607,1.13608,1.13605,1.13606,37
2019.01.22,23:36,1.13607,1.1361,1.13602,1.13602,40
2019.01.22,23:37,1.13601,1.13602,1.136,1.13601,13
2019.01.22,23:38,1.13602,1.13602,1.13596,1.13597,22
2019.01.22,23:39,1.136,1.13606,1.13599,1.13606,40
2019.01.22,23:40,1.13607,1.13609,1.13603,1.13603,35
2019.01.22,23:41,1.13602,1.13607,1.13602,1.13604,25
2019.01.22,23:42,1.13603,1.13607,1.13601,1.13602,45
2019.01.22,23:43,1.13601,1.13604,1.13601,1.13602,14
2019.01.22,23:44,1.13602,1.13604,1.13601,1.13602,25
2019.01.22,23:45,1.13603,1.13622,1.13603,1.1362,92
2019.01.22,23:46,1.13618,1.13624,1.13617,1.13623,67
2019.01.22,23:47,1.13622,1.13627,1.1362,1.13622,39
2019.01.22,23:48,1.13621,1.13621,1.13611,1.13614,37
2019.01.22,23:49,1.13615,1.13617,1.13607,1.13607,21
2019.01.22,23:50,1.13604,1.13604,1.13597,1.136,43
2019.01.22,23:51,1.136,1.13608,1.13599,1.13605,22
2019.01.22,23:52,1.13601,1.13601,1.13599,1.13599,6
2019.01.22,23:53,1.13599,1.13606,1.13599,1.13601,30
2019.01.22,23:54,1.13601,1.1361,1.13597,1.13607,53
2019.01.22,23:55,1.13605,1.13608,1.13593,1.13602,59
2019.01.22,23:56,1.136,1.13603,1.13598,1.13599,15
2019.01.22,23:57,1.13598,1.13598,1.13597,1.13598,12
2019.01.22,23:58,1.13598,1.13598,1.13597,1.13597,17
2019.01.22,23:59,1.13598,1.13605,1.13589,1.13589,59
2019.01.23,00:00,1.13588,1.13593,1.13588,1.13592,8
2019.01.23,00:01,1.13594,1.13596,1.13594,1.13596,5
2019.01.23,00:02,1.13595,1.13595,1.13595,1.13595,2
2019.01.23,00:03,1.13595,1.13602,1.13595,1.13602,10
2019.01.23,00:04,1.13602,1.13622,1.13601,1.13621,19
2019.01.23,00:05,1.13621,1.13621,1.13598,1.13598,36
2019.01.23,00:06,1.13598,1.13602,1.13598,1.13601,18
2019.01.23,00:07,1.13602,1.13605,1.13601,1.13603,20
2019.01.23,00:08,1.13602,1.13609,1.13601,1.13609,22
2019.01.23,00:09,1.13608,1.13608,1.13593,1.13605,58
2019.01.23,00:10,1.13604,1.13606,1.13602,1.13605,45
2019.01.23,00:11,1.13606,1.13606,1.13597,1.136,42
2019.01.23,00:12,1.136,1.13617,1.13599,1.13614,52
2019.01.23,00:13,1.13617,1.13617,1.13608,1.13614,23
2019.01.23,00:14,1.13615,1.1363,1.13615,1.1362,34
2019.01.23,00:15,1.13629,1.13629,1.13607,1.13607,32
2019.01.23,00:16,1.13607,1.13607,1.13602,1.13604,26
2019.01.23,00:17,1.13603,1.13612,1.13602,1.13605,35
2019.01.23,00:18,1.13604,1.13608,1.13604,1.13607,30
2019.01.23,00:19,1.13607,1.13618,1.13607,1.13614,40
2019.01.23,00:20,1.13615,1.13619,1.1361,1.13614,25
2019.01.23,00:21,1.13615,1.13616,1.13608,1.1361,32
2019.01.23,00:22,1.13612,1.13616,1.13603,1.13604,30
2019.01.23,00:23,1.13605,1.13607,1.13604,1.13606,15
2019.01.23,00:24,1.13607,1.13616,1.13607,1.13616,44
2019.01.23,00:25,1.13615,1.13619,1.1361,1.13618,27
2019.01.23,00:26,1.13617,1.1364,1.13599,1.13599,69
2019.01.23,00:27,1.13607,1.13611,1.13598,1.13608,35
2019.01.23,00:28,1.13618,1.13628,1.13598,1.13598,103
2019.01.23,00:29,1.13598,1.13628,1.13598,1.13627,48
2019.01.23,00:30,1.13624,1.13642,1.13601,1.13601,77
2019.01.23,00:31,1.13631,1.13636,1.13617,1.13621,42
2019.01.23,00:32,1.13623,1.13623,1.13618,1.1362,26
2019.01.23,00:33,1.13622,1.13625,1.13601,1.13604,30
2019.01.23,00:34,1.13608,1.13612,1.13608,1.1361,14
2019.01.23,00:35,1.1361,1.13611,1.13609,1.13609,11
2019.01.23,00:36,1.1361,1.13624,1.1361,1.13624,34
2019.01.23,00:37,1.13623,1.13624,1.1362,1.13623,23
2019.01.23,00:38,1.13622,1.13622,1.13619,1.13622,6
2019.01.23,00:39,1.13621,1.13625,1.1362,1.13622,33
2019.01.23,00:40,1.13623,1.13625,1.13622,1.13624,22
2019.01.23,00:41,1.13623,1.13624,1.1362,1.13622,17
2019.01.23,00:42,1.1362,1.13623,1.13619,1.13621,12
2019.01.23,00:43,1.13621,1.13621,1.13614,1.13614,24
2019.01.23,00:44,1.13614,1.1362,1.13614,1.13618,20
2019.01.23,00:45,1.13618,1.13629,1.13617,1.13626,30
2019.01.23,00:46,1.13627,1.13627,1.13623,1.13625,13
2019.01.23,00:47,1.13624,1.13625,1.13623,1.13625,9
2019.01.23,00:48,1.13624,1.13628,1.13624,1.13626,14
2019.01.23,00:49,1.13627,1.13628,1.13625,1.13625,11
2019.01.23,00:50,1.13625,1.13625,1.13624,1.13625,4
2019.01.23,00:51,1.13624,1.13628,1.13623,1.13624,24
2019.01.23,00:52,1.13623,1.13624,1.13622,1.13623,12
2019.01.23,00:53,1.13624,1.13626,1.13624,1.13626,10
2019.01.23,00:54,1.13625,1.13628,1.13624,1.13628,21
2019.01.23,00:55,1.13628,1.13628,1.13623,1.13623,18
2019.01.23,00:56,1.13622,1.13625,1.13622,1.13624,20
2019.01.23,00:57,1.13625,1.13625,1.13622,1.13623,11
2019.01.23,00:58,1.13622,1.13628,1.13622,1.13628,16
2019.01.23,00:59,1.13627,1.13628,1.13624,1.13625,20
2019.01.23,01:00,1.13623,1.13627,1.13612,1.13626,117
2019.01.23,01:01,1.13627,1.13627,1.13614,1.13619,103
2019.01.23,01:02,1.13618,1.13623,1.13616,1.13618,65
2019.01.23,01:03,1.13617,1.13625,1.13616,1.13624,40
2019.01.23,01:04,1.13624,1.1363,1.13624,1.13629,31
2019.01.23,01:05,1.13629,1.13638,1.13629,1.13637,28
2019.01.23,01:06,1.13637,1.13637,1.13632,1.13635,21
2019.01.23,01:07,1.13634,1.13635,1.13631,1.13631,14
2019.01.23,01:08,1.13631,1.13631,1.1363,1.1363,3
2019.01.23,01:10,1.13631,1.13633,1.13631,1.13633,6
2019.01.23,01:11,1.13632,1.13636,1.13631,1.13635,13
2019.01.23,01:12,1.13633,1.13636,1.13632,1.13636,14
2019.01.23,01:13,1.13637,1.13637,1.13634,1.13635,13
2019.01.23,01:14,1.13634,1.13635,1.13629,1.13629,14
2019.01.23,01:15,1.13628,1.13629,1.13627,1.13628,11
2019.01.23,01:16,1.13627,1.1363,1.13626,1.13629,23
2019.01.23,01:17,1.13629,1.13631,1.13628,1.1363,8
2019.01.23,01:18,1.13629,1.13631,1.13627,1.13627,19
2019.01.23,01:19,1.13626,1.13626,1.13622,1.13622,29
2019.01.23,01:20,1.13622,1.13627,1.13622,1.13626,28
2019.01.23,01:21,1.13625,1.13627,1.13624,1.13627,16
2019.01.23,01:22,1.13628,1.13628,1.13628,1.13628,6
2019.01.23,01:23,1.13628,1.13628,1.13625,1.13626,17
2019.01.23,01:24,1.13626,1.1363,1.13625,1.13626,25
2019.01.23,01:25,1.13627,1.13628,1.13625,1.13626,16
2019.01.23,01:26,1.13625,1.13627,1.13625,1.13627,9
2019.01.23,01:27,1.13626,1.13627,1.13626,1.13626,13
2019.01.23,01:28,1.13626,1.13627,1.13624,1.13625,18
2019.01.23,01:29,1.13625,1.13626,1.13622,1.13626,8
2019.01.23,01:30,1.13626,1.13626,1.13626,1.13626,2
2019.01.23,01:31,1.13626,1.13629,1.13621,1.13623,21
2019.01.23,01:32,1.13622,1.13623,1.1362,1.13622,27
2019.01.23,01:33,1.13622,1.13623,1.13621,1.13621,14
2019.01.23,01:34,1.13622,1.13622,1.13621,1.13622,8
2019.01.23,01:35,1.13621,1.13621,1.13615,1.13616,42
2019.01.23,01:36,1.13615,1.13622,1.13615,1.13618,23
2019.01.23,01:37,1.13618,1.13619,1.13616,1.13618,23
2019.01.23,01:38,1.13617,1.13618,1.13616,1.13617,31
2019.01.23,01:39,1.13617,1.13618,1.13612,1.13615,21
2019.01.23,01:40,1.13616,1.13638,1.13616,1.13637,31
2019.01.23,01:41,1.13637,1.13642,1.13637,1.13637,31
2019.01.23,01:42,1.13637,1.13638,1.13635,1.13638,19
2019.01.23,01:43,1.13638,1.13639,1.13636,1.13636,12
2019.01.23,01:44,1.13636,1.13639,1.13636,1.13639,9
2019.01.23,01:45,1.13638,1.13638,1.13634,1.13635,29
2019.01.23,01:46,1.13636,1.13636,1.13631,1.13632,15
2019.01.23,01:47,1.13631,1.13634,1.13631,1.13631,14
2019.01.23,01:48,1.13632,1.13632,1.13631,1.13631,4
2019.01.23,01:49,1.13629,1.13629,1.13625,1.13626,10
2019.01.23,01:50,1.13626,1.13631,1.13626,1.13631,12
2019.01.23,01:51,1.13632,1.13632,1.13631,1.13632,5
2019.01.23,01:52,1.13631,1.13641,1.13631,1.13637,24
2019.01.23,01:53,1.13637,1.13638,1.13636,1.13636,16
2019.01.23,01:54,1.13636,1.13637,1.13633,1.13634,23
2019.01.23,01:55,1.13634,1.13635,1.13633,1.13634,21
2019.01.23,01:56,1.13633,1.13634,1.13632,1.13632,21
2019.01.23,01:57,1.13634,1.13634,1.13629,1.13629,27
2019.01.23,01:58,1.1363,1.13635,1.1363,1.13633,17
2019.01.23,01:59,1.13632,1.13634,1.13628,1.13634,22
2019.01.23,02:00,1.13633,1.13636,1.13629,1.13632,37
2019.01.23,02:01,1.13633,1.13639,1.13632,1.13639,20
2019.01.23,02:02,1.13639,1.13648,1.13639,1.13646,49
2019.01.23,02:03,1.13646,1.13646,1.13631,1.13631,23
2019.01.23,02:04,1.13633,1.13633,1.13626,1.13629,24
2019.01.23,02:05,1.13628,1.13633,1.13626,1.13629,41
2019.01.23,02:06,1.13629,1.13631,1.13623,1.13628,54
2019.01.23,02:07,1.13628,1.13631,1.13627,1.13628,27
2019.01.23,02:08,1.13628,1.13631,1.13624,1.13624,36
2019.01.23,02:09,1.13625,1.13629,1.13625,1.13628,22
2019.01.23,02:10,1.13628,1.13628,1.13624,1.13627,38
2019.01.23,02:11,1.13626,1.13626,1.13619,1.13622,24
2019.01.23,02:12,1.13621,1.13627,1.13616,1.13624,35
2019.01.23,02:13,1.13625,1.13627,1.13616,1.13622,47
2019.01.23,02:14,1.13621,1.13625,1.1362,1.13622,27
2019.01.23,02:15,1.13623,1.1363,1.13622,1.13629,37
2019.01.23,02:16,1.13628,1.13632,1.13623,1.13628,36
2019.01.23,02:17,1.13627,1.13643,1.13627,1.13642,58
2019.01.23,02:18,1.13641,1.13644,1.13641,1.13643,28
2019.01.23,02:19,1.13643,1.13643,1.13633,1.13633,20
2019.01.23,02:20,1.13633,1.13644,1.13633,1.13643,39
2019.01.23,02:21,1.13646,1.13646,1.1364,1.13642,27
2019.01.23,02:22,1.13641,1.13644,1.13635,1.13643,56
2019.01.23,02:23,1.13643,1.13647,1.13642,1.13646,21
2019.01.23,02:24,1.13647,1.13648,1.13642,1.13644,40
2019.01.23,02:25,1.13644,1.13647,1.13636,1.13642,57
2019.01.23,02:26,1.13642,1.13642,1.13633,1.13633,62
2019.01.23,02:27,1.13632,1.13632,1.13631,1.13631,20
2019.01.23,02:28,1.13631,1.13634,1.13628,1.13631,36
2019.01.23,02:29,1.13632,1.13642,1.13632,1.1364,28
2019.01.23,02:30,1.1364,1.1364,1.13629,1.13629,34
2019.01.23,02:31,1.13629,1.1363,1.13624,1.13629,40
2019.01.23,02:32,1.13629,1.13631,1.13627,1.13627,31
2019.01.23,02:33,1.13627,1.13627,1.13623,1.13626,39
2019.01.23,02:34,1.13626,1.13627,1.13621,1.13622,28
2019.01.23,02:35,1.13623,1.13623,1.13617,1.13621,24
2019.01.23,02:36,1.13621,1.13627,1.1362,1.13627,15
2019.01.23,02:37,1.13628,1.13631,1.13627,1.13628,38
2019.01.23,02:38,1.13627,1.13633,1.13627,1.13633,12
2019.01.23,02:39,1.13634,1.13634,1.13632,1.13632,11
2019.01.23,02:40,1.13631,1.13639,1.13631,1.13638,24
2019.01.23,02:41,1.13638,1.13639,1.13637,1.13637,19
2019.01.23,02:42,1.13637,1.13639,1.13637,1.13637,24
2019.01.23,02:43,1.13638,1.1364,1.13637,1.13637,15
2019.01.23,02:44,1.13637,1.13639,1.13636,1.13638,15
2019.01.23,02:45,1.13637,1.13638,1.13636,1.13637,28
2019.01.23,02:46,1.13637,1.13638,1.13636,1.13637,18
2019.01.23,02:47,1.13637,1.13638,1.13636,1.13638,10
2019.01.23,02:48,1.13638,1.13642,1.13637,1.13638,31
2019.01.23,02:49,1.13638,1.13638,1.13633,1.13637,15
2019.01.23,02:50,1.13638,1.13638,1.13627,1.13627,12
2019.01.23,02:51,1.13627,1.13627,1.13622,1.13622,15
2019.01.23,02:52,1.1362,1.13627,1.13619,1.13626,20
2019.01.23,02:53,1.13627,1.13634,1.13626,1.13632,27
2019.01.23,02:54,1.13632,1.1364,1.1363,1.13637,52
2019.01.23,02:55,1.13638,1.13641,1.13636,1.13641,28
2019.01.23,02:56,1.13642,1.13642,1.13635,1.13638,34
2019.01.23,02:57,1.13639,1.13639,1.13634,1.13636,40
2019.01.23,02:58,1.13637,1.13643,1.13632,1.13642,54
2019.01.23,02:59,1.13642,1.13644,1.13642,1.13643,23
2019.01.23,03:00,1.13644,1.1365,1.13641,1.13646,64
2019.01.23,03:01,1.13646,1.13646,1.13634,1.13637,63
2019.01.23,03:02,1.13638,1.13646,1.13637,1.13644,39
2019.01.23,03:03,1.13644,1.13644,1.13628,1.13628,43
2019.01.23,03:04,1.13627,1.13634,1.13627,1.13633,15
2019.01.23,03:05,1.13632,1.13632,1.13614,1.13624,90
2019.01.23,03:06,1.13625,1.13628,1.1362,1.13623,63
2019.01.23,03:07,1.13621,1.13622,1.13617,1.13617,19
2019.01.23,03:08,1.13616,1.13618,1.13611,1.13614,27
2019.01.23,03:09,1.13613,1.13617,1.13612,1.13612,46
2019.01.23,03:10,1.13613,1.13618,1.13613,1.13617,36
2019.01.23,03:11,1.13616,1.13618,1.13615,1.13616,8
2019.01.23,03:12,1.13617,1.13624,1.13617,1.13624,19
2019.01.23,03:13,1.13627,1.13632,1.13626,1.13632,38
2019.01.23,03:14,1.13632,1.13632,1.13616,1.13617,56
2019.01.23,03:15,1.13617,1.13622,1.13611,1.13616,100
2019.01.23,03:16,1.13617,1.13618,1.13602,1.13607,96
2019.01.23,03:17,1.13607,1.13608,1.13604,1.13607,51
2019.01.23,03:18,1.13607,1.13607,1.13602,1.13607,31
2019.01.23,03:19,1.13607,1.13618,1.13607,1.13618,40
2019.01.23,03:20,1.13621,1.13627,1.1362,1.13621,31
2019.01.23,03:21,1.13621,1.13627,1.13621,1.13626,49
2019.01.23,03:22,1.13627,1.13629,1.13622,1.13627,60
2019.01.23,03:23,1.13627,1.13627,1.13627,1.13627,5
2019.01.23,03:24,1.13627,1.13629,1.13622,1.13627,31
2019.01.23,03:25,1.13627,1.13637,1.13625,1.13635,48
2019.01.23,03:26,1.13637,1.13637,1.13635,1.13635,18
2019.01.23,03:27,1.13635,1.13643,1.13633,1.13642,26
2019.01.23,03:28,1.13642,1.13643,1.13642,1.13642,24
2019.01.23,03:29,1.13643,1.13643,1.13636,1.13637,26
2019.01.23,03:30,1.13637,1.13642,1.13634,1.13637,58
2019.01.23,03:31,1.13637,1.13653,1.13635,1.13653,56
2019.01.23,03:32,1.13657,1.13659,1.13653,1.13658,64
2019.01.23,03:33,1.13658,1.13663,1.13654,1.13657,68
2019.01.23,03:34,1.13658,1.13666,1.13656,1.13661,61
2019.01.23,03:35,1.13662,1.13662,1.13652,1.13654,40
2019.01.23,03:36,1.13655,1.13657,1.13631,1.13636,69
2019.01.23,03:37,1.13637,1.13647,1.13636,1.13642,52
2019.01.23,03:38,1.13641,1.13644,1.13636,1.13636,25
2019.01.23,03:39,1.13634,1.13637,1.13631,1.13636,30
2019.01.23,03:40,1.13636,1.13641,1.13632,1.13633,33
2019.01.23,03:41,1.13632,1.13652,1.13632,1.13652,63
2019.01.23,03:42,1.13652,1.13657,1.13647,1.13651,91
2019.01.23,03:43,1.13651,1.13652,1.13637,1.1365,79
2019.01.23,03:44,1.13647,1.13664,1.13647,1.13662,78
2019.01.23,03:45,1.13662,1.13668,1.13661,1.13664,83
2019.01.23,03:46,1.13662,1.13667,1.13661,1.13667,64
2019.01.23,03:47,1.13667,1.13672,1.13667,1.13672,40
2019.01.23,03:48,1.13671,1.13676,1.1365,1.13652,102
2019.01.23,03:49,1.13652,1.13656,1.13648,1.13651,44
2019.01.23,03:50,1.13651,1.13657,1.13647,1.13657,76
2019.01.23,03:51,1.13659,1.13661,1.13642,1.13649,77
2019.01.23,03:52,1.13649,1.13655,1.13647,1.13649,38
2019.01.23,03:53,1.13649,1.13653,1.13632,1.13637,114
2019.01.23,03:54,1.13637,1.13652,1.13636,1.13647,80
2019.01.23,03:55,1.13647,1.1365,1.13644,1.13645,80
2019.01.23,03:56,1.13644,1.13653,1.13641,1.13646,67
2019.01.23,03:57,1.13645,1.13645,1.13632,1.13637,55
2019.01.23,03:58,1.13637,1.13642,1.13634,1.13637,43
2019.01.23,03:59,1.13637,1.13654,1.13636,1.13654,59
2019.01.23,04:00,1.13653,1.13653,1.13632,1.13637,59
2019.01.23,04:01,1.13636,1.13636,1.13631,1.13631,50
2019.01.23,04:02,1.13632,1.13638,1.13628,1.13638,27
2019.01.23,04:03,1.13639,1.13645,1.13636,1.13641,58
2019.01.23,04:04,1.13642,1.13644,1.1364,1.13644,46
2019.01.23,04:05,1.13644,1.13648,1.13641,1.13646,58
2019.01.23,04:06,1.13646,1.13647,1.13642,1.13643,24
2019.01.23,04:07,1.13644,1.13647,1.13644,1.13646,45
2019.01.23,04:08,1.13647,1.13652,1.13644,1.13646,46
2019.01.23,04:09,1.13646,1.13646,1.13641,1.13643,45
2019.01.23,04:10,1.13643,1.13646,1.13639,1.13639,24
2019.01.23,04:11,1.13639,1.13642,1.13639,1.13641,26
2019.01.23,04:12,1.13638,1.13643,1.13634,1.1364,56
2019.01.23,04:13,1.1364,1.13646,1.1364,1.13645,36
2019.01.23,04:14,1.13645,1.13649,1.13645,1.13645,49
2019.01.23,04:15,1.13645,1.13648,1.13645,1.13647,36
2019.01.23,04:16,1.13646,1.1365,1.13641,1.13641,39
2019.01.23,04:17,1.13642,1.13644,1.13636,1.13643,28
2019.01.23,04:18,1.13643,1.13643,1.13631,1.13636,50
2019.01.23,04:19,1.13635,1.13641,1.13635,1.13636,21
2019.01.23,04:20,1.13637,1.13637,1.13631,1.13636,30
2019.01.23,04:21,1.13636,1.13636,1.13629,1.13636,35
2019.01.23,04:22,1.13636,1.13637,1.13635,1.13636,14
2019.01.23,04:23,1.13635,1.13638,1.13635,1.13638,10
2019.01.23,04:24,1.13636,1.13636,1.13635,1.13636,16
2019.01.23,04:25,1.13635,1.13641,1.13635,1.1364,22
2019.01.23,04:26,1.1364,1.13642,1.13631,1.13631,33
2019.01.23,04:27,1.13631,1.13645,1.13631,1.13635,73
2019.01.23,04:28,1.13634,1.13637,1.13631,1.13632,60
2019.01.23,04:29,1.13633,1.1364,1.13633,1.1364,44
2019.01.23,04:30,1.1364,1.13646,1.13636,1.13636,41
2019.01.23,04:31,1.13637,1.13642,1.13637,1.1364,12
2019.01.23,04:32,1.1364,1.1364,1.1364,1.1364,13
2019.01.23,04:33,1.1364,1.13641,1.13636,1.1364,25
2019.01.23,04:34,1.1364,1.1364,1.13639,1.1364,9
2019.01.23,04:35,1.13639,1.13639,1.13636,1.13637,8
2019.01.23,04:36,1.13637,1.13638,1.13635,1.13637,14
2019.01.23,04:37,1.13638,1.13641,1.13637,1.13641,17
2019.01.23,04:38,1.1364,1.1364,1.13632,1.13634,18
2019.01.23,04:39,1.13634,1.13634,1.13632,1.13632,6
2019.01.23,04:40,1.13632,1.13635,1.13632,1.13634,13
2019.01.23,04:41,1.13634,1.13635,1.13633,1.13635,21
2019.01.23,04:42,1.13635,1.13635,1.13635,1.13635,7
2019.01.23,04:43,1.13636,1.13652,1.13635,1.13649,28
2019.01.23,04:44,1.1365,1.13652,1.13647,1.13652,18
2019.01.23,04:45,1.13653,1.13655,1.13652,1.13654,16
2019.01.23,04:46,1.13654,1.13662,1.13654,1.13662,23
2019.01.23,04:47,1.13662,1.13664,1.1366,1.13661,10
2019.01.23,04:48,1.13662,1.13664,1.13661,1.13662,12
2019.01.23,04:49,1.13662,1.13663,1.13662,1.13662,5
2019.01.23,04:51,1.13663,1.13663,1.13655,1.13657,13
2019.01.23,04:52,1.13657,1.13657,1.13657,1.13657,1
2019.01.23,04:53,1.13657,1.13657,1.13651,1.13652,17
2019.01.23,04:54,1.13652,1.13652,1.13647,1.1365,11
2019.01.23,04:55,1.1365,1.1365,1.13646,1.13647,11
2019.01.23,04:56,1.13646,1.13649,1.13646,1.13647,17
2019.01.23,04:57,1.13647,1.13647,1.13644,1.13647,17
2019.01.23,04:58,1.13646,1.13652,1.13645,1.13652,14
2019.01.23,04:59,1.13651,1.13652,1.1365,1.13651,22
2019.01.23,05:00,1.13651,1.13652,1.13648,1.13649,22
2019.01.23,05:01,1.1365,1.13651,1.13646,1.13648,24
2019.01.23,05:02,1.13646,1.13648,1.13639,1.1364,19
2019.01.23,05:03,1.13642,1.13652,1.1364,1.13648,84
2019.01.23,05:04,1.13649,1.1365,1.13647,1.13649,24
2019.01.23,05:05,1.13647,1.13655,1.13646,1.13653,30
2019.01.23,05:06,1.13653,1.13654,1.13651,1.13652,15
2019.01.23,05:07,1.13655,1.13657,1.13646,1.13651,37
2019.01.23,05:08,1.13652,1.13657,1.13651,1.13653,42
2019.01.23,05:09,1.13652,1.13655,1.13651,1.13652,30
2019.01.23,05:10,1.13653,1.13659,1.13653,1.13659,19
2019.01.23,05:11,1.1366,1.13663,1.13659,1.13663,9
2019.01.23,05:12,1.13662,1.13663,1.1366,1.13662,22
2019.01.23,05:13,1.13662,1.13662,1.13662,1.13662,3
2019.01.23,05:14,1.13662,1.13667,1.13662,1.13665,32
2019.01.23,05:15,1.13664,1.13664,1.13652,1.13653,35
2019.01.23,05:16,1.13654,1.13655,1.13652,1.13655,11
2019.01.23,05:17,1.13655,1.13657,1.13651,1.13652,33
2019.01.23,05:18,1.13652,1.13657,1.1365,1.13656,30
2019.01.23,05:19,1.13657,1.13657,1.13648,1.1365,40
2019.01.23,05:20,1.1365,1.13659,1.13649,1.13652,39
2019.01.23,05:21,1.13651,1.13657,1.13651,1.13653,31
2019.01.23,05:22,1.13655,1.13662,1.13655,1.13661,32
2019.01.23,05:23,1.13662,1.13672,1.13661,1.13672,35
2019.01.23,05:24,1.13672,1.13676,1.13672,1.13674,42
2019.01.23,05:25,1.13675,1.13677,1.13674,1.13677,37
2019.01.23,05:26,1.13678,1.13678,1.13676,1.13676,16
2019.01.23,05:27,1.13676,1.13677,1.13673,1.13677,22
2019.01.23,05:28,1.13677,1.13681,1.13666,1.13668,53
2019.01.23,05:29,1.13667,1.13686,1.13667,1.13684,58
2019.01.23,05:30,1.13682,1.13682,1.13671,1.13674,44
2019.01.23,05:31,1.13675,1.13676,1.13675,1.13676,8
2019.01.23,05:32,1.13674,1.13674,1.13666,1.13672,32
2019.01.23,05:33,1.13672,1.13685,1.13672,1.13682,34
2019.01.23,05:34,1.13685,1.13686,1.13681,1.13682,12
2019.01.23,05:35,1.13683,1.13686,1.13675,1.13676,39
2019.01.23,05:36,1.13676,1.13676,1.13668,1.1367,37
2019.01.23,05:37,1.13671,1.13672,1.13665,1.13672,27
2019.01.23,05:38,1.13673,1.13677,1.13662,1.13662,50
2019.01.23,05:39,1.13663,1.13667,1.13661,1.13666,18
2019.01.23,05:40,1.13667,1.13671,1.13666,1.13666,15
2019.01.23,05:41,1.13667,1.13667,1.13655,1.13655,41
2019.01.23,05:42,1.13656,1.13657,1.13652,1.13652,13
2019.01.23,05:43,1.13652,1.13658,1.13652,1.13654,37
2019.01.23,05:44,1.13653,1.13657,1.13652,1.13655,19
2019.01.23,05:45,1.13654,1.13655,1.13652,1.13652,21
2019.01.23,05:46,1.13652,1.13652,1.13652,1.13652,8
2019.01.23,05:47,1.13652,1.13655,1.1365,1.13655,42
2019.01.23,05:48,1.13652,1.13652,1.1364,1.13642,40
2019.01.23,05:49,1.13643,1.13649,1.13639,1.13648,44
2019.01.23,05:50,1.13647,1.13651,1.13645,1.13647,46
2019.01.23,05:51,1.13648,1.13652,1.13646,1.1365,32
2019.01.23,05:52,1.1365,1.13652,1.13647,1.13652,19
2019.01.23,05:53,1.13651,1.13651,1.13649,1.13649,9
2019.01.23,05:54,1.13648,1.13648,1.13647,1.13647,2
2019.01.23,05:55,1.13646,1.13648,1.13646,1.13647,4
2019.01.23,05:56,1.13648,1.13649,1.13644,1.13647,11
2019.01.23,05:57,1.13648,1.13652,1.13643,1.13643,44
2019.01.23,05:58,1.13641,1.13642,1.13637,1.1364,28
2019.01.23,05:59,1.1364,1.13641,1.13637,1.1364,17
2019.01.23,06:00,1.13638,1.1364,1.13637,1.13637,23
2019.01.23,06:01,1.13636,1.13636,1.13632,1.13632,30
2019.01.23,06:02,1.13633,1.13637,1.13633,1.13636,17
2019.01.23,06:03,1.13637,1.13639,1.13632,1.13632,37
2019.01.23,06:04,1.13634,1.13634,1.13632,1.13634,7
2019.01.23,06:05,1.13633,1.13643,1.13633,1.13642,37
2019.01.23,06:06,1.13644,1.13647,1.13642,1.13647,16
2019.01.23,06:07,1.13647,1.13653,1.13647,1.1365,38
2019.01.23,06:08,1.13651,1.13662,1.13651,1.13662,39
2019.01.23,06:09,1.13663,1.13663,1.13658,1.1366,69
2019.01.23,06:10,1.13659,1.13666,1.13659,1.13664,31
2019.01.23,06:11,1.13663,1.13663,1.13654,1.13663,59
2019.01.23,06:12,1.13663,1.13663,1.13657,1.13663,48
2019.01.23,06:13,1.13664,1.13668,1.13664,1.13664,37
2019.01.23,06:14,1.13664,1.13666,1.13663,1.13663,8
2019.01.23,06:15,1.13664,1.13664,1.13659,1.13659,20
2019.01.23,06:16,1.13659,1.13668,1.13658,1.13668,32
2019.01.23,06:17,1.13667,1.13668,1.13665,1.13666,31
2019.01.23,06:18,1.13666,1.13668,1.13656,1.13661,48
2019.01.23,06:19,1.1366,1.13662,1.13659,1.13662,14
2019.01.23,06:20,1.13662,1.13668,1.13662,1.13667,19
2019.01.23,06:21,1.13667,1.13667,1.13652,1.13653,49
2019.01.23,06:22,1.13652,1.13657,1.13651,1.13654,25
2019.01.23,06:23,1.13655,1.13661,1.13654,1.13655,32
2019.01.23,06:24,1.13655,1.13655,1.13649,1.13649,27
2019.01.23,06:25,1.1365,1.13658,1.1365,1.13657,37
2019.01.23,06:26,1.13656,1.13659,1.13655,1.13657,12
2019.01.23,06:27,1.13655,1.1366,1.13655,1.1366,12
2019.01.23,06:28,1.1366,1.1366,1.13657,1.13657,3
2019.01.23,06:29,1.13656,1.13662,1.13656,1.13662,12
2019.01.23,06:30,1.13662,1.13662,1.13656,1.13656,16
2019.01.23,06:31,1.13657,1.13662,1.13657,1.13662,21
2019.01.23,06:32,1.13662,1.13662,1.13657,1.13657,17
2019.01.23,06:33,1.13657,1.13662,1.13655,1.13661,27
2019.01.23,06:34,1.13662,1.13667,1.13662,1.13666,20
2019.01.23,06:35,1.13667,1.13673,1.13666,1.13672,58
2019.01.23,06:36,1.13672,1.13674,1.13665,1.13666,29
2019.01.23,06:37,1.13665,1.13672,1.13665,1.13672,28
2019.01.23,06:38,1.13672,1.13673,1.13669,1.13673,26
2019.01.23,06:39,1.13673,1.13673,1.13667,1.13672,35
2019.01.23,06:40,1.13673,1.13673,1.13668,1.13668,14
2019.01.23,06:41,1.13668,1.13668,1.13664,1.13666,17
2019.01.23,06:42,1.13666,1.13671,1.13663,1.13667,22
2019.01.23,06:43,1.13668,1.1367,1.13667,1.13667,6
2019.01.23,06:44,1.13668,1.1367,1.13668,1.13669,5
2019.01.23,06:45,1.13667,1.13669,1.13666,1.13668,14
2019.01.23,06:46,1.13668,1.13673,1.13668,1.13671,36
2019.01.23,06:47,1.13671,1.13672,1.13666,1.13669,35
2019.01.23,06:48,1.13669,1.13672,1.13662,1.13666,50
2019.01.23,06:49,1.13665,1.13665,1.13656,1.13661,36
2019.01.23,06:50,1.13661,1.13673,1.13661,1.1367,45
2019.01.23,06:51,1.13672,1.13673,1.1367,1.13671,12
2019.01.23,06:52,1.13672,1.13676,1.13672,1.13674,21
2019.01.23,06:53,1.13673,1.13679,1.13673,1.13676,27
2019.01.23,06:54,1.13678,1.13678,1.13675,1.13675,11
2019.01.23,06:55,1.13675,1.13675,1.13672,1.13672,12
2019.01.23,06:56,1.13672,1.13673,1.13671,1.13671,19
2019.01.23,06:57,1.13672,1.13673,1.13658,1.13658,44
2019.01.23,06:58,1.1366,1.13662,1.1365,1.1365,48
2019.01.23,06:59,1.13651,1.13666,1.13648,1.13663,42
2019.01.23,07:00,1.13662,1.13662,1.13643,1.13643,82
2019.01.23,07:01,1.13644,1.13648,1.13641,1.13645,42
2019.01.23,07:02,1.13645,1.13651,1.13645,1.13649,35
2019.01.23,07:03,1.13649,1.13651,1.13639,1.13642,43
2019.01.23,07:04,1.13644,1.13646,1.13634,1.13636,53
2019.01.23,07:05,1.13633,1.13648,1.13633,1.13642,61
2019.01.23,07:06,1.13642,1.1365,1.1364,1.13649,52
2019.01.23,07:07,1.13648,1.13655,1.13647,1.13647,35
2019.01.23,07:08,1.13648,1.13648,1.13642,1.13646,32
2019.01.23,07:09,1.13647,1.13651,1.13645,1.13647,38
2019.01.23,07:10,1.13646,1.1365,1.13645,1.13648,19
2019.01.23,07:11,1.13651,1.13652,1.1365,1.13652,21
2019.01.23,07:12,1.13651,1.13652,1.13651,1.13652,10
2019.01.23,07:13,1.13653,1.13653,1.13647,1.1365,12
2019.01.23,07:14,1.1365,1.13652,1.1365,1.13652,8
2019.01.23,07:15,1.13652,1.13653,1.1365,1.13651,12
2019.01.23,07:16,1.13652,1.13652,1.13647,1.13647,25
2019.01.23,07:17,1.1365,1.13652,1.13648,1.13652,23
2019.01.23,07:18,1.13651,1.13652,1.13651,1.13652,6
2019.01.23,07:19,1.13651,1.13652,1.13651,1.13652,11
2019.01.23,07:20,1.13652,1.13655,1.13651,1.13652,12
2019.01.23,07:21,1.13653,1.13655,1.13653,1.13655,15
2019.01.23,07:22,1.13654,1.13658,1.13654,1.13657,20
2019.01.23,07:23,1.13657,1.13657,1.13653,1.13655,18
2019.01.23,07:24,1.13656,1.13659,1.13655,1.13657,20
2019.01.23,07:25,1.13659,1.13659,1.13655,1.13655,17
2019.01.23,07:26,1.13655,1.1366,1.13655,1.1366,12
2019.01.23,07:27,1.13659,1.13659,1.13657,1.13658,17
2019.01.23,07:28,1.1366,1.13664,1.13659,1.13663,32
2019.01.23,07:29,1.13663,1.13663,1.13659,1.13663,28
2019.01.23,07:30,1.13663,1.13663,1.13658,1.13663,34
2019.01.23,07:31,1.13662,1.13666,1.13662,1.13662,18
2019.01.23,07:32,1.13664,1.13673,1.13663,1.13672,23
2019.01.23,07:33,1.13671,1.13683,1.13668,1.13672,55
2019.01.23,07:34,1.13672,1.13672,1.13667,1.13667,22
2019.01.23,07:35,1.13668,1.13671,1.13665,1.13671,34
2019.01.23,07:36,1.13672,1.13681,1.13672,1.13673,44
2019.01.23,07:37,1.13673,1.13682,1.13672,1.13678,18
2019.01.23,07:38,1.13678,1.13683,1.13678,1.13681,26
2019.01.23,07:39,1.13683,1.13684,1.13677,1.13677,16
2019.01.23,07:40,1.13676,1.13677,1.1367,1.1367,31
2019.01.23,07:41,1.13668,1.13677,1.13668,1.13677,27
2019.01.23,07:42,1.13677,1.13683,1.13677,1.13678,14
2019.01.23,07:43,1.13678,1.13678,1.13674,1.13674,18
2019.01.23,07:44,1.13675,1.13679,1.13674,1.13679,13
2019.01.23,07:45,1.13679,1.13686,1.13678,1.13685,17
2019.01.23,07:46,1.13684,1.13685,1.13683,1.13684,12
2019.01.23,07:47,1.13685,1.13685,1.13674,1.13675,25
2019.01.23,07:48,1.13677,1.13685,1.13675,1.13678,76
2019.01.23,07:49,1.13678,1.13682,1.13674,1.13682,28
2019.01.23,07:50,1.13681,1.13681,1.13672,1.13672,34
2019.01.23,07:51,1.13673,1.13673,1.13668,1.1367,30
2019.01.23,07:52,1.13667,1.13675,1.13666,1.13673,18
2019.01.23,07:53,1.13672,1.13673,1.13667,1.1367,32
2019.01.23,07:54,1.1367,1.1367,1.13668,1.1367,11
2019.01.23,07:55,1.13671,1.13683,1.13671,1.13678,20
2019.01.23,07:56,1.1368,1.13682,1.13677,1.13682,46
2019.01.23,07:57,1.13682,1.13684,1.13678,1.13678,15
2019.01.23,07:58,1.13677,1.13681,1.13673,1.13681,20
2019.01.23,07:59,1.13681,1.13682,1.13679,1.13682,37
2019.01.23,08:00,1.13683,1.13685,1.13669,1.13669,44
2019.01.23,08:01,1.13668,1.1367,1.13665,1.13669,23
2019.01.23,08:02,1.1367,1.1367,1.13656,1.13656,54
2019.01.23,08:03,1.13654,1.13664,1.13653,1.13661,59
2019.01.23,08:04,1.13662,1.13672,1.13662,1.13672,14
2019.01.23,08:05,1.13673,1.1368,1.1367,1.13677,33
2019.01.23,08:06,1.13677,1.13682,1.1367,1.1367,29
2019.01.23,08:07,1.1367,1.13678,1.1367,1.13677,22
2019.01.23,08:08,1.13679,1.13679,1.13669,1.13672,38
2019.01.23,08:09,1.13672,1.13682,1.13672,1.13679,26
2019.01.23,08:10,1.13679,1.1368,1.13673,1.13678,30
2019.01.23,08:11,1.13679,1.13687,1.13677,1.13681,34
2019.01.23,08:12,1.13682,1.13687,1.13682,1.13685,38
2019.01.23,08:13,1.13686,1.13687,1.13681,1.13682,26
2019.01.23,08:14,1.13682,1.13682,1.13675,1.13675,12
2019.01.23,08:15,1.13675,1.13677,1.13669,1.1367,30
2019.01.23,08:16,1.13671,1.1368,1.13669,1.13677,49
2019.01.23,08:17,1.13679,1.13682,1.13677,1.13681,50
2019.01.23,08:18,1.13682,1.13682,1.13672,1.13677,55
2019.01.23,08:19,1.13677,1.13682,1.13677,1.13677,45
2019.01.23,08:20,1.13678,1.13682,1.13678,1.1368,44
2019.01.23,08:21,1.1368,1.13698,1.13679,1.13697,56
2019.01.23,08:22,1.13698,1.1372,1.13697,1.13715,63
2019.01.23,08:23,1.13715,1.13717,1.13706,1.13712,85
2019.01.23,08:24,1.13712,1.13714,1.13709,1.13713,45
2019.01.23,08:25,1.13713,1.13713,1.13706,1.13712,34
2019.01.23,08:26,1.13711,1.13713,1.13703,1.13705,45
2019.01.23,08:27,1.13703,1.13709,1.13698,1.13698,52
2019.01.23,08:28,1.13698,1.13702,1.13692,1.13695,35
2019.01.23,08:29,1.13695,1.13703,1.13694,1.13703,36
2019.01.23,08:30,1.137,1.13703,1.13695,1.13702,59
2019.01.23,08:31,1.13701,1.13706,1.13699,1.13702,22
2019.01.23,08:32,1.13702,1.13703,1.13695,1.13698,26
2019.01.23,08:33,1.13698,1.13698,1.13687,1.13692,34
2019.01.23,08:34,1.13692,1.13692,1.13683,1.13687,39
2019.01.23,08:35,1.13686,1.13687,1.13682,1.13684,30
2019.01.23,08:36,1.13683,1.13684,1.13682,1.13683,15
2019.01.23,08:37,1.13683,1.13685,1.13683,1.13684,8
2019.01.23,08:38,1.13683,1.13689,1.13683,1.13688,20
2019.01.23,08:39,1.13689,1.13694,1.13689,1.13694,15
2019.01.23,08:40,1.13694,1.13707,1.13694,1.13702,34
2019.01.23,08:41,1.13703,1.13703,1.13692,1.13692,29
2019.01.23,08:42,1.13692,1.13692,1.13689,1.13691,24
2019.01.23,08:43,1.13691,1.13693,1.13691,1.13691,14
2019.01.23,08:44,1.13692,1.13692,1.1369,1.13691,9
2019.01.23,08:45,1.13692,1.13699,1.13691,1.13698,16
2019.01.23,08:46,1.13698,1.13704,1.13695,1.13699,45
2019.01.23,08:47,1.13699,1.13712,1.13699,1.13711,36
2019.01.23,08:48,1.13711,1.13711,1.13687,1.1369,31
2019.01.23,08:49,1.13692,1.13692,1.13687,1.13691,13
2019.01.23,08:50,1.13691,1.13696,1.13691,1.13695,32
2019.01.23,08:51,1.13694,1.13702,1.13694,1.13702,38
2019.01.23,08:52,1.13703,1.13703,1.13701,1.13701,21
2019.01.23,08:53,1.13701,1.13707,1.13701,1.13702,37
2019.01.23,08:54,1.13702,1.13707,1.13702,1.13704,34
2019.01.23,08:55,1.13704,1.13704,1.137,1.137,19
2019.01.23,08:56,1.137,1.13707,1.13698,1.13707,43
2019.01.23,08:57,1.13707,1.1371,1.13703,1.13706,20
2019.01.23,08:58,1.13705,1.13708,1.13704,1.13704,36
2019.01.23,08:59,1.13704,1.13716,1.13703,1.13713,37
2019.01.23,09:00,1.13712,1.13716,1.137,1.13712,85
2019.01.23,09:01,1.13714,1.13719,1.13709,1.13714,34
2019.01.23,09:02,1.13713,1.13716,1.13713,1.13716,31
2019.01.23,09:03,1.13715,1.13716,1.13704,1.13705,50
2019.01.23,09:04,1.13703,1.13706,1.13697,1.13698,39
2019.01.23,09:05,1.137,1.13707,1.13698,1.13698,38
2019.01.23,09:06,1.13695,1.13697,1.13687,1.13688,40
2019.01.23,09:07,1.13689,1.13691,1.13684,1.1369,53
2019.01.23,09:08,1.1369,1.13697,1.1369,1.13694,86
2019.01.23,09:09,1.13693,1.13695,1.13679,1.13683,58
2019.01.23,09:10,1.13683,1.13697,1.13678,1.13692,77
2019.01.23,09:11,1.1369,1.13691,1.13679,1.13689,53
2019.01.23,09:12,1.13691,1.13693,1.1368,1.13692,70
2019.01.23,09:13,1.13692,1.13695,1.13688,1.13693,47
2019.01.23,09:14,1.13693,1.137,1.13693,1.13698,41
2019.01.23,09:15,1.13698,1.13698,1.13688,1.13695,74
2019.01.23,09:16,1.13694,1.13703,1.13693,1.13698,38
2019.01.23,09:17,1.13698,1.13702,1.13679,1.13689,81
2019.01.23,09:18,1.13689,1.13694,1.13678,1.13682,60
2019.01.23,09:19,1.13681,1.13683,1.13679,1.13679,29
2019.01.23,09:20,1.13679,1.13679,1.13667,1.13669,43
2019.01.23,09:21,1.13668,1.13677,1.13667,1.13668,60
2019.01.23,09:22,1.13668,1.13675,1.13658,1.1366,74
2019.01.23,09:23,1.13658,1.13665,1.13657,1.13662,44
2019.01.23,09:24,1.13661,1.13661,1.13643,1.13643,49
2019.01.23,09:25,1.13643,1.13665,1.13643,1.13665,57
2019.01.23,09:26,1.13664,1.13686,1.13664,1.13682,71
2019.01.23,09:27,1.13681,1.13682,1.13668,1.13671,54
2019.01.23,09:28,1.13671,1.13671,1.13655,1.13657,45
2019.01.23,09:29,1.13657,1.13657,1.13644,1.13644,56
2019.01.23,09:30,1.13644,1.13658,1.13642,1.13657,62
2019.01.23,09:31,1.13658,1.1366,1.13654,1.13655,54
2019.01.23,09:32,1.13654,1.13669,1.13654,1.13668,52
2019.01.23,09:33,1.13668,1.13684,1.13666,1.1368,79
2019.01.23,09:34,1.1368,1.13683,1.13677,1.13683,37
2019.01.23,09:35,1.13683,1.13694,1.1368,1.13688,58
2019.01.23,09:36,1.13688,1.13688,1.13678,1.13678,45
2019.01.23,09:37,1.13674,1.13674,1.13663,1.13667,84
2019.01.23,09:38,1.13668,1.13674,1.13667,1.1367,75
2019.01.23,09:39,1.13669,1.13684,1.13666,1.13683,76
2019.01.23,09:40,1.13683,1.13684,1.13677,1.13678,48
2019.01.23,09:41,1.13677,1.13677,1.13663,1.13665,35
2019.01.23,09:42,1.13663,1.13664,1.13651,1.13653,56
2019.01.23,09:43,1.13653,1.13674,1.13653,1.13673,72
2019.01.23,09:44,1.13673,1.13678,1.13672,1.13672,69
2019.01.23,09:45,1.13672,1.13672,1.13657,1.13658,71
2019.01.23,09:46,1.13657,1.13666,1.13653,1.13663,63
2019.01.23,09:47,1.13662,1.13663,1.13648,1.13654,75
2019.01.23,09:48,1.13653,1.13653,1.13644,1.13647,60
2019.01.23,09:49,1.13649,1.13651,1.13641,1.13651,56
2019.01.23,09:50,1.1365,1.1365,1.13643,1.13643,74
2019.01.23,09:51,1.13643,1.13643,1.13641,1.13641,34
2019.01.23,09:52,1.13641,1.13642,1.1363,1.13635,63
2019.01.23,09:53,1.13636,1.13658,1.13633,1.13658,67
2019.01.23,09:54,1.13658,1.13666,1.13651,1.13663,70
2019.01.23,09:55,1.13662,1.13662,1.13642,1.13646,68
2019.01.23,09:56,1.13648,1.13654,1.13642,1.13642,51
2019.01.23,09:57,1.13644,1.13653,1.13642,1.13647,67
2019.01.23,09:58,1.13646,1.13646,1.13631,1.13633,68
2019.01.23,09:59,1.13634,1.13661,1.13631,1.13652,134
2019.01.23,10:00,1.13653,1.13654,1.13604,1.13607,161
2019.01.23,10:01,1.1361,1.13611,1.13592,1.13592,111
2019.01.23,10:02,1.13592,1.13593,1.13577,1.13587,116
2019.01.23,10:03,1.13587,1.13598,1.13585,1.13589,114
2019.01.23,10:04,1.13589,1.13599,1.13583,1.13594,84
2019.01.23,10:05,1.13593,1.13598,1.13579,1.13593,131
2019.01.23,10:06,1.13594,1.13594,1.13575,1.13579,94
2019.01.23,10:07,1.13579,1.13587,1.13577,1.13584,63
2019.01.23,10:08,1.13584,1.13587,1.13571,1.13571,70
2019.01.23,10:09,1.13572,1.13575,1.13544,1.13557,129
2019.01.23,10:10,1.13556,1.13571,1.13555,1.13567,122
2019.01.23,10:11,1.13567,1.13568,1.13562,1.13567,60
2019.01.23,10:12,1.13568,1.1357,1.13554,1.13565,126
2019.01.23,10:13,1.13564,1.13566,1.13556,1.13556,104
2019.01.23,10:14,1.13555,1.13559,1.13547,1.13557,54
2019.01.23,10:15,1.13557,1.13577,1.13552,1.13567,134
2019.01.23,10:16,1.13568,1.1358,1.13567,1.13567,80
2019.01.23,10:17,1.13568,1.13571,1.13537,1.13552,99
2019.01.23,10:18,1.13552,1.13584,1.13552,1.13577,125
2019.01.23,10:19,1.13576,1.13583,1.13568,1.13569,103
2019.01.23,10:20,1.13569,1.1358,1.13569,1.13572,92
2019.01.23,10:21,1.13573,1.13578,1.13569,1.13572,63
2019.01.23,10:22,1.13571,1.1358,1.13571,1.13575,68
2019.01.23,10:23,1.13575,1.13597,1.13572,1.13592,97
2019.01.23,10:24,1.13591,1.13628,1.13588,1.13602,195
2019.01.23,10:25,1.13603,1.13621,1.13599,1.13611,130
2019.01.23,10:26,1.13608,1.13619,1.13602,1.13602,78
2019.01.23,10:27,1.136,1.13617,1.13599,1.13602,111
2019.01.23,10:28,1.13603,1.13607,1.13586,1.13586,102
2019.01.23,10:29,1.13587,1.13587,1.13576,1.13578,69
2019.01.23,10:30,1.13578,1.13582,1.13567,1.13575,97
2019.01.23,10:31,1.13576,1.1358,1.13565,1.13572,108
2019.01.23,10:32,1.13571,1.13595,1.13571,1.13591,88
2019.01.23,10:33,1.13593,1.13599,1.13587,1.13591,75
2019.01.23,10:34,1.1359,1.13594,1.13578,1.13582,65
2019.01.23,10:35,1.1358,1.13601,1.13574,1.136,106
2019.01.23,10:36,1.13601,1.13604,1.13591,1.13594,116
2019.01.23,10:37,1.13595,1.13607,1.13591,1.13601,85
2019.01.23,10:38,1.136,1.13639,1.13599,1.13638,154
2019.01.23,10:39,1.13637,1.13638,1.13624,1.13626,97
2019.01.23,10:40,1.13626,1.13635,1.13626,1.13627,103
2019.01.23,10:41,1.13625,1.13627,1.13598,1.13605,83
2019.01.23,10:42,1.13603,1.13617,1.13603,1.13612,55
2019.01.23,10:43,1.13613,1.13624,1.13612,1.13617,44
2019.01.23,10:44,1.13617,1.13628,1.13617,1.13627,75
2019.01.23,10:45,1.13627,1.1363,1.13625,1.13627,47
2019.01.23,10:46,1.13628,1.13636,1.13627,1.1363,69
2019.01.23,10:47,1.13629,1.1363,1.13611,1.13624,111
2019.01.23,10:48,1.13624,1.13624,1.13606,1.13616,82
2019.01.23,10:49,1.13616,1.13623,1.13612,1.13622,62
2019.01.23,10:50,1.13622,1.13622,1.1361,1.13613,78
2019.01.23,10:51,1.13614,1.13621,1.13614,1.13617,47
2019.01.23,10:52,1.13617,1.13627,1.13616,1.13618,61
2019.01.23,10:53,1.13618,1.13618,1.13608,1.13612,81
2019.01.23,10:54,1.13614,1.13616,1.13612,1.13614,32
2019.01.23,10:55,1.13614,1.13617,1.13609,1.13612,53
2019.01.23,10:56,1.13612,1.13616,1.13609,1.1361,65
2019.01.23,10:57,1.1361,1.13631,1.13602,1.13624,102
2019.01.23,10:58,1.13624,1.13626,1.13612,1.13615,80
2019.01.23,10:59,1.13614,1.13627,1.13612,1.13622,71
2019.01.23,11:00,1.13623,1.13633,1.13618,1.13633,110
2019.01.23,11:01,1.13632,1.13646,1.13632,1.1364,56
2019.01.23,11:02,1.13636,1.13638,1.1362,1.13623,71
2019.01.23,11:03,1.13622,1.13641,1.13617,1.13632,49
2019.01.23,11:04,1.13633,1.13635,1.13623,1.13633,68
2019.01.23,11:05,1.13632,1.13646,1.13632,1.1364,79
2019.01.23,11:06,1.1364,1.13642,1.13626,1.13629,68
2019.01.23,11:07,1.13626,1.13634,1.1362,1.13631,78
2019.01.23,11:08,1.13632,1.13643,1.13622,1.13622,72
2019.01.23,11:09,1.13622,1.13624,1.13611,1.13611,75
2019.01.23,11:10,1.13611,1.13612,1.136,1.13604,92
2019.01.23,11:11,1.13604,1.13608,1.13602,1.13603,39
2019.01.23,11:12,1.13604,1.13626,1.13601,1.13624,87
2019.01.23,11:13,1.13623,1.13628,1.13621,1.13621,69
2019.01.23,11:14,1.13621,1.13629,1.13616,1.13616,68
2019.01.23,11:15,1.13618,1.13629,1.13614,1.13627,83
2019.01.23,11:16,1.13627,1.13627,1.13615,1.13616,58
2019.01.23,11:17,1.13616,1.13625,1.13614,1.13624,70
2019.01.23,11:18,1.13622,1.13629,1.13622,1.13624,76
2019.01.23,11:19,1.13624,1.13626,1.1361,1.13612,109
2019.01.23,11:20,1.13612,1.13616,1.13606,1.13606,87
2019.01.23,11:21,1.13608,1.13608,1.13595,1.13602,71
2019.01.23,11:22,1.13602,1.13615,1.13602,1.1361,54
2019.01.23,11:23,1.13612,1.13618,1.13608,1.13612,57
2019.01.23,11:24,1.13611,1.13616,1.13607,1.1361,52
2019.01.23,11:25,1.1361,1.13621,1.1361,1.13617,59
2019.01.23,11:26,1.13618,1.13635,1.13616,1.13633,53
2019.01.23,11:27,1.13633,1.13643,1.13629,1.1363,77
2019.01.23,11:28,1.13631,1.13633,1.13617,1.13617,61
2019.01.23,11:29,1.13618,1.13627,1.13616,1.13616,66
2019.01.23,11:30,1.13617,1.13623,1.13597,1.13607,91
2019.01.23,11:31,1.13607,1.13607,1.13581,1.13586,87
2019.01.23,11:32,1.13586,1.13607,1.13586,1.13599,97
2019.01.23,11:33,1.13601,1.13604,1.13585,1.13585,81
2019.01.23,11:34,1.13584,1.13587,1.13573,1.13574,110
2019.01.23,11:35,1.13574,1.13579,1.13573,1.13578,89
2019.01.23,11:36,1.13576,1.13588,1.13572,1.13587,104
2019.01.23,11:37,1.13586,1.13596,1.13583,1.13594,65
2019.01.23,11:38,1.13594,1.13601,1.13592,1.13595,93
2019.01.23,11:39,1.13594,1.13608,1.13594,1.13607,88
2019.01.23,11:40,1.13606,1.13619,1.13605,1.13617,53
2019.01.23,11:41,1.13617,1.13617,1.13608,1.13608,66
2019.01.23,11:42,1.13609,1.13619,1.13608,1.13613,48
2019.01.23,11:43,1.13614,1.1362,1.13609,1.13612,49
2019.01.23,11:44,1.13612,1.13616,1.13608,1.13614,26
2019.01.23,11:45,1.13615,1.13616,1.13602,1.13603,81
2019.01.23,11:46,1.13604,1.13607,1.13602,1.13606,52
2019.01.23,11:47,1.13606,1.1361,1.13596,1.13604,66
2019.01.23,11:48,1.13606,1.13623,1.13596,1.13598,115
2019.01.23,11:49,1.13602,1.13602,1.1358,1.1358,113
2019.01.23,11:50,1.13581,1.13586,1.13546,1.1355,142
2019.01.23,11:51,1.1355,1.13559,1.13539,1.13539,117
2019.01.23,11:52,1.1354,1.13558,1.13534,1.13557,99
2019.01.23,11:53,1.13558,1.13558,1.13547,1.13551,72
2019.01.23,11:54,1.13551,1.1357,1.13551,1.13566,77
2019.01.23,11:55,1.13568,1.13568,1.13557,1.13557,82
2019.01.23,11:56,1.13558,1.13569,1.13557,1.13569,65
2019.01.23,11:57,1.13569,1.13572,1.13561,1.13564,78
2019.01.23,11:58,1.13565,1.13569,1.13564,1.13564,43
2019.01.23,11:59,1.13564,1.1357,1.13557,1.13559,55
2019.01.23,12:00,1.13557,1.13557,1.1354,1.13552,88
2019.01.23,12:01,1.13553,1.13561,1.13546,1.13556,105
2019.01.23,12:02,1.13557,1.13563,1.13552,1.13558,91
2019.01.23,12:03,1.13557,1.13557,1.1354,1.13548,134
2019.01.23,12:04,1.13547,1.13552,1.13543,1.13548,63
2019.01.23,12:05,1.13548,1.13561,1.13547,1.13553,80
2019.01.23,12:06,1.13553,1.13554,1.13544,1.13548,69
2019.01.23,12:07,1.13549,1.13554,1.13548,1.13548,56
2019.01.23,12:08,1.13548,1.13557,1.13546,1.13548,77
2019.01.23,12:09,1.13549,1.13549,1.13539,1.13543,44
2019.01.23,12:10,1.13542,1.13544,1.13532,1.13538,55
2019.01.23,12:11,1.13538,1.13539,1.13529,1.13538,88
2019.01.23,12:12,1.13539,1.13547,1.13534,1.13534,58
2019.01.23,12:13,1.13533,1.13534,1.1351,1.13521,67
2019.01.23,12:14,1.13521,1.13534,1.13518,1.13534,50
2019.01.23,12:15,1.13534,1.13543,1.13528,1.13539,73
2019.01.23,12:16,1.13538,1.13539,1.13527,1.13528,62
2019.01.23,12:17,1.13528,1.13529,1.13522,1.13522,34
2019.01.23,12:18,1.13522,1.13529,1.13519,1.13528,50
2019.01.23,12:19,1.13528,1.13528,1.13522,1.13524,36
2019.01.23,12:20,1.13524,1.13532,1.13519,1.13531,82
2019.01.23,12:21,1.13531,1.13533,1.13522,1.13522,65
2019.01.23,12:22,1.13523,1.13525,1.13518,1.13521,41
2019.01.23,12:23,1.1352,1.13526,1.13519,1.13525,47
2019.01.23,12:24,1.13526,1.13534,1.13511,1.13531,85
2019.01.23,12:25,1.1353,1.13559,1.1353,1.13556,92
2019.01.23,12:26,1.13557,1.13557,1.13539,1.13545,69
2019.01.23,12:27,1.13545,1.13549,1.13541,1.13544,58
2019.01.23,12:28,1.13544,1.13549,1.13543,1.13545,44
2019.01.23,12:29,1.13545,1.13546,1.13524,1.13528,60
2019.01.23,12:30,1.13527,1.13534,1.13524,1.13529,82
2019.01.23,12:31,1.13531,1.13548,1.13531,1.13546,52
2019.01.23,12:32,1.13544,1.13549,1.13533,1.13537,61
2019.01.23,12:33,1.13535,1.13535,1.13526,1.13535,54
2019.01.23,12:34,1.13535,1.13539,1.13529,1.13535,68
2019.01.23,12:35,1.13535,1.1354,1.13534,1.1354,57
2019.01.23,12:36,1.13541,1.13548,1.13533,1.13534,76
2019.01.23,12:37,1.13531,1.1354,1.13529,1.1354,45
2019.01.23,12:38,1.1354,1.13548,1.13537,1.13538,65
2019.01.23,12:39,1.13538,1.13554,1.13538,1.13554,49
2019.01.23,12:40,1.13554,1.13568,1.13553,1.13559,61
2019.01.23,12:41,1.13561,1.13562,1.13552,1.13556,37
2019.01.23,12:42,1.13557,1.13557,1.1355,1.13554,48
2019.01.23,12:43,1.13555,1.13558,1.13548,1.13548,50
2019.01.23,12:44,1.13547,1.13552,1.13547,1.13549,41
2019.01.23,12:45,1.1355,1.13562,1.13547,1.13559,79
2019.01.23,12:46,1.1356,1.13569,1.13558,1.13568,76
2019.01.23,12:47,1.13568,1.13584,1.13566,1.13583,100
2019.01.23,12:48,1.13584,1.1359,1.13583,1.13584,91
2019.01.23,12:49,1.13584,1.13589,1.13581,1.13584,67
2019.01.23,12:50,1.13584,1.13584,1.13575,1.13583,95
2019.01.23,12:51,1.13583,1.13583,1.13574,1.13577,63
2019.01.23,12:52,1.13575,1.13594,1.13574,1.13592,106
2019.01.23,12:53,1.13591,1.13591,1.13582,1.13587,44
2019.01.23,12:54,1.13588,1.13593,1.13577,1.13588,97
2019.01.23,12:55,1.1359,1.1359,1.13582,1.13583,62
2019.01.23,12:56,1.13583,1.13591,1.13578,1.13587,99
2019.01.23,12:57,1.13585,1.13585,1.13573,1.13577,58
2019.01.23,12:58,1.13578,1.13583,1.1357,1.1357,57
2019.01.23,12:59,1.13569,1.13579,1.13558,1.13579,51
2019.01.23,13:00,1.13579,1.13583,1.13575,1.13581,71
2019.01.23,13:01,1.13579,1.13588,1.13578,1.13579,51
2019.01.23,13:02,1.13578,1.13588,1.13578,1.13587,68
2019.01.23,13:03,1.13589,1.13593,1.13588,1.13592,62
2019.01.23,13:04,1.13592,1.13593,1.13585,1.13586,62
2019.01.23,13:05,1.13586,1.13598,1.13584,1.13597,46
2019.01.23,13:06,1.13597,1.13608,1.13593,1.13606,94
2019.01.23,13:07,1.13607,1.13638,1.13604,1.13633,125
2019.01.23,13:08,1.13634,1.13644,1.13632,1.13633,142
2019.01.23,13:09,1.13632,1.13633,1.13627,1.13633,56
2019.01.23,13:10,1.13629,1.13642,1.13629,1.13635,61
2019.01.23,13:11,1.13635,1.13638,1.13629,1.13635,58
2019.01.23,13:12,1.13635,1.13646,1.13634,1.13636,68
2019.01.23,13:13,1.13636,1.13638,1.1362,1.13628,79
2019.01.23,13:14,1.13629,1.13632,1.13617,1.13622,80
2019.01.23,13:15,1.13623,1.13628,1.13614,1.13627,94
2019.01.23,13:16,1.13626,1.13629,1.13619,1.13625,67
2019.01.23,13:17,1.13626,1.13629,1.13622,1.13628,74
2019.01.23,13:18,1.13627,1.13632,1.13623,1.13628,49
2019.01.23,13:19,1.13629,1.13629,1.1362,1.13626,72
2019.01.23,13:20,1.13624,1.13627,1.13619,1.13626,65
2019.01.23,13:21,1.13626,1.13633,1.13624,1.13633,86
2019.01.23,13:22,1.13633,1.1365,1.13633,1.13645,88
2019.01.23,13:23,1.13645,1.13649,1.13638,1.13648,69
2019.01.23,13:24,1.13647,1.13655,1.13646,1.13653,88
2019.01.23,13:25,1.13652,1.13666,1.13651,1.13655,120
2019.01.23,13:26,1.13656,1.13663,1.13653,1.13661,66
2019.01.23,13:27,1.13659,1.13661,1.13638,1.13644,96
2019.01.23,13:28,1.13644,1.13653,1.13643,1.13651,60
2019.01.23,13:29,1.13653,1.1366,1.13642,1.13659,84
2019.01.23,13:30,1.1366,1.13662,1.13657,1.1366,70
2019.01.23,13:31,1.1366,1.1366,1.13636,1.13637,55
2019.01.23,13:32,1.13633,1.13635,1.13622,1.13623,69
2019.01.23,13:33,1.13623,1.13626,1.13612,1.13616,56
2019.01.23,13:34,1.13616,1.1362,1.13613,1.13616,49
2019.01.23,13:35,1.13616,1.13621,1.13613,1.13615,50
2019.01.23,13:36,1.13616,1.13621,1.13615,1.13621,21
2019.01.23,13:37,1.1362,1.13621,1.13607,1.13607,35
2019.01.23,13:38,1.13608,1.1363,1.13605,1.13625,63
2019.01.23,13:39,1.13624,1.13628,1.13617,1.13626,57
2019.01.23,13:40,1.13626,1.13634,1.13626,1.1363,66
2019.01.23,13:41,1.1363,1.13638,1.1362,1.13625,82
2019.01.23,13:42,1.13626,1.13633,1.13616,1.1363,67
2019.01.23,13:43,1.1363,1.1363,1.13622,1.13627,67
2019.01.23,13:44,1.1363,1.13633,1.13619,1.13626,83
2019.01.23,13:45,1.13625,1.13641,1.13624,1.1364,65
2019.01.23,13:46,1.13641,1.13642,1.13636,1.13638,53
2019.01.23,13:47,1.13639,1.13643,1.13636,1.13642,53
2019.01.23,13:48,1.13643,1.13654,1.1364,1.1364,52
2019.01.23,13:49,1.1364,1.13664,1.1364,1.13659,85
2019.01.23,13:50,1.13658,1.13676,1.13656,1.13671,121
2019.01.23,13:51,1.13669,1.13671,1.13654,1.13666,74
2019.01.23,13:52,1.13665,1.13666,1.13646,1.13648,76
2019.01.23,13:53,1.13648,1.13649,1.13637,1.13639,39
2019.01.23,13:54,1.13638,1.13638,1.1362,1.13637,97
2019.01.23,13:55,1.13638,1.13638,1.13625,1.13626,83
2019.01.23,13:56,1.13627,1.13638,1.13627,1.13636,114
2019.01.23,13:57,1.13636,1.1364,1.13631,1.13636,61
2019.01.23,13:58,1.13636,1.13638,1.13631,1.13638,57
2019.01.23,13:59,1.13638,1.13653,1.13636,1.13652,71
2019.01.23,14:00,1.13651,1.13655,1.13641,1.13651,106
2019.01.23,14:01,1.13653,1.13653,1.13631,1.13633,61
2019.01.23,14:02,1.13634,1.13635,1.1362,1.13623,77
2019.01.23,14:03,1.13622,1.13627,1.13619,1.13626,76
2019.01.23,14:04,1.13625,1.13639,1.13622,1.13637,50
2019.01.23,14:05,1.13636,1.13641,1.13632,1.13637,61
2019.01.23,14:06,1.13637,1.13638,1.13632,1.13632,48
2019.01.23,14:07,1.13633,1.13641,1.13632,1.13637,51
2019.01.23,14:08,1.13636,1.13636,1.13631,1.13633,61
2019.01.23,14:09,1.13633,1.13633,1.13618,1.13625,96
2019.01.23,14:10,1.13625,1.13629,1.13619,1.13619,97
2019.01.23,14:11,1.13619,1.13639,1.13618,1.13638,69
2019.01.23,14:12,1.13637,1.13648,1.13637,1.13641,43
2019.01.23,14:13,1.13642,1.13642,1.13624,1.13635,77
2019.01.23,14:14,1.13636,1.13638,1.1363,1.13631,48
2019.01.23,14:15,1.13631,1.13634,1.13624,1.13628,82
2019.01.23,14:16,1.1363,1.13632,1.13624,1.13632,53
2019.01.23,14:17,1.13631,1.13643,1.13631,1.13639,78
2019.01.23,14:18,1.1364,1.13642,1.13638,1.13641,20
2019.01.23,14:19,1.13642,1.13649,1.13639,1.13643,47
2019.01.23,14:20,1.13644,1.13657,1.13644,1.1365,84
2019.01.23,14:21,1.13649,1.13658,1.13649,1.13656,32
2019.01.23,14:22,1.13655,1.13659,1.13652,1.13652,37
2019.01.23,14:23,1.13654,1.13673,1.13654,1.13667,68
2019.01.23,14:24,1.13668,1.13672,1.1366,1.13664,59
2019.01.23,14:25,1.13666,1.13685,1.13665,1.13669,91
2019.01.23,14:26,1.13668,1.13672,1.13667,1.1367,54
2019.01.23,14:27,1.1367,1.13681,1.13664,1.13678,82
2019.01.23,14:28,1.13678,1.13696,1.13678,1.13696,67
2019.01.23,14:29,1.13696,1.13697,1.13689,1.1369,53
2019.01.23,14:30,1.1369,1.13691,1.13671,1.13671,54
2019.01.23,14:31,1.13672,1.13682,1.13672,1.1368,73
2019.01.23,14:32,1.1368,1.13692,1.13679,1.13691,45
2019.01.23,14:33,1.13691,1.13691,1.1368,1.13681,44
2019.01.23,14:34,1.13683,1.13688,1.13679,1.1368,53
2019.01.23,14:35,1.13678,1.13678,1.13666,1.13671,55
2019.01.23,14:36,1.13675,1.13677,1.13661,1.13665,34
2019.01.23,14:37,1.13667,1.13675,1.13664,1.13675,59
2019.01.23,14:38,1.13675,1.13681,1.1367,1.13681,34
2019.01.23,14:39,1.13681,1.13682,1.13677,1.13678,41
2019.01.23,14:40,1.13679,1.13686,1.13674,1.13685,45
2019.01.23,14:41,1.13686,1.13693,1.13684,1.13687,63
2019.01.23,14:42,1.13687,1.13687,1.13679,1.1368,67
2019.01.23,14:43,1.1368,1.13686,1.1367,1.13671,57
2019.01.23,14:44,1.1367,1.13678,1.1367,1.13674,56
2019.01.23,14:45,1.13674,1.13677,1.13672,1.13675,45
2019.01.23,14:46,1.13676,1.13687,1.13676,1.13685,53
2019.01.23,14:47,1.13685,1.13689,1.13676,1.13688,54
2019.01.23,14:48,1.13686,1.13687,1.13679,1.13687,27
2019.01.23,14:49,1.13686,1.13686,1.1368,1.13682,31
2019.01.23,14:50,1.13681,1.13683,1.13673,1.13674,51
2019.01.23,14:51,1.13675,1.13678,1.13674,1.13677,17
2019.01.23,14:52,1.13677,1.13686,1.13677,1.13685,22
2019.01.23,14:53,1.13686,1.13689,1.13684,1.13686,31
2019.01.23,14:54,1.13685,1.1369,1.13685,1.13688,23
2019.01.23,14:55,1.13688,1.13689,1.13682,1.13684,60
2019.01.23,14:56,1.13686,1.13686,1.13671,1.13672,69
2019.01.23,14:57,1.13672,1.13673,1.13653,1.1366,91
2019.01.23,14:58,1.1366,1.13677,1.13658,1.13675,85
2019.01.23,14:59,1.13675,1.13676,1.13657,1.13661,77
2019.01.23,15:00,1.13663,1.13678,1.13661,1.13668,112
2019.01.23,15:01,1.13667,1.13684,1.13664,1.13682,73
2019.01.23,15:02,1.13681,1.13681,1.13674,1.13677,23
2019.01.23,15:03,1.13675,1.13681,1.1367,1.13681,55
2019.01.23,15:04,1.13682,1.13687,1.13656,1.13657,107
2019.01.23,15:05,1.13656,1.13679,1.13656,1.13673,80
2019.01.23,15:06,1.13673,1.13676,1.13668,1.13668,64
2019.01.23,15:07,1.13668,1.13682,1.13665,1.13679,63
2019.01.23,15:08,1.1368,1.13683,1.13678,1.1368,47
2019.01.23,15:09,1.13681,1.13688,1.13681,1.13687,42
2019.01.23,15:10,1.13687,1.13694,1.13684,1.13692,57
2019.01.23,15:11,1.13693,1.137,1.1369,1.1369,52
2019.01.23,15:12,1.1369,1.13692,1.13684,1.13691,77
2019.01.23,15:13,1.13691,1.13692,1.13679,1.13683,72
2019.01.23,15:14,1.13683,1.13688,1.1366,1.13672,105
2019.01.23,15:15,1.13672,1.13673,1.13656,1.1366,139
2019.01.23,15:16,1.1366,1.13663,1.13652,1.1366,92
2019.01.23,15:17,1.1366,1.1366,1.13645,1.13647,112
2019.01.23,15:18,1.13646,1.13649,1.13636,1.13644,99
2019.01.23,15:19,1.13647,1.13648,1.13638,1.13642,111
2019.01.23,15:20,1.13641,1.13647,1.1364,1.13647,129
2019.01.23,15:21,1.13646,1.13659,1.1364,1.13659,82
2019.01.23,15:22,1.13659,1.13676,1.13655,1.13659,80
2019.01.23,15:23,1.1366,1.13662,1.13654,1.13656,94
2019.01.23,15:24,1.13657,1.13672,1.13657,1.1367,120
2019.01.23,15:25,1.13669,1.13674,1.13669,1.13671,47
2019.01.23,15:26,1.1367,1.13671,1.13661,1.13664,73
2019.01.23,15:27,1.13663,1.13666,1.13661,1.13664,35
2019.01.23,15:28,1.13665,1.13665,1.13653,1.13658,50
2019.01.23,15:29,1.13658,1.1366,1.1365,1.13653,74
2019.01.23,15:30,1.13651,1.13653,1.13637,1.13644,90
2019.01.23,15:31,1.13644,1.13646,1.13636,1.13643,75
2019.01.23,15:32,1.13644,1.13644,1.13631,1.13636,83
2019.01.23,15:33,1.13638,1.13641,1.13631,1.1364,110
2019.01.23,15:34,1.13638,1.13639,1.13601,1.13604,123
2019.01.23,15:35,1.13603,1.13603,1.13565,1.13565,218
2019.01.23,15:36,1.13565,1.13574,1.1355,1.13574,219
2019.01.23,15:37,1.13574,1.13592,1.13573,1.13576,104
2019.01.23,15:38,1.13576,1.13586,1.1355,1.13562,147
2019.01.23,15:39,1.13562,1.13571,1.13533,1.13539,227
2019.01.23,15:40,1.13538,1.13547,1.13508,1.13533,226
2019.01.23,15:41,1.13534,1.13535,1.13517,1.13534,188
2019.01.23,15:42,1.13533,1.1356,1.13533,1.13556,158
2019.01.23,15:43,1.13556,1.13571,1.13554,1.13569,97
2019.01.23,15:44,1.13571,1.13587,1.13568,1.13578,152
2019.01.23,15:45,1.13576,1.13585,1.13561,1.13582,132
2019.01.23,15:46,1.13581,1.13584,1.13571,1.13579,121
2019.01.23,15:47,1.1358,1.13603,1.13577,1.13581,167
2019.01.23,15:48,1.1358,1.1359,1.13564,1.13564,168
2019.01.23,15:49,1.13564,1.13571,1.1355,1.13552,137
2019.01.23,15:50,1.13552,1.13554,1.13533,1.13537,163
2019.01.23,15:51,1.13536,1.1354,1.13522,1.1353,146
2019.01.23,15:52,1.1353,1.13536,1.13525,1.13534,121
2019.01.23,15:53,1.13534,1.1354,1.13527,1.13527,89
2019.01.23,15:54,1.13527,1.13548,1.13525,1.13537,115
2019.01.23,15:55,1.13535,1.13557,1.1353,1.13556,128
2019.01.23,15:56,1.13555,1.13585,1.13552,1.13581,153
2019.01.23,15:57,1.13581,1.13581,1.13558,1.1356,116
2019.01.23,15:58,1.1356,1.13569,1.13556,1.13559,100
2019.01.23,15:59,1.1356,1.13574,1.13543,1.13545,117
2019.01.23,16:00,1.13545,1.13551,1.13529,1.13541,117
2019.01.23,16:01,1.1354,1.13551,1.13539,1.13541,66
2019.01.23,16:02,1.13542,1.13551,1.13539,1.1355,64
2019.01.23,16:03,1.1355,1.13584,1.13548,1.13579,108
2019.01.23,16:04,1.13579,1.13582,1.13569,1.13582,88
2019.01.23,16:05,1.13582,1.13602,1.13579,1.13584,106
2019.01.23,16:06,1.13584,1.13622,1.13584,1.13592,126
2019.01.23,16:07,1.13589,1.13596,1.13586,1.13591,99
2019.01.23,16:08,1.13592,1.13592,1.13558,1.13559,142
2019.01.23,16:09,1.1356,1.1356,1.13544,1.13545,131
2019.01.23,16:10,1.13545,1.13548,1.13531,1.13545,136
2019.01.23,16:11,1.13545,1.13557,1.13535,1.13548,127
2019.01.23,16:12,1.13548,1.13548,1.13522,1.13527,151
2019.01.23,16:13,1.13527,1.13548,1.13517,1.13545,109
2019.01.23,16:14,1.13546,1.13557,1.13535,1.13547,107
2019.01.23,16:15,1.13546,1.13567,1.13545,1.13554,106
2019.01.23,16:16,1.13553,1.13553,1.13534,1.13548,167
2019.01.23,16:17,1.13548,1.13564,1.13546,1.13563,104
2019.01.23,16:18,1.13563,1.13593,1.13561,1.13586,156
2019.01.23,16:19,1.13587,1.13588,1.13567,1.13568,122
2019.01.23,16:20,1.13564,1.13584,1.13562,1.13577,146
2019.01.23,16:21,1.13578,1.13578,1.13563,1.1357,108
2019.01.23,16:22,1.13571,1.13594,1.13571,1.13591,87
2019.01.23,16:23,1.13593,1.13607,1.13591,1.13596,136
2019.01.23,16:24,1.13595,1.13602,1.13578,1.136,181
2019.01.23,16:25,1.13601,1.13603,1.13586,1.136,116
2019.01.23,16:26,1.13601,1.13601,1.13589,1.13597,100
2019.01.23,16:27,1.13598,1.13603,1.1359,1.13598,79
2019.01.23,16:28,1.13598,1.13599,1.13591,1.13595,71
2019.01.23,16:29,1.13596,1.13596,1.13579,1.13587,86
2019.01.23,16:30,1.1359,1.13591,1.1357,1.13584,142
2019.01.23,16:31,1.13583,1.13594,1.13552,1.13553,152
2019.01.23,16:32,1.13554,1.13571,1.13551,1.13562,86
2019.01.23,16:33,1.13564,1.13569,1.13557,1.13567,79
2019.01.23,16:34,1.13568,1.13571,1.13562,1.13566,93
2019.01.23,16:35,1.13568,1.13577,1.13565,1.13572,110
2019.01.23,16:36,1.13573,1.13592,1.13573,1.13591,147
2019.01.23,16:37,1.13592,1.13594,1.13583,1.13583,80
2019.01.23,16:38,1.13583,1.13596,1.1357,1.13595,92
2019.01.23,16:39,1.13594,1.13611,1.13593,1.13608,117
2019.01.23,16:40,1.13608,1.1361,1.13594,1.13594,120
2019.01.23,16:41,1.13594,1.136,1.13581,1.13584,95
2019.01.23,16:42,1.13583,1.13588,1.13582,1.13588,91
2019.01.23,16:43,1.13589,1.13602,1.13589,1.13601,110
2019.01.23,16:44,1.13601,1.13631,1.13601,1.13624,141
2019.01.23,16:45,1.13623,1.13644,1.13623,1.13641,137
2019.01.23,16:46,1.13641,1.13653,1.13638,1.13645,110
2019.01.23,16:47,1.13646,1.13653,1.13637,1.13641,130
2019.01.23,16:48,1.1364,1.13642,1.1363,1.13634,118
2019.01.23,16:49,1.13631,1.13632,1.13611,1.13623,90
2019.01.23,16:50,1.13622,1.13633,1.13616,1.13625,97
2019.01.23,16:51,1.13624,1.13625,1.13604,1.1361,122
2019.01.23,16:52,1.13609,1.13616,1.13605,1.13613,86
2019.01.23,16:53,1.13613,1.13638,1.1361,1.13633,137
2019.01.23,16:54,1.13633,1.13638,1.13619,1.13619,103
2019.01.23,16:55,1.13618,1.13629,1.13612,1.13629,101
2019.01.23,16:56,1.1363,1.13653,1.13628,1.13648,101
2019.01.23,16:57,1.13649,1.13668,1.13646,1.13668,90
2019.01.23,16:58,1.13669,1.13673,1.13662,1.13667,105
2019.01.23,16:59,1.13667,1.13667,1.13628,1.13628,114
2019.01.23,17:00,1.1363,1.13661,1.1363,1.13655,113
2019.01.23,17:01,1.13658,1.13671,1.13654,1.13666,122
2019.01.23,17:02,1.13669,1.13696,1.13667,1.13672,182
2019.01.23,17:03,1.1367,1.13692,1.1367,1.13682,127
2019.01.23,17:04,1.13684,1.13684,1.13646,1.13656,116
2019.01.23,17:05,1.13655,1.13696,1.13655,1.13687,129
2019.01.23,17:06,1.13687,1.13687,1.13665,1.13666,144
2019.01.23,17:07,1.13664,1.13683,1.13659,1.13683,83
2019.01.23,17:08,1.13682,1.13693,1.1368,1.13689,105
2019.01.23,17:09,1.13688,1.13707,1.13686,1.13704,98
2019.01.23,17:10,1.13703,1.13704,1.13694,1.13698,123
2019.01.23,17:11,1.13699,1.13705,1.13691,1.13698,81
2019.01.23,17:12,1.13698,1.137,1.13683,1.13683,50
2019.01.23,17:13,1.13683,1.13687,1.13673,1.13673,64
2019.01.23,17:14,1.13673,1.13681,1.13662,1.13664,78
2019.01.23,17:15,1.13663,1.13666,1.13649,1.13654,99
2019.01.23,17:16,1.13654,1.13654,1.13648,1.13648,43
2019.01.23,17:17,1.13648,1.13664,1.13648,1.13656,88
2019.01.23,17:18,1.13656,1.13656,1.13642,1.13646,97
2019.01.23,17:19,1.13646,1.13666,1.13639,1.13642,101
2019.01.23,17:20,1.1364,1.13648,1.13639,1.13646,101
2019.01.23,17:21,1.13647,1.13656,1.13639,1.13646,65
2019.01.23,17:22,1.13646,1.13648,1.13639,1.13643,66
2019.01.23,17:23,1.13642,1.13656,1.13633,1.13644,111
2019.01.23,17:24,1.13645,1.13647,1.1363,1.13641,116
2019.01.23,17:25,1.1364,1.13644,1.13633,1.13642,87
2019.01.23,17:26,1.1364,1.13661,1.1364,1.13647,126
2019.01.23,17:27,1.13648,1.13654,1.13638,1.13651,113
2019.01.23,17:28,1.1365,1.13665,1.13642,1.13664,72
2019.01.23,17:29,1.13663,1.13664,1.13652,1.13658,79
2019.01.23,17:30,1.13659,1.13684,1.13659,1.13679,105
2019.01.23,17:31,1.13678,1.13684,1.13676,1.13678,91
2019.01.23,17:32,1.13679,1.13693,1.13678,1.13693,79
2019.01.23,17:33,1.13694,1.13706,1.13685,1.13685,122
2019.01.23,17:34,1.13687,1.13692,1.13672,1.13692,116
2019.01.23,17:35,1.13693,1.13698,1.13681,1.13697,84
2019.01.23,17:36,1.13696,1.13706,1.13692,1.13698,84
2019.01.23,17:37,1.13698,1.13814,1.13694,1.13789,218
2019.01.23,17:38,1.13789,1.13825,1.13775,1.13803,255
2019.01.23,17:39,1.1381,1.13817,1.13768,1.13797,186
2019.01.23,17:40,1.13796,1.13842,1.13787,1.13836,218
2019.01.23,17:41,1.13836,1.13856,1.13835,1.13843,165
2019.01.23,17:42,1.13843,1.13843,1.1383,1.13836,93
2019.01.23,17:43,1.13837,1.13852,1.13837,1.1385,109
2019.01.23,17:44,1.13851,1.13884,1.13851,1.13871,168
2019.01.23,17:45,1.13875,1.13875,1.13837,1.13838,179
2019.01.23,17:46,1.13837,1.13847,1.13831,1.13846,119
2019.01.23,17:47,1.13847,1.13855,1.13822,1.13832,155
2019.01.23,17:48,1.13832,1.13866,1.13832,1.1386,118
2019.01.23,17:49,1.1386,1.1386,1.1383,1.13836,122
2019.01.23,17:50,1.13837,1.13856,1.13834,1.13851,104
2019.01.23,17:51,1.13853,1.13902,1.13851,1.13894,183
2019.01.23,17:52,1.13895,1.13898,1.13877,1.1388,134
2019.01.23,17:53,1.13879,1.13885,1.13849,1.13851,136
2019.01.23,17:54,1.1385,1.13854,1.13831,1.13834,138
2019.01.23,17:55,1.13836,1.13845,1.13825,1.13826,120
2019.01.23,17:56,1.13828,1.13839,1.13822,1.13833,130
2019.01.23,17:57,1.13834,1.13835,1.13801,1.13801,218
2019.01.23,17:58,1.13801,1.13801,1.13763,1.13768,217
2019.01.23,17:59,1.13768,1.13795,1.13767,1.13793,195
2019.01.23,18:00,1.13793,1.138,1.1379,1.13796,176
2019.01.23,18:01,1.13795,1.13797,1.13776,1.13777,146
2019.01.23,18:02,1.13778,1.1381,1.13778,1.1381,181
2019.01.23,18:03,1.13809,1.13815,1.13807,1.13807,101
2019.01.23,18:04,1.13808,1.13812,1.13798,1.13801,76
2019.01.23,18:05,1.13804,1.13806,1.13782,1.13782,107
2019.01.23,18:06,1.13784,1.13807,1.13784,1.13802,136
2019.01.23,18:07,1.13801,1.13813,1.13797,1.13812,88
2019.01.23,18:08,1.13812,1.13827,1.13803,1.13822,114
2019.01.23,18:09,1.13823,1.13869,1.13823,1.13863,155
2019.01.23,18:10,1.13863,1.13869,1.13848,1.13862,136
2019.01.23,18:11,1.13863,1.13871,1.13841,1.13841,125
2019.01.23,18:12,1.1384,1.13867,1.1384,1.13858,91
2019.01.23,18:13,1.13858,1.13865,1.13853,1.13859,85
2019.01.23,18:14,1.13859,1.13866,1.13852,1.13853,129
2019.01.23,18:15,1.13853,1.13876,1.13853,1.13872,94
2019.01.23,18:16,1.13874,1.13887,1.13873,1.13883,104
2019.01.23,18:17,1.13881,1.13886,1.13855,1.13855,89
2019.01.23,18:18,1.13854,1.13877,1.13854,1.13876,128
2019.01.23,18:19,1.13877,1.13903,1.13877,1.13902,142
2019.01.23,18:20,1.13902,1.13916,1.13889,1.13911,179
2019.01.23,18:21,1.13911,1.13916,1.13902,1.13907,132
2019.01.23,18:22,1.13909,1.13917,1.13907,1.1391,112
2019.01.23,18:23,1.13911,1.13917,1.13899,1.13916,122
2019.01.23,18:24,1.13915,1.13915,1.13904,1.13905,90
2019.01.23,18:25,1.13908,1.13908,1.13896,1.13896,84
2019.01.23,18:26,1.13897,1.13899,1.13882,1.13894,123
2019.01.23,18:27,1.13892,1.139,1.13882,1.13895,119
2019.01.23,18:28,1.13895,1.13898,1.13888,1.13889,76
2019.01.23,18:29,1.1389,1.13898,1.13889,1.13896,103
2019.01.23,18:30,1.13898,1.13898,1.13883,1.13893,127
2019.01.23,18:31,1.13892,1.139,1.13889,1.13895,90
2019.01.23,18:32,1.13893,1.13896,1.13882,1.13884,48
2019.01.23,18:33,1.13885,1.13895,1.13885,1.13886,39
2019.01.23,18:34,1.13889,1.139,1.13887,1.13892,56
2019.01.23,18:35,1.13891,1.13897,1.13878,1.13882,61
2019.01.23,18:36,1.13882,1.13896,1.13882,1.13895,58
2019.01.23,18:37,1.13895,1.139,1.1389,1.13893,61
2019.01.23,18:38,1.13893,1.13897,1.13881,1.13884,84
2019.01.23,18:39,1.13884,1.13886,1.13875,1.13882,85
2019.01.23,18:40,1.13884,1.13905,1.13884,1.13897,120
2019.01.23,18:41,1.13896,1.13898,1.13879,1.13881,84
2019.01.23,18:42,1.13882,1.13892,1.13877,1.13889,82
2019.01.23,18:43,1.13888,1.13921,1.13888,1.13921,100
2019.01.23,18:44,1.13918,1.13937,1.13918,1.13933,121
2019.01.23,18:45,1.13933,1.13933,1.13903,1.13912,107
2019.01.23,18:46,1.13914,1.13921,1.13907,1.13909,124
2019.01.23,18:47,1.13908,1.13915,1.13903,1.13903,95
2019.01.23,18:48,1.13902,1.13907,1.13887,1.13887,125
2019.01.23,18:49,1.13887,1.13908,1.13881,1.13882,111
2019.01.23,18:50,1.13881,1.13888,1.13867,1.13885,121
2019.01.23,18:51,1.13885,1.1389,1.13878,1.13882,58
2019.01.23,18:52,1.1388,1.13892,1.13878,1.13878,77
2019.01.23,18:53,1.13878,1.1389,1.13877,1.13881,68
2019.01.23,18:54,1.13881,1.13891,1.13878,1.13886,68
2019.01.23,18:55,1.1389,1.1391,1.13889,1.13907,89
2019.01.23,18:56,1.13906,1.13911,1.13879,1.13887,77
2019.01.23,18:57,1.13886,1.13899,1.13885,1.13888,53
2019.01.23,18:58,1.13889,1.13908,1.13885,1.13907,52
2019.01.23,18:59,1.1391,1.13912,1.13894,1.13894,90
2019.01.23,19:00,1.13895,1.13902,1.13889,1.139,96
2019.01.23,19:01,1.13899,1.1392,1.13898,1.13915,92
2019.01.23,19:02,1.13915,1.1392,1.13904,1.13915,95
2019.01.23,19:03,1.13916,1.13922,1.13912,1.13918,68
2019.01.23,19:04,1.1392,1.13937,1.13917,1.13917,101
2019.01.23,19:05,1.13917,1.13921,1.139,1.13914,79
2019.01.23,19:06,1.13916,1.13928,1.13915,1.13919,64
2019.01.23,19:07,1.13918,1.13918,1.13905,1.13915,48
2019.01.23,19:08,1.13913,1.13928,1.13913,1.13925,71
2019.01.23,19:09,1.13925,1.13926,1.13912,1.13912,80
2019.01.23,19:10,1.13914,1.13918,1.13903,1.13915,81
2019.01.23,19:11,1.13915,1.13919,1.13914,1.13916,42
2019.01.23,19:12,1.13916,1.13916,1.13901,1.13904,68
2019.01.23,19:13,1.13905,1.13907,1.13896,1.13896,55
2019.01.23,19:14,1.13896,1.13902,1.13876,1.13901,90
2019.01.23,19:15,1.13903,1.13903,1.13893,1.13898,78
2019.01.23,19:16,1.13897,1.13911,1.13896,1.13911,57
2019.01.23,19:17,1.1391,1.13911,1.1389,1.13893,61
2019.01.23,19:18,1.13893,1.13911,1.13883,1.13909,70
2019.01.23,19:19,1.13908,1.13926,1.13906,1.13922,55
2019.01.23,19:20,1.13922,1.13923,1.13917,1.13921,37
2019.01.23,19:21,1.13921,1.13925,1.13917,1.13925,53
2019.01.23,19:22,1.13924,1.13928,1.1392,1.13926,64
2019.01.23,19:23,1.13927,1.13937,1.13924,1.13924,69
2019.01.23,19:24,1.13925,1.13927,1.139,1.13909,98
2019.01.23,19:25,1.13908,1.13926,1.13907,1.13926,96
2019.01.23,19:26,1.13926,1.13926,1.13911,1.13921,88
2019.01.23,19:27,1.1392,1.1393,1.1392,1.13927,48
2019.01.23,19:28,1.13929,1.13937,1.13926,1.13933,47
2019.01.23,19:29,1.1393,1.13939,1.1393,1.13933,50
2019.01.23,19:30,1.13932,1.13938,1.13921,1.13929,57
2019.01.23,19:31,1.1393,1.13938,1.13929,1.13938,23
2019.01.23,19:32,1.13938,1.13938,1.13923,1.13931,31
2019.01.23,19:33,1.13933,1.13937,1.13932,1.13935,38
2019.01.23,19:34,1.13932,1.1394,1.13928,1.13932,76
2019.01.23,19:35,1.13933,1.13937,1.1393,1.13936,54
2019.01.23,19:36,1.13935,1.13944,1.13932,1.13936,50
2019.01.23,19:37,1.13935,1.13936,1.13931,1.13936,27
2019.01.23,19:38,1.13937,1.1394,1.13932,1.13936,53
2019.01.23,19:39,1.13936,1.13941,1.13931,1.13941,43
2019.01.23,19:40,1.1394,1.1394,1.13931,1.13934,56
2019.01.23,19:41,1.13936,1.13936,1.13915,1.1392,63
2019.01.23,19:42,1.1392,1.1392,1.13906,1.13908,46
2019.01.23,19:43,1.13907,1.13915,1.13906,1.13914,53
2019.01.23,19:44,1.13914,1.13923,1.13913,1.13923,40
2019.01.23,19:45,1.13924,1.13926,1.1392,1.13925,48
2019.01.23,19:46,1.13925,1.13927,1.13924,1.13926,35
2019.01.23,19:47,1.13926,1.13928,1.13924,1.13925,50
2019.01.23,19:48,1.13925,1.13925,1.13911,1.13911,32
2019.01.23,19:49,1.13912,1.13912,1.13904,1.13908,28
2019.01.23,19:50,1.13907,1.13915,1.13905,1.13914,35
2019.01.23,19:51,1.13915,1.13919,1.13901,1.13901,47
2019.01.23,19:52,1.13902,1.13916,1.13901,1.13915,39
2019.01.23,19:53,1.13917,1.13919,1.1391,1.1391,48
2019.01.23,19:54,1.13911,1.13916,1.1391,1.13914,38
2019.01.23,19:55,1.13915,1.13915,1.13906,1.13907,50
2019.01.23,19:56,1.13907,1.13919,1.13904,1.13918,47
2019.01.23,19:57,1.13917,1.13928,1.13916,1.13921,58
2019.01.23,19:58,1.13921,1.13926,1.13916,1.13922,51
2019.01.23,19:59,1.13921,1.13928,1.13921,1.13927,66
2019.01.23,20:00,1.13928,1.1393,1.1392,1.13923,125
2019.01.23,20:01,1.13922,1.13929,1.13921,1.13927,47
2019.01.23,20:02,1.13926,1.13933,1.13925,1.13931,57
2019.01.23,20:03,1.13933,1.13935,1.13919,1.13921,87
2019.01.23,20:04,1.1392,1.1392,1.13906,1.13907,42
2019.01.23,20:05,1.13906,1.13909,1.13895,1.13895,52
2019.01.23,20:06,1.13896,1.13901,1.13891,1.13896,73
2019.01.23,20:07,1.13897,1.13903,1.13892,1.13898,53
2019.01.23,20:08,1.13896,1.1391,1.13896,1.13906,44
2019.01.23,20:09,1.13906,1.13907,1.13885,1.13887,79
2019.01.23,20:10,1.13886,1.13892,1.13883,1.13883,77
2019.01.23,20:11,1.13885,1.13888,1.13881,1.13885,51
2019.01.23,20:12,1.13886,1.13889,1.13882,1.13887,51
2019.01.23,20:13,1.13887,1.13895,1.13887,1.13893,38
2019.01.23,20:14,1.13894,1.13903,1.13894,1.13903,42
2019.01.23,20:15,1.13903,1.13908,1.13901,1.13901,37
2019.01.23,20:16,1.13897,1.13897,1.13891,1.13894,65
2019.01.23,20:17,1.13894,1.13899,1.13887,1.13888,59
2019.01.23,20:18,1.13887,1.13889,1.13882,1.13887,48
2019.01.23,20:19,1.13886,1.13897,1.13886,1.13891,57
2019.01.23,20:20,1.13892,1.13898,1.13879,1.13884,81
2019.01.23,20:21,1.13883,1.13889,1.13882,1.13886,45
2019.01.23,20:22,1.13887,1.13898,1.13883,1.13893,79
2019.01.23,20:23,1.13893,1.139,1.13893,1.139,29
2019.01.23,20:24,1.13902,1.13908,1.13897,1.13908,83
2019.01.23,20:25,1.13907,1.13923,1.13906,1.13922,83
2019.01.23,20:26,1.13923,1.13925,1.13912,1.13912,37
2019.01.23,20:27,1.13913,1.13917,1.13912,1.13913,34
2019.01.23,20:28,1.13913,1.13923,1.13913,1.13921,65
2019.01.23,20:29,1.13922,1.13927,1.13917,1.13917,52
2019.01.23,20:30,1.13916,1.13916,1.13893,1.13901,60
2019.01.23,20:31,1.13901,1.13901,1.13886,1.13894,60
2019.01.23,20:32,1.13893,1.13913,1.1389,1.13909,76
2019.01.23,20:33,1.13908,1.13915,1.13907,1.13915,55
2019.01.23,20:34,1.13914,1.13915,1.13907,1.13907,32
2019.01.23,20:35,1.13904,1.13911,1.13897,1.13897,37
2019.01.23,20:36,1.13897,1.139,1.13892,1.13892,32
2019.01.23,20:37,1.13893,1.13895,1.1389,1.13894,19
2019.01.23,20:38,1.13894,1.13903,1.13887,1.13902,46
2019.01.23,20:39,1.13902,1.13903,1.13886,1.13887,51
2019.01.23,20:40,1.13888,1.13888,1.13876,1.13877,39
2019.01.23,20:41,1.13876,1.13887,1.13875,1.13887,35
2019.01.23,20:42,1.1388,1.1388,1.13862,1.13862,61
2019.01.23,20:43,1.13861,1.13867,1.1386,1.13862,35
2019.01.23,20:44,1.13862,1.13864,1.13858,1.13858,46
2019.01.23,20:45,1.13857,1.13859,1.13854,1.13858,31
2019.01.23,20:46,1.13857,1.13873,1.13854,1.13872,46
2019.01.23,20:47,1.13872,1.13872,1.13862,1.13871,71
2019.01.23,20:48,1.13871,1.13877,1.1387,1.13876,61
2019.01.23,20:49,1.13877,1.13878,1.13871,1.13875,61
2019.01.23,20:50,1.13875,1.13883,1.13875,1.13876,69
2019.01.23,20:51,1.13877,1.13883,1.13876,1.13878,39
2019.01.23,20:52,1.13877,1.13893,1.13872,1.13888,42
2019.01.23,20:53,1.13888,1.13895,1.13887,1.13895,25
2019.01.23,20:54,1.13895,1.13895,1.13882,1.13882,50
2019.01.23,20:55,1.13884,1.1389,1.13883,1.13887,35
2019.01.23,20:56,1.13886,1.13888,1.13871,1.13871,35
2019.01.23,20:57,1.13871,1.13877,1.13866,1.13877,51
2019.01.23,20:58,1.13876,1.13877,1.13862,1.13867,83
2019.01.23,20:59,1.13866,1.13872,1.13863,1.13872,54
2019.01.23,21:00,1.13874,1.13877,1.13868,1.13868,41
2019.01.23,21:01,1.13869,1.13869,1.13857,1.13861,52
2019.01.23,21:02,1.13862,1.13864,1.13851,1.13862,82
2019.01.23,21:03,1.13864,1.13868,1.13861,1.13868,35
2019.01.23,21:04,1.13869,1.13869,1.13858,1.13864,40
2019.01.23,21:05,1.13865,1.13882,1.13862,1.13882,92
2019.01.23,21:06,1.13882,1.13893,1.13881,1.13892,31
2019.01.23,21:07,1.1389,1.13894,1.13885,1.13892,43
2019.01.23,21:08,1.13893,1.13896,1.13883,1.13884,40
2019.01.23,21:09,1.13883,1.13883,1.13875,1.13877,61
2019.01.23,21:10,1.13878,1.13888,1.13877,1.13887,20
2019.01.23,21:11,1.13888,1.13892,1.13888,1.13892,24
2019.01.23,21:12,1.13892,1.13892,1.13887,1.13887,9
2019.01.23,21:13,1.13887,1.13888,1.13887,1.13887,5
2019.01.23,21:14,1.13891,1.13892,1.1387,1.1387,11
2019.01.23,21:15,1.13871,1.13888,1.13871,1.13886,74
2019.01.23,21:16,1.13887,1.13887,1.13882,1.13886,44
2019.01.23,21:17,1.13887,1.13898,1.13885,1.13895,60
2019.01.23,21:18,1.13893,1.13897,1.13889,1.13894,92
2019.01.23,21:19,1.13894,1.13897,1.13891,1.13893,62
2019.01.23,21:20,1.13895,1.13899,1.13887,1.13891,55
2019.01.23,21:21,1.13891,1.13893,1.1389,1.13891,30
2019.01.23,21:22,1.13892,1.13894,1.13891,1.13891,13
2019.01.23,21:23,1.13891,1.13891,1.13868,1.13868,48
2019.01.23,21:24,1.13868,1.13872,1.13866,1.13866,39
2019.01.23,21:25,1.13866,1.13869,1.13866,1.13868,15
2019.01.23,21:26,1.13869,1.13871,1.13867,1.13867,18
2019.01.23,21:27,1.13866,1.13868,1.13861,1.13864,40
2019.01.23,21:28,1.13866,1.13867,1.13853,1.13856,29
2019.01.23,21:29,1.13857,1.13861,1.13856,1.13857,52
2019.01.23,21:30,1.13856,1.13866,1.13856,1.13864,43
2019.01.23,21:31,1.13864,1.13864,1.13852,1.13855,46
2019.01.23,21:32,1.13856,1.13861,1.13855,1.13855,22
2019.01.23,21:33,1.13856,1.13867,1.13856,1.13861,45
2019.01.23,21:34,1.13864,1.13871,1.1386,1.13862,76
2019.01.23,21:35,1.13863,1.1387,1.13863,1.13867,40
2019.01.23,21:36,1.1387,1.13871,1.13865,1.13867,35
2019.01.23,21:37,1.13867,1.1387,1.13867,1.13869,45
2019.01.23,21:38,1.1387,1.13871,1.13861,1.13867,77
2019.01.23,21:39,1.1387,1.13871,1.13863,1.13866,58
2019.01.23,21:40,1.13865,1.13871,1.13864,1.13868,31
2019.01.23,21:41,1.13868,1.13869,1.13863,1.13864,11
2019.01.23,21:42,1.13865,1.13867,1.13852,1.13852,38
2019.01.23,21:43,1.13851,1.13851,1.13847,1.13848,41
2019.01.23,21:44,1.13849,1.13854,1.13834,1.13843,58
2019.01.23,21:45,1.13844,1.13845,1.13831,1.13837,60
2019.01.23,21:46,1.13838,1.1384,1.13827,1.13833,57
2019.01.23,21:47,1.13834,1.13847,1.13834,1.13846,55
2019.01.23,21:48,1.13845,1.13846,1.13841,1.13845,38
2019.01.23,21:49,1.13846,1.13846,1.1384,1.13842,41
2019.01.23,21:50,1.13841,1.13847,1.1384,1.13843,37
2019.01.23,21:51,1.13843,1.13845,1.1383,1.13832,45
2019.01.23,21:52,1.13832,1.13832,1.13821,1.13827,45
2019.01.23,21:53,1.13826,1.13835,1.13816,1.13822,72
2019.01.23,21:54,1.13822,1.13829,1.13819,1.13829,43
2019.01.23,21:55,1.13828,1.13828,1.13826,1.13828,28
2019.01.23,21:56,1.13828,1.13835,1.13827,1.13835,46
2019.01.23,21:57,1.13833,1.13833,1.13827,1.13827,38
2019.01.23,21:58,1.13827,1.13838,1.13827,1.13837,67
2019.01.23,21:59,1.13836,1.13839,1.13828,1.13835,108
2019.01.23,22:00,1.13834,1.13834,1.13827,1.13828,85
2019.01.23,22:01,1.13827,1.13835,1.13826,1.13831,47
2019.01.23,22:02,1.1383,1.1383,1.13806,1.13808,69
2019.01.23,22:03,1.13811,1.13818,1.13807,1.13816,49
2019.01.23,22:04,1.13815,1.13817,1.13808,1.13817,41
2019.01.23,22:05,1.13817,1.13821,1.13815,1.13818,45
2019.01.23,22:06,1.13819,1.1382,1.13812,1.13812,49
2019.01.23,22:07,1.13812,1.13823,1.1381,1.13821,35
2019.01.23,22:08,1.13822,1.13833,1.13821,1.13828,74
2019.01.23,22:09,1.13829,1.13835,1.13821,1.13822,41
2019.01.23,22:10,1.13821,1.1383,1.13821,1.13827,29
2019.01.23,22:11,1.13826,1.13827,1.13817,1.13819,47
2019.01.23,22:12,1.1382,1.13831,1.1382,1.13828,42
2019.01.23,22:13,1.13828,1.1383,1.13822,1.13825,33
2019.01.23,22:14,1.13827,1.13836,1.13827,1.13833,32
2019.01.23,22:15,1.13833,1.1384,1.13832,1.13838,45
2019.01.23,22:16,1.13838,1.1384,1.13833,1.13836,25
2019.01.23,22:17,1.13836,1.13838,1.13832,1.13836,36
2019.01.23,22:18,1.13837,1.13845,1.13837,1.13843,31
2019.01.23,22:19,1.13851,1.13851,1.13839,1.13842,36
2019.01.23,22:20,1.13843,1.13844,1.13841,1.13841,32
2019.01.23,22:21,1.13841,1.13851,1.13841,1.13849,28
2019.01.23,22:22,1.1385,1.1385,1.13845,1.13847,27
2019.01.23,22:23,1.13848,1.13852,1.13843,1.13852,29
2019.01.23,22:24,1.13851,1.13852,1.13849,1.13851,26
2019.01.23,22:25,1.13852,1.13852,1.13845,1.13846,45
2019.01.23,22:26,1.13847,1.13847,1.13836,1.13841,45
2019.01.23,22:27,1.13842,1.13845,1.13837,1.1384,57
2019.01.23,22:28,1.13841,1.13843,1.13836,1.13837,42
2019.01.23,22:29,1.13839,1.13842,1.13837,1.13842,35
2019.01.23,22:30,1.13842,1.13842,1.13836,1.13837,37
2019.01.23,22:31,1.13836,1.13842,1.13833,1.13839,15
2019.01.23,22:32,1.13839,1.13839,1.13834,1.13837,28
2019.01.23,22:33,1.13836,1.13837,1.13833,1.13833,29
2019.01.23,22:34,1.13833,1.13838,1.13832,1.13834,37
2019.01.23,22:35,1.13834,1.13837,1.13832,1.13832,29
2019.01.23,22:36,1.13832,1.13834,1.13831,1.13832,16
2019.01.23,22:37,1.13832,1.13834,1.13823,1.13828,48
2019.01.23,22:38,1.13828,1.13832,1.13827,1.13827,45
2019.01.23,22:39,1.13828,1.13829,1.13827,1.13828,11
2019.01.23,22:40,1.13829,1.13831,1.13829,1.13831,17
2019.01.23,22:41,1.13831,1.13834,1.1383,1.13831,21
2019.01.23,22:42,1.13832,1.13832,1.13824,1.13827,34
2019.01.23,22:43,1.13828,1.13829,1.13826,1.13827,25
2019.01.23,22:44,1.13827,1.13829,1.13824,1.13826,29
2019.01.23,22:45,1.13828,1.13832,1.13827,1.13831,50
2019.01.23,22:46,1.13832,1.13832,1.13829,1.13831,19
2019.01.23,22:47,1.13832,1.13838,1.13831,1.13836,29
2019.01.23,22:48,1.13835,1.13837,1.13831,1.13832,28
2019.01.23,22:49,1.13834,1.13837,1.13833,1.13837,31
2019.01.23,22:50,1.13837,1.13838,1.13833,1.13835,36
2019.01.23,22:51,1.13836,1.13841,1.13835,1.1384,39
2019.01.23,22:52,1.13841,1.13842,1.1384,1.1384,16
2019.01.23,22:53,1.13841,1.13841,1.13826,1.13827,45
2019.01.23,22:54,1.13827,1.13833,1.13825,1.13827,32
2019.01.23,22:55,1.13827,1.13828,1.13822,1.13824,57
2019.01.23,22:56,1.13823,1.13827,1.13821,1.13826,27
2019.01.23,22:57,1.13825,1.13832,1.13821,1.13826,41
2019.01.23,22:58,1.13827,1.13832,1.13825,1.13825,57
2019.01.23,22:59,1.13826,1.13827,1.13822,1.13823,45
2019.01.23,23:00,1.13823,1.13825,1.13821,1.13822,61
2019.01.23,23:01,1.13822,1.13823,1.13817,1.13823,46
2019.01.23,23:02,1.13822,1.13827,1.13822,1.13825,34
2019.01.23,23:03,1.13825,1.13828,1.13825,1.13827,8
2019.01.23,23:04,1.13826,1.13827,1.13826,1.13827,11
2019.01.23,23:05,1.13826,1.13827,1.13826,1.13826,4
2019.01.23,23:06,1.13826,1.13831,1.13826,1.13826,12
2019.01.23,23:07,1.13829,1.13829,1.13826,1.13828,20
2019.01.23,23:08,1.13828,1.13828,1.13826,1.13827,9
2019.01.23,23:09,1.13826,1.13829,1.13825,1.13826,14
2019.01.23,23:10,1.13827,1.13829,1.13826,1.13826,31
2019.01.23,23:11,1.13829,1.13829,1.13815,1.13815,29
2019.01.23,23:12,1.13816,1.13816,1.13813,1.13813,9
2019.01.23,23:13,1.13813,1.13813,1.13804,1.13806,30
2019.01.23,23:14,1.13805,1.13811,1.13804,1.1381,21
2019.01.23,23:15,1.13811,1.13817,1.1381,1.13817,17
2019.01.23,23:16,1.13818,1.13818,1.13817,1.13817,2
2019.01.23,23:17,1.13818,1.13818,1.13818,1.13818,1
2019.01.23,23:18,1.13817,1.13817,1.13815,1.13816,8
2019.01.23,23:19,1.13817,1.13817,1.13816,1.13816,2
2019.01.23,23:20,1.13816,1.1382,1.13816,1.1382,9
2019.01.23,23:21,1.13821,1.13822,1.13818,1.13821,13
2019.01.23,23:22,1.13821,1.13825,1.13817,1.13817,20
2019.01.23,23:23,1.13817,1.13817,1.13812,1.13812,9
2019.01.23,23:24,1.1381,1.1381,1.13796,1.13796,30
2019.01.23,23:25,1.13797,1.13805,1.13797,1.13805,25
2019.01.23,23:26,1.13801,1.13803,1.13798,1.13802,15
2019.01.23,23:27,1.13802,1.13812,1.13802,1.13806,26
2019.01.23,23:28,1.13807,1.13814,1.13807,1.13812,17
2019.01.23,23:29,1.13814,1.13816,1.13805,1.13815,44
2019.01.23,23:30,1.13814,1.13817,1.13811,1.13811,34
2019.01.23,23:31,1.13813,1.13813,1.13805,1.13805,12
2019.01.23,23:32,1.13806,1.13811,1.13804,1.13805,30
2019.01.23,23:33,1.13805,1.13811,1.13805,1.1381,20
2019.01.23,23:34,1.13811,1.13812,1.1381,1.1381,20
2019.01.23,23:35,1.1381,1.13812,1.1381,1.13811,15
2019.01.23,23:36,1.13812,1.13816,1.13811,1.13815,53
2019.01.23,23:37,1.13816,1.13816,1.13815,1.13815,8
2019.01.23,23:38,1.13815,1.13817,1.13815,1.13815,4
2019.01.23,23:39,1.13815,1.13815,1.1381,1.13812,13
2019.01.23,23:40,1.13811,1.13811,1.13808,1.1381,23
2019.01.23,23:41,1.1381,1.13815,1.1381,1.13815,12
2019.01.23,23:42,1.13813,1.13813,1.13807,1.13807,13
2019.01.23,23:43,1.13807,1.13811,1.13807,1.1381,27
2019.01.23,23:44,1.13809,1.13815,1.13808,1.1381,16
2019.01.23,23:45,1.1381,1.13813,1.13805,1.13805,25
2019.01.23,23:46,1.13806,1.13812,1.13806,1.13812,20
2019.01.23,23:47,1.13811,1.13812,1.13807,1.13807,20
2019.01.23,23:48,1.13807,1.13807,1.13805,1.13805,13
2019.01.23,23:49,1.13806,1.13806,1.13803,1.13803,21
2019.01.23,23:50,1.13802,1.13802,1.13798,1.138,24
2019.01.23,23:51,1.138,1.13802,1.13799,1.13801,17
2019.01.23,23:52,1.138,1.13802,1.13794,1.13795,52
2019.01.23,23:53,1.13798,1.13806,1.13798,1.13798,38
2019.01.23,23:54,1.13798,1.13801,1.13798,1.13801,15
2019.01.23,23:55,1.13797,1.138,1.13796,1.13796,20
2019.01.23,23:56,1.13797,1.13801,1.13794,1.13799,30
2019.01.23,23:57,1.13799,1.13801,1.13796,1.13801,24
2019.01.23,23:58,1.13803,1.13809,1.13801,1.13808,21
2019.01.23,23:59,1.13807,1.13813,1.13805,1.13805,37
2019.01.24,00:00,1.13804,1.13804,1.13797,1.13797,16
2019.01.24,00:01,1.13801,1.13802,1.13801,1.13801,6
2019.01.24,00:02,1.13811,1.13811,1.13798,1.13799,8
2019.01.24,00:03,1.13803,1.13803,1.13802,1.13802,2
2019.01.24,00:05,1.13803,1.13813,1.13803,1.13807,24
2019.01.24,00:06,1.13807,1.13819,1.13807,1.13819,20
2019.01.24,00:07,1.13819,1.13819,1.13815,1.13815,20
2019.01.24,00:08,1.13815,1.13815,1.13815,1.13815,10
2019.01.24,00:10,1.13815,1.13815,1.13814,1.13814,16
2019.01.24,00:11,1.13814,1.13814,1.13812,1.13812,24
2019.01.24,00:12,1.13812,1.13812,1.13811,1.13811,34
2019.01.24,00:13,1.13811,1.13818,1.1381,1.1381,21
2019.01.24,00:14,1.13811,1.13815,1.13806,1.13806,34
2019.01.24,00:15,1.13806,1.13821,1.13806,1.13813,31
2019.01.24,00:16,1.13812,1.13818,1.13811,1.13815,38
2019.01.24,00:17,1.13815,1.13825,1.13813,1.13821,24
2019.01.24,00:18,1.1382,1.13821,1.13814,1.13816,21
2019.01.24,00:19,1.13815,1.13823,1.13813,1.13818,23
2019.01.24,00:20,1.13819,1.13819,1.13817,1.13818,15
2019.01.24,00:21,1.1382,1.13831,1.13815,1.13822,41
2019.01.24,00:22,1.13824,1.1383,1.13818,1.13819,31
2019.01.24,00:23,1.13819,1.1382,1.13818,1.13819,46
2019.01.24,00:24,1.13819,1.13825,1.13819,1.13823,35
2019.01.24,00:25,1.13822,1.13825,1.1382,1.13825,24
2019.01.24,00:26,1.13825,1.13825,1.13823,1.13824,18
2019.01.24,00:27,1.13825,1.13825,1.13822,1.13822,18
2019.01.24,00:28,1.13819,1.13819,1.138,1.1381,32
2019.01.24,00:29,1.1381,1.1382,1.1381,1.1382,19
2019.01.24,00:30,1.13819,1.13819,1.1381,1.13814,33
2019.01.24,00:31,1.13813,1.13821,1.13811,1.13821,7
2019.01.24,00:32,1.13824,1.13831,1.13823,1.1383,16
2019.01.24,00:33,1.13829,1.1383,1.13827,1.13828,12
2019.01.24,00:34,1.13828,1.1383,1.13826,1.13826,25
2019.01.24,00:35,1.13827,1.13831,1.13827,1.13831,21
2019.01.24,00:36,1.13832,1.13833,1.1383,1.1383,16
2019.01.24,00:37,1.13831,1.13833,1.13831,1.13831,3
2019.01.24,00:39,1.13827,1.13827,1.13819,1.1382,20
2019.01.24,00:40,1.1382,1.13822,1.1382,1.1382,18
2019.01.24,00:41,1.1382,1.13821,1.13819,1.13821,27
2019.01.24,00:42,1.13822,1.13829,1.1382,1.13829,13
2019.01.24,00:43,1.13828,1.1383,1.13817,1.13819,28
2019.01.24,00:44,1.13813,1.13814,1.13813,1.13813,4
2019.01.24,00:45,1.13816,1.13817,1.13808,1.13808,9
2019.01.24,00:46,1.13807,1.13811,1.13807,1.13809,11
2019.01.24,00:47,1.1381,1.1381,1.13804,1.13807,10
2019.01.24,00:48,1.13808,1.13816,1.13808,1.1381,13
2019.01.24,00:49,1.1381,1.13812,1.13809,1.13812,4
2019.01.24,00:50,1.13813,1.13813,1.13799,1.13801,73
2019.01.24,00:51,1.13801,1.13803,1.138,1.13802,101
2019.01.24,00:52,1.13801,1.13816,1.13801,1.13805,146
2019.01.24,00:53,1.13805,1.13805,1.13804,1.13804,27
2019.01.24,00:54,1.13804,1.13804,1.13799,1.13802,25
2019.01.24,00:55,1.13802,1.13802,1.13799,1.138,23
2019.01.24,00:56,1.138,1.138,1.13781,1.13782,86
2019.01.24,00:57,1.13782,1.13785,1.13781,1.13785,88
2019.01.24,00:58,1.13785,1.13798,1.13784,1.13786,69
2019.01.24,00:59,1.13788,1.13804,1.13788,1.13798,40
2019.01.24,01:00,1.13797,1.13817,1.13793,1.13817,123
2019.01.24,01:01,1.13815,1.13815,1.13809,1.13813,34
2019.01.24,01:02,1.13813,1.13813,1.13813,1.13813,8
2019.01.24,01:03,1.13813,1.13823,1.13813,1.13823,27
2019.01.24,01:04,1.13822,1.13829,1.13822,1.13828,9
2019.01.24,01:05,1.13827,1.13829,1.13827,1.13829,19
2019.01.24,01:06,1.13828,1.13829,1.13828,1.13828,11
2019.01.24,01:07,1.13828,1.1383,1.13828,1.13828,20
2019.01.24,01:08,1.13827,1.1383,1.13824,1.13829,27
2019.01.24,01:09,1.13829,1.13834,1.13829,1.1383,17
2019.01.24,01:10,1.13829,1.13829,1.13828,1.13829,7
2019.01.24,01:11,1.13829,1.13833,1.13829,1.13833,8
2019.01.24,01:12,1.13833,1.13839,1.13833,1.13833,15
2019.01.24,01:13,1.13832,1.13839,1.1383,1.13838,33
2019.01.24,01:14,1.13837,1.13837,1.13833,1.13834,28
2019.01.24,01:15,1.13834,1.13837,1.13834,1.13836,18
2019.01.24,01:16,1.13836,1.13836,1.13833,1.13835,45
2019.01.24,01:17,1.13836,1.13839,1.13835,1.13839,28
2019.01.24,01:18,1.13838,1.13841,1.13838,1.1384,16
2019.01.24,01:19,1.1384,1.1384,1.13836,1.13839,17
2019.01.24,01:20,1.13839,1.13842,1.13839,1.13839,18
2019.01.24,01:21,1.13839,1.13839,1.13831,1.13833,29
2019.01.24,01:22,1.13832,1.13838,1.13832,1.13838,19
2019.01.24,01:23,1.13838,1.13839,1.13834,1.13835,42
2019.01.24,01:24,1.13833,1.13833,1.13833,1.13833,16
2019.01.24,01:25,1.13833,1.13837,1.13828,1.13833,31
2019.01.24,01:26,1.13834,1.13838,1.13832,1.13834,32
2019.01.24,01:27,1.13834,1.13834,1.13827,1.13828,20
2019.01.24,01:28,1.13829,1.13834,1.13828,1.13834,20
2019.01.24,01:29,1.13834,1.13834,1.13831,1.13831,19
2019.01.24,01:30,1.1383,1.13834,1.13824,1.13824,38
2019.01.24,01:31,1.13823,1.13824,1.13822,1.13822,13
2019.01.24,01:32,1.13823,1.13826,1.13823,1.13825,6
2019.01.24,01:33,1.13824,1.13824,1.13824,1.13824,5
2019.01.24,01:34,1.13825,1.13825,1.13823,1.13823,11
2019.01.24,01:35,1.13822,1.13824,1.13819,1.13823,16
2019.01.24,01:36,1.13824,1.13824,1.13821,1.13821,12
2019.01.24,01:37,1.13822,1.13825,1.13821,1.13824,23
2019.01.24,01:38,1.13823,1.13831,1.13822,1.13831,23
2019.01.24,01:39,1.1383,1.13831,1.13829,1.1383,11
2019.01.24,01:40,1.13829,1.13831,1.13824,1.13824,23
2019.01.24,01:41,1.13825,1.13828,1.13824,1.13827,16
2019.01.24,01:42,1.13826,1.13831,1.13826,1.13831,12
2019.01.24,01:43,1.13832,1.13838,1.13832,1.13837,13
2019.01.24,01:44,1.13838,1.13848,1.13837,1.13844,36
2019.01.24,01:45,1.13844,1.13844,1.13835,1.13835,28
2019.01.24,01:46,1.13836,1.13841,1.13835,1.13841,21
2019.01.24,01:47,1.1384,1.1386,1.1384,1.13851,34
2019.01.24,01:48,1.1385,1.1385,1.13846,1.13846,18
2019.01.24,01:49,1.13848,1.13849,1.13848,1.13849,2
2019.01.24,01:50,1.13848,1.13855,1.13848,1.13854,21
2019.01.24,01:51,1.13855,1.13858,1.13854,1.13858,26
2019.01.24,01:52,1.13858,1.13861,1.13854,1.1386,20
2019.01.24,01:53,1.1386,1.13864,1.13854,1.13862,22
2019.01.24,01:54,1.13863,1.13863,1.13856,1.13857,31
2019.01.24,01:55,1.13857,1.13857,1.13852,1.13852,26
2019.01.24,01:56,1.13852,1.13853,1.13851,1.13853,14
2019.01.24,01:57,1.13853,1.13854,1.13853,1.13854,10
2019.01.24,01:58,1.13853,1.13857,1.13852,1.13852,21
2019.01.24,01:59,1.13852,1.13861,1.13852,1.1386,18
2019.01.24,02:00,1.13859,1.13878,1.13854,1.13869,104
2019.01.24,02:01,1.13869,1.13884,1.13865,1.13872,98
2019.01.24,02:02,1.13871,1.13871,1.13854,1.13855,52
2019.01.24,02:03,1.13854,1.13856,1.13849,1.13849,63
2019.01.24,02:04,1.13847,1.13847,1.13843,1.13844,37
2019.01.24,02:05,1.13844,1.13845,1.13838,1.13838,20
2019.01.24,02:06,1.13836,1.13837,1.13831,1.13836,36
2019.01.24,02:07,1.13837,1.13845,1.13835,1.13844,32
2019.01.24,02:08,1.13844,1.13861,1.13837,1.13856,57
2019.01.24,02:09,1.13857,1.13862,1.13855,1.13861,55
2019.01.24,02:10,1.1386,1.13863,1.1386,1.13861,28
2019.01.24,02:11,1.13862,1.13862,1.13861,1.13861,19
2019.01.24,02:12,1.13861,1.13862,1.1386,1.13861,18
2019.01.24,02:13,1.13862,1.13862,1.1386,1.13861,25
2019.01.24,02:14,1.13862,1.13866,1.1386,1.13861,41
2019.01.24,02:15,1.13864,1.13865,1.13856,1.13857,47
2019.01.24,02:16,1.13856,1.13856,1.13843,1.13843,36
2019.01.24,02:17,1.13844,1.13844,1.13835,1.13835,26
2019.01.24,02:18,1.13834,1.13836,1.13834,1.13835,32
2019.01.24,02:19,1.13834,1.1384,1.13832,1.13832,24
2019.01.24,02:20,1.13831,1.13837,1.1383,1.13831,45
2019.01.24,02:21,1.1383,1.13835,1.1383,1.13835,21
2019.01.24,02:22,1.13833,1.13835,1.1383,1.13831,29
2019.01.24,02:23,1.13831,1.13832,1.13829,1.1383,48
2019.01.24,02:24,1.1383,1.13835,1.13829,1.13834,36
2019.01.24,02:25,1.13835,1.13845,1.13834,1.13845,41
2019.01.24,02:26,1.13844,1.13847,1.13842,1.13845,44
2019.01.24,02:27,1.13844,1.13846,1.13844,1.13844,13
2019.01.24,02:28,1.13844,1.13845,1.13837,1.13841,23
2019.01.24,02:29,1.13843,1.13844,1.13839,1.13839,24
2019.01.24,02:30,1.1384,1.13858,1.13839,1.13844,72
2019.01.24,02:31,1.13844,1.13846,1.13842,1.13846,31
2019.01.24,02:32,1.13845,1.13862,1.13845,1.13855,39
2019.01.24,02:33,1.13857,1.13867,1.13857,1.1386,62
2019.01.24,02:34,1.1386,1.13866,1.1386,1.13865,34
2019.01.24,02:35,1.13864,1.13876,1.13858,1.1387,78
2019.01.24,02:36,1.13872,1.13875,1.13868,1.1387,59
2019.01.24,02:37,1.1387,1.13871,1.13861,1.13865,45
2019.01.24,02:38,1.13865,1.13873,1.13865,1.1387,29
2019.01.24,02:39,1.13871,1.13882,1.1387,1.1388,87
2019.01.24,02:40,1.1388,1.13885,1.13873,1.13881,97
2019.01.24,02:41,1.13881,1.13886,1.13879,1.13885,55
2019.01.24,02:42,1.13882,1.13882,1.13872,1.13875,31
2019.01.24,02:43,1.13876,1.13882,1.13876,1.13882,29
2019.01.24,02:44,1.13882,1.13882,1.13874,1.13874,37
2019.01.24,02:45,1.13873,1.1388,1.1387,1.13876,62
2019.01.24,02:46,1.13876,1.13887,1.13876,1.13887,46
2019.01.24,02:47,1.13886,1.13888,1.13885,1.13885,28
2019.01.24,02:48,1.13885,1.13887,1.13882,1.13885,36
2019.01.24,02:49,1.13885,1.1389,1.13885,1.1389,61
2019.01.24,02:50,1.1389,1.13892,1.13889,1.13891,49
2019.01.24,02:51,1.13891,1.13896,1.13887,1.13892,53
2019.01.24,02:52,1.1389,1.13892,1.13885,1.13891,32
2019.01.24,02:53,1.1389,1.13892,1.1387,1.1387,87
2019.01.24,02:54,1.1387,1.13875,1.1386,1.1386,74
2019.01.24,02:55,1.1386,1.13876,1.1386,1.13875,57
2019.01.24,02:56,1.13874,1.13881,1.13873,1.13879,67
2019.01.24,02:57,1.13879,1.13881,1.13871,1.13875,59
2019.01.24,02:58,1.13876,1.13876,1.13865,1.13865,51
2019.01.24,02:59,1.13864,1.13872,1.13864,1.1387,53
2019.01.24,03:00,1.13874,1.13883,1.13869,1.13871,88
2019.01.24,03:01,1.1387,1.13871,1.13869,1.13869,42
2019.01.24,03:02,1.13869,1.13876,1.13864,1.13874,45
2019.01.24,03:03,1.13874,1.13876,1.13874,1.13875,26
2019.01.24,03:04,1.13875,1.13886,1.13875,1.13886,63
2019.01.24,03:05,1.13884,1.13886,1.13877,1.13882,77
2019.01.24,03:06,1.13881,1.13882,1.13876,1.13877,61
2019.01.24,03:07,1.13877,1.13882,1.13876,1.1388,26
2019.01.24,03:08,1.1388,1.1388,1.13876,1.13876,24
2019.01.24,03:09,1.13875,1.13882,1.13875,1.13881,27
2019.01.24,03:10,1.13879,1.13889,1.13878,1.13885,66
2019.01.24,03:11,1.13885,1.1389,1.13883,1.13887,40
2019.01.24,03:12,1.13887,1.13889,1.13885,1.13886,37
2019.01.24,03:13,1.13886,1.13886,1.13869,1.13871,62
2019.01.24,03:14,1.13871,1.13877,1.13868,1.13875,57
2019.01.24,03:15,1.13876,1.13876,1.13871,1.13875,51
2019.01.24,03:16,1.13875,1.13877,1.13868,1.1387,32
2019.01.24,03:17,1.13871,1.13883,1.13871,1.13881,39
2019.01.24,03:18,1.1388,1.13886,1.1388,1.13881,34
2019.01.24,03:19,1.13882,1.13892,1.1388,1.13891,51
2019.01.24,03:20,1.13892,1.13908,1.13892,1.13904,68
2019.01.24,03:21,1.13905,1.13908,1.13903,1.13905,57
2019.01.24,03:22,1.13905,1.13905,1.1389,1.13893,80
2019.01.24,03:23,1.13894,1.13897,1.13891,1.13891,30
2019.01.24,03:24,1.1389,1.13893,1.13885,1.13886,38
2019.01.24,03:25,1.13887,1.13891,1.13885,1.13885,25
2019.01.24,03:26,1.13885,1.13887,1.13883,1.13885,24
2019.01.24,03:27,1.13885,1.13887,1.13885,1.13886,10
2019.01.24,03:28,1.13885,1.13887,1.1388,1.13885,57
2019.01.24,03:29,1.13887,1.13895,1.13885,1.13892,35
2019.01.24,03:30,1.13892,1.13899,1.13882,1.13899,63
2019.01.24,03:31,1.13902,1.13914,1.13901,1.13907,53
2019.01.24,03:32,1.13906,1.13906,1.13894,1.13896,49
2019.01.24,03:33,1.13895,1.13897,1.13892,1.13892,46
2019.01.24,03:34,1.13893,1.13897,1.13892,1.13893,32
2019.01.24,03:35,1.13893,1.13897,1.13891,1.13893,35
2019.01.24,03:36,1.13892,1.13896,1.1389,1.13893,42
2019.01.24,03:37,1.13896,1.13898,1.1389,1.13891,51
2019.01.24,03:38,1.13892,1.13893,1.1389,1.13891,20
2019.01.24,03:39,1.1389,1.1389,1.13878,1.13881,45
2019.01.24,03:40,1.1388,1.13881,1.13879,1.13881,21
2019.01.24,03:41,1.13881,1.13888,1.13876,1.13877,32
2019.01.24,03:42,1.13877,1.13882,1.13872,1.13872,28
2019.01.24,03:43,1.13872,1.13872,1.13865,1.13865,30
2019.01.24,03:44,1.13866,1.13867,1.13865,1.13865,17
2019.01.24,03:45,1.13867,1.13867,1.13865,1.13867,31
2019.01.24,03:46,1.13867,1.13868,1.13865,1.13866,17
2019.01.24,03:47,1.13867,1.1387,1.13863,1.13865,49
2019.01.24,03:48,1.13865,1.13866,1.13861,1.13866,41
2019.01.24,03:49,1.13865,1.13865,1.13862,1.13865,24
2019.01.24,03:50,1.13865,1.1387,1.13862,1.1387,53
2019.01.24,03:51,1.1387,1.1387,1.13864,1.13866,33
2019.01.24,03:52,1.13866,1.13871,1.13866,1.13866,46
2019.01.24,03:53,1.13867,1.13876,1.13865,1.13867,53
2019.01.24,03:54,1.13866,1.13868,1.13863,1.13865,34
2019.01.24,03:55,1.13867,1.13867,1.13862,1.13867,38
2019.01.24,03:56,1.13867,1.13868,1.13857,1.13865,44
2019.01.24,03:57,1.13866,1.13868,1.13861,1.13865,33
2019.01.24,03:58,1.13865,1.13867,1.13865,1.13867,19
2019.01.24,03:59,1.13868,1.13868,1.13864,1.13867,26
2019.01.24,04:00,1.13866,1.13867,1.13861,1.13863,52
2019.01.24,04:01,1.13862,1.13865,1.13859,1.13861,43
2019.01.24,04:02,1.13862,1.13862,1.13851,1.13852,79
2019.01.24,04:03,1.13854,1.13857,1.13846,1.13851,122
2019.01.24,04:04,1.1385,1.13862,1.13847,1.13857,79
2019.01.24,04:05,1.13857,1.13868,1.13854,1.13854,106
2019.01.24,04:06,1.13853,1.1386,1.13847,1.13857,57
2019.01.24,04:07,1.13858,1.13858,1.13855,1.13858,42
2019.01.24,04:08,1.13859,1.13864,1.13858,1.13858,56
2019.01.24,04:09,1.13858,1.13864,1.13855,1.13855,46
2019.01.24,04:10,1.13856,1.13863,1.13854,1.13862,36
2019.01.24,04:11,1.13863,1.13868,1.13862,1.13863,33
2019.01.24,04:12,1.13864,1.13866,1.13856,1.13856,47
2019.01.24,04:13,1.13855,1.13858,1.13852,1.13853,47
2019.01.24,04:14,1.13852,1.13853,1.13846,1.13846,56
2019.01.24,04:15,1.13847,1.13853,1.13846,1.13851,39
2019.01.24,04:16,1.1385,1.13852,1.13841,1.13842,55
2019.01.24,04:17,1.13843,1.13852,1.13842,1.13847,65
2019.01.24,04:18,1.13847,1.13848,1.13843,1.13846,43
2019.01.24,04:19,1.13846,1.13847,1.13843,1.13844,23
2019.01.24,04:20,1.13845,1.13854,1.13845,1.13847,44
2019.01.24,04:21,1.13847,1.13847,1.13836,1.13836,33
2019.01.24,04:22,1.13833,1.13836,1.13829,1.13833,29
2019.01.24,04:23,1.13834,1.13839,1.13833,1.13833,33
2019.01.24,04:24,1.13832,1.13833,1.13826,1.1383,42
2019.01.24,04:25,1.13831,1.13835,1.13831,1.13835,25
2019.01.24,04:26,1.13835,1.13835,1.13833,1.13833,27
2019.01.24,04:27,1.13834,1.1384,1.13833,1.13839,25
2019.01.24,04:28,1.1384,1.1384,1.13834,1.13838,21
2019.01.24,04:29,1.13837,1.13845,1.13837,1.13844,34
2019.01.24,04:30,1.13845,1.13848,1.13843,1.13848,32
2019.01.24,04:31,1.13847,1.13856,1.13844,1.13854,44
2019.01.24,04:32,1.13854,1.13859,1.13852,1.13854,49
2019.01.24,04:33,1.13854,1.13854,1.13836,1.13848,97
2019.01.24,04:34,1.13847,1.13854,1.13843,1.13843,53
2019.01.24,04:35,1.13843,1.13854,1.13842,1.13852,34
2019.01.24,04:36,1.13853,1.13853,1.13838,1.13838,52
2019.01.24,04:37,1.13838,1.1385,1.13836,1.1385,41
2019.01.24,04:38,1.13848,1.13858,1.13848,1.13857,43
2019.01.24,04:39,1.13857,1.13857,1.13845,1.13853,44
2019.01.24,04:40,1.13853,1.13857,1.13851,1.13851,59
2019.01.24,04:41,1.13852,1.13857,1.13851,1.13856,52
2019.01.24,04:42,1.13856,1.13856,1.13844,1.13845,47
2019.01.24,04:43,1.13847,1.13854,1.13845,1.13854,26
2019.01.24,04:44,1.13854,1.13858,1.13853,1.13857,53
2019.01.24,04:45,1.13856,1.13862,1.13854,1.13862,32
2019.01.24,04:46,1.13861,1.13864,1.13861,1.13864,34
2019.01.24,04:47,1.13863,1.13865,1.13856,1.13857,44
2019.01.24,04:48,1.13857,1.13857,1.13845,1.13852,53
2019.01.24,04:49,1.13853,1.13853,1.13843,1.13844,32
2019.01.24,04:50,1.13844,1.13847,1.13841,1.13845,57
2019.01.24,04:51,1.13845,1.13846,1.13841,1.13843,37
2019.01.24,04:52,1.13844,1.13847,1.13843,1.13847,14
2019.01.24,04:53,1.13847,1.13847,1.13845,1.13846,16
2019.01.24,04:54,1.13846,1.13854,1.13846,1.13852,25
2019.01.24,04:55,1.13852,1.13858,1.13852,1.13853,88
2019.01.24,04:56,1.13853,1.13862,1.13851,1.13862,73
2019.01.24,04:57,1.13862,1.13868,1.13861,1.13868,68
2019.01.24,04:58,1.13867,1.13868,1.13863,1.13868,60
2019.01.24,04:59,1.13868,1.13869,1.1386,1.13862,75
2019.01.24,05:00,1.13863,1.13868,1.13857,1.13867,73
2019.01.24,05:01,1.13868,1.13882,1.13868,1.13881,73
2019.01.24,05:02,1.13882,1.13884,1.13879,1.13882,37
2019.01.24,05:03,1.13882,1.13888,1.13882,1.13887,28
2019.01.24,05:04,1.13887,1.13889,1.13881,1.13883,39
2019.01.24,05:05,1.13882,1.13889,1.13882,1.13887,54
2019.01.24,05:06,1.13887,1.13889,1.13884,1.13885,15
2019.01.24,05:07,1.13886,1.13891,1.13885,1.13885,21
2019.01.24,05:08,1.13886,1.13902,1.13886,1.13897,64
2019.01.24,05:09,1.13897,1.139,1.13896,1.13897,26
2019.01.24,05:10,1.13897,1.13899,1.13891,1.13891,26
2019.01.24,05:11,1.13891,1.13897,1.13891,1.13893,21
2019.01.24,05:12,1.13893,1.139,1.13892,1.13893,31
2019.01.24,05:13,1.13892,1.13895,1.13886,1.13892,20
2019.01.24,05:14,1.13892,1.13895,1.13891,1.13895,24
2019.01.24,05:15,1.13895,1.13897,1.13892,1.13897,19
2019.01.24,05:16,1.13897,1.13899,1.13892,1.13892,36
2019.01.24,05:17,1.13892,1.13895,1.13889,1.13892,31
2019.01.24,05:18,1.13892,1.13892,1.13886,1.13887,21
2019.01.24,05:19,1.13886,1.13892,1.13886,1.13889,35
2019.01.24,05:20,1.13889,1.13894,1.13884,1.13891,32
2019.01.24,05:21,1.1389,1.13901,1.1389,1.13897,31
2019.01.24,05:22,1.13899,1.13899,1.13894,1.13896,34
2019.01.24,05:23,1.13896,1.13902,1.13896,1.13897,30
2019.01.24,05:24,1.13898,1.13902,1.13891,1.13892,46
2019.01.24,05:25,1.13892,1.13897,1.13892,1.13897,30
2019.01.24,05:26,1.13896,1.13901,1.13896,1.13898,13
2019.01.24,05:27,1.13898,1.13898,1.13887,1.13887,54
2019.01.24,05:28,1.13886,1.13887,1.13886,1.13887,15
2019.01.24,05:29,1.13886,1.13886,1.13884,1.13884,12
2019.01.24,05:30,1.13884,1.13888,1.13881,1.13887,64
2019.01.24,05:31,1.13886,1.13887,1.13884,1.13885,37
2019.01.24,05:32,1.13886,1.13886,1.13885,1.13886,29
2019.01.24,05:33,1.13888,1.13888,1.13884,1.13887,30
2019.01.24,05:34,1.13886,1.13886,1.13883,1.13885,29
2019.01.24,05:35,1.13885,1.13887,1.13885,1.13885,10
2019.01.24,05:36,1.13885,1.13886,1.13881,1.13882,27
2019.01.24,05:37,1.13881,1.13882,1.13878,1.13882,19
2019.01.24,05:38,1.13885,1.13885,1.1388,1.13882,16
2019.01.24,05:39,1.13882,1.13885,1.13882,1.13884,12
2019.01.24,05:40,1.13883,1.13884,1.13882,1.13883,13
2019.01.24,05:41,1.13882,1.13884,1.13881,1.13882,16
2019.01.24,05:42,1.13881,1.13882,1.13877,1.1388,28
2019.01.24,05:43,1.13881,1.13884,1.1388,1.13882,18
2019.01.24,05:44,1.13881,1.13881,1.13881,1.13881,1
2019.01.24,05:45,1.13882,1.13882,1.1388,1.13882,22
2019.01.24,05:46,1.13884,1.13887,1.13883,1.13887,24
2019.01.24,05:47,1.13887,1.13887,1.13885,1.13886,23
2019.01.24,05:48,1.13885,1.13889,1.13884,1.13885,21
2019.01.24,05:49,1.13885,1.13887,1.13882,1.13885,29
2019.01.24,05:50,1.13885,1.13894,1.13885,1.13892,35
2019.01.24,05:51,1.13892,1.13893,1.13884,1.13885,28
2019.01.24,05:52,1.13885,1.13894,1.13885,1.13893,18
2019.01.24,05:53,1.13892,1.13892,1.13891,1.13892,17
2019.01.24,05:54,1.13896,1.13896,1.13887,1.13887,22
2019.01.24,05:55,1.13887,1.13887,1.13881,1.13881,14
2019.01.24,05:56,1.13882,1.13884,1.13876,1.13879,34
2019.01.24,05:57,1.13878,1.13878,1.13874,1.13875,13
2019.01.24,05:58,1.13875,1.13878,1.13875,1.13876,31
2019.01.24,05:59,1.13876,1.13882,1.13875,1.13882,45
2019.01.24,06:00,1.13881,1.13882,1.13877,1.13879,42
2019.01.24,06:01,1.13879,1.13882,1.13878,1.13882,23
2019.01.24,06:02,1.1388,1.13883,1.1388,1.13882,20
2019.01.24,06:03,1.13883,1.13883,1.13876,1.13878,23
2019.01.24,06:04,1.13878,1.13882,1.13872,1.13882,44
2019.01.24,06:05,1.13881,1.13887,1.13881,1.13885,32
2019.01.24,06:06,1.13884,1.13889,1.13883,1.13886,46
2019.01.24,06:07,1.13885,1.13887,1.13883,1.13886,11
2019.01.24,06:08,1.13889,1.13891,1.13886,1.13889,23
2019.01.24,06:09,1.13888,1.13893,1.13887,1.13891,42
2019.01.24,06:10,1.13892,1.13894,1.13891,1.13894,8
2019.01.24,06:11,1.13893,1.13893,1.13887,1.13889,27
2019.01.24,06:12,1.13889,1.13889,1.13886,1.13888,15
2019.01.24,06:13,1.13889,1.13892,1.13888,1.1389,34
2019.01.24,06:14,1.1389,1.13891,1.13887,1.1389,27
2019.01.24,06:15,1.13891,1.13891,1.13886,1.13887,12
2019.01.24,06:16,1.13886,1.13887,1.13886,1.13887,17
2019.01.24,06:17,1.13886,1.13887,1.13886,1.13887,4
2019.01.24,06:18,1.13886,1.13887,1.13883,1.13885,32
2019.01.24,06:19,1.13887,1.13901,1.13884,1.139,23
2019.01.24,06:20,1.139,1.13902,1.13898,1.13902,32
2019.01.24,06:21,1.13901,1.13901,1.13892,1.13894,20
2019.01.24,06:22,1.13895,1.13897,1.13883,1.13892,65
2019.01.24,06:23,1.13893,1.13901,1.13892,1.13896,59
2019.01.24,06:24,1.13896,1.13896,1.13881,1.13881,43
2019.01.24,06:25,1.13883,1.1389,1.1388,1.1389,63
2019.01.24,06:26,1.13889,1.13889,1.13886,1.13887,30
2019.01.24,06:27,1.13886,1.13887,1.13877,1.13877,40
2019.01.24,06:28,1.13877,1.13885,1.13877,1.13882,35
2019.01.24,06:29,1.13881,1.13886,1.13879,1.13885,33
2019.01.24,06:30,1.13886,1.13888,1.13872,1.13872,52
2019.01.24,06:31,1.13872,1.13872,1.13866,1.13869,23
2019.01.24,06:32,1.1387,1.13872,1.13868,1.13872,24
2019.01.24,06:33,1.13871,1.13872,1.13868,1.13871,22
2019.01.24,06:34,1.1387,1.13875,1.1387,1.13873,29
2019.01.24,06:35,1.13874,1.13874,1.13867,1.1387,18
2019.01.24,06:36,1.1387,1.13872,1.1387,1.13872,8
2019.01.24,06:37,1.1387,1.13871,1.1387,1.13871,15
2019.01.24,06:38,1.13871,1.13874,1.13865,1.13867,23
2019.01.24,06:39,1.13866,1.13867,1.13861,1.13865,36
2019.01.24,06:40,1.13867,1.13867,1.13866,1.13866,10
2019.01.24,06:41,1.13867,1.13867,1.13861,1.13864,22
2019.01.24,06:42,1.13864,1.13867,1.13857,1.1386,27
2019.01.24,06:43,1.13862,1.13862,1.13859,1.13861,27
2019.01.24,06:44,1.13862,1.13867,1.13862,1.13867,26
2019.01.24,06:45,1.13867,1.13867,1.13865,1.13866,13
2019.01.24,06:46,1.13866,1.13869,1.13866,1.13867,23
2019.01.24,06:47,1.13867,1.13871,1.13867,1.13867,30
2019.01.24,06:48,1.13866,1.13866,1.13862,1.13864,25
2019.01.24,06:49,1.13865,1.13865,1.13852,1.13854,49
2019.01.24,06:50,1.13853,1.13856,1.13845,1.13847,37
2019.01.24,06:51,1.13848,1.13849,1.13841,1.13846,27
2019.01.24,06:52,1.13847,1.13847,1.13842,1.13843,34
2019.01.24,06:53,1.13842,1.13843,1.13841,1.13842,20
2019.01.24,06:54,1.13842,1.13854,1.13841,1.13853,39
2019.01.24,06:55,1.13853,1.13859,1.13853,1.13858,31
2019.01.24,06:56,1.13858,1.13863,1.13858,1.13858,47
2019.01.24,06:57,1.13856,1.13857,1.13854,1.13857,42
2019.01.24,06:58,1.13855,1.13855,1.13849,1.13852,22
2019.01.24,06:59,1.13852,1.13862,1.1385,1.13862,55
2019.01.24,07:00,1.13862,1.13862,1.13853,1.13856,40
2019.01.24,07:01,1.13855,1.13856,1.13851,1.13851,23
2019.01.24,07:02,1.13851,1.13856,1.1385,1.13855,30
2019.01.24,07:03,1.13854,1.13854,1.13845,1.13846,43
2019.01.24,07:04,1.13846,1.13847,1.13837,1.13844,27
2019.01.24,07:05,1.13844,1.13845,1.13837,1.13837,27
2019.01.24,07:06,1.13837,1.13839,1.13836,1.13837,21
2019.01.24,07:07,1.13841,1.13847,1.13841,1.13847,26
2019.01.24,07:08,1.13846,1.13847,1.13843,1.13844,32
2019.01.24,07:09,1.13844,1.13844,1.13833,1.13835,37
2019.01.24,07:10,1.13834,1.13837,1.13834,1.13836,38
2019.01.24,07:11,1.13836,1.13843,1.13836,1.13842,31
2019.01.24,07:12,1.13841,1.13844,1.13836,1.1384,47
2019.01.24,07:13,1.13839,1.13843,1.13837,1.13843,34
2019.01.24,07:14,1.13842,1.1385,1.13842,1.13848,31
2019.01.24,07:15,1.13849,1.1385,1.13849,1.13849,4
2019.01.24,07:16,1.13849,1.13851,1.13848,1.13851,14
2019.01.24,07:17,1.1385,1.13854,1.13849,1.13854,29
2019.01.24,07:18,1.13853,1.13854,1.13852,1.13853,18
2019.01.24,07:19,1.13854,1.13854,1.13852,1.13853,12
2019.01.24,07:20,1.13854,1.13854,1.13852,1.13853,6
2019.01.24,07:21,1.13853,1.13853,1.13843,1.13847,36
2019.01.24,07:22,1.13847,1.13847,1.13842,1.13843,33
2019.01.24,07:23,1.13842,1.13847,1.13842,1.13843,14
2019.01.24,07:24,1.13842,1.13843,1.13834,1.13837,35
2019.01.24,07:25,1.13836,1.13843,1.13836,1.13837,25
2019.01.24,07:26,1.13838,1.13843,1.13838,1.13842,11
2019.01.24,07:27,1.13842,1.13844,1.13841,1.13844,19
2019.01.24,07:28,1.13843,1.13844,1.13843,1.13844,4
2019.01.24,07:29,1.13843,1.13849,1.13843,1.13849,15
2019.01.24,07:30,1.13848,1.13849,1.13844,1.13849,51
2019.01.24,07:31,1.13849,1.1385,1.13847,1.13848,27
2019.01.24,07:32,1.13848,1.13852,1.13843,1.13843,30
2019.01.24,07:33,1.13844,1.13846,1.13834,1.13841,46
2019.01.24,07:34,1.13838,1.13839,1.13832,1.13833,45
2019.01.24,07:35,1.13835,1.13837,1.13834,1.13836,11
2019.01.24,07:36,1.13839,1.13842,1.13835,1.13837,35
2019.01.24,07:37,1.13837,1.13837,1.13832,1.13833,32
2019.01.24,07:38,1.13835,1.13836,1.13831,1.13831,29
2019.01.24,07:39,1.13831,1.13833,1.13826,1.13832,42
2019.01.24,07:40,1.13832,1.13838,1.13832,1.13833,56
2019.01.24,07:41,1.13834,1.13838,1.13834,1.13835,36
2019.01.24,07:42,1.13835,1.13841,1.13832,1.13838,27
2019.01.24,07:43,1.13837,1.13842,1.13835,1.13841,27
2019.01.24,07:44,1.13842,1.13843,1.1384,1.13843,8
2019.01.24,07:45,1.13843,1.13844,1.13842,1.13842,16
2019.01.24,07:46,1.13842,1.13847,1.13842,1.13845,24
2019.01.24,07:47,1.13845,1.13853,1.13845,1.13853,28
2019.01.24,07:48,1.13852,1.13857,1.13848,1.13854,32
2019.01.24,07:49,1.13857,1.13859,1.13857,1.13858,9
2019.01.24,07:50,1.13858,1.13858,1.13852,1.13852,20
2019.01.24,07:51,1.13852,1.13853,1.13851,1.13851,13
2019.01.24,07:52,1.13851,1.13851,1.13847,1.13847,20
2019.01.24,07:53,1.13847,1.13847,1.13846,1.13846,9
2019.01.24,07:54,1.13847,1.13847,1.13838,1.1384,33
2019.01.24,07:55,1.13839,1.13845,1.13837,1.13842,47
2019.01.24,07:56,1.13843,1.13844,1.13842,1.13842,20
2019.01.24,07:57,1.13844,1.13847,1.13842,1.13844,39
2019.01.24,07:58,1.13844,1.13851,1.13844,1.13847,43
2019.01.24,07:59,1.13847,1.13856,1.13847,1.13852,42
2019.01.24,08:00,1.1385,1.13862,1.13846,1.13857,55
2019.01.24,08:01,1.13857,1.13857,1.1385,1.13852,37
2019.01.24,08:02,1.13852,1.13855,1.13842,1.13845,55
2019.01.24,08:03,1.13845,1.13851,1.13843,1.13847,28
2019.01.24,08:04,1.13847,1.13852,1.13847,1.13849,26
2019.01.24,08:05,1.13851,1.13854,1.13851,1.13853,28
2019.01.24,08:06,1.13854,1.13864,1.13854,1.13864,24
2019.01.24,08:07,1.13864,1.13867,1.13862,1.13864,42
2019.01.24,08:08,1.13864,1.13873,1.13864,1.1387,36
2019.01.24,08:09,1.1387,1.13873,1.1387,1.1387,20
2019.01.24,08:10,1.1387,1.13878,1.1387,1.13876,40
2019.01.24,08:11,1.13875,1.1388,1.13873,1.1388,21
2019.01.24,08:12,1.13879,1.1388,1.13876,1.13876,24
2019.01.24,08:13,1.13875,1.13879,1.13875,1.13879,28
2019.01.24,08:14,1.13878,1.13878,1.13874,1.13878,27
2019.01.24,08:15,1.13877,1.13878,1.13871,1.13872,46
2019.01.24,08:16,1.13873,1.13873,1.13865,1.13868,23
2019.01.24,08:17,1.13869,1.1387,1.13865,1.13867,37
2019.01.24,08:18,1.13866,1.1387,1.13862,1.13869,30
2019.01.24,08:19,1.13869,1.13869,1.13862,1.13862,23
2019.01.24,08:20,1.13861,1.13862,1.13859,1.13862,25
2019.01.24,08:21,1.13863,1.13865,1.13861,1.13864,22
2019.01.24,08:22,1.13864,1.13865,1.13862,1.13862,20
2019.01.24,08:23,1.13862,1.13864,1.13856,1.13862,41
2019.01.24,08:24,1.13862,1.13863,1.13858,1.13859,24
2019.01.24,08:25,1.1386,1.1386,1.13857,1.13858,21
2019.01.24,08:26,1.13857,1.13857,1.13852,1.13855,15
2019.01.24,08:27,1.13855,1.13859,1.13842,1.13845,37
2019.01.24,08:28,1.13845,1.13846,1.13836,1.13843,42
2019.01.24,08:29,1.13842,1.13848,1.13842,1.13848,20
2019.01.24,08:30,1.13847,1.13856,1.13847,1.13849,49
2019.01.24,08:31,1.1385,1.1385,1.13837,1.13837,21
2019.01.24,08:32,1.13836,1.13836,1.13818,1.13823,95
2019.01.24,08:33,1.13826,1.13833,1.13817,1.13817,46
2019.01.24,08:34,1.13816,1.13816,1.13803,1.13813,87
2019.01.24,08:35,1.13814,1.13818,1.13812,1.13816,33
2019.01.24,08:36,1.13816,1.13816,1.13797,1.13806,103
2019.01.24,08:37,1.13805,1.13805,1.13797,1.13797,71
2019.01.24,08:38,1.138,1.13802,1.13791,1.13793,69
2019.01.24,08:39,1.13794,1.13795,1.13779,1.13782,57
2019.01.24,08:40,1.13781,1.13788,1.13775,1.13787,71
2019.01.24,08:41,1.13789,1.13793,1.13777,1.13788,77
2019.01.24,08:42,1.13787,1.13791,1.13785,1.13789,77
2019.01.24,08:43,1.13789,1.13799,1.13788,1.13792,90
2019.01.24,08:44,1.13792,1.13795,1.13787,1.13787,66
2019.01.24,08:45,1.1379,1.13794,1.13786,1.13792,18
2019.01.24,08:46,1.13793,1.13795,1.13787,1.1379,25
2019.01.24,08:47,1.1379,1.13794,1.13787,1.1379,29
2019.01.24,08:48,1.13789,1.13794,1.13787,1.13789,21
2019.01.24,08:49,1.1379,1.1379,1.13788,1.1379,21
2019.01.24,08:50,1.13791,1.13795,1.1379,1.13794,38
2019.01.24,08:51,1.13792,1.13794,1.13792,1.13794,23
2019.01.24,08:52,1.13794,1.13805,1.13794,1.13799,38
2019.01.24,08:53,1.13799,1.138,1.13794,1.13797,46
2019.01.24,08:54,1.13799,1.13802,1.13792,1.13792,15
2019.01.24,08:55,1.13794,1.13794,1.13787,1.13789,31
2019.01.24,08:56,1.13787,1.13794,1.13787,1.13792,16
2019.01.24,08:57,1.13792,1.13795,1.13788,1.13793,43
2019.01.24,08:58,1.13792,1.13801,1.13792,1.13801,41
2019.01.24,08:59,1.13802,1.13806,1.13801,1.13805,30
2019.01.24,09:00,1.13803,1.13818,1.13802,1.13818,81
2019.01.24,09:01,1.13817,1.13817,1.13792,1.13792,52
2019.01.24,09:02,1.13792,1.13798,1.13786,1.13792,52
2019.01.24,09:03,1.13793,1.13793,1.13776,1.13783,58
2019.01.24,09:04,1.13783,1.13794,1.13782,1.13792,67
2019.01.24,09:05,1.13792,1.13795,1.13788,1.13793,35
2019.01.24,09:06,1.13793,1.13796,1.13774,1.13778,54
2019.01.24,09:07,1.13779,1.13787,1.13763,1.13784,63
2019.01.24,09:08,1.13784,1.1379,1.13778,1.1378,27
2019.01.24,09:09,1.13782,1.13784,1.13777,1.13778,22
2019.01.24,09:10,1.13778,1.13794,1.13778,1.13781,44
2019.01.24,09:11,1.13779,1.13779,1.13774,1.13774,26
2019.01.24,09:12,1.13773,1.13775,1.13763,1.13775,53
2019.01.24,09:13,1.13776,1.13784,1.1377,1.13775,66
2019.01.24,09:14,1.13776,1.13776,1.13764,1.13767,54
2019.01.24,09:15,1.13767,1.13771,1.13753,1.13753,60
2019.01.24,09:16,1.13753,1.13761,1.13737,1.13742,62
2019.01.24,09:17,1.13742,1.13757,1.13742,1.1375,55
2019.01.24,09:18,1.1375,1.13752,1.13739,1.13751,47
2019.01.24,09:19,1.13751,1.13754,1.13744,1.13745,50
2019.01.24,09:20,1.13745,1.13746,1.13725,1.13741,72
2019.01.24,09:21,1.13743,1.13743,1.13737,1.13739,46
2019.01.24,09:22,1.13738,1.13742,1.13724,1.13739,72
2019.01.24,09:23,1.13739,1.13739,1.13731,1.13735,39
2019.01.24,09:24,1.13736,1.13741,1.13735,1.1374,42
2019.01.24,09:25,1.13739,1.13743,1.13737,1.13739,46
2019.01.24,09:26,1.13739,1.1375,1.13739,1.13748,36
2019.01.24,09:27,1.13748,1.13749,1.1373,1.1373,46
2019.01.24,09:28,1.13731,1.13734,1.13728,1.13734,28
2019.01.24,09:29,1.13735,1.13746,1.13735,1.13742,53
2019.01.24,09:30,1.13742,1.13748,1.13742,1.13743,41
2019.01.24,09:31,1.13744,1.13744,1.1373,1.13741,72
2019.01.24,09:32,1.13741,1.13748,1.13739,1.13744,60
2019.01.24,09:33,1.13744,1.13744,1.13709,1.13724,97
2019.01.24,09:34,1.13722,1.13724,1.13719,1.1372,39
2019.01.24,09:35,1.13719,1.13735,1.13719,1.13733,44
2019.01.24,09:36,1.13732,1.13733,1.13728,1.1373,27
2019.01.24,09:37,1.13729,1.13745,1.13729,1.13745,26
2019.01.24,09:38,1.13745,1.13752,1.13736,1.13751,61
2019.01.24,09:39,1.13751,1.13751,1.13739,1.13739,66
2019.01.24,09:40,1.13739,1.13752,1.13738,1.13746,77
2019.01.24,09:41,1.13744,1.13747,1.13725,1.13727,69
2019.01.24,09:42,1.13727,1.13727,1.13717,1.13726,58
2019.01.24,09:43,1.13725,1.13735,1.13715,1.13721,79
2019.01.24,09:44,1.13721,1.13727,1.13718,1.13722,56
2019.01.24,09:45,1.13722,1.13728,1.13721,1.13728,45
2019.01.24,09:46,1.13728,1.13738,1.13723,1.13737,34
2019.01.24,09:47,1.13736,1.13738,1.13732,1.13732,38
2019.01.24,09:48,1.13732,1.13735,1.13727,1.13734,37
2019.01.24,09:49,1.13735,1.13748,1.13732,1.13748,86
2019.01.24,09:50,1.13749,1.1375,1.13728,1.13737,73
2019.01.24,09:51,1.13736,1.13737,1.13716,1.13729,66
2019.01.24,09:52,1.13729,1.13729,1.13717,1.13723,71
2019.01.24,09:53,1.13723,1.13726,1.13717,1.13719,59
2019.01.24,09:54,1.13719,1.13719,1.13703,1.13705,105
2019.01.24,09:55,1.13704,1.1371,1.13703,1.13703,76
2019.01.24,09:56,1.13703,1.13703,1.13664,1.13677,165
2019.01.24,09:57,1.13676,1.13679,1.13654,1.13656,116
2019.01.24,09:58,1.13659,1.13694,1.13659,1.13684,150
2019.01.24,09:59,1.13684,1.13701,1.13683,1.137,125
2019.01.24,10:00,1.13699,1.13728,1.13671,1.13717,198
2019.01.24,10:01,1.13722,1.13726,1.13714,1.13723,106
2019.01.24,10:02,1.13723,1.13738,1.13717,1.13717,110
2019.01.24,10:03,1.13716,1.13733,1.13711,1.13731,133
2019.01.24,10:04,1.1373,1.13736,1.13706,1.13712,139
2019.01.24,10:05,1.13713,1.1372,1.13702,1.13719,121
2019.01.24,10:06,1.13716,1.13729,1.13711,1.13723,93
2019.01.24,10:07,1.13723,1.13724,1.13703,1.13724,103
2019.01.24,10:08,1.13723,1.13724,1.13704,1.13706,107
2019.01.24,10:09,1.13705,1.13712,1.137,1.13709,111
2019.01.24,10:10,1.1371,1.13711,1.13703,1.13704,75
2019.01.24,10:11,1.13703,1.13707,1.1369,1.13696,111
2019.01.24,10:12,1.13697,1.13705,1.13695,1.13698,109
2019.01.24,10:13,1.13697,1.13704,1.13694,1.13694,62
2019.01.24,10:14,1.13695,1.13715,1.13628,1.13628,135
2019.01.24,10:15,1.1361,1.1361,1.13397,1.13477,503
2019.01.24,10:16,1.13478,1.1353,1.13473,1.1348,341
2019.01.24,10:17,1.13481,1.13552,1.1348,1.13536,293
2019.01.24,10:18,1.13537,1.13574,1.13534,1.13549,249
2019.01.24,10:19,1.13548,1.1356,1.13531,1.13531,225
2019.01.24,10:20,1.13531,1.13531,1.13479,1.13503,257
2019.01.24,10:21,1.13502,1.13504,1.13475,1.1349,216
2019.01.24,10:22,1.13491,1.1356,1.13491,1.1354,191
2019.01.24,10:23,1.1354,1.13556,1.13532,1.13542,135
2019.01.24,10:24,1.13541,1.13567,1.13539,1.13564,117
2019.01.24,10:25,1.13565,1.13566,1.13554,1.13563,138
2019.01.24,10:26,1.13562,1.13575,1.13553,1.13574,111
2019.01.24,10:27,1.13575,1.13588,1.13573,1.13581,108
2019.01.24,10:28,1.13582,1.13582,1.13556,1.1356,79
2019.01.24,10:29,1.13559,1.13572,1.13478,1.13501,191
2019.01.24,10:30,1.13495,1.13646,1.13455,1.13596,424
2019.01.24,10:31,1.13597,1.13643,1.13581,1.13634,273
2019.01.24,10:32,1.13633,1.1364,1.13603,1.13626,207
2019.01.24,10:33,1.13627,1.13627,1.13602,1.13605,134
2019.01.24,10:34,1.13605,1.13617,1.13595,1.13603,128
2019.01.24,10:35,1.13603,1.13687,1.13603,1.13661,299
2019.01.24,10:36,1.1366,1.13763,1.13658,1.13746,270
2019.01.24,10:37,1.13746,1.13748,1.13696,1.13703,214
2019.01.24,10:38,1.13703,1.13704,1.13683,1.13686,93
2019.01.24,10:39,1.13686,1.13705,1.13678,1.13702,117
2019.01.24,10:40,1.13701,1.13709,1.1368,1.13708,105
2019.01.24,10:41,1.13707,1.13707,1.13669,1.13676,94
2019.01.24,10:42,1.13677,1.13683,1.13662,1.13669,97
2019.01.24,10:43,1.13668,1.1368,1.13658,1.13662,128
2019.01.24,10:44,1.13662,1.13689,1.13662,1.13688,73
2019.01.24,10:45,1.13687,1.13695,1.13671,1.13673,115
2019.01.24,10:46,1.13675,1.13675,1.13645,1.13649,109
2019.01.24,10:47,1.13648,1.1366,1.13638,1.13644,129
2019.01.24,10:48,1.13643,1.13659,1.13626,1.13655,131
2019.01.24,10:49,1.13657,1.13665,1.13652,1.13659,94
2019.01.24,10:50,1.13658,1.1366,1.13637,1.1364,75
2019.01.24,10:51,1.13641,1.13642,1.13634,1.13636,64
2019.01.24,10:52,1.13635,1.13649,1.13633,1.13646,68
2019.01.24,10:53,1.13646,1.13655,1.1364,1.1365,75
2019.01.24,10:54,1.1365,1.13658,1.13649,1.13656,64
2019.01.24,10:55,1.13657,1.13667,1.13639,1.13649,126
2019.01.24,10:56,1.13649,1.13661,1.13641,1.13657,99
2019.01.24,10:57,1.13656,1.13658,1.13638,1.13643,89
2019.01.24,10:58,1.13644,1.13654,1.13643,1.13645,104
2019.01.24,10:59,1.13645,1.13669,1.13642,1.1365,122
2019.01.24,11:00,1.1365,1.1365,1.13592,1.13608,188
2019.01.24,11:01,1.13607,1.13631,1.13603,1.13606,136
2019.01.24,11:02,1.13606,1.13614,1.13576,1.13583,146
2019.01.24,11:03,1.13587,1.13591,1.13572,1.13576,128
2019.01.24,11:04,1.13575,1.13595,1.13573,1.1359,125
2019.01.24,11:05,1.1359,1.13593,1.13577,1.13579,84
2019.01.24,11:06,1.13581,1.13584,1.13552,1.13555,92
2019.01.24,11:07,1.13552,1.13571,1.13549,1.13556,146
2019.01.24,11:08,1.13557,1.13578,1.13555,1.13565,125
2019.01.24,11:09,1.13562,1.13576,1.13549,1.13569,122
2019.01.24,11:10,1.13569,1.13586,1.13566,1.13574,96
2019.01.24,11:11,1.13574,1.13583,1.13566,1.13566,128
2019.01.24,11:12,1.13566,1.13572,1.13562,1.13571,78
2019.01.24,11:13,1.13571,1.13577,1.13567,1.13573,73
2019.01.24,11:14,1.13574,1.13576,1.13554,1.13554,99
2019.01.24,11:15,1.13555,1.13568,1.13547,1.13568,108
2019.01.24,11:16,1.13569,1.13594,1.13569,1.13594,81
2019.01.24,11:17,1.13593,1.13627,1.13593,1.1362,160
2019.01.24,11:18,1.13623,1.13636,1.13595,1.136,148
2019.01.24,11:19,1.13601,1.13604,1.13584,1.13598,144
2019.01.24,11:20,1.13599,1.13605,1.13593,1.13594,107
2019.01.24,11:21,1.13594,1.13599,1.13569,1.13579,88
2019.01.24,11:22,1.13579,1.13588,1.13569,1.13588,76
2019.01.24,11:23,1.13589,1.13594,1.1356,1.13563,126
2019.01.24,11:24,1.13563,1.13566,1.13527,1.13531,149
2019.01.24,11:25,1.1353,1.13536,1.13494,1.13494,149
2019.01.24,11:26,1.13494,1.135,1.13475,1.13481,117
2019.01.24,11:27,1.13481,1.13481,1.13436,1.13445,148
2019.01.24,11:28,1.13445,1.13452,1.13427,1.1344,98
2019.01.24,11:29,1.1344,1.13443,1.13424,1.13435,100
2019.01.24,11:30,1.13433,1.13434,1.13402,1.13413,136
2019.01.24,11:31,1.13414,1.13448,1.13414,1.13448,137
2019.01.24,11:32,1.13448,1.13466,1.13436,1.13448,141
2019.01.24,11:33,1.13447,1.13448,1.13425,1.1343,116
2019.01.24,11:34,1.1343,1.13437,1.13412,1.13436,96
2019.01.24,11:35,1.13436,1.13443,1.13424,1.13443,85
2019.01.24,11:36,1.13444,1.13451,1.13436,1.13445,69
2019.01.24,11:37,1.13445,1.13472,1.13445,1.13466,93
2019.01.24,11:38,1.13467,1.1348,1.13462,1.1347,123
2019.01.24,11:39,1.13471,1.13492,1.13471,1.13488,166
2019.01.24,11:40,1.13488,1.13493,1.13482,1.13491,113
2019.01.24,11:41,1.1349,1.13501,1.13483,1.13492,136
2019.01.24,11:42,1.13492,1.13502,1.13481,1.13493,114
2019.01.24,11:43,1.13493,1.13505,1.13492,1.135,83
2019.01.24,11:44,1.13499,1.135,1.13483,1.13489,102
2019.01.24,11:45,1.13488,1.13494,1.13468,1.13472,82
2019.01.24,11:46,1.13473,1.13474,1.13467,1.13467,44
2019.01.24,11:47,1.13467,1.13486,1.13436,1.13446,112
2019.01.24,11:48,1.13445,1.13459,1.1344,1.13447,103
2019.01.24,11:49,1.13447,1.13461,1.1344,1.13459,94
2019.01.24,11:50,1.13461,1.13474,1.13459,1.13471,64
2019.01.24,11:51,1.13471,1.13471,1.13442,1.13444,114
2019.01.24,11:52,1.13445,1.1346,1.13443,1.13454,79
2019.01.24,11:53,1.13454,1.13464,1.13439,1.13459,90
2019.01.24,11:54,1.13458,1.1346,1.13431,1.13431,94
2019.01.24,11:55,1.13431,1.13445,1.13428,1.13445,94
2019.01.24,11:56,1.13445,1.13477,1.13445,1.13474,105
2019.01.24,11:57,1.13472,1.13484,1.1347,1.13477,76
2019.01.24,11:58,1.13476,1.13482,1.13469,1.13477,84
2019.01.24,11:59,1.13477,1.13487,1.13468,1.13468,90
2019.01.24,12:00,1.13468,1.13469,1.1345,1.1346,93
2019.01.24,12:01,1.13461,1.13477,1.13453,1.13476,88
2019.01.24,12:02,1.13476,1.13487,1.13473,1.13487,76
2019.01.24,12:03,1.13487,1.13488,1.13477,1.13487,96
2019.01.24,12:04,1.13486,1.13493,1.13478,1.13491,80
2019.01.24,12:05,1.1349,1.13495,1.13482,1.13491,72
2019.01.24,12:06,1.13491,1.13492,1.13478,1.13492,58
2019.01.24,12:07,1.13493,1.13496,1.1349,1.13496,46
2019.01.24,12:08,1.13496,1.13505,1.13479,1.13487,81
2019.01.24,12:09,1.13488,1.13491,1.13479,1.13489,87
2019.01.24,12:10,1.13489,1.13489,1.13472,1.13472,83
2019.01.24,12:11,1.13471,1.13471,1.13461,1.1347,52
2019.01.24,12:12,1.13471,1.1349,1.1347,1.13486,61
2019.01.24,12:13,1.13486,1.135,1.13484,1.135,33
2019.01.24,12:14,1.135,1.1351,1.13499,1.13506,57
2019.01.24,12:15,1.13506,1.13518,1.13502,1.13511,80
2019.01.24,12:16,1.13508,1.13524,1.1349,1.13499,115
2019.01.24,12:17,1.13498,1.135,1.13485,1.1349,48
2019.01.24,12:18,1.13486,1.13499,1.13475,1.13475,79
2019.01.24,12:19,1.13476,1.13476,1.13448,1.13463,120
2019.01.24,12:20,1.13461,1.13462,1.13435,1.13461,87
2019.01.24,12:21,1.1346,1.1346,1.13456,1.13456,56
2019.01.24,12:22,1.13454,1.1346,1.13446,1.13459,89
2019.01.24,12:23,1.13459,1.13459,1.13443,1.13448,86
2019.01.24,12:24,1.13449,1.13449,1.1344,1.1344,84
2019.01.24,12:25,1.1344,1.13442,1.1343,1.13434,99
2019.01.24,12:26,1.13435,1.13439,1.13426,1.13438,88
2019.01.24,12:27,1.13438,1.13438,1.13414,1.13414,125
2019.01.24,12:28,1.13414,1.13426,1.13414,1.13423,68
2019.01.24,12:29,1.13423,1.13428,1.13401,1.13408,91
2019.01.24,12:30,1.13408,1.1342,1.13383,1.13419,152
2019.01.24,12:31,1.1342,1.13446,1.13419,1.1344,118
2019.01.24,12:32,1.1344,1.13443,1.13425,1.13438,67
2019.01.24,12:33,1.13438,1.13441,1.13429,1.13436,55
2019.01.24,12:34,1.13436,1.13455,1.13436,1.13451,60
2019.01.24,12:35,1.13451,1.1346,1.13442,1.13454,98
2019.01.24,12:36,1.13454,1.13461,1.13448,1.13458,96
2019.01.24,12:37,1.13458,1.13468,1.13442,1.13466,101
2019.01.24,12:38,1.13466,1.1347,1.13456,1.13462,88
2019.01.24,12:39,1.13462,1.13469,1.13462,1.13464,54
2019.01.24,12:40,1.13463,1.13468,1.13451,1.1346,110
2019.01.24,12:41,1.13461,1.13465,1.13455,1.1346,72
2019.01.24,12:42,1.1346,1.13475,1.13456,1.13462,91
2019.01.24,12:43,1.13461,1.13466,1.13452,1.13462,89
2019.01.24,12:44,1.13463,1.13472,1.13462,1.13469,67
2019.01.24,12:45,1.13468,1.13471,1.13461,1.13464,81
2019.01.24,12:46,1.13463,1.13467,1.13453,1.13467,76
2019.01.24,12:47,1.13465,1.13469,1.13463,1.13468,56
2019.01.24,12:48,1.13469,1.13474,1.13449,1.13452,94
2019.01.24,12:49,1.13452,1.13452,1.1343,1.13443,73
2019.01.24,12:50,1.13442,1.13449,1.13436,1.13449,94
2019.01.24,12:51,1.13447,1.13447,1.13418,1.13421,71
2019.01.24,12:52,1.1342,1.13428,1.13414,1.13414,87
2019.01.24,12:53,1.13414,1.13425,1.13407,1.13423,58
2019.01.24,12:54,1.13423,1.13444,1.13418,1.13443,93
2019.01.24,12:55,1.13442,1.13442,1.13428,1.13431,79
2019.01.24,12:56,1.13431,1.13438,1.13427,1.13434,60
2019.01.24,12:57,1.13435,1.13441,1.13424,1.13424,75
2019.01.24,12:58,1.13424,1.13434,1.13412,1.13426,102
2019.01.24,12:59,1.13425,1.13444,1.13423,1.13439,129
2019.01.24,13:00,1.13438,1.13438,1.13421,1.13425,78
2019.01.24,13:01,1.13421,1.13426,1.13403,1.13424,82
2019.01.24,13:02,1.13424,1.13434,1.13421,1.13433,53
2019.01.24,13:03,1.13434,1.13434,1.13424,1.13433,52
2019.01.24,13:04,1.13434,1.13434,1.13405,1.13405,69
2019.01.24,13:05,1.13404,1.1341,1.13387,1.13389,91
2019.01.24,13:06,1.13388,1.13388,1.13356,1.13375,118
2019.01.24,13:07,1.13377,1.13392,1.13372,1.13384,117
2019.01.24,13:08,1.13384,1.13387,1.1338,1.13386,61
2019.01.24,13:09,1.13386,1.13387,1.13377,1.13377,52
2019.01.24,13:10,1.13378,1.13378,1.13364,1.13365,96
2019.01.24,13:11,1.13364,1.13364,1.13302,1.13317,200
2019.01.24,13:12,1.13317,1.13341,1.13315,1.13338,123
2019.01.24,13:13,1.13339,1.13353,1.13334,1.13334,114
2019.01.24,13:14,1.13333,1.13335,1.13309,1.1331,123
2019.01.24,13:15,1.13311,1.13318,1.13301,1.13316,112
2019.01.24,13:16,1.13318,1.1334,1.13318,1.1334,79
2019.01.24,13:17,1.1334,1.13344,1.13337,1.13343,48
2019.01.24,13:18,1.13342,1.13349,1.13338,1.13349,35
2019.01.24,13:19,1.1335,1.13376,1.13347,1.13372,71
2019.01.24,13:20,1.13372,1.13377,1.1336,1.13362,83
2019.01.24,13:21,1.13366,1.1337,1.13361,1.13365,64
2019.01.24,13:22,1.13366,1.13372,1.1336,1.13365,78
2019.01.24,13:23,1.13366,1.13372,1.13361,1.13371,50
2019.01.24,13:24,1.13368,1.13369,1.13361,1.13361,40
2019.01.24,13:25,1.13362,1.13372,1.13362,1.13366,69
2019.01.24,13:26,1.13367,1.13385,1.13367,1.13385,60
2019.01.24,13:27,1.13384,1.13384,1.13373,1.13373,60
2019.01.24,13:28,1.13375,1.13377,1.1337,1.13375,50
2019.01.24,13:29,1.13373,1.13378,1.13364,1.13378,74
2019.01.24,13:30,1.13378,1.13399,1.13377,1.13396,93
2019.01.24,13:31,1.13396,1.13446,1.13391,1.13434,147
2019.01.24,13:32,1.13434,1.13441,1.13418,1.13428,123
2019.01.24,13:33,1.13429,1.13429,1.13414,1.13422,83
2019.01.24,13:34,1.13422,1.13424,1.13413,1.1342,75
2019.01.24,13:35,1.1342,1.13432,1.13419,1.1343,69
2019.01.24,13:36,1.1343,1.13445,1.13428,1.13441,87
2019.01.24,13:37,1.13438,1.13438,1.13418,1.13428,52
2019.01.24,13:38,1.13427,1.13459,1.13425,1.13452,75
2019.01.24,13:39,1.13452,1.13452,1.13431,1.13431,79
2019.01.24,13:40,1.1343,1.13432,1.13419,1.13424,74
2019.01.24,13:41,1.13425,1.13429,1.13418,1.1342,62
2019.01.24,13:42,1.1342,1.13426,1.13416,1.13424,56
2019.01.24,13:43,1.13424,1.13436,1.13423,1.13436,30
2019.01.24,13:44,1.13436,1.13444,1.13436,1.1344,39
2019.01.24,13:45,1.13441,1.13449,1.13437,1.13445,54
2019.01.24,13:46,1.13444,1.13449,1.13425,1.13425,71
2019.01.24,13:47,1.13426,1.13429,1.13419,1.1342,62
2019.01.24,13:48,1.1342,1.13427,1.13419,1.13426,39
2019.01.24,13:49,1.13428,1.13433,1.13414,1.13421,85
2019.01.24,13:50,1.13421,1.13431,1.13417,1.13424,81
2019.01.24,13:51,1.13424,1.13427,1.13415,1.13419,57
2019.01.24,13:52,1.13419,1.13424,1.13417,1.13419,65
2019.01.24,13:53,1.13419,1.13427,1.13418,1.1342,60
2019.01.24,13:54,1.13419,1.13428,1.13418,1.1342,54
2019.01.24,13:55,1.13421,1.13423,1.13411,1.13417,61
2019.01.24,13:56,1.13418,1.13442,1.13417,1.13439,72
2019.01.24,13:57,1.13439,1.1345,1.13428,1.13429,83
2019.01.24,13:58,1.13428,1.1345,1.13427,1.13445,66
2019.01.24,13:59,1.13446,1.13458,1.13444,1.13458,88
2019.01.24,14:00,1.13457,1.13483,1.13456,1.13475,115
2019.01.24,14:01,1.13474,1.13476,1.13462,1.13474,80
2019.01.24,14:02,1.13474,1.13483,1.13471,1.13477,76
2019.01.24,14:03,1.13476,1.13477,1.13469,1.13476,64
2019.01.24,14:04,1.13475,1.13482,1.13472,1.13475,57
2019.01.24,14:05,1.13475,1.13478,1.13474,1.13476,46
2019.01.24,14:06,1.13476,1.13476,1.13459,1.1346,48
2019.01.24,14:07,1.13462,1.13467,1.13445,1.13453,54
2019.01.24,14:08,1.13455,1.13462,1.13453,1.1346,72
2019.01.24,14:09,1.1346,1.1348,1.1346,1.13478,70
2019.01.24,14:10,1.13477,1.13487,1.13466,1.13486,68
2019.01.24,14:11,1.13486,1.13486,1.13481,1.13482,53
2019.01.24,14:12,1.13483,1.13488,1.13461,1.13461,57
2019.01.24,14:13,1.13461,1.13477,1.13459,1.13463,75
2019.01.24,14:14,1.13463,1.13485,1.13458,1.13485,76
2019.01.24,14:15,1.13485,1.13485,1.13473,1.13475,96
2019.01.24,14:16,1.13476,1.13487,1.13472,1.13486,89
2019.01.24,14:17,1.13487,1.13496,1.13482,1.13495,43
2019.01.24,14:18,1.13495,1.13503,1.13494,1.13499,64
2019.01.24,14:19,1.13501,1.13509,1.13501,1.13506,66
2019.01.24,14:20,1.13506,1.13524,1.13504,1.13524,68
2019.01.24,14:21,1.13524,1.13524,1.13501,1.13501,72
2019.01.24,14:22,1.135,1.13505,1.13493,1.135,76
2019.01.24,14:23,1.135,1.13504,1.13496,1.13501,50
2019.01.24,14:24,1.13502,1.13505,1.13497,1.13502,56
2019.01.24,14:25,1.13502,1.13502,1.13494,1.13494,30
2019.01.24,14:26,1.13495,1.13512,1.13495,1.13507,39
2019.01.24,14:27,1.13507,1.13514,1.13504,1.13504,59
2019.01.24,14:28,1.13505,1.13506,1.13493,1.13499,51
2019.01.24,14:29,1.13499,1.13511,1.13499,1.13505,95
2019.01.24,14:30,1.13505,1.13506,1.13494,1.13504,79
2019.01.24,14:31,1.13504,1.13505,1.13492,1.13494,57
2019.01.24,14:32,1.13494,1.135,1.1349,1.13495,79
2019.01.24,14:33,1.13495,1.13495,1.13474,1.13474,87
2019.01.24,14:34,1.13472,1.13475,1.13465,1.13466,66
2019.01.24,14:35,1.13466,1.13471,1.13464,1.13467,49
2019.01.24,14:36,1.13468,1.13471,1.13462,1.13464,50
2019.01.24,14:37,1.13465,1.1347,1.13463,1.13468,42
2019.01.24,14:38,1.13467,1.13467,1.1346,1.13461,35
2019.01.24,14:39,1.1346,1.13476,1.1346,1.13475,53
2019.01.24,14:40,1.13474,1.13482,1.13471,1.13477,57
2019.01.24,14:41,1.13477,1.13478,1.13472,1.13477,41
2019.01.24,14:42,1.13477,1.13478,1.13468,1.13478,56
2019.01.24,14:43,1.13483,1.13496,1.13471,1.13471,116
2019.01.24,14:44,1.1347,1.13544,1.13445,1.13479,250
2019.01.24,14:45,1.1346,1.13588,1.13446,1.1352,330
2019.01.24,14:46,1.13518,1.13518,1.13476,1.13497,176
2019.01.24,14:47,1.13498,1.13546,1.13498,1.13546,121
2019.01.24,14:48,1.13545,1.13546,1.13508,1.13527,148
2019.01.24,14:49,1.13529,1.13539,1.13513,1.13518,114
2019.01.24,14:50,1.13518,1.13528,1.13475,1.13487,156
2019.01.24,14:51,1.13488,1.13495,1.13475,1.13491,113
2019.01.24,14:52,1.1349,1.13491,1.13466,1.1347,134
2019.01.24,14:53,1.1347,1.1347,1.13422,1.13422,133
2019.01.24,14:54,1.13416,1.13426,1.13403,1.13426,177
2019.01.24,14:55,1.13426,1.13453,1.13426,1.13445,121
2019.01.24,14:56,1.13444,1.13457,1.13427,1.13456,138
2019.01.24,14:57,1.13458,1.13459,1.13404,1.13418,157
2019.01.24,14:58,1.13417,1.13424,1.13386,1.13398,149
2019.01.24,14:59,1.13397,1.13409,1.13387,1.13407,177
2019.01.24,15:00,1.13407,1.13413,1.13393,1.13407,179
2019.01.24,15:01,1.13408,1.13427,1.13404,1.13417,155
2019.01.24,15:02,1.13418,1.13425,1.13409,1.1342,98
2019.01.24,15:03,1.1342,1.13448,1.13419,1.13442,105
2019.01.24,15:04,1.13441,1.13443,1.13405,1.13427,113
2019.01.24,15:05,1.13432,1.13449,1.13432,1.13436,126
2019.01.24,15:06,1.13436,1.13446,1.13433,1.13446,87
2019.01.24,15:07,1.13445,1.13456,1.13442,1.13455,63
2019.01.24,15:08,1.13456,1.13461,1.13446,1.13449,105
2019.01.24,15:09,1.13449,1.13464,1.13442,1.13453,97
2019.01.24,15:10,1.13454,1.1348,1.13454,1.13479,79
2019.01.24,15:11,1.13479,1.1348,1.13462,1.1348,86
2019.01.24,15:12,1.13478,1.13478,1.13419,1.13419,136
2019.01.24,15:13,1.1342,1.13425,1.13399,1.13403,125
2019.01.24,15:14,1.13403,1.13416,1.134,1.13403,108
2019.01.24,15:15,1.13402,1.1341,1.13385,1.13389,102
2019.01.24,15:16,1.13388,1.13404,1.13385,1.13399,101
2019.01.24,15:17,1.13399,1.1341,1.1339,1.1339,127
2019.01.24,15:18,1.13391,1.134,1.13382,1.13397,114
2019.01.24,15:19,1.13398,1.13422,1.13397,1.13416,124
2019.01.24,15:20,1.13415,1.13417,1.13398,1.134,123
2019.01.24,15:21,1.13401,1.13416,1.134,1.13405,124
2019.01.24,15:22,1.13404,1.13417,1.13374,1.13374,148
2019.01.24,15:23,1.13374,1.13377,1.13348,1.13355,151
2019.01.24,15:24,1.13355,1.1336,1.13341,1.13354,149
2019.01.24,15:25,1.13355,1.13356,1.13338,1.13347,107
2019.01.24,15:26,1.13347,1.13357,1.13339,1.1334,117
2019.01.24,15:27,1.1334,1.13344,1.13327,1.13342,89
2019.01.24,15:28,1.13342,1.13352,1.1334,1.13346,119
2019.01.24,15:29,1.13347,1.1337,1.13346,1.13367,107
2019.01.24,15:30,1.13365,1.13365,1.13342,1.1336,161
2019.01.24,15:31,1.13363,1.13374,1.1334,1.13349,146
2019.01.24,15:32,1.13349,1.1336,1.13211,1.13231,184
2019.01.24,15:33,1.13227,1.13318,1.13227,1.13289,413
2019.01.24,15:34,1.13288,1.13289,1.1317,1.13263,466
2019.01.24,15:35,1.13261,1.13426,1.13261,1.13399,443
2019.01.24,15:36,1.13399,1.13404,1.13263,1.1331,414
2019.01.24,15:37,1.13312,1.13318,1.13066,1.13102,466
2019.01.24,15:38,1.13105,1.13177,1.13091,1.13162,428
2019.01.24,15:39,1.13159,1.13235,1.13153,1.1322,392
2019.01.24,15:40,1.13219,1.13344,1.13196,1.13264,430
2019.01.24,15:41,1.13265,1.13279,1.13249,1.13252,277
2019.01.24,15:42,1.13251,1.13258,1.13176,1.13184,296
2019.01.24,15:43,1.13186,1.1324,1.13152,1.13172,364
2019.01.24,15:44,1.13175,1.13226,1.13157,1.13165,302
2019.01.24,15:45,1.13168,1.13191,1.1314,1.13152,278
2019.01.24,15:46,1.13151,1.13181,1.13151,1.13177,213
2019.01.24,15:47,1.13178,1.13187,1.13151,1.13184,190
2019.01.24,15:48,1.13186,1.13238,1.13176,1.13209,277
2019.01.24,15:49,1.13207,1.13245,1.13163,1.13245,254
2019.01.24,15:50,1.13245,1.13256,1.13182,1.13221,289
2019.01.24,15:51,1.13222,1.13226,1.13197,1.13215,232
2019.01.24,15:52,1.13216,1.13247,1.13216,1.13239,234
2019.01.24,15:53,1.13239,1.13395,1.13232,1.13366,309
2019.01.24,15:54,1.13362,1.13362,1.13307,1.13333,356
2019.01.24,15:55,1.13336,1.13385,1.13326,1.13346,321
2019.01.24,15:56,1.13344,1.13465,1.13341,1.13455,381
2019.01.24,15:57,1.13454,1.13454,1.13385,1.1339,278
2019.01.24,15:58,1.13389,1.13406,1.1337,1.13373,191
2019.01.24,15:59,1.13374,1.1339,1.13354,1.13355,208
2019.01.24,16:00,1.13357,1.13409,1.13356,1.13389,193
2019.01.24,16:01,1.13384,1.13439,1.13383,1.13421,244
2019.01.24,16:02,1.13426,1.1347,1.1342,1.13423,259
2019.01.24,16:03,1.13421,1.13442,1.13415,1.13421,171
2019.01.24,16:04,1.13421,1.13449,1.1342,1.13431,149
2019.01.24,16:05,1.13431,1.13457,1.13428,1.13455,173
2019.01.24,16:06,1.13455,1.13623,1.13426,1.1358,276
2019.01.24,16:07,1.13578,1.13599,1.13541,1.13565,328
2019.01.24,16:08,1.13565,1.13596,1.13513,1.13524,262
2019.01.24,16:09,1.13525,1.13544,1.1351,1.13542,191
2019.01.24,16:10,1.13542,1.1356,1.13535,1.13548,181
2019.01.24,16:11,1.13548,1.13548,1.13525,1.13546,194
2019.01.24,16:12,1.13546,1.13558,1.13526,1.13554,145
2019.01.24,16:13,1.13553,1.13586,1.13532,1.13586,125
2019.01.24,16:14,1.13586,1.13672,1.13582,1.13652,300
2019.01.24,16:15,1.13651,1.1368,1.13651,1.13668,221
2019.01.24,16:16,1.13667,1.13667,1.13625,1.13627,187
2019.01.24,16:17,1.13626,1.13626,1.13596,1.13608,171
2019.01.24,16:18,1.13609,1.13614,1.13598,1.13602,124
2019.01.24,16:19,1.13602,1.13628,1.13601,1.13626,122
2019.01.24,16:20,1.13627,1.13664,1.13626,1.13637,136
2019.01.24,16:21,1.13636,1.13664,1.13627,1.13664,135
2019.01.24,16:22,1.13664,1.13696,1.1366,1.13693,129
2019.01.24,16:23,1.13693,1.13714,1.1367,1.13675,191
2019.01.24,16:24,1.13677,1.13717,1.13677,1.13717,206
2019.01.24,16:25,1.13719,1.13761,1.13716,1.13737,233
2019.01.24,16:26,1.13736,1.13737,1.13704,1.13711,173
2019.01.24,16:27,1.13708,1.1371,1.13662,1.13664,172
2019.01.24,16:28,1.13666,1.13684,1.13652,1.13676,217
2019.01.24,16:29,1.13673,1.13719,1.13671,1.13701,216
2019.01.24,16:30,1.13701,1.13726,1.13699,1.13701,190
2019.01.24,16:31,1.13699,1.13719,1.13691,1.13719,172
2019.01.24,16:32,1.13717,1.13754,1.13716,1.13736,168
2019.01.24,16:33,1.13733,1.13733,1.13692,1.13718,163
2019.01.24,16:34,1.13721,1.13724,1.13672,1.13682,208
2019.01.24,16:35,1.13681,1.1369,1.13641,1.13662,227
2019.01.24,16:36,1.13663,1.13678,1.1366,1.13675,149
2019.01.24,16:37,1.13676,1.13703,1.13676,1.13692,157
2019.01.24,16:38,1.13693,1.13724,1.13693,1.13719,179
2019.01.24,16:39,1.13718,1.13734,1.13708,1.13722,138
2019.01.24,16:40,1.13723,1.13749,1.13723,1.13749,164
2019.01.24,16:41,1.13753,1.1376,1.1371,1.13715,200
2019.01.24,16:42,1.13714,1.13725,1.13701,1.13714,153
2019.01.24,16:43,1.13713,1.13716,1.13696,1.13713,171
2019.01.24,16:44,1.13713,1.13718,1.13677,1.13682,190
2019.01.24,16:45,1.13681,1.13683,1.13643,1.13675,251
2019.01.24,16:46,1.13677,1.13684,1.13662,1.13667,165
2019.01.24,16:47,1.13667,1.13728,1.13667,1.13717,171
2019.01.24,16:48,1.13716,1.13718,1.13693,1.13695,142
2019.01.24,16:49,1.13694,1.13704,1.13683,1.137,122
2019.01.24,16:50,1.13701,1.13712,1.13682,1.13703,139
2019.01.24,16:51,1.13703,1.13723,1.13702,1.13715,94
2019.01.24,16:52,1.13717,1.13723,1.13694,1.13701,125
2019.01.24,16:53,1.13702,1.13709,1.13699,1.13707,124
2019.01.24,16:54,1.13707,1.1372,1.13696,1.13709,126
2019.01.24,16:55,1.13709,1.13782,1.13709,1.13765,181
2019.01.24,16:56,1.13765,1.13788,1.13759,1.13783,166
2019.01.24,16:57,1.13782,1.13802,1.1378,1.13781,132
2019.01.24,16:58,1.1378,1.13783,1.13764,1.13783,135
2019.01.24,16:59,1.13783,1.13788,1.13771,1.13779,135
2019.01.24,17:00,1.13778,1.13783,1.13751,1.13783,175
2019.01.24,17:01,1.13782,1.13807,1.13782,1.13794,156
2019.01.24,17:02,1.13793,1.138,1.13745,1.13756,168
2019.01.24,17:03,1.13756,1.13779,1.13755,1.13769,143
2019.01.24,17:04,1.1377,1.13772,1.13722,1.13737,159
2019.01.24,17:05,1.13735,1.13737,1.13712,1.13714,138
2019.01.24,17:06,1.1371,1.13717,1.13703,1.13704,106
2019.01.24,17:07,1.13702,1.1371,1.13683,1.13683,132
2019.01.24,17:08,1.13685,1.13695,1.13672,1.13689,132
2019.01.24,17:09,1.13692,1.13697,1.13679,1.13679,107
2019.01.24,17:10,1.13679,1.13689,1.13673,1.13673,119
2019.01.24,17:11,1.13674,1.13681,1.13649,1.13661,155
2019.01.24,17:12,1.13662,1.13671,1.13652,1.13659,124
2019.01.24,17:13,1.13658,1.13676,1.13658,1.1367,92
2019.01.24,17:14,1.13669,1.13682,1.13669,1.1367,103
2019.01.24,17:15,1.1367,1.13686,1.1366,1.13684,120
2019.01.24,17:16,1.13684,1.13686,1.13664,1.13665,111
2019.01.24,17:17,1.13665,1.13689,1.13665,1.13678,133
2019.01.24,17:18,1.13677,1.13677,1.13645,1.13645,125
2019.01.24,17:19,1.13644,1.13673,1.13642,1.13669,114
2019.01.24,17:20,1.13669,1.13677,1.13667,1.13672,88
2019.01.24,17:21,1.13673,1.13684,1.13669,1.13683,99
2019.01.24,17:22,1.13682,1.13721,1.13675,1.13721,115
2019.01.24,17:23,1.1372,1.1372,1.13711,1.13714,106
2019.01.24,17:24,1.13714,1.13716,1.13701,1.13713,71
2019.01.24,17:25,1.13716,1.13721,1.13711,1.13711,81
2019.01.24,17:26,1.13712,1.13728,1.13711,1.13722,73
2019.01.24,17:27,1.13723,1.13727,1.13703,1.13711,87
2019.01.24,17:28,1.13711,1.13713,1.13691,1.13692,87
2019.01.24,17:29,1.13691,1.13702,1.13677,1.13687,109
2019.01.24,17:30,1.13687,1.13695,1.13667,1.13668,111
2019.01.24,17:31,1.13669,1.13672,1.13653,1.13671,101
2019.01.24,17:32,1.13673,1.13687,1.13663,1.13682,113
2019.01.24,17:33,1.13683,1.13694,1.13682,1.13692,92
2019.01.24,17:34,1.13692,1.13708,1.13692,1.13695,71
2019.01.24,17:35,1.13695,1.13697,1.13665,1.13674,97
2019.01.24,17:36,1.13673,1.13689,1.13664,1.13689,140
2019.01.24,17:37,1.13692,1.13695,1.13688,1.13692,69
2019.01.24,17:38,1.13692,1.13692,1.13668,1.13669,84
2019.01.24,17:39,1.13668,1.13668,1.13635,1.13635,113
2019.01.24,17:40,1.13636,1.13658,1.13634,1.13654,142
2019.01.24,17:41,1.13652,1.13655,1.13617,1.13618,132
2019.01.24,17:42,1.13619,1.13638,1.13605,1.13627,155
2019.01.24,17:43,1.13627,1.13647,1.13624,1.13636,114
2019.01.24,17:44,1.13635,1.13637,1.136,1.13607,144
2019.01.24,17:45,1.13608,1.13622,1.13571,1.13574,214
2019.01.24,17:46,1.13574,1.13591,1.13561,1.13568,167
2019.01.24,17:47,1.13569,1.13611,1.13569,1.13607,171
2019.01.24,17:48,1.13607,1.1363,1.13602,1.13604,155
2019.01.24,17:49,1.13604,1.13624,1.13596,1.13608,164
2019.01.24,17:50,1.13609,1.13632,1.13609,1.13627,98
2019.01.24,17:51,1.13627,1.13629,1.13609,1.13628,137
2019.01.24,17:52,1.13627,1.13649,1.13618,1.13643,149
2019.01.24,17:53,1.13644,1.13645,1.13618,1.13627,133
2019.01.24,17:54,1.13627,1.13628,1.1361,1.1361,104
2019.01.24,17:55,1.1361,1.13624,1.13595,1.13596,167
2019.01.24,17:56,1.13597,1.13597,1.13549,1.13549,190
2019.01.24,17:57,1.13549,1.13551,1.13525,1.13537,200
2019.01.24,17:58,1.13538,1.13548,1.13508,1.13524,178
2019.01.24,17:59,1.13524,1.13544,1.13522,1.13539,161
2019.01.24,18:00,1.13541,1.13545,1.13523,1.13535,197
2019.01.24,18:01,1.13535,1.13546,1.13523,1.13537,170
2019.01.24,18:02,1.13536,1.13542,1.13519,1.13538,141
2019.01.24,18:03,1.13538,1.13544,1.13528,1.13529,138
2019.01.24,18:04,1.1353,1.13551,1.13528,1.13542,96
2019.01.24,18:05,1.13542,1.13544,1.13513,1.13517,127
2019.01.24,18:06,1.13517,1.13517,1.13469,1.13484,164
2019.01.24,18:07,1.13484,1.13498,1.13475,1.13489,117
2019.01.24,18:08,1.13488,1.13489,1.13469,1.13471,84
2019.01.24,18:09,1.13471,1.13483,1.13471,1.13478,89
2019.01.24,18:10,1.13478,1.13478,1.13423,1.13448,190
2019.01.24,18:11,1.13448,1.13448,1.13435,1.13437,116
2019.01.24,18:12,1.13437,1.1345,1.13422,1.13449,158
2019.01.24,18:13,1.13447,1.1346,1.13432,1.1346,145
2019.01.24,18:14,1.13461,1.13461,1.13437,1.1344,140
2019.01.24,18:15,1.13442,1.13461,1.13427,1.13459,124
2019.01.24,18:16,1.13457,1.1347,1.13456,1.13469,96
2019.01.24,18:17,1.1347,1.13473,1.13441,1.13441,70
2019.01.24,18:18,1.13442,1.13472,1.13437,1.13466,117
2019.01.24,18:19,1.13467,1.13478,1.13466,1.13477,74
2019.01.24,18:20,1.13476,1.13485,1.13469,1.13476,126
2019.01.24,18:21,1.13476,1.13493,1.13476,1.13488,115
2019.01.24,18:22,1.13487,1.13512,1.13483,1.13511,129
2019.01.24,18:23,1.13507,1.13515,1.1349,1.1349,113
2019.01.24,18:24,1.13492,1.13499,1.13481,1.13498,114
2019.01.24,18:25,1.13497,1.13504,1.13473,1.13475,107
2019.01.24,18:26,1.13475,1.13492,1.13474,1.13476,71
2019.01.24,18:27,1.13475,1.1349,1.13465,1.13486,105
2019.01.24,18:28,1.13485,1.13486,1.13467,1.13472,95
2019.01.24,18:29,1.13473,1.13474,1.13446,1.13454,113
2019.01.24,18:30,1.13452,1.13456,1.13442,1.13453,115
2019.01.24,18:31,1.13452,1.13462,1.13429,1.13434,110
2019.01.24,18:32,1.13435,1.13442,1.13421,1.13442,104
2019.01.24,18:33,1.13443,1.13451,1.13436,1.13446,110
2019.01.24,18:34,1.13444,1.13444,1.13415,1.13422,129
2019.01.24,18:35,1.13417,1.13432,1.13416,1.13427,82
2019.01.24,18:36,1.13428,1.13429,1.13413,1.13416,74
2019.01.24,18:37,1.13415,1.13424,1.13412,1.13412,94
2019.01.24,18:38,1.13412,1.13422,1.13409,1.1342,122
2019.01.24,18:39,1.13417,1.13425,1.13413,1.13419,80
2019.01.24,18:40,1.13419,1.13424,1.13414,1.13415,60
2019.01.24,18:41,1.13415,1.13419,1.13404,1.13415,94
2019.01.24,18:42,1.13415,1.13416,1.13399,1.13413,84
2019.01.24,18:43,1.13413,1.13419,1.13406,1.13415,78
2019.01.24,18:44,1.13416,1.13451,1.13416,1.13449,100
2019.01.24,18:45,1.1345,1.13458,1.13448,1.13455,92
2019.01.24,18:46,1.13455,1.13455,1.13426,1.13435,73
2019.01.24,18:47,1.13434,1.1344,1.13422,1.13425,50
2019.01.24,18:48,1.13427,1.13427,1.13409,1.13424,98
2019.01.24,18:49,1.13426,1.13456,1.13422,1.13442,126
2019.01.24,18:50,1.13441,1.13453,1.13405,1.13407,166
2019.01.24,18:51,1.13407,1.13407,1.1335,1.13355,176
2019.01.24,18:52,1.13354,1.13365,1.13257,1.13303,225
2019.01.24,18:53,1.13304,1.1331,1.13271,1.13282,167
2019.01.24,18:54,1.13283,1.13294,1.13205,1.13255,216
2019.01.24,18:55,1.13255,1.13261,1.13211,1.13245,190
2019.01.24,18:56,1.13242,1.13261,1.13237,1.13258,132
2019.01.24,18:57,1.13257,1.1326,1.13213,1.13231,109
2019.01.24,18:58,1.1323,1.1324,1.13224,1.13238,122
2019.01.24,18:59,1.13241,1.13241,1.13209,1.13212,124
2019.01.24,19:00,1.13215,1.13224,1.13194,1.13215,140
2019.01.24,19:01,1.13216,1.13224,1.13199,1.13212,115
2019.01.24,19:02,1.13214,1.13237,1.13181,1.13181,158
2019.01.24,19:03,1.13182,1.13216,1.13182,1.13207,93
2019.01.24,19:04,1.13209,1.13217,1.1319,1.13197,86
2019.01.24,19:05,1.13196,1.13197,1.13155,1.13155,160
2019.01.24,19:06,1.13156,1.13177,1.13151,1.13154,138
2019.01.24,19:07,1.13155,1.13171,1.13152,1.13155,150
2019.01.24,19:08,1.13155,1.13179,1.13153,1.13161,138
2019.01.24,19:09,1.13161,1.13166,1.13148,1.13152,119
2019.01.24,19:10,1.13154,1.13167,1.13151,1.13151,96
2019.01.24,19:11,1.1315,1.13182,1.13147,1.13182,112
2019.01.24,19:12,1.13181,1.13183,1.13164,1.13176,141
2019.01.24,19:13,1.13176,1.13177,1.13148,1.13149,114
2019.01.24,19:14,1.13149,1.13157,1.13139,1.13142,195
2019.01.24,19:15,1.13141,1.13156,1.13139,1.13154,133
2019.01.24,19:16,1.13154,1.1316,1.13132,1.13136,107
2019.01.24,19:17,1.13137,1.13137,1.13111,1.13111,114
2019.01.24,19:18,1.13111,1.13129,1.13104,1.13123,119
2019.01.24,19:19,1.13123,1.13126,1.13069,1.13085,157
2019.01.24,19:20,1.13086,1.13102,1.13081,1.13093,169
2019.01.24,19:21,1.13092,1.13092,1.1305,1.13051,144
2019.01.24,19:22,1.13051,1.13088,1.13051,1.13076,121
2019.01.24,19:23,1.13074,1.13076,1.13029,1.13037,176
2019.01.24,19:24,1.13037,1.13042,1.13028,1.1303,103
2019.01.24,19:25,1.1303,1.13034,1.13016,1.13027,155
2019.01.24,19:26,1.13029,1.13069,1.13029,1.13067,157
2019.01.24,19:27,1.13069,1.13072,1.13062,1.13066,95
2019.01.24,19:28,1.13066,1.1307,1.13041,1.13041,114
2019.01.24,19:29,1.13042,1.13049,1.13021,1.13021,76
2019.01.24,19:30,1.1302,1.13028,1.1296,1.13011,256
2019.01.24,19:31,1.13013,1.13017,1.12992,1.13015,160
2019.01.24,19:32,1.13016,1.13061,1.13015,1.13055,145
2019.01.24,19:33,1.13056,1.13061,1.1302,1.13029,129
2019.01.24,19:34,1.13029,1.13063,1.13027,1.13058,129
2019.01.24,19:35,1.13056,1.13064,1.13049,1.13057,95
2019.01.24,19:36,1.13057,1.13061,1.13044,1.13055,113
2019.01.24,19:37,1.13055,1.13061,1.13,1.13007,159
2019.01.24,19:38,1.13009,1.13037,1.13001,1.13032,107
2019.01.24,19:39,1.13033,1.13037,1.13019,1.1303,91
2019.01.24,19:40,1.13028,1.13028,1.12995,1.12995,108
2019.01.24,19:41,1.12995,1.13026,1.12988,1.13018,156
2019.01.24,19:42,1.13021,1.13028,1.13011,1.13012,94
2019.01.24,19:43,1.13014,1.13015,1.12978,1.12998,106
2019.01.24,19:44,1.12997,1.13014,1.12995,1.13012,84
2019.01.24,19:45,1.13013,1.13014,1.12993,1.13,79
2019.01.24,19:46,1.13,1.13022,1.12994,1.13017,81
2019.01.24,19:47,1.13019,1.13023,1.13014,1.13014,57
2019.01.24,19:48,1.13013,1.13037,1.13013,1.13033,87
2019.01.24,19:49,1.13034,1.13034,1.13011,1.13016,98
2019.01.24,19:50,1.13017,1.13017,1.12991,1.13008,127
2019.01.24,19:51,1.13006,1.13032,1.12993,1.13032,138
2019.01.24,19:52,1.13033,1.13043,1.13023,1.13023,116
2019.01.24,19:53,1.13022,1.13029,1.13011,1.1302,94
2019.01.24,19:54,1.13019,1.13022,1.13004,1.13011,86
2019.01.24,19:55,1.13011,1.13021,1.13005,1.13013,83
2019.01.24,19:56,1.13013,1.13013,1.12959,1.12975,149
2019.01.24,19:57,1.12976,1.12979,1.12947,1.12951,155
2019.01.24,19:58,1.12952,1.12984,1.12952,1.12954,143
2019.01.24,19:59,1.12957,1.13001,1.12955,1.12992,182
2019.01.24,20:00,1.12992,1.12992,1.12956,1.12959,140
2019.01.24,20:01,1.12959,1.12964,1.12929,1.12931,135
2019.01.24,20:02,1.12932,1.1297,1.12931,1.12967,135
2019.01.24,20:03,1.12969,1.12969,1.12923,1.12948,125
2019.01.24,20:04,1.12945,1.12976,1.12941,1.12968,114
2019.01.24,20:05,1.12969,1.12985,1.12958,1.12965,138
2019.01.24,20:06,1.12968,1.12978,1.12962,1.12972,58
2019.01.24,20:07,1.12971,1.12987,1.12961,1.12976,80
2019.01.24,20:08,1.12978,1.13004,1.12978,1.13002,121
2019.01.24,20:09,1.13,1.13006,1.12993,1.12996,102
2019.01.24,20:10,1.12995,1.13,1.12988,1.12999,122
2019.01.24,20:11,1.12999,1.13001,1.12989,1.12991,72
2019.01.24,20:12,1.12992,1.13001,1.12986,1.12999,81
2019.01.24,20:13,1.13,1.13001,1.12988,1.13,34
2019.01.24,20:14,1.13003,1.13005,1.12983,1.12991,71
2019.01.24,20:15,1.12991,1.12995,1.12984,1.12985,77
2019.01.24,20:16,1.12986,1.13008,1.12986,1.12994,98
2019.01.24,20:17,1.12992,1.12994,1.12983,1.12985,56
2019.01.24,20:18,1.12985,1.12985,1.12957,1.12961,93
2019.01.24,20:19,1.1296,1.12965,1.12944,1.12964,99
2019.01.24,20:20,1.12964,1.12992,1.12959,1.12985,76
2019.01.24,20:21,1.12982,1.12998,1.12982,1.12992,76
2019.01.24,20:22,1.12992,1.13003,1.12985,1.12994,114
2019.01.24,20:23,1.12991,1.13003,1.12986,1.13,76
2019.01.24,20:24,1.13002,1.13004,1.12984,1.12995,76
2019.01.24,20:25,1.12995,1.12995,1.1297,1.1297,55
2019.01.24,20:26,1.12968,1.12997,1.12964,1.12991,108
2019.01.24,20:27,1.1299,1.13018,1.1299,1.13008,98
2019.01.24,20:28,1.13007,1.13008,1.12991,1.12996,83
2019.01.24,20:29,1.12997,1.12998,1.12989,1.12993,46
2019.01.24,20:30,1.1299,1.12995,1.12984,1.12995,82
2019.01.24,20:31,1.12995,1.13003,1.12988,1.12997,82
2019.01.24,20:32,1.12999,1.13002,1.12993,1.12996,65
2019.01.24,20:33,1.12996,1.12998,1.12988,1.12995,40
2019.01.24,20:34,1.12995,1.13002,1.12991,1.12991,56
2019.01.24,20:35,1.12994,1.12996,1.1296,1.12984,125
2019.01.24,20:36,1.12982,1.12986,1.1298,1.12985,34
2019.01.24,20:37,1.12983,1.12983,1.12973,1.12979,56
2019.01.24,20:38,1.1298,1.12998,1.12979,1.12994,55
2019.01.24,20:39,1.12991,1.13012,1.12989,1.13012,90
2019.01.24,20:40,1.13011,1.13016,1.1299,1.13002,81
2019.01.24,20:41,1.13002,1.13015,1.12994,1.13012,65
2019.01.24,20:42,1.13012,1.1302,1.1301,1.13018,55
2019.01.24,20:43,1.13018,1.13023,1.13012,1.13013,69
2019.01.24,20:44,1.13014,1.13016,1.13003,1.1301,62
2019.01.24,20:45,1.13009,1.1301,1.12989,1.1299,51
2019.01.24,20:46,1.12989,1.13007,1.12989,1.13007,77
2019.01.24,20:47,1.13012,1.13014,1.13001,1.13004,84
2019.01.24,20:48,1.13004,1.13013,1.13004,1.13012,57
2019.01.24,20:49,1.13012,1.13013,1.13,1.13001,64
2019.01.24,20:50,1.13,1.13,1.12984,1.1299,80
2019.01.24,20:51,1.1299,1.12991,1.1298,1.1298,34
2019.01.24,20:52,1.12981,1.12987,1.12973,1.12985,101
2019.01.24,20:53,1.12986,1.13,1.12985,1.12999,61
2019.01.24,20:54,1.13,1.13005,1.13,1.13,25
2019.01.24,20:55,1.13,1.13002,1.13,1.13,10
2019.01.24,20:56,1.13,1.13008,1.13,1.13001,34
2019.01.24,20:57,1.13,1.13005,1.12995,1.13005,43
2019.01.24,20:58,1.13007,1.13024,1.13005,1.13024,138
2019.01.24,20:59,1.13023,1.13038,1.1302,1.13038,93
2019.01.24,21:00,1.13038,1.13057,1.13033,1.13051,152
2019.01.24,21:01,1.1305,1.1306,1.13045,1.13055,96
2019.01.24,21:02,1.13056,1.13061,1.13039,1.13039,73
2019.01.24,21:03,1.13039,1.13039,1.13008,1.13008,106
2019.01.24,21:04,1.13007,1.13013,1.12999,1.13003,114
2019.01.24,21:05,1.13004,1.13013,1.13004,1.13006,71
2019.01.24,21:06,1.13006,1.1301,1.12989,1.12993,72
2019.01.24,21:07,1.12993,1.12993,1.12959,1.12962,138
2019.01.24,21:08,1.1296,1.12962,1.12944,1.12952,92
2019.01.24,21:09,1.12953,1.12964,1.1295,1.12963,93
2019.01.24,21:10,1.12962,1.12978,1.12962,1.12963,101
2019.01.24,21:11,1.12965,1.1297,1.12957,1.12958,82
2019.01.24,21:12,1.12958,1.12959,1.12896,1.12897,147
2019.01.24,21:13,1.12897,1.12914,1.12893,1.12905,119
2019.01.24,21:14,1.12908,1.12925,1.12908,1.12923,77
2019.01.24,21:15,1.12921,1.12928,1.12916,1.12927,96
2019.01.24,21:16,1.12928,1.12956,1.12924,1.12955,85
2019.01.24,21:17,1.12956,1.12966,1.12949,1.1296,88
2019.01.24,21:18,1.1296,1.1296,1.12934,1.12936,87
2019.01.24,21:19,1.12935,1.12938,1.12929,1.12929,57
2019.01.24,21:20,1.1293,1.12938,1.12929,1.12933,49
2019.01.24,21:21,1.12933,1.12936,1.12928,1.12934,46
2019.01.24,21:22,1.12933,1.12935,1.12927,1.12931,51
2019.01.24,21:23,1.12931,1.12944,1.12922,1.12943,73
2019.01.24,21:24,1.1294,1.12954,1.12939,1.12953,53
2019.01.24,21:25,1.12955,1.12959,1.12949,1.12958,52
2019.01.24,21:26,1.12956,1.12956,1.1294,1.12952,83
2019.01.24,21:27,1.12951,1.1296,1.12947,1.12949,63
2019.01.24,21:28,1.12949,1.12963,1.12949,1.12959,38
2019.01.24,21:29,1.12957,1.12962,1.12943,1.12961,65
2019.01.24,21:30,1.12961,1.12979,1.12961,1.12979,60
2019.01.24,21:31,1.12979,1.12983,1.12965,1.12978,131
2019.01.24,21:32,1.12978,1.12986,1.12973,1.1298,68
2019.01.24,21:33,1.12983,1.12999,1.12982,1.12997,71
2019.01.24,21:34,1.12997,1.13,1.12991,1.12995,91
2019.01.24,21:35,1.12995,1.13001,1.12983,1.12989,85
2019.01.24,21:36,1.12988,1.12993,1.1298,1.12989,83
2019.01.24,21:37,1.12987,1.12994,1.12981,1.12981,59
2019.01.24,21:38,1.12986,1.13003,1.12984,1.12999,69
2019.01.24,21:39,1.13,1.13006,1.12994,1.13001,70
2019.01.24,21:40,1.13001,1.13008,1.12991,1.13004,90
2019.01.24,21:41,1.13003,1.13008,1.13,1.13002,36
2019.01.24,21:42,1.13002,1.13003,1.12985,1.12993,50
2019.01.24,21:43,1.12996,1.13025,1.12996,1.13023,70
2019.01.24,21:44,1.13022,1.13023,1.13009,1.13009,51
2019.01.24,21:45,1.13009,1.13023,1.13008,1.13023,66
2019.01.24,21:46,1.13024,1.13029,1.1302,1.13024,84
2019.01.24,21:47,1.13023,1.13024,1.13017,1.1302,46
2019.01.24,21:48,1.13019,1.13028,1.13019,1.13028,19
2019.01.24,21:49,1.13028,1.13028,1.13017,1.13019,69
2019.01.24,21:50,1.13021,1.13025,1.13016,1.13024,40
2019.01.24,21:51,1.13024,1.13027,1.13017,1.13018,58
2019.01.24,21:52,1.13017,1.13039,1.13017,1.13038,26
2019.01.24,21:53,1.13039,1.13042,1.13033,1.13033,32
2019.01.24,21:54,1.13035,1.13035,1.13025,1.13033,25
2019.01.24,21:55,1.13033,1.13038,1.13023,1.13037,61
2019.01.24,21:56,1.13038,1.13044,1.13037,1.13044,30
2019.01.24,21:57,1.13042,1.13056,1.13042,1.13042,64
2019.01.24,21:58,1.13041,1.13043,1.13022,1.13024,67
2019.01.24,21:59,1.13023,1.13027,1.12987,1.12989,158
2019.01.24,22:00,1.12987,1.13004,1.1298,1.12999,126
2019.01.24,22:01,1.12999,1.12999,1.12988,1.12989,49
2019.01.24,22:02,1.12988,1.13013,1.12987,1.13011,50
2019.01.24,22:03,1.13009,1.13017,1.13004,1.13017,58
2019.01.24,22:04,1.13016,1.13032,1.13009,1.13024,87
2019.01.24,22:05,1.13024,1.13034,1.13019,1.1303,74
2019.01.24,22:06,1.1303,1.13031,1.13012,1.13016,60
2019.01.24,22:07,1.13015,1.13032,1.13015,1.13025,34
2019.01.24,22:08,1.13025,1.13033,1.13023,1.13024,45
2019.01.24,22:09,1.13026,1.13032,1.1302,1.1303,58
2019.01.24,22:10,1.13032,1.13033,1.13026,1.13026,31
2019.01.24,22:11,1.13025,1.13028,1.13019,1.13023,58
2019.01.24,22:12,1.13023,1.13027,1.13022,1.13027,37
2019.01.24,22:13,1.13028,1.13033,1.13014,1.13018,104
2019.01.24,22:14,1.13017,1.13019,1.13013,1.13017,45
2019.01.24,22:15,1.13017,1.13023,1.13016,1.13023,46
2019.01.24,22:16,1.13022,1.13027,1.13019,1.13027,67
2019.01.24,22:17,1.13026,1.13033,1.13022,1.13026,68
2019.01.24,22:18,1.13028,1.13032,1.1302,1.13027,59
2019.01.24,22:19,1.1303,1.13038,1.13028,1.13037,61
2019.01.24,22:20,1.13038,1.13044,1.13033,1.13042,47
2019.01.24,22:21,1.13043,1.13043,1.13032,1.13033,31
2019.01.24,22:22,1.13034,1.13053,1.13034,1.1305,61
2019.01.24,22:23,1.1305,1.13054,1.13045,1.13051,39
2019.01.24,22:24,1.1305,1.13064,1.1305,1.13052,57
2019.01.24,22:25,1.13053,1.13056,1.13045,1.13048,61
2019.01.24,22:26,1.1305,1.13062,1.13048,1.13059,55
2019.01.24,22:27,1.13059,1.13062,1.13054,1.13054,29
2019.01.24,22:28,1.13053,1.13053,1.13043,1.13049,43
2019.01.24,22:29,1.13047,1.13062,1.13042,1.1306,61
2019.01.24,22:30,1.13061,1.13065,1.13057,1.13061,75
2019.01.24,22:31,1.1306,1.13075,1.1306,1.13072,65
2019.01.24,22:32,1.13071,1.13077,1.13069,1.13069,40
2019.01.24,22:33,1.1307,1.13082,1.1307,1.13074,77
2019.01.24,22:34,1.13074,1.13084,1.13072,1.1308,65
2019.01.24,22:35,1.13078,1.13079,1.1307,1.13077,52
2019.01.24,22:36,1.13076,1.13093,1.13075,1.1308,54
2019.01.24,22:37,1.13082,1.13088,1.1308,1.1308,47
2019.01.24,22:38,1.1308,1.13093,1.1308,1.13083,46
2019.01.24,22:39,1.13083,1.13089,1.13081,1.13083,64
2019.01.24,22:40,1.13082,1.13092,1.13081,1.13087,82
2019.01.24,22:41,1.13086,1.1309,1.1308,1.13081,41
2019.01.24,22:42,1.1308,1.13083,1.13078,1.13082,40
2019.01.24,22:43,1.13082,1.13093,1.13081,1.13085,38
2019.01.24,22:44,1.13086,1.13086,1.13072,1.13072,40
2019.01.24,22:45,1.13071,1.13079,1.13071,1.13079,32
2019.01.24,22:46,1.1308,1.13083,1.13072,1.13083,39
2019.01.24,22:47,1.13084,1.13087,1.13077,1.13081,39
2019.01.24,22:48,1.13083,1.13085,1.13081,1.13083,36
2019.01.24,22:49,1.13083,1.13093,1.13083,1.13088,61
2019.01.24,22:50,1.13087,1.13094,1.13082,1.13091,52
2019.01.24,22:51,1.1309,1.13099,1.13089,1.13091,70
2019.01.24,22:52,1.13096,1.13099,1.13094,1.13094,32
2019.01.24,22:53,1.13094,1.13094,1.13091,1.13091,39
2019.01.24,22:54,1.13092,1.13092,1.13088,1.13088,46
2019.01.24,22:55,1.13089,1.13099,1.13089,1.13089,32
2019.01.24,22:56,1.13089,1.13092,1.13089,1.1309,12
2019.01.24,22:57,1.13091,1.13094,1.13089,1.13092,45
2019.01.24,22:58,1.13092,1.13113,1.1309,1.131,78
2019.01.24,22:59,1.13103,1.13104,1.13078,1.13079,117
2019.01.24,23:00,1.13079,1.13101,1.13076,1.13084,107
2019.01.24,23:01,1.13083,1.13099,1.13078,1.13092,66
2019.01.24,23:02,1.13091,1.13097,1.13084,1.13092,45
2019.01.24,23:03,1.13091,1.13093,1.13081,1.13081,54
2019.01.24,23:04,1.13081,1.13084,1.13079,1.13083,61
2019.01.24,23:05,1.13083,1.13088,1.13078,1.13086,45
2019.01.24,23:06,1.13087,1.13094,1.13086,1.13093,30
2019.01.24,23:07,1.13094,1.13098,1.13092,1.13095,24
2019.01.24,23:08,1.13095,1.13095,1.13093,1.13095,12
2019.01.24,23:09,1.13094,1.13094,1.13089,1.13093,13
2019.01.24,23:10,1.13093,1.13099,1.13092,1.13098,26
2019.01.24,23:11,1.13099,1.13104,1.13098,1.13103,12
2019.01.24,23:12,1.13103,1.13108,1.13103,1.13105,37
2019.01.24,23:13,1.13105,1.13109,1.13105,1.13109,18
2019.01.24,23:14,1.13109,1.1312,1.13109,1.13118,39
2019.01.24,23:15,1.13118,1.13118,1.13114,1.13114,30
2019.01.24,23:16,1.13116,1.13127,1.13116,1.13126,35
2019.01.24,23:17,1.13125,1.13127,1.13122,1.13125,35
2019.01.24,23:18,1.13125,1.13125,1.13121,1.13123,27
2019.01.24,23:19,1.13124,1.13124,1.1312,1.1312,9
2019.01.24,23:20,1.13119,1.13132,1.13118,1.1313,27
2019.01.24,23:21,1.13129,1.13134,1.13129,1.13129,33
2019.01.24,23:22,1.1313,1.13132,1.1313,1.13132,6
2019.01.24,23:23,1.13131,1.13134,1.13131,1.13134,6
2019.01.24,23:24,1.13133,1.13136,1.13133,1.13134,7
2019.01.24,23:25,1.13133,1.13136,1.13133,1.13136,10
2019.01.24,23:26,1.13136,1.13136,1.13135,1.13135,12
2019.01.24,23:27,1.13133,1.13135,1.1313,1.1313,16
2019.01.24,23:28,1.1313,1.1313,1.13123,1.13125,15
2019.01.24,23:29,1.13123,1.13129,1.13122,1.13127,22
2019.01.24,23:30,1.13127,1.13133,1.13106,1.13107,47
2019.01.24,23:31,1.13108,1.13113,1.13076,1.13078,63
2019.01.24,23:32,1.13078,1.13088,1.13078,1.13083,45
2019.01.24,23:33,1.13084,1.13087,1.13079,1.13085,44
2019.01.24,23:34,1.13085,1.13086,1.13078,1.13082,34
2019.01.24,23:35,1.13082,1.13083,1.13081,1.13081,21
2019.01.24,23:36,1.13081,1.13085,1.13081,1.13085,12
2019.01.24,23:37,1.13084,1.13085,1.1308,1.1308,30
2019.01.24,23:38,1.1308,1.13083,1.13078,1.13079,34
2019.01.24,23:39,1.13079,1.13079,1.13058,1.13067,59
2019.01.24,23:40,1.13067,1.13068,1.13063,1.13066,56
2019.01.24,23:41,1.13066,1.13067,1.13057,1.13057,42
2019.01.24,23:42,1.13057,1.13063,1.13057,1.13059,45
2019.01.24,23:43,1.13059,1.1306,1.1305,1.13054,44
2019.01.24,23:44,1.13054,1.13055,1.13042,1.1305,64
2019.01.24,23:45,1.13052,1.13055,1.13049,1.1305,34
2019.01.24,23:46,1.13049,1.13051,1.13047,1.13049,29
2019.01.24,23:47,1.13049,1.13049,1.13044,1.13044,32
2019.01.24,23:48,1.13045,1.13054,1.13045,1.1305,23
2019.01.24,23:49,1.13049,1.13053,1.13049,1.13051,17
2019.01.24,23:50,1.1305,1.13054,1.13047,1.13053,38
2019.01.24,23:51,1.13052,1.13052,1.1304,1.1304,19
2019.01.24,23:52,1.13041,1.13041,1.13035,1.13035,13
2019.01.24,23:53,1.13034,1.13036,1.1302,1.1302,71
2019.01.24,23:54,1.13019,1.13024,1.13014,1.13024,24
2019.01.24,23:55,1.13023,1.13028,1.1302,1.13027,39
2019.01.24,23:56,1.13027,1.13027,1.13024,1.13027,11
2019.01.24,23:57,1.1306,1.13072,1.1306,1.13069,13
2019.01.24,23:58,1.1307,1.13077,1.13063,1.13074,50
2019.01.24,23:59,1.13074,1.13074,1.13038,1.13039,136
2019.01.25,00:00,1.13027,1.1303,1.12998,1.13008,7
2019.01.25,00:01,1.13005,1.13035,1.13005,1.13008,9
2019.01.25,00:02,1.13008,1.13029,1.13003,1.13029,11
2019.01.25,00:03,1.1303,1.13038,1.1303,1.13038,9
2019.01.25,00:04,1.13038,1.13039,1.13038,1.13039,8
2019.01.25,00:05,1.1304,1.13043,1.13017,1.13019,45
2019.01.25,00:06,1.13017,1.13021,1.13013,1.1302,52
2019.01.25,00:07,1.13018,1.13038,1.13015,1.13038,31
2019.01.25,00:08,1.13048,1.13048,1.13048,1.13048,12
2019.01.25,00:09,1.13048,1.13061,1.13048,1.13048,19
2019.01.25,00:10,1.13048,1.1305,1.13048,1.13048,14
2019.01.25,00:11,1.13048,1.13048,1.13048,1.13048,11
2019.01.25,00:12,1.13049,1.13049,1.13048,1.13048,2
2019.01.25,00:13,1.13048,1.1305,1.13048,1.13048,11
2019.01.25,00:14,1.13048,1.13054,1.13048,1.13054,11
2019.01.25,00:15,1.13055,1.13055,1.13015,1.13031,42
2019.01.25,00:16,1.13029,1.13037,1.13006,1.13017,41
2019.01.25,00:17,1.13016,1.13025,1.13016,1.13021,13
2019.01.25,00:18,1.1302,1.13023,1.13016,1.13016,18
2019.01.25,00:19,1.13018,1.13027,1.13018,1.13025,13
2019.01.25,00:20,1.13021,1.13039,1.13019,1.13031,63
2019.01.25,00:21,1.13032,1.13034,1.13029,1.13033,24
2019.01.25,00:22,1.1303,1.13055,1.13016,1.13018,40
2019.01.25,00:23,1.13019,1.13021,1.13017,1.13018,30
2019.01.25,00:24,1.13018,1.1303,1.13011,1.13015,22
2019.01.25,00:25,1.13014,1.13016,1.13012,1.13014,32
2019.01.25,00:26,1.13014,1.13016,1.13013,1.13015,19
2019.01.25,00:27,1.13015,1.13016,1.13012,1.13014,26
2019.01.25,00:28,1.13014,1.13015,1.13013,1.13015,19
2019.01.25,00:29,1.13013,1.13021,1.13012,1.13019,29
2019.01.25,00:30,1.13017,1.13029,1.13011,1.13028,24
2019.01.25,00:31,1.13028,1.13038,1.13027,1.13033,17
2019.01.25,00:32,1.13033,1.13043,1.13033,1.13043,11
2019.01.25,00:33,1.13039,1.13043,1.13008,1.13025,53
2019.01.25,00:34,1.13025,1.13025,1.13019,1.13023,15
2019.01.25,00:35,1.13023,1.13025,1.13023,1.13024,10
2019.01.25,00:36,1.13024,1.13024,1.13024,1.13024,13
2019.01.25,00:37,1.13024,1.13024,1.13004,1.13009,38
2019.01.25,00:38,1.13009,1.13015,1.13004,1.13009,59
2019.01.25,00:39,1.13009,1.1301,1.13009,1.1301,10
2019.01.25,00:40,1.13009,1.13018,1.13009,1.13012,16
2019.01.25,00:41,1.13012,1.13012,1.1301,1.1301,6
2019.01.25,00:42,1.13011,1.13033,1.13011,1.1302,67
2019.01.25,00:43,1.1302,1.1302,1.13006,1.13009,36
2019.01.25,00:44,1.13009,1.13021,1.13009,1.13019,85
2019.01.25,00:45,1.13019,1.13026,1.13019,1.13021,67
2019.01.25,00:46,1.13022,1.13022,1.13016,1.13016,69
2019.01.25,00:47,1.13016,1.13022,1.13015,1.13022,85
2019.01.25,00:48,1.13022,1.13022,1.13017,1.13021,117
2019.01.25,00:49,1.13021,1.13026,1.13021,1.13025,12
2019.01.25,00:50,1.13025,1.13028,1.13024,1.13025,49
2019.01.25,00:51,1.13025,1.13027,1.13024,1.13024,18
2019.01.25,00:52,1.13024,1.13026,1.13024,1.13024,22
2019.01.25,00:53,1.13024,1.13025,1.1302,1.13024,66
2019.01.25,00:54,1.13025,1.13027,1.13024,1.13027,28
2019.01.25,00:55,1.13027,1.13031,1.13027,1.13031,34
2019.01.25,00:56,1.13031,1.13035,1.13028,1.13035,44
2019.01.25,00:57,1.13035,1.13035,1.13021,1.13025,61
2019.01.25,00:58,1.13024,1.13025,1.13018,1.1302,79
2019.01.25,00:59,1.13023,1.13023,1.13013,1.13015,60
2019.01.25,01:00,1.13015,1.13044,1.13015,1.13034,253
2019.01.25,01:01,1.13035,1.13037,1.13028,1.13028,99
2019.01.25,01:02,1.13028,1.13028,1.13013,1.13014,75
2019.01.25,01:03,1.13015,1.13015,1.13008,1.13014,47
2019.01.25,01:04,1.13014,1.13015,1.13007,1.13008,39
2019.01.25,01:05,1.13009,1.13015,1.13009,1.13009,58
2019.01.25,01:06,1.13011,1.13016,1.13011,1.13016,32
2019.01.25,01:07,1.13015,1.13017,1.13012,1.13017,41
2019.01.25,01:08,1.13017,1.13019,1.13013,1.13016,54
2019.01.25,01:09,1.13017,1.13019,1.13015,1.13018,23
2019.01.25,01:10,1.13019,1.13023,1.13017,1.13023,43
2019.01.25,01:11,1.13021,1.13027,1.13019,1.13025,64
2019.01.25,01:12,1.13026,1.13035,1.13023,1.13035,50
2019.01.25,01:13,1.13034,1.13048,1.13033,1.13048,43
2019.01.25,01:14,1.13049,1.13061,1.13042,1.13057,68
2019.01.25,01:15,1.13056,1.13058,1.13037,1.1304,54
2019.01.25,01:16,1.13041,1.13046,1.13039,1.13043,67
2019.01.25,01:17,1.13043,1.13054,1.13043,1.13052,75
2019.01.25,01:18,1.13051,1.13062,1.13049,1.13053,72
2019.01.25,01:19,1.13053,1.13072,1.13053,1.13068,44
2019.01.25,01:20,1.13068,1.13069,1.13061,1.13068,28
2019.01.25,01:21,1.13066,1.13073,1.13066,1.13066,15
2019.01.25,01:22,1.13067,1.13067,1.13057,1.13058,14
2019.01.25,01:23,1.13059,1.13059,1.13037,1.13038,24
2019.01.25,01:24,1.13038,1.13039,1.13032,1.13036,26
2019.01.25,01:25,1.13035,1.13043,1.13033,1.13033,38
2019.01.25,01:26,1.13034,1.13046,1.13034,1.13041,34
2019.01.25,01:27,1.1304,1.13048,1.13039,1.13048,31
2019.01.25,01:28,1.13049,1.13049,1.13041,1.13041,31
2019.01.25,01:29,1.13042,1.13043,1.13041,1.13041,24
2019.01.25,01:30,1.1304,1.13046,1.1304,1.13043,26
2019.01.25,01:31,1.13042,1.13049,1.13042,1.13047,25
2019.01.25,01:32,1.13049,1.13065,1.13049,1.13062,46
2019.01.25,01:33,1.13061,1.13065,1.13061,1.13062,18
2019.01.25,01:34,1.13062,1.13071,1.13062,1.1307,32
2019.01.25,01:35,1.1307,1.13075,1.1307,1.13071,25
2019.01.25,01:36,1.13072,1.13075,1.13068,1.13068,23
2019.01.25,01:37,1.13071,1.13074,1.13067,1.1307,43
2019.01.25,01:38,1.1307,1.13073,1.13068,1.13072,23
2019.01.25,01:39,1.13072,1.13072,1.13072,1.13072,1
2019.01.25,01:40,1.13073,1.13079,1.13073,1.13076,22
2019.01.25,01:41,1.13077,1.13078,1.13076,1.13077,11
2019.01.25,01:42,1.13077,1.13077,1.13062,1.13066,22
2019.01.25,01:43,1.13066,1.13077,1.13066,1.13076,38
2019.01.25,01:44,1.13076,1.13084,1.13072,1.1308,37
2019.01.25,01:45,1.1308,1.13089,1.13077,1.13078,44
2019.01.25,01:46,1.13077,1.13085,1.13077,1.13081,27
2019.01.25,01:47,1.13082,1.131,1.13078,1.13098,97
2019.01.25,01:48,1.13097,1.13154,1.13097,1.13138,207
2019.01.25,01:49,1.1314,1.13142,1.13114,1.13116,93
2019.01.25,01:50,1.13118,1.13119,1.13107,1.13114,72
2019.01.25,01:51,1.13113,1.13119,1.13106,1.13119,46
2019.01.25,01:52,1.13118,1.13126,1.13113,1.13113,61
2019.01.25,01:53,1.13112,1.13113,1.13106,1.13111,54
2019.01.25,01:54,1.13112,1.13116,1.13111,1.13116,38
2019.01.25,01:55,1.13117,1.13118,1.1311,1.13112,44
2019.01.25,01:56,1.13111,1.13121,1.13111,1.13117,56
2019.01.25,01:57,1.13117,1.13124,1.13114,1.13122,76
2019.01.25,01:58,1.13121,1.13126,1.13107,1.13125,85
2019.01.25,01:59,1.13125,1.13131,1.13124,1.13127,36
2019.01.25,02:00,1.13126,1.13126,1.13084,1.13084,101
2019.01.25,02:01,1.13083,1.13095,1.13083,1.13086,114
2019.01.25,02:02,1.13087,1.13104,1.13086,1.13099,45
2019.01.25,02:03,1.13098,1.13099,1.13084,1.13084,46
2019.01.25,02:04,1.13085,1.13092,1.13076,1.13088,53
2019.01.25,02:05,1.13088,1.13088,1.13064,1.13065,101
2019.01.25,02:06,1.13065,1.13075,1.13058,1.13069,82
2019.01.25,02:07,1.13068,1.13071,1.13064,1.13067,35
2019.01.25,02:08,1.13066,1.13066,1.1306,1.1306,41
2019.01.25,02:09,1.1306,1.1306,1.1305,1.13053,78
2019.01.25,02:10,1.13054,1.13079,1.13054,1.13078,93
2019.01.25,02:11,1.13077,1.13077,1.13067,1.13074,68
2019.01.25,02:12,1.13075,1.13077,1.13067,1.13076,45
2019.01.25,02:13,1.13077,1.13098,1.13077,1.13093,76
2019.01.25,02:14,1.13095,1.13101,1.13088,1.1309,50
2019.01.25,02:15,1.1309,1.13118,1.13089,1.13117,99
2019.01.25,02:16,1.13116,1.1313,1.13113,1.13117,120
2019.01.25,02:17,1.13117,1.13117,1.1311,1.13112,66
2019.01.25,02:18,1.13111,1.13114,1.13111,1.13111,19
2019.01.25,02:19,1.1311,1.13124,1.13096,1.13109,118
2019.01.25,02:20,1.13108,1.13124,1.13107,1.13124,120
2019.01.25,02:21,1.13124,1.13124,1.13117,1.13118,69
2019.01.25,02:22,1.13119,1.1313,1.13116,1.1313,50
2019.01.25,02:23,1.1313,1.13138,1.1313,1.13134,54
2019.01.25,02:24,1.13135,1.13139,1.13131,1.13133,30
2019.01.25,02:25,1.13133,1.13148,1.13133,1.13142,85
2019.01.25,02:26,1.13141,1.13142,1.13127,1.13127,49
2019.01.25,02:27,1.13127,1.13134,1.13123,1.13132,63
2019.01.25,02:28,1.13133,1.13133,1.13123,1.13133,35
2019.01.25,02:29,1.13134,1.13144,1.13133,1.13143,37
2019.01.25,02:30,1.13142,1.13143,1.13133,1.13134,59
2019.01.25,02:31,1.13134,1.13134,1.13116,1.13117,60
2019.01.25,02:32,1.13116,1.13117,1.13111,1.13113,18
2019.01.25,02:33,1.13113,1.13116,1.13111,1.13116,15
2019.01.25,02:34,1.13117,1.13117,1.13111,1.13112,13
2019.01.25,02:35,1.13111,1.13112,1.13096,1.13097,36
2019.01.25,02:36,1.13096,1.13098,1.13075,1.13076,71
2019.01.25,02:37,1.13075,1.13093,1.13071,1.13091,60
2019.01.25,02:38,1.13092,1.13138,1.1309,1.13122,74
2019.01.25,02:39,1.13122,1.13124,1.13112,1.13116,60
2019.01.25,02:40,1.1312,1.13121,1.13105,1.13106,62
2019.01.25,02:41,1.13107,1.13112,1.13104,1.13104,33
2019.01.25,02:42,1.13102,1.13105,1.13092,1.13092,18
2019.01.25,02:43,1.13093,1.13098,1.13091,1.13096,31
2019.01.25,02:44,1.13097,1.131,1.13094,1.13098,35
2019.01.25,02:45,1.13099,1.13103,1.13099,1.13103,18
2019.01.25,02:46,1.13103,1.13103,1.13102,1.13102,8
2019.01.25,02:47,1.13102,1.13103,1.13101,1.13102,22
2019.01.25,02:48,1.13101,1.13102,1.13096,1.13097,22
2019.01.25,02:49,1.13096,1.13107,1.13096,1.13102,75
2019.01.25,02:50,1.13103,1.13114,1.13099,1.13109,63
2019.01.25,02:51,1.13108,1.1311,1.13107,1.13108,40
2019.01.25,02:52,1.13109,1.13114,1.13087,1.13089,97
2019.01.25,02:53,1.13089,1.1309,1.13079,1.13086,52
2019.01.25,02:54,1.13085,1.13087,1.13065,1.13067,101
2019.01.25,02:55,1.13066,1.13098,1.13066,1.13097,94
2019.01.25,02:56,1.13097,1.13104,1.13097,1.13103,36
2019.01.25,02:57,1.13102,1.13114,1.13102,1.13113,33
2019.01.25,02:58,1.13112,1.13115,1.13107,1.13107,24
2019.01.25,02:59,1.13108,1.13108,1.13101,1.13101,28
2019.01.25,03:00,1.13098,1.13107,1.13092,1.13092,69
2019.01.25,03:01,1.13095,1.13107,1.13091,1.13107,50
2019.01.25,03:02,1.13109,1.13123,1.13109,1.13121,32
2019.01.25,03:03,1.13122,1.13131,1.13118,1.13128,53
2019.01.25,03:04,1.13126,1.13132,1.13124,1.13132,47
2019.01.25,03:05,1.13128,1.13131,1.13116,1.13122,136
2019.01.25,03:06,1.13122,1.13122,1.13102,1.13105,66
2019.01.25,03:07,1.13105,1.13105,1.13096,1.13101,40
2019.01.25,03:08,1.131,1.13108,1.13097,1.13106,29
2019.01.25,03:09,1.13107,1.13113,1.13102,1.13108,33
2019.01.25,03:10,1.13108,1.13116,1.13107,1.13115,41
2019.01.25,03:11,1.13115,1.13116,1.13112,1.13113,32
2019.01.25,03:12,1.13113,1.13118,1.13111,1.13117,45
2019.01.25,03:13,1.13117,1.13119,1.13098,1.13099,75
2019.01.25,03:14,1.13099,1.13104,1.13098,1.13099,58
2019.01.25,03:15,1.13099,1.1311,1.13092,1.13104,69
2019.01.25,03:16,1.13103,1.13116,1.13099,1.13113,49
2019.01.25,03:17,1.13112,1.13117,1.13111,1.13114,67
2019.01.25,03:18,1.13114,1.13118,1.13091,1.13091,49
2019.01.25,03:19,1.13092,1.13101,1.1309,1.13097,22
2019.01.25,03:20,1.13097,1.13098,1.13092,1.13092,37
2019.01.25,03:21,1.13091,1.13099,1.1309,1.13092,60
2019.01.25,03:22,1.13091,1.13097,1.13087,1.13089,72
2019.01.25,03:23,1.13089,1.13097,1.13082,1.13092,64
2019.01.25,03:24,1.13094,1.13097,1.13082,1.13093,74
2019.01.25,03:25,1.13093,1.13093,1.13082,1.13085,55
2019.01.25,03:26,1.13084,1.13094,1.13084,1.13084,55
2019.01.25,03:27,1.13083,1.13087,1.13082,1.13085,23
2019.01.25,03:28,1.13084,1.13084,1.13073,1.13082,37
2019.01.25,03:29,1.13083,1.13092,1.1308,1.13082,64
2019.01.25,03:30,1.13083,1.13088,1.13075,1.13082,78
2019.01.25,03:31,1.13083,1.13092,1.13083,1.13084,44
2019.01.25,03:32,1.13083,1.13092,1.13078,1.13092,61
2019.01.25,03:33,1.13091,1.13098,1.13083,1.13093,93
2019.01.25,03:34,1.13094,1.13096,1.13092,1.13093,33
2019.01.25,03:35,1.13091,1.131,1.1309,1.131,53
2019.01.25,03:36,1.131,1.13104,1.13078,1.13094,106
2019.01.25,03:37,1.13093,1.13099,1.13089,1.13097,60
2019.01.25,03:38,1.13097,1.13102,1.1309,1.13095,48
2019.01.25,03:39,1.13095,1.13104,1.13093,1.13095,37
2019.01.25,03:40,1.13095,1.13104,1.13095,1.13096,53
2019.01.25,03:41,1.13096,1.13101,1.13096,1.13097,20
2019.01.25,03:42,1.13098,1.13102,1.13096,1.13097,45
2019.01.25,03:43,1.13098,1.13102,1.13097,1.13097,32
2019.01.25,03:44,1.13098,1.13102,1.13092,1.13092,37
2019.01.25,03:45,1.1309,1.1309,1.13066,1.13072,57
2019.01.25,03:46,1.13074,1.13083,1.13073,1.13077,49
2019.01.25,03:47,1.13078,1.13084,1.13066,1.13068,64
2019.01.25,03:48,1.13067,1.13068,1.13052,1.13066,53
2019.01.25,03:49,1.1307,1.13078,1.13066,1.13078,58
2019.01.25,03:50,1.13077,1.13082,1.13077,1.13082,20
2019.01.25,03:51,1.13081,1.13082,1.13075,1.13079,47
2019.01.25,03:52,1.13078,1.1308,1.13072,1.1308,34
2019.01.25,03:53,1.13082,1.13093,1.13082,1.1309,39
2019.01.25,03:54,1.1309,1.1309,1.13085,1.13088,30
2019.01.25,03:55,1.13087,1.13087,1.13082,1.13084,27
2019.01.25,03:56,1.13084,1.13087,1.13082,1.13084,50
2019.01.25,03:57,1.13083,1.13093,1.13082,1.13089,50
2019.01.25,03:58,1.1309,1.1309,1.13084,1.13084,12
2019.01.25,03:59,1.13083,1.13084,1.13077,1.13078,28
2019.01.25,04:00,1.1308,1.13081,1.13073,1.13074,33
2019.01.25,04:01,1.13076,1.13092,1.13076,1.13088,50
2019.01.25,04:02,1.13088,1.13091,1.13084,1.13089,24
2019.01.25,04:03,1.13088,1.13089,1.13074,1.13077,31
2019.01.25,04:04,1.13078,1.13084,1.13073,1.13079,41
2019.01.25,04:05,1.1308,1.13094,1.1308,1.13092,25
2019.01.25,04:06,1.13093,1.13093,1.13088,1.1309,36
2019.01.25,04:07,1.13089,1.1309,1.13085,1.13087,27
2019.01.25,04:08,1.13086,1.1309,1.13083,1.1309,34
2019.01.25,04:09,1.13089,1.13096,1.13088,1.13092,46
2019.01.25,04:10,1.13092,1.13095,1.1309,1.13095,28
2019.01.25,04:11,1.13095,1.13097,1.13094,1.13095,19
2019.01.25,04:12,1.13095,1.13105,1.13093,1.13093,37
2019.01.25,04:13,1.13093,1.13093,1.13088,1.13088,44
2019.01.25,04:14,1.13088,1.13099,1.13082,1.13099,44
2019.01.25,04:15,1.13098,1.13101,1.13092,1.13095,22
2019.01.25,04:16,1.13096,1.131,1.13094,1.13095,33
2019.01.25,04:17,1.13094,1.13095,1.13094,1.13095,9
2019.01.25,04:18,1.13095,1.13099,1.13094,1.13097,36
2019.01.25,04:19,1.13098,1.13103,1.13098,1.13102,33
2019.01.25,04:20,1.13103,1.13107,1.13102,1.13105,49
2019.01.25,04:21,1.13106,1.13108,1.13102,1.13106,46
2019.01.25,04:22,1.13107,1.1311,1.13105,1.13109,32
2019.01.25,04:23,1.13109,1.13112,1.13107,1.13112,32
2019.01.25,04:24,1.13112,1.13114,1.13107,1.13107,19
2019.01.25,04:25,1.13109,1.13113,1.13108,1.13112,19
2019.01.25,04:26,1.13112,1.13113,1.13108,1.13112,30
2019.01.25,04:27,1.13113,1.13115,1.13109,1.13109,29
2019.01.25,04:28,1.1311,1.13113,1.13109,1.13113,16
2019.01.25,04:29,1.13114,1.1312,1.13112,1.13115,29
2019.01.25,04:30,1.13114,1.13128,1.13114,1.13125,53
2019.01.25,04:31,1.13125,1.13137,1.13116,1.1313,79
2019.01.25,04:32,1.13129,1.13132,1.13128,1.13128,31
2019.01.25,04:33,1.13129,1.1313,1.13127,1.13129,15
2019.01.25,04:34,1.13131,1.13137,1.13131,1.13135,26
2019.01.25,04:35,1.13134,1.13137,1.13133,1.13136,47
2019.01.25,04:36,1.13136,1.13149,1.13135,1.13143,42
2019.01.25,04:37,1.13144,1.13149,1.1314,1.13144,33
2019.01.25,04:38,1.13145,1.13152,1.13144,1.1315,61
2019.01.25,04:39,1.13151,1.13163,1.13149,1.1316,121
2019.01.25,04:40,1.13159,1.13164,1.13154,1.13164,60
2019.01.25,04:41,1.13164,1.13164,1.13153,1.1316,86
2019.01.25,04:42,1.1316,1.13161,1.13157,1.13159,24
2019.01.25,04:43,1.1316,1.1317,1.1316,1.13169,70
2019.01.25,04:44,1.13168,1.13184,1.13167,1.13184,82
2019.01.25,04:45,1.13183,1.13184,1.13169,1.13183,90
2019.01.25,04:46,1.13184,1.13185,1.13182,1.13183,23
2019.01.25,04:47,1.13184,1.13189,1.13181,1.13185,64
2019.01.25,04:48,1.13184,1.13184,1.13167,1.13169,45
2019.01.25,04:49,1.13169,1.13179,1.13168,1.13179,33
2019.01.25,04:50,1.13179,1.13193,1.13179,1.13192,52
2019.01.25,04:51,1.1319,1.1319,1.13183,1.13185,41
2019.01.25,04:52,1.13186,1.13193,1.13184,1.13193,42
2019.01.25,04:53,1.13193,1.13199,1.13187,1.13188,35
2019.01.25,04:54,1.13188,1.13191,1.13185,1.13189,62
2019.01.25,04:55,1.13189,1.13194,1.13188,1.13193,54
2019.01.25,04:56,1.13194,1.13195,1.13193,1.13194,13
2019.01.25,04:57,1.13193,1.13202,1.13192,1.132,58
2019.01.25,04:58,1.13201,1.13206,1.13198,1.13198,34
2019.01.25,04:59,1.132,1.13205,1.13196,1.13204,32
2019.01.25,05:00,1.13203,1.13206,1.13197,1.13203,49
2019.01.25,05:01,1.13204,1.13211,1.13202,1.13204,57
2019.01.25,05:02,1.13204,1.13209,1.13203,1.13208,49
2019.01.25,05:03,1.13209,1.13211,1.13204,1.13204,43
2019.01.25,05:04,1.13203,1.13216,1.13199,1.13214,90
2019.01.25,05:05,1.13213,1.13226,1.13211,1.13224,84
2019.01.25,05:06,1.13223,1.13227,1.13219,1.1322,46
2019.01.25,05:07,1.13219,1.13235,1.13219,1.13233,71
2019.01.25,05:08,1.13233,1.13236,1.13228,1.13228,45
2019.01.25,05:09,1.1323,1.13231,1.13219,1.13222,80
2019.01.25,05:10,1.13222,1.13222,1.13205,1.13214,73
2019.01.25,05:11,1.13213,1.13213,1.13198,1.13201,83
2019.01.25,05:12,1.132,1.13203,1.13195,1.13202,61
2019.01.25,05:13,1.13202,1.13202,1.13195,1.13199,69
2019.01.25,05:14,1.13199,1.13214,1.13199,1.13209,74
2019.01.25,05:15,1.1321,1.13213,1.13205,1.13213,45
2019.01.25,05:16,1.13214,1.13214,1.1321,1.13213,48
2019.01.25,05:17,1.13212,1.13213,1.13209,1.1321,38
2019.01.25,05:18,1.1321,1.1321,1.13202,1.13202,20
2019.01.25,05:19,1.13201,1.13204,1.13201,1.13203,35
2019.01.25,05:20,1.13202,1.13211,1.13202,1.13204,29
2019.01.25,05:21,1.13205,1.13205,1.13201,1.13202,12
2019.01.25,05:22,1.13202,1.13203,1.13198,1.13202,15
2019.01.25,05:23,1.13203,1.13203,1.13196,1.13199,33
2019.01.25,05:24,1.132,1.132,1.13187,1.13192,61
2019.01.25,05:25,1.13192,1.13193,1.13182,1.13186,41
2019.01.25,05:26,1.13186,1.13187,1.13184,1.13187,23
2019.01.25,05:27,1.13186,1.13188,1.13182,1.13187,27
2019.01.25,05:28,1.13188,1.13192,1.13185,1.1319,46
2019.01.25,05:29,1.1319,1.13197,1.13188,1.13189,36
2019.01.25,05:30,1.13191,1.13199,1.1319,1.13199,34
2019.01.25,05:31,1.13199,1.13204,1.13194,1.13203,24
2019.01.25,05:32,1.13203,1.13205,1.13196,1.13197,30
2019.01.25,05:33,1.13197,1.13205,1.13196,1.13204,30
2019.01.25,05:34,1.13203,1.13208,1.13201,1.13207,60
2019.01.25,05:35,1.13206,1.13224,1.13203,1.13224,111
2019.01.25,05:36,1.13223,1.13223,1.13214,1.13218,61
2019.01.25,05:37,1.13218,1.13222,1.13212,1.13215,49
2019.01.25,05:38,1.13216,1.13235,1.13216,1.13235,65
2019.01.25,05:39,1.13235,1.13238,1.13225,1.13237,71
2019.01.25,05:40,1.13238,1.13268,1.13233,1.13266,100
2019.01.25,05:41,1.13264,1.13267,1.13254,1.13256,64
2019.01.25,05:42,1.13254,1.13255,1.13248,1.13254,45
2019.01.25,05:43,1.13254,1.13254,1.13246,1.1325,38
2019.01.25,05:44,1.13249,1.13261,1.13247,1.13258,42
2019.01.25,05:45,1.13258,1.13258,1.13247,1.13249,45
2019.01.25,05:46,1.13248,1.13253,1.13246,1.13249,58
2019.01.25,05:47,1.13248,1.13248,1.13226,1.13227,51
2019.01.25,05:48,1.13226,1.1324,1.13223,1.13238,42
2019.01.25,05:49,1.13239,1.13248,1.13238,1.13244,37
2019.01.25,05:50,1.13244,1.1325,1.13239,1.13239,43
2019.01.25,05:51,1.13238,1.1324,1.13234,1.1324,24
2019.01.25,05:52,1.13243,1.13244,1.13239,1.13239,21
2019.01.25,05:53,1.13239,1.13245,1.13234,1.13234,57
2019.01.25,05:54,1.13233,1.13236,1.13231,1.13233,48
2019.01.25,05:55,1.13233,1.13233,1.13223,1.13223,43
2019.01.25,05:56,1.13222,1.13223,1.13213,1.13216,46
2019.01.25,05:57,1.13217,1.13217,1.13214,1.13216,34
2019.01.25,05:58,1.13216,1.13218,1.13206,1.13217,68
2019.01.25,05:59,1.13217,1.13219,1.13208,1.1321,61
2019.01.25,06:00,1.13209,1.1321,1.13206,1.13209,36
2019.01.25,06:01,1.13211,1.13216,1.1321,1.13213,30
2019.01.25,06:02,1.13212,1.13217,1.13207,1.13217,29
2019.01.25,06:03,1.13216,1.13219,1.13207,1.13213,36
2019.01.25,06:04,1.13214,1.13214,1.13201,1.13207,50
2019.01.25,06:05,1.13208,1.13212,1.13205,1.13207,35
2019.01.25,06:06,1.13209,1.1321,1.13207,1.1321,31
2019.01.25,06:07,1.13208,1.13208,1.13206,1.13206,12
2019.01.25,06:08,1.13207,1.13212,1.13206,1.13207,21
2019.01.25,06:09,1.13207,1.13207,1.13206,1.13206,7
2019.01.25,06:10,1.13207,1.13208,1.132,1.13208,38
2019.01.25,06:11,1.1321,1.13212,1.13207,1.13212,24
2019.01.25,06:12,1.13212,1.13213,1.13211,1.13211,7
2019.01.25,06:13,1.13211,1.13217,1.13211,1.13213,16
2019.01.25,06:14,1.13214,1.13219,1.13212,1.13218,21
2019.01.25,06:15,1.13217,1.13223,1.13214,1.13217,54
2019.01.25,06:16,1.13217,1.1322,1.13212,1.13212,32
2019.01.25,06:17,1.13213,1.13214,1.13212,1.13212,8
2019.01.25,06:18,1.13212,1.13214,1.13211,1.13213,12
2019.01.25,06:19,1.13214,1.13218,1.13212,1.13213,21
2019.01.25,06:20,1.13214,1.13219,1.13213,1.13219,9
2019.01.25,06:21,1.1322,1.13221,1.13215,1.13217,23
2019.01.25,06:22,1.13218,1.1322,1.13217,1.13218,21
2019.01.25,06:23,1.13218,1.13219,1.13218,1.13219,7
2019.01.25,06:24,1.13219,1.13222,1.13219,1.13219,10
2019.01.25,06:25,1.13219,1.13219,1.13207,1.13209,26
2019.01.25,06:26,1.13208,1.13209,1.13206,1.13209,8
2019.01.25,06:27,1.1321,1.13211,1.13209,1.13209,6
2019.01.25,06:28,1.13208,1.13214,1.13208,1.13214,8
2019.01.25,06:29,1.13217,1.13218,1.13213,1.13214,33
2019.01.25,06:30,1.13213,1.13215,1.13213,1.13214,10
2019.01.25,06:31,1.13214,1.13215,1.13214,1.13215,4
2019.01.25,06:32,1.13215,1.13225,1.13215,1.1322,22
2019.01.25,06:33,1.13219,1.1322,1.13215,1.13215,22
2019.01.25,06:34,1.13216,1.13218,1.13213,1.13214,27
2019.01.25,06:35,1.13214,1.13215,1.13214,1.13214,12
2019.01.25,06:36,1.13214,1.13215,1.1321,1.13214,15
2019.01.25,06:37,1.13213,1.13213,1.13203,1.13203,37
2019.01.25,06:38,1.13203,1.13203,1.13197,1.13197,15
2019.01.25,06:39,1.13197,1.13204,1.13195,1.13203,38
2019.01.25,06:40,1.13201,1.13207,1.13199,1.13205,37
2019.01.25,06:41,1.13204,1.13204,1.13198,1.13199,12
2019.01.25,06:42,1.13202,1.13204,1.13198,1.13198,33
2019.01.25,06:43,1.13198,1.13204,1.13198,1.13203,12
2019.01.25,06:44,1.13202,1.13203,1.13202,1.13203,6
2019.01.25,06:45,1.13202,1.13203,1.13193,1.13193,18
2019.01.25,06:46,1.13192,1.13193,1.13188,1.13188,24
2019.01.25,06:47,1.13189,1.13195,1.13182,1.13188,53
2019.01.25,06:48,1.13187,1.13188,1.13174,1.13182,104
2019.01.25,06:49,1.13183,1.13184,1.13182,1.13183,38
2019.01.25,06:50,1.13182,1.13187,1.13182,1.13184,28
2019.01.25,06:51,1.13184,1.13185,1.13183,1.13183,10
2019.01.25,06:52,1.13184,1.13184,1.13182,1.13184,19
2019.01.25,06:53,1.13182,1.13186,1.13181,1.13184,21
2019.01.25,06:54,1.13185,1.13199,1.13185,1.13198,29
2019.01.25,06:55,1.13198,1.13204,1.13196,1.13204,22
2019.01.25,06:56,1.13202,1.13205,1.13193,1.13202,54
2019.01.25,06:57,1.13203,1.13205,1.13202,1.13203,38
2019.01.25,06:58,1.13203,1.13206,1.13202,1.13203,18
2019.01.25,06:59,1.13204,1.13212,1.13204,1.13204,47
2019.01.25,07:00,1.13204,1.13204,1.13194,1.13197,66
2019.01.25,07:01,1.13198,1.13199,1.13194,1.13199,18
2019.01.25,07:02,1.13199,1.132,1.13193,1.13193,21
2019.01.25,07:03,1.13193,1.13201,1.13192,1.13199,30
2019.01.25,07:04,1.13198,1.13204,1.13197,1.13201,46
2019.01.25,07:05,1.13201,1.13215,1.132,1.13214,33
2019.01.25,07:06,1.13213,1.13213,1.13193,1.13193,54
2019.01.25,07:07,1.13196,1.13228,1.13196,1.13228,52
2019.01.25,07:08,1.13228,1.13242,1.13222,1.13239,121
2019.01.25,07:09,1.13238,1.13243,1.13233,1.13239,53
2019.01.25,07:10,1.13237,1.13241,1.13233,1.13233,40
2019.01.25,07:11,1.13233,1.13242,1.13232,1.13238,41
2019.01.25,07:12,1.13238,1.13244,1.13238,1.13238,42
2019.01.25,07:13,1.13237,1.13238,1.13237,1.13238,2
2019.01.25,07:14,1.1324,1.13242,1.13237,1.13238,29
2019.01.25,07:15,1.13238,1.13239,1.13235,1.13235,16
2019.01.25,07:16,1.13235,1.1324,1.13233,1.13234,30
2019.01.25,07:17,1.13234,1.13239,1.13234,1.13237,21
2019.01.25,07:18,1.13238,1.13238,1.13236,1.13237,15
2019.01.25,07:19,1.13237,1.13248,1.13237,1.13244,26
2019.01.25,07:20,1.13245,1.13245,1.1324,1.13244,20
2019.01.25,07:21,1.13243,1.13254,1.13242,1.13249,33
2019.01.25,07:22,1.13248,1.13249,1.13244,1.13248,23
2019.01.25,07:23,1.13247,1.13249,1.13247,1.13248,6
2019.01.25,07:24,1.13247,1.13247,1.13243,1.13243,6
2019.01.25,07:25,1.13244,1.13246,1.13244,1.13246,12
2019.01.25,07:26,1.13245,1.13251,1.13245,1.13248,46
2019.01.25,07:27,1.13247,1.13249,1.13246,1.13247,14
2019.01.25,07:28,1.13247,1.13252,1.13244,1.13252,25
2019.01.25,07:29,1.13252,1.13259,1.13252,1.13257,42
2019.01.25,07:30,1.13255,1.13262,1.13253,1.1326,50
2019.01.25,07:31,1.13261,1.13263,1.13256,1.13258,45
2019.01.25,07:32,1.13258,1.13265,1.13252,1.13252,36
2019.01.25,07:33,1.13252,1.13253,1.13246,1.13249,35
2019.01.25,07:34,1.1325,1.13259,1.13248,1.13259,24
2019.01.25,07:35,1.13258,1.13258,1.13242,1.13242,47
2019.01.25,07:36,1.1324,1.13242,1.13232,1.13237,72
2019.01.25,07:37,1.13237,1.13238,1.13233,1.13234,41
2019.01.25,07:38,1.13235,1.13247,1.13235,1.13237,58
2019.01.25,07:39,1.13238,1.13245,1.13237,1.13245,35
2019.01.25,07:40,1.13242,1.13249,1.13242,1.13244,31
2019.01.25,07:41,1.13243,1.13248,1.13243,1.13247,55
2019.01.25,07:42,1.13247,1.13247,1.13238,1.13245,39
2019.01.25,07:43,1.13245,1.13249,1.13245,1.13247,49
2019.01.25,07:44,1.13247,1.13248,1.13243,1.13243,24
2019.01.25,07:45,1.13244,1.13247,1.13237,1.13246,29
2019.01.25,07:46,1.13246,1.13249,1.13241,1.13245,43
2019.01.25,07:47,1.13246,1.13249,1.13243,1.13243,32
2019.01.25,07:48,1.13244,1.13249,1.13242,1.13246,44
2019.01.25,07:49,1.13247,1.13247,1.13242,1.13242,15
2019.01.25,07:50,1.13242,1.1325,1.13238,1.13249,27
2019.01.25,07:51,1.1325,1.13264,1.13249,1.13264,20
2019.01.25,07:52,1.13262,1.13273,1.13259,1.13264,48
2019.01.25,07:53,1.13264,1.13265,1.13264,1.13264,10
2019.01.25,07:54,1.13265,1.13265,1.13263,1.13264,11
2019.01.25,07:55,1.13267,1.13278,1.13252,1.13254,51
2019.01.25,07:56,1.13255,1.13261,1.13251,1.13261,48
2019.01.25,07:57,1.13262,1.13264,1.13254,1.13254,53
2019.01.25,07:58,1.13254,1.13255,1.1324,1.1324,35
2019.01.25,07:59,1.1324,1.13242,1.13221,1.13222,64
2019.01.25,08:00,1.13224,1.13224,1.13209,1.13212,63
2019.01.25,08:01,1.13213,1.13221,1.13203,1.13207,40
2019.01.25,08:02,1.13207,1.13223,1.13207,1.13219,44
2019.01.25,08:03,1.13218,1.13224,1.13203,1.13224,83
2019.01.25,08:04,1.13224,1.13224,1.13216,1.1322,37
2019.01.25,08:05,1.1322,1.1323,1.1322,1.13221,31
2019.01.25,08:06,1.13221,1.13234,1.1322,1.1322,48
2019.01.25,08:07,1.1322,1.1322,1.1319,1.13195,64
2019.01.25,08:08,1.13195,1.13203,1.13193,1.13193,37
2019.01.25,08:09,1.13195,1.13204,1.13193,1.13195,58
2019.01.25,08:10,1.13195,1.13197,1.13156,1.13167,119
2019.01.25,08:11,1.13167,1.13168,1.13149,1.13151,65
2019.01.25,08:12,1.1315,1.13172,1.13147,1.13172,82
2019.01.25,08:13,1.13171,1.13172,1.13158,1.1317,68
2019.01.25,08:14,1.13169,1.13179,1.13169,1.13173,39
2019.01.25,08:15,1.13173,1.13176,1.13167,1.13174,40
2019.01.25,08:16,1.13173,1.13203,1.13167,1.13194,79
2019.01.25,08:17,1.13193,1.13224,1.13191,1.1322,72
2019.01.25,08:18,1.13219,1.13219,1.13215,1.13215,15
2019.01.25,08:19,1.13215,1.13216,1.13213,1.13214,14
2019.01.25,08:20,1.13214,1.13215,1.13213,1.13214,21
2019.01.25,08:21,1.13215,1.13215,1.13213,1.13215,26
2019.01.25,08:22,1.13215,1.13223,1.13214,1.13215,47
2019.01.25,08:23,1.13214,1.1322,1.13214,1.13219,39
2019.01.25,08:24,1.13218,1.13218,1.13211,1.13213,40
2019.01.25,08:25,1.13212,1.13223,1.13212,1.13223,21
2019.01.25,08:26,1.13225,1.13228,1.13213,1.13224,42
2019.01.25,08:27,1.13225,1.13227,1.13208,1.1321,54
2019.01.25,08:28,1.13209,1.13214,1.13207,1.13214,39
2019.01.25,08:29,1.13213,1.13218,1.13207,1.13213,48
2019.01.25,08:30,1.13212,1.13221,1.13212,1.13213,42
2019.01.25,08:31,1.13213,1.13224,1.13213,1.13224,45
2019.01.25,08:32,1.13225,1.13248,1.13225,1.13243,82
2019.01.25,08:33,1.13245,1.13248,1.13242,1.13244,40
2019.01.25,08:34,1.13245,1.13253,1.1324,1.13245,63
2019.01.25,08:35,1.13246,1.1325,1.13239,1.13247,89
2019.01.25,08:36,1.13246,1.13246,1.13239,1.13244,35
2019.01.25,08:37,1.13245,1.13249,1.1324,1.13241,38
2019.01.25,08:38,1.13241,1.13245,1.13236,1.13242,31
2019.01.25,08:39,1.13243,1.13248,1.13234,1.13244,41
2019.01.25,08:40,1.13244,1.13254,1.13241,1.13248,43
2019.01.25,08:41,1.13247,1.13253,1.13241,1.13244,55
2019.01.25,08:42,1.13243,1.13244,1.13228,1.13233,83
2019.01.25,08:43,1.13233,1.13238,1.13222,1.13227,78
2019.01.25,08:44,1.13227,1.13227,1.13212,1.13214,39
2019.01.25,08:45,1.13213,1.13219,1.13209,1.13218,46
2019.01.25,08:46,1.13219,1.13219,1.13207,1.13207,40
2019.01.25,08:47,1.13208,1.13209,1.13182,1.13184,68
2019.01.25,08:48,1.13184,1.13184,1.13159,1.13167,109
2019.01.25,08:49,1.13165,1.13168,1.13162,1.13167,44
2019.01.25,08:50,1.13168,1.13189,1.13166,1.13187,72
2019.01.25,08:51,1.13188,1.13196,1.13188,1.13189,49
2019.01.25,08:52,1.13188,1.13189,1.13186,1.13188,30
2019.01.25,08:53,1.13189,1.13189,1.13187,1.13188,11
2019.01.25,08:54,1.13189,1.13214,1.13189,1.13214,56
2019.01.25,08:55,1.13214,1.13214,1.13208,1.13213,24
2019.01.25,08:56,1.13214,1.1323,1.13214,1.13228,49
2019.01.25,08:57,1.13228,1.13229,1.13213,1.13218,71
2019.01.25,08:58,1.13219,1.13249,1.13218,1.13248,69
2019.01.25,08:59,1.13248,1.13249,1.13242,1.13247,86
2019.01.25,09:00,1.13245,1.13252,1.13213,1.1324,189
2019.01.25,09:01,1.1324,1.13248,1.13225,1.13227,86
2019.01.25,09:02,1.13225,1.13234,1.13218,1.13228,52
2019.01.25,09:03,1.13225,1.13225,1.13187,1.13193,114
2019.01.25,09:04,1.13193,1.13208,1.13193,1.13201,145
2019.01.25,09:05,1.13202,1.13224,1.13202,1.13222,125
2019.01.25,09:06,1.13222,1.13223,1.1322,1.1322,27
2019.01.25,09:07,1.13221,1.13234,1.13219,1.13221,84
2019.01.25,09:08,1.13221,1.13244,1.13219,1.1323,81
2019.01.25,09:09,1.1323,1.13232,1.13218,1.13228,91
2019.01.25,09:10,1.13228,1.13234,1.13224,1.13231,51
2019.01.25,09:11,1.13229,1.13247,1.13225,1.13234,79
2019.01.25,09:12,1.13234,1.13242,1.13228,1.13235,103
2019.01.25,09:13,1.13235,1.13235,1.13216,1.1323,68
2019.01.25,09:14,1.1323,1.13246,1.13227,1.13239,79
2019.01.25,09:15,1.13238,1.13238,1.1323,1.13232,50
2019.01.25,09:16,1.13232,1.13252,1.13229,1.13247,67
2019.01.25,09:17,1.13246,1.1325,1.13231,1.13231,72
2019.01.25,09:18,1.13231,1.13235,1.13221,1.1323,46
2019.01.25,09:19,1.13229,1.13243,1.13211,1.13212,102
2019.01.25,09:20,1.13212,1.13218,1.13194,1.13205,143
2019.01.25,09:21,1.13205,1.13205,1.13191,1.13193,99
2019.01.25,09:22,1.13194,1.13224,1.13194,1.13218,59
2019.01.25,09:23,1.13219,1.13219,1.13194,1.13196,59
2019.01.25,09:24,1.13199,1.13219,1.13198,1.13218,84
2019.01.25,09:25,1.13219,1.13225,1.13217,1.13223,38
2019.01.25,09:26,1.13222,1.13222,1.13205,1.13209,84
2019.01.25,09:27,1.13212,1.1322,1.13205,1.13213,74
2019.01.25,09:28,1.13213,1.13214,1.1319,1.1319,78
2019.01.25,09:29,1.13191,1.13211,1.13184,1.13207,91
2019.01.25,09:30,1.13209,1.13235,1.13202,1.13234,111
2019.01.25,09:31,1.13234,1.13234,1.13218,1.13224,104
2019.01.25,09:32,1.13224,1.13224,1.13209,1.13213,100
2019.01.25,09:33,1.13212,1.13229,1.13212,1.13217,95
2019.01.25,09:34,1.13216,1.13224,1.13208,1.13222,71
2019.01.25,09:35,1.13223,1.1323,1.13209,1.13209,73
2019.01.25,09:36,1.13209,1.13209,1.1318,1.13185,118
2019.01.25,09:37,1.13185,1.13219,1.13185,1.13219,95
2019.01.25,09:38,1.13219,1.13219,1.13208,1.13209,70
2019.01.25,09:39,1.1321,1.13225,1.13193,1.13223,144
2019.01.25,09:40,1.13221,1.13232,1.13216,1.13219,80
2019.01.25,09:41,1.13219,1.13226,1.13213,1.13213,126
2019.01.25,09:42,1.13211,1.13222,1.13208,1.1321,73
2019.01.25,09:43,1.13211,1.13217,1.132,1.13214,68
2019.01.25,09:44,1.13214,1.13236,1.13211,1.13235,64
2019.01.25,09:45,1.13234,1.13245,1.13231,1.13239,98
2019.01.25,09:46,1.13239,1.1324,1.13227,1.13228,75
2019.01.25,09:47,1.13229,1.13231,1.13222,1.1323,62
2019.01.25,09:48,1.13229,1.13247,1.13229,1.13247,49
2019.01.25,09:49,1.13247,1.13247,1.13224,1.13238,78
2019.01.25,09:50,1.13239,1.13257,1.13239,1.13255,103
2019.01.25,09:51,1.13255,1.13281,1.13252,1.13269,106
2019.01.25,09:52,1.13269,1.13269,1.13255,1.13264,105
2019.01.25,09:53,1.13264,1.1327,1.13259,1.1327,59
2019.01.25,09:54,1.13269,1.13273,1.13258,1.13258,87
2019.01.25,09:55,1.13259,1.13262,1.13237,1.13239,120
2019.01.25,09:56,1.13239,1.1325,1.13218,1.13228,137
2019.01.25,09:57,1.13228,1.13249,1.13228,1.1324,118
2019.01.25,09:58,1.13239,1.13256,1.13239,1.13241,90
2019.01.25,09:59,1.13241,1.13248,1.13234,1.13239,146
2019.01.25,10:00,1.13239,1.13253,1.13225,1.13234,161
2019.01.25,10:01,1.13234,1.13242,1.13211,1.13215,140
2019.01.25,10:02,1.13215,1.13239,1.13214,1.13235,158
2019.01.25,10:03,1.13235,1.13261,1.13235,1.13259,120
2019.01.25,10:04,1.13259,1.13274,1.13259,1.13264,100
2019.01.25,10:05,1.13264,1.13289,1.13252,1.13253,144
2019.01.25,10:06,1.13253,1.13259,1.13244,1.1325,85
2019.01.25,10:07,1.13251,1.13252,1.13235,1.13236,73
2019.01.25,10:08,1.13235,1.13239,1.13198,1.13203,141
2019.01.25,10:09,1.13201,1.13217,1.13197,1.13213,124
2019.01.25,10:10,1.13212,1.13229,1.13208,1.13226,110
2019.01.25,10:11,1.13226,1.13226,1.13173,1.13196,141
2019.01.25,10:12,1.13195,1.13203,1.13158,1.13163,141
2019.01.25,10:13,1.13164,1.13178,1.13163,1.13169,121
2019.01.25,10:14,1.13168,1.13188,1.13167,1.13178,137
2019.01.25,10:15,1.13178,1.13182,1.13162,1.13162,98
2019.01.25,10:16,1.1316,1.13189,1.13158,1.13189,97
2019.01.25,10:17,1.1319,1.13191,1.13159,1.13165,149
2019.01.25,10:18,1.13164,1.13184,1.13158,1.13175,144
2019.01.25,10:19,1.13176,1.13216,1.13176,1.13195,154
2019.01.25,10:20,1.13194,1.13217,1.13194,1.13215,123
2019.01.25,10:21,1.13215,1.13217,1.13198,1.132,79
2019.01.25,10:22,1.132,1.1324,1.13197,1.13237,118
2019.01.25,10:23,1.13238,1.13244,1.13232,1.13241,154
2019.01.25,10:24,1.13243,1.13249,1.13229,1.13247,125
2019.01.25,10:25,1.13247,1.13256,1.13235,1.13246,123
2019.01.25,10:26,1.13249,1.13258,1.13239,1.13243,153
2019.01.25,10:27,1.13244,1.13261,1.13233,1.13255,133
2019.01.25,10:28,1.13256,1.13279,1.13254,1.13278,107
2019.01.25,10:29,1.13277,1.13288,1.13266,1.13286,102
2019.01.25,10:30,1.13286,1.1329,1.13261,1.13263,141
2019.01.25,10:31,1.13263,1.13273,1.13256,1.13263,106
2019.01.25,10:32,1.13264,1.13275,1.13262,1.13274,66
2019.01.25,10:33,1.13274,1.13286,1.13265,1.13267,84
2019.01.25,10:34,1.13268,1.13269,1.13259,1.13264,88
2019.01.25,10:35,1.13261,1.13273,1.13261,1.13263,95
2019.01.25,10:36,1.13262,1.13274,1.13259,1.13263,117
2019.01.25,10:37,1.13263,1.1327,1.1325,1.1327,76
2019.01.25,10:38,1.13269,1.1327,1.1326,1.13268,89
2019.01.25,10:39,1.13267,1.13269,1.13251,1.13259,119
2019.01.25,10:40,1.13263,1.13269,1.13258,1.13259,82
2019.01.25,10:41,1.13258,1.13262,1.13237,1.13245,100
2019.01.25,10:42,1.13245,1.13258,1.13234,1.13249,104
2019.01.25,10:43,1.1325,1.13254,1.13242,1.13254,76
2019.01.25,10:44,1.13254,1.13265,1.13252,1.13258,107
2019.01.25,10:45,1.13258,1.13264,1.13248,1.13253,77
2019.01.25,10:46,1.13254,1.13269,1.13254,1.13267,68
2019.01.25,10:47,1.13265,1.13265,1.13254,1.13258,99
2019.01.25,10:48,1.13258,1.13269,1.13252,1.13259,81
2019.01.25,10:49,1.13258,1.13263,1.13244,1.13244,102
2019.01.25,10:50,1.13246,1.13254,1.13244,1.13244,81
2019.01.25,10:51,1.13245,1.13252,1.13238,1.13244,90
2019.01.25,10:52,1.13244,1.1325,1.13243,1.13247,61
2019.01.25,10:53,1.13246,1.13247,1.13234,1.13235,57
2019.01.25,10:54,1.13235,1.13254,1.1323,1.13253,117
2019.01.25,10:55,1.13253,1.13257,1.13246,1.13257,75
2019.01.25,10:56,1.13259,1.13267,1.13252,1.13264,57
2019.01.25,10:57,1.13263,1.13265,1.13259,1.13263,27
2019.01.25,10:58,1.13264,1.13287,1.13258,1.13273,110
2019.01.25,10:59,1.13274,1.1328,1.13265,1.13276,126
2019.01.25,11:00,1.13275,1.13275,1.13204,1.13218,272
2019.01.25,11:01,1.13222,1.13267,1.13222,1.13263,161
2019.01.25,11:02,1.13262,1.13347,1.1326,1.13321,225
2019.01.25,11:03,1.1332,1.13323,1.13297,1.13307,90
2019.01.25,11:04,1.13306,1.13306,1.1328,1.13285,103
2019.01.25,11:05,1.13284,1.13311,1.13284,1.1331,86
2019.01.25,11:06,1.13311,1.13319,1.13281,1.13285,128
2019.01.25,11:07,1.13283,1.13298,1.13283,1.13297,96
2019.01.25,11:08,1.13297,1.13298,1.13268,1.13277,107
2019.01.25,11:09,1.13277,1.1328,1.13253,1.1328,127
2019.01.25,11:10,1.1328,1.1328,1.13241,1.13262,119
2019.01.25,11:11,1.13264,1.1328,1.13261,1.1328,126
2019.01.25,11:12,1.13279,1.13282,1.1326,1.13263,99
2019.01.25,11:13,1.13264,1.13275,1.13249,1.13251,102
2019.01.25,11:14,1.13251,1.13294,1.13247,1.13291,88
2019.01.25,11:15,1.1329,1.13299,1.13278,1.13295,85
2019.01.25,11:16,1.13295,1.13306,1.1328,1.13291,109
2019.01.25,11:17,1.13288,1.13293,1.13277,1.13292,85
2019.01.25,11:18,1.13291,1.13291,1.13281,1.13284,81
2019.01.25,11:19,1.13285,1.13303,1.13281,1.13297,117
2019.01.25,11:20,1.13299,1.13301,1.13294,1.13299,67
2019.01.25,11:21,1.13301,1.13306,1.13291,1.133,73
2019.01.25,11:22,1.133,1.133,1.13275,1.13279,84
2019.01.25,11:23,1.13279,1.13299,1.13274,1.13278,124
2019.01.25,11:24,1.13277,1.13285,1.13267,1.13272,110
2019.01.25,11:25,1.13271,1.13271,1.13239,1.13246,100
2019.01.25,11:26,1.13247,1.13272,1.13246,1.13271,114
2019.01.25,11:27,1.1327,1.13285,1.13267,1.13269,108
2019.01.25,11:28,1.13269,1.13274,1.13257,1.13259,62
2019.01.25,11:29,1.13258,1.13285,1.13253,1.13277,122
2019.01.25,11:30,1.13279,1.13285,1.13269,1.13273,115
2019.01.25,11:31,1.13273,1.13273,1.13264,1.13268,81
2019.01.25,11:32,1.13268,1.13271,1.13257,1.13258,98
2019.01.25,11:33,1.13258,1.13273,1.13257,1.1327,78
2019.01.25,11:34,1.13271,1.13301,1.13268,1.13301,78
2019.01.25,11:35,1.13301,1.13301,1.13279,1.1328,62
2019.01.25,11:36,1.13279,1.13281,1.13271,1.13271,64
2019.01.25,11:37,1.1327,1.13277,1.13259,1.13259,66
2019.01.25,11:38,1.13259,1.13281,1.13256,1.13281,68
2019.01.25,11:39,1.1328,1.1328,1.13268,1.13275,54
2019.01.25,11:40,1.13275,1.13276,1.13247,1.1325,80
2019.01.25,11:41,1.13248,1.1326,1.13244,1.13244,65
2019.01.25,11:42,1.13246,1.13248,1.13239,1.13247,49
2019.01.25,11:43,1.13245,1.13252,1.13231,1.13234,68
2019.01.25,11:44,1.13236,1.13255,1.13236,1.13253,78
2019.01.25,11:45,1.13254,1.13259,1.13247,1.13259,40
2019.01.25,11:46,1.13258,1.1329,1.13257,1.13278,88
2019.01.25,11:47,1.13278,1.13278,1.13266,1.13277,54
2019.01.25,11:48,1.13279,1.13287,1.13272,1.13282,58
2019.01.25,11:49,1.13282,1.13294,1.13277,1.13291,76
2019.01.25,11:50,1.1329,1.13295,1.13282,1.13285,93
2019.01.25,11:51,1.13285,1.13288,1.1327,1.13275,102
2019.01.25,11:52,1.13275,1.1328,1.13271,1.13279,45
2019.01.25,11:53,1.13279,1.13294,1.13278,1.13294,113
2019.01.25,11:54,1.13293,1.13295,1.13282,1.1329,76
2019.01.25,11:55,1.13289,1.13296,1.13278,1.13293,94
2019.01.25,11:56,1.13293,1.13301,1.13291,1.13298,90
2019.01.25,11:57,1.13297,1.13297,1.13278,1.1328,95
2019.01.25,11:58,1.13279,1.13305,1.13279,1.13304,100
2019.01.25,11:59,1.13303,1.13315,1.13292,1.13301,104
2019.01.25,12:00,1.133,1.13302,1.13284,1.13287,101
2019.01.25,12:01,1.13287,1.13304,1.13277,1.13279,85
2019.01.25,12:02,1.1328,1.13296,1.13277,1.13295,70
2019.01.25,12:03,1.13294,1.13296,1.13288,1.13294,56
2019.01.25,12:04,1.13294,1.13294,1.13284,1.13284,54
2019.01.25,12:05,1.13284,1.13295,1.13282,1.13289,96
2019.01.25,12:06,1.13292,1.13293,1.13282,1.13283,40
2019.01.25,12:07,1.13283,1.13285,1.1328,1.13285,62
2019.01.25,12:08,1.13285,1.13286,1.13272,1.13275,76
2019.01.25,12:09,1.13275,1.13286,1.13267,1.13277,109
2019.01.25,12:10,1.13277,1.13277,1.13267,1.13275,74
2019.01.25,12:11,1.13275,1.13292,1.13272,1.13281,79
2019.01.25,12:12,1.13281,1.13282,1.13273,1.13276,45
2019.01.25,12:13,1.13278,1.13289,1.13277,1.13284,79
2019.01.25,12:14,1.13285,1.13302,1.13285,1.13296,60
2019.01.25,12:15,1.13295,1.13301,1.13293,1.13297,56
2019.01.25,12:16,1.13298,1.13301,1.13298,1.13299,45
2019.01.25,12:17,1.13299,1.1331,1.13295,1.13309,78
2019.01.25,12:18,1.13309,1.13311,1.13299,1.13305,125
2019.01.25,12:19,1.13305,1.13307,1.13296,1.13307,90
2019.01.25,12:20,1.13306,1.13307,1.13291,1.13292,76
2019.01.25,12:21,1.13293,1.13308,1.13292,1.13305,60
2019.01.25,12:22,1.13305,1.13318,1.13305,1.13313,85
2019.01.25,12:23,1.13313,1.13322,1.13309,1.13322,67
2019.01.25,12:24,1.13322,1.13337,1.13321,1.13335,84
2019.01.25,12:25,1.13334,1.13338,1.13331,1.13337,83
2019.01.25,12:26,1.13337,1.13343,1.13328,1.13328,75
2019.01.25,12:27,1.13328,1.13336,1.13327,1.13336,34
2019.01.25,12:28,1.13336,1.13342,1.13326,1.13326,76
2019.01.25,12:29,1.13327,1.13338,1.13323,1.13336,48
2019.01.25,12:30,1.13337,1.13337,1.13321,1.13331,65
2019.01.25,12:31,1.1333,1.13331,1.13312,1.13324,66
2019.01.25,12:32,1.13324,1.13333,1.1332,1.13331,66
2019.01.25,12:33,1.1333,1.13337,1.13328,1.13332,54
2019.01.25,12:34,1.13332,1.13344,1.13332,1.13339,64
2019.01.25,12:35,1.13339,1.13339,1.13326,1.13328,84
2019.01.25,12:36,1.13328,1.13332,1.13325,1.1333,64
2019.01.25,12:37,1.13333,1.1335,1.1333,1.13332,92
2019.01.25,12:38,1.13334,1.13351,1.13334,1.13349,81
2019.01.25,12:39,1.13349,1.1335,1.13343,1.13348,48
2019.01.25,12:40,1.13348,1.13359,1.13344,1.1335,80
2019.01.25,12:41,1.1335,1.13358,1.13347,1.13355,88
2019.01.25,12:42,1.13356,1.13358,1.13345,1.13346,41
2019.01.25,12:43,1.13345,1.13352,1.1334,1.13348,74
2019.01.25,12:44,1.13347,1.13355,1.13347,1.13347,60
2019.01.25,12:45,1.13349,1.1335,1.13337,1.13337,50
2019.01.25,12:46,1.13338,1.13346,1.13333,1.13346,74
2019.01.25,12:47,1.13346,1.13358,1.13346,1.13357,51
2019.01.25,12:48,1.13358,1.13359,1.13351,1.13355,46
2019.01.25,12:49,1.13356,1.13358,1.13351,1.13354,66
2019.01.25,12:50,1.13353,1.1336,1.13351,1.13357,77
2019.01.25,12:51,1.13357,1.13361,1.13351,1.1336,70
2019.01.25,12:52,1.13359,1.13359,1.13354,1.13355,35
2019.01.25,12:53,1.13356,1.1336,1.13355,1.13359,26
2019.01.25,12:54,1.13359,1.13359,1.13341,1.1335,69
2019.01.25,12:55,1.13349,1.13351,1.13341,1.13344,38
2019.01.25,12:56,1.13344,1.1336,1.13338,1.13346,97
2019.01.25,12:57,1.13347,1.13377,1.13347,1.13372,76
2019.01.25,12:58,1.13372,1.13383,1.1337,1.13383,69
2019.01.25,12:59,1.13382,1.13387,1.13381,1.13382,56
2019.01.25,13:00,1.13382,1.13383,1.13359,1.13378,103
2019.01.25,13:01,1.13378,1.13386,1.13371,1.13371,97
2019.01.25,13:02,1.13371,1.13375,1.13363,1.13371,74
2019.01.25,13:03,1.13373,1.1338,1.1337,1.13379,88
2019.01.25,13:04,1.13379,1.13395,1.13376,1.13391,57
2019.01.25,13:05,1.1339,1.13392,1.13368,1.13375,109
2019.01.25,13:06,1.13374,1.13384,1.13364,1.13375,68
2019.01.25,13:07,1.13374,1.13374,1.13353,1.13356,93
2019.01.25,13:08,1.13357,1.13363,1.13349,1.13357,75
2019.01.25,13:09,1.13358,1.13385,1.13358,1.13385,79
2019.01.25,13:10,1.13385,1.13385,1.13371,1.13375,51
2019.01.25,13:11,1.13376,1.13385,1.13368,1.13369,73
2019.01.25,13:12,1.13369,1.13369,1.13353,1.13357,49
2019.01.25,13:13,1.1336,1.13366,1.13356,1.13365,40
2019.01.25,13:14,1.13362,1.13366,1.13349,1.13351,79
2019.01.25,13:15,1.13353,1.13353,1.13344,1.13346,47
2019.01.25,13:16,1.13346,1.1335,1.13343,1.1335,71
2019.01.25,13:17,1.1335,1.13355,1.13348,1.13354,56
2019.01.25,13:18,1.13354,1.13366,1.13351,1.13366,59
2019.01.25,13:19,1.13364,1.13368,1.13364,1.13364,37
2019.01.25,13:20,1.13363,1.13367,1.1335,1.13355,53
2019.01.25,13:21,1.13353,1.13353,1.13342,1.13344,39
2019.01.25,13:22,1.13347,1.13349,1.13342,1.13342,32
2019.01.25,13:23,1.13343,1.13366,1.13343,1.1336,69
2019.01.25,13:24,1.13359,1.13463,1.13359,1.13432,209
2019.01.25,13:25,1.13431,1.13471,1.13429,1.13463,245
2019.01.25,13:26,1.13461,1.13479,1.13453,1.13474,146
2019.01.25,13:27,1.13473,1.13496,1.13471,1.13484,182
2019.01.25,13:28,1.13483,1.13487,1.13463,1.13469,121
2019.01.25,13:29,1.13468,1.13469,1.13446,1.13447,128
2019.01.25,13:30,1.13446,1.13462,1.13443,1.13456,98
2019.01.25,13:31,1.13456,1.13456,1.13433,1.13443,92
2019.01.25,13:32,1.13443,1.13443,1.13427,1.13428,100
2019.01.25,13:33,1.13427,1.1343,1.13412,1.13423,91
2019.01.25,13:34,1.13423,1.13423,1.1341,1.13422,77
2019.01.25,13:35,1.13423,1.13423,1.13407,1.13408,83
2019.01.25,13:36,1.13407,1.13415,1.13398,1.13407,90
2019.01.25,13:37,1.13406,1.1341,1.13391,1.13395,114
2019.01.25,13:38,1.13395,1.13406,1.13394,1.13397,129
2019.01.25,13:39,1.134,1.1341,1.13399,1.13409,70
2019.01.25,13:40,1.1341,1.13412,1.13405,1.13412,67
2019.01.25,13:41,1.13411,1.13413,1.13404,1.13409,59
2019.01.25,13:42,1.13409,1.13423,1.13408,1.13418,48
2019.01.25,13:43,1.13418,1.13435,1.13416,1.13435,67
2019.01.25,13:44,1.13438,1.13451,1.13437,1.13444,86
2019.01.25,13:45,1.13444,1.13453,1.13443,1.13445,64
2019.01.25,13:46,1.13445,1.13461,1.13445,1.13453,98
2019.01.25,13:47,1.13453,1.13462,1.13451,1.13455,87
2019.01.25,13:48,1.13455,1.13455,1.13438,1.13441,99
2019.01.25,13:49,1.13441,1.13442,1.13432,1.13437,55
2019.01.25,13:50,1.13438,1.13443,1.13434,1.13437,74
2019.01.25,13:51,1.13437,1.13442,1.13431,1.13439,94
2019.01.25,13:52,1.13438,1.13443,1.13432,1.13438,76
2019.01.25,13:53,1.13435,1.13437,1.13424,1.13428,52
2019.01.25,13:54,1.13428,1.13442,1.13428,1.13435,65
2019.01.25,13:55,1.13436,1.13441,1.13431,1.13436,69
2019.01.25,13:56,1.13436,1.13457,1.13431,1.13454,64
2019.01.25,13:57,1.13453,1.1347,1.13453,1.13468,71
2019.01.25,13:58,1.13469,1.13472,1.13457,1.13457,97
2019.01.25,13:59,1.13458,1.13471,1.13456,1.13463,108
2019.01.25,14:00,1.13463,1.13467,1.13462,1.13466,76
2019.01.25,14:01,1.13465,1.13488,1.13465,1.13488,100
2019.01.25,14:02,1.13489,1.13493,1.13484,1.13487,119
2019.01.25,14:03,1.13487,1.13487,1.1347,1.1347,87
2019.01.25,14:04,1.13469,1.1347,1.13447,1.13452,106
2019.01.25,14:05,1.1345,1.13455,1.13436,1.13448,73
2019.01.25,14:06,1.13449,1.13453,1.13441,1.13443,50
2019.01.25,14:07,1.13444,1.13448,1.13434,1.13443,70
2019.01.25,14:08,1.13445,1.13465,1.13444,1.13463,82
2019.01.25,14:09,1.13463,1.13469,1.13462,1.13468,79
2019.01.25,14:10,1.13467,1.13477,1.13461,1.13464,90
2019.01.25,14:11,1.13464,1.13464,1.1345,1.1346,113
2019.01.25,14:12,1.1346,1.13468,1.13452,1.13452,68
2019.01.25,14:13,1.13453,1.13473,1.13452,1.13469,93
2019.01.25,14:14,1.13468,1.13476,1.13461,1.13461,99
2019.01.25,14:15,1.13461,1.13463,1.13446,1.13458,89
2019.01.25,14:16,1.13459,1.13473,1.13459,1.13468,87
2019.01.25,14:17,1.13467,1.13483,1.13466,1.13477,120
2019.01.25,14:18,1.13477,1.13488,1.13473,1.13486,115
2019.01.25,14:19,1.13486,1.13497,1.13484,1.13492,99
2019.01.25,14:20,1.13492,1.13498,1.13491,1.13493,116
2019.01.25,14:21,1.13493,1.13494,1.13467,1.13494,129
2019.01.25,14:22,1.13495,1.13496,1.13474,1.13475,107
2019.01.25,14:23,1.13474,1.13485,1.13474,1.13485,71
2019.01.25,14:24,1.13484,1.13485,1.1347,1.13477,69
2019.01.25,14:25,1.13476,1.13482,1.13472,1.13476,81
2019.01.25,14:26,1.13475,1.13489,1.13474,1.1348,71
2019.01.25,14:27,1.13481,1.13492,1.13473,1.13473,85
2019.01.25,14:28,1.13472,1.13482,1.13467,1.13468,71
2019.01.25,14:29,1.13468,1.13477,1.13465,1.13475,71
2019.01.25,14:30,1.13475,1.13476,1.13465,1.1347,106
2019.01.25,14:31,1.13472,1.13477,1.13463,1.13473,103
2019.01.25,14:32,1.13473,1.13487,1.13468,1.13487,80
2019.01.25,14:33,1.13486,1.13488,1.13475,1.13478,75
2019.01.25,14:34,1.1348,1.13488,1.1348,1.13482,63
2019.01.25,14:35,1.13482,1.13486,1.13478,1.13486,57
2019.01.25,14:36,1.13488,1.13488,1.13464,1.13466,37
2019.01.25,14:37,1.13465,1.13467,1.13455,1.13462,79
2019.01.25,14:38,1.13462,1.13471,1.13459,1.13462,67
2019.01.25,14:39,1.13462,1.13471,1.13461,1.13466,58
2019.01.25,14:40,1.13467,1.13467,1.13457,1.13465,59
2019.01.25,14:41,1.13466,1.13472,1.13457,1.13458,65
2019.01.25,14:42,1.13459,1.13459,1.13452,1.13453,28
2019.01.25,14:43,1.13455,1.13458,1.13449,1.13453,79
2019.01.25,14:44,1.13452,1.13453,1.13443,1.13443,37
2019.01.25,14:45,1.13443,1.13445,1.13433,1.13434,77
2019.01.25,14:46,1.13435,1.13439,1.13427,1.13432,79
2019.01.25,14:47,1.13433,1.13434,1.13428,1.13429,79
2019.01.25,14:48,1.13429,1.1343,1.13413,1.13424,119
2019.01.25,14:49,1.13425,1.13433,1.13422,1.13428,75
2019.01.25,14:50,1.13429,1.13441,1.13427,1.13438,70
2019.01.25,14:51,1.13439,1.13452,1.13436,1.13448,76
2019.01.25,14:52,1.13447,1.13463,1.13447,1.1346,64
2019.01.25,14:53,1.13459,1.1346,1.1343,1.13437,78
2019.01.25,14:54,1.1344,1.13462,1.13433,1.13461,90
2019.01.25,14:55,1.13464,1.13471,1.13437,1.13437,150
2019.01.25,14:56,1.13436,1.13442,1.13434,1.13434,100
2019.01.25,14:57,1.13435,1.13441,1.13428,1.1343,110
2019.01.25,14:58,1.13429,1.13434,1.13422,1.13424,110
2019.01.25,14:59,1.13425,1.1343,1.13416,1.13418,127
2019.01.25,15:00,1.1342,1.13428,1.13412,1.13418,154
2019.01.25,15:01,1.13418,1.13433,1.13416,1.13433,110
2019.01.25,15:02,1.13434,1.13434,1.13413,1.13421,86
2019.01.25,15:03,1.13421,1.13432,1.13409,1.13409,86
2019.01.25,15:04,1.1341,1.13426,1.13404,1.13407,121
2019.01.25,15:05,1.13405,1.13417,1.13399,1.13404,132
2019.01.25,15:06,1.13404,1.13415,1.13394,1.13413,152
2019.01.25,15:07,1.13413,1.1342,1.13405,1.13417,114
2019.01.25,15:08,1.13417,1.13431,1.13417,1.13423,97
2019.01.25,15:09,1.13422,1.13442,1.13414,1.13437,104
2019.01.25,15:10,1.13436,1.13436,1.13413,1.13427,108
2019.01.25,15:11,1.13426,1.13431,1.1342,1.13425,81
2019.01.25,15:12,1.13423,1.13445,1.13415,1.13444,104
2019.01.25,15:13,1.13443,1.13448,1.13441,1.13443,83
2019.01.25,15:14,1.13444,1.13471,1.13444,1.1346,106
2019.01.25,15:15,1.1346,1.1348,1.13459,1.13469,155
2019.01.25,15:16,1.13469,1.13473,1.1346,1.13465,125
2019.01.25,15:17,1.13466,1.1347,1.13453,1.13455,93
2019.01.25,15:18,1.13456,1.13467,1.13454,1.13465,120
2019.01.25,15:19,1.13464,1.13477,1.13463,1.13472,110
2019.01.25,15:20,1.13471,1.13474,1.13459,1.13472,169
2019.01.25,15:21,1.13473,1.13474,1.13455,1.13455,107
2019.01.25,15:22,1.13454,1.13467,1.13449,1.13466,103
2019.01.25,15:23,1.13466,1.13475,1.13466,1.13468,73
2019.01.25,15:24,1.13469,1.13475,1.13459,1.13462,113
2019.01.25,15:25,1.13463,1.13467,1.13453,1.13463,90
2019.01.25,15:26,1.13463,1.13477,1.13463,1.13476,88
2019.01.25,15:27,1.13474,1.1349,1.13474,1.13479,78
2019.01.25,15:28,1.13478,1.13486,1.13477,1.1348,74
2019.01.25,15:29,1.1348,1.1348,1.1347,1.13472,60
2019.01.25,15:30,1.1347,1.13493,1.13464,1.13477,77
2019.01.25,15:31,1.13478,1.13491,1.13478,1.13486,74
2019.01.25,15:32,1.13487,1.13496,1.13485,1.13493,91
2019.01.25,15:33,1.13492,1.13576,1.13492,1.13549,281
2019.01.25,15:34,1.13547,1.13577,1.13547,1.13562,201
2019.01.25,15:35,1.13561,1.13561,1.13525,1.13537,186
2019.01.25,15:36,1.13537,1.1355,1.13527,1.1355,115
2019.01.25,15:37,1.13549,1.13551,1.1354,1.13547,135
2019.01.25,15:38,1.13548,1.13559,1.13538,1.13548,122
2019.01.25,15:39,1.13549,1.13555,1.13537,1.13552,132
2019.01.25,15:40,1.13554,1.13555,1.13536,1.13547,150
2019.01.25,15:41,1.13546,1.13568,1.13546,1.13562,146
2019.01.25,15:42,1.13564,1.13577,1.13557,1.13574,147
2019.01.25,15:43,1.13575,1.13577,1.13558,1.13574,136
2019.01.25,15:44,1.13573,1.13573,1.13551,1.13553,111
2019.01.25,15:45,1.13552,1.1356,1.13544,1.13555,144
2019.01.25,15:46,1.13554,1.13557,1.13533,1.13538,100
2019.01.25,15:47,1.13541,1.13542,1.13527,1.13528,65
2019.01.25,15:48,1.13527,1.13532,1.13523,1.1353,90
2019.01.25,15:49,1.13531,1.13536,1.13523,1.13523,85
2019.01.25,15:50,1.13524,1.13527,1.13507,1.13512,99
2019.01.25,15:51,1.13512,1.13519,1.13501,1.13514,144
2019.01.25,15:52,1.13516,1.13531,1.13513,1.13513,128
2019.01.25,15:53,1.13513,1.1352,1.13504,1.13513,103
2019.01.25,15:54,1.13512,1.13518,1.13508,1.13513,108
2019.01.25,15:55,1.13513,1.13522,1.13502,1.1352,120
2019.01.25,15:56,1.13521,1.13533,1.13521,1.13528,109
2019.01.25,15:57,1.1353,1.13548,1.13527,1.13544,93
2019.01.25,15:58,1.13545,1.1357,1.13543,1.13564,106
2019.01.25,15:59,1.13566,1.1358,1.13563,1.13568,102
2019.01.25,16:00,1.13567,1.1359,1.13564,1.13579,181
2019.01.25,16:01,1.13577,1.13608,1.13577,1.13597,136
2019.01.25,16:02,1.13598,1.13598,1.13574,1.13593,98
2019.01.25,16:03,1.13595,1.13663,1.13593,1.13639,170
2019.01.25,16:04,1.13638,1.13659,1.13638,1.13641,177
2019.01.25,16:05,1.13639,1.13648,1.13628,1.13641,165
2019.01.25,16:06,1.13642,1.13681,1.13633,1.13675,152
2019.01.25,16:07,1.13674,1.13692,1.13667,1.13667,184
2019.01.25,16:08,1.13668,1.13669,1.13631,1.13637,138
2019.01.25,16:09,1.13636,1.13661,1.13636,1.13658,149
2019.01.25,16:10,1.13657,1.1367,1.13649,1.13652,138
2019.01.25,16:11,1.13651,1.13662,1.13642,1.13647,115
2019.01.25,16:12,1.13646,1.13657,1.13643,1.13649,108
2019.01.25,16:13,1.13649,1.13652,1.13642,1.13651,117
2019.01.25,16:14,1.13651,1.13672,1.13644,1.13668,106
2019.01.25,16:15,1.13667,1.13676,1.13656,1.13661,158
2019.01.25,16:16,1.13658,1.13671,1.13655,1.13662,118
2019.01.25,16:17,1.13662,1.13666,1.13655,1.13658,144
2019.01.25,16:18,1.13661,1.13683,1.13653,1.1366,134
2019.01.25,16:19,1.13662,1.13671,1.13652,1.13652,120
2019.01.25,16:20,1.13655,1.1366,1.13645,1.13646,149
2019.01.25,16:21,1.1365,1.13655,1.13641,1.13652,125
2019.01.25,16:22,1.1365,1.13685,1.13648,1.13685,150
2019.01.25,16:23,1.13686,1.13687,1.13665,1.13674,131
2019.01.25,16:24,1.13675,1.13686,1.13667,1.13667,101
2019.01.25,16:25,1.13671,1.13673,1.13663,1.13667,135
2019.01.25,16:26,1.13666,1.1367,1.13657,1.13659,122
2019.01.25,16:27,1.13658,1.13667,1.13652,1.13658,129
2019.01.25,16:28,1.13659,1.13666,1.13651,1.13657,127
2019.01.25,16:29,1.13658,1.13709,1.13658,1.13708,121
2019.01.25,16:30,1.13711,1.13713,1.13697,1.13707,191
2019.01.25,16:31,1.13708,1.13783,1.13708,1.13758,259
2019.01.25,16:32,1.13757,1.13757,1.13717,1.13725,196
2019.01.25,16:33,1.13726,1.13754,1.13718,1.13747,167
2019.01.25,16:34,1.1375,1.13781,1.1375,1.13762,200
2019.01.25,16:35,1.13764,1.13777,1.13757,1.13766,172
2019.01.25,16:36,1.13764,1.13773,1.13752,1.13752,130
2019.01.25,16:37,1.13751,1.13751,1.13726,1.13734,148
2019.01.25,16:38,1.13734,1.13738,1.13722,1.13726,89
2019.01.25,16:39,1.13726,1.13737,1.13721,1.13733,101
2019.01.25,16:40,1.13736,1.13748,1.13726,1.13727,116
2019.01.25,16:41,1.13726,1.13739,1.13722,1.13732,109
2019.01.25,16:42,1.13735,1.13751,1.13735,1.13746,66
2019.01.25,16:43,1.13751,1.13823,1.13751,1.13785,216
2019.01.25,16:44,1.13783,1.13836,1.1378,1.13822,177
2019.01.25,16:45,1.13823,1.13852,1.13815,1.1384,190
2019.01.25,16:46,1.1384,1.1385,1.13828,1.13842,168
2019.01.25,16:47,1.13842,1.13847,1.13826,1.1383,139
2019.01.25,16:48,1.1383,1.13843,1.13827,1.13833,136
2019.01.25,16:49,1.13834,1.13845,1.13814,1.1382,118
2019.01.25,16:50,1.13824,1.13835,1.13797,1.1381,153
2019.01.25,16:51,1.1381,1.13833,1.1381,1.13828,143
2019.01.25,16:52,1.13829,1.13844,1.13825,1.13831,96
2019.01.25,16:53,1.13835,1.13853,1.13831,1.13836,136
2019.01.25,16:54,1.13835,1.13857,1.13835,1.13846,153
2019.01.25,16:55,1.13846,1.13866,1.13842,1.13864,157
2019.01.25,16:56,1.13863,1.13875,1.13858,1.13867,117
2019.01.25,16:57,1.13867,1.13891,1.13867,1.13887,123
2019.01.25,16:58,1.13888,1.13889,1.1385,1.13852,111
2019.01.25,16:59,1.13851,1.13854,1.1379,1.13792,148
2019.01.25,17:00,1.13793,1.13833,1.13784,1.13828,194
2019.01.25,17:01,1.13828,1.1385,1.13827,1.13848,102
2019.01.25,17:02,1.1385,1.13873,1.13837,1.13843,187
2019.01.25,17:03,1.13842,1.13855,1.13816,1.13816,162
2019.01.25,17:04,1.13818,1.13831,1.13802,1.13802,177
2019.01.25,17:05,1.13804,1.13808,1.13781,1.13807,174
2019.01.25,17:06,1.13808,1.13826,1.13797,1.13811,156
2019.01.25,17:07,1.13811,1.13822,1.13808,1.13809,119
2019.01.25,17:08,1.1381,1.13823,1.13795,1.13823,139
2019.01.25,17:09,1.13823,1.13847,1.13813,1.13814,127
2019.01.25,17:10,1.13813,1.13827,1.13795,1.138,130
2019.01.25,17:11,1.13799,1.13815,1.13787,1.1379,146
2019.01.25,17:12,1.13791,1.13807,1.13782,1.13806,128
2019.01.25,17:13,1.1381,1.1382,1.13806,1.13816,109
2019.01.25,17:14,1.13812,1.13825,1.13806,1.13816,126
2019.01.25,17:15,1.13815,1.13841,1.13812,1.13829,105
2019.01.25,17:16,1.1383,1.13844,1.13828,1.13828,102
2019.01.25,17:17,1.13829,1.13882,1.13829,1.13877,157
2019.01.25,17:18,1.13878,1.13938,1.13867,1.13921,220
2019.01.25,17:19,1.1392,1.13934,1.13918,1.13923,204
2019.01.25,17:20,1.13922,1.13954,1.13918,1.13945,207
2019.01.25,17:21,1.13942,1.13951,1.13929,1.13951,125
2019.01.25,17:22,1.13951,1.13968,1.13949,1.13967,153
2019.01.25,17:23,1.13966,1.13994,1.13961,1.13994,206
2019.01.25,17:24,1.13995,1.14041,1.13995,1.14027,231
2019.01.25,17:25,1.14026,1.14039,1.14017,1.14032,169
2019.01.25,17:26,1.14033,1.14078,1.14032,1.14067,264
2019.01.25,17:27,1.14067,1.14068,1.14017,1.14027,216
2019.01.25,17:28,1.14028,1.14063,1.14028,1.14051,167
2019.01.25,17:29,1.14049,1.14061,1.14028,1.14028,142
2019.01.25,17:30,1.14027,1.14056,1.14026,1.14045,160
2019.01.25,17:31,1.1405,1.1405,1.14004,1.14012,175
2019.01.25,17:32,1.14012,1.14012,1.13987,1.13997,171
2019.01.25,17:33,1.13998,1.14,1.13972,1.13978,134
2019.01.25,17:34,1.1398,1.13986,1.13976,1.13983,128
2019.01.25,17:35,1.13982,1.13989,1.13971,1.13974,126
2019.01.25,17:36,1.13976,1.13987,1.13968,1.13971,117
2019.01.25,17:37,1.13973,1.14006,1.13973,1.14001,133
2019.01.25,17:38,1.14001,1.14013,1.13983,1.14003,135
2019.01.25,17:39,1.14005,1.14011,1.13994,1.13998,131
2019.01.25,17:40,1.13999,1.14026,1.13999,1.14024,125
2019.01.25,17:41,1.14025,1.14029,1.14006,1.1401,149
2019.01.25,17:42,1.14009,1.14011,1.13996,1.14006,100
2019.01.25,17:43,1.14005,1.14027,1.14001,1.14027,160
2019.01.25,17:44,1.14028,1.14051,1.14028,1.1404,152
2019.01.25,17:45,1.14036,1.14045,1.14015,1.14025,150
2019.01.25,17:46,1.14026,1.14048,1.14012,1.14026,184
2019.01.25,17:47,1.14028,1.14053,1.14027,1.14038,150
2019.01.25,17:48,1.14036,1.14051,1.14011,1.14011,168
2019.01.25,17:49,1.14009,1.14009,1.13991,1.13999,126
2019.01.25,17:50,1.13998,1.14043,1.13998,1.14025,204
2019.01.25,17:51,1.14027,1.14027,1.13985,1.14001,137
2019.01.25,17:52,1.14002,1.14021,1.13973,1.13996,210
2019.01.25,17:53,1.13994,1.14037,1.13989,1.14032,160
2019.01.25,17:54,1.14032,1.14036,1.14004,1.14004,184
2019.01.25,17:55,1.14008,1.14019,1.13976,1.13976,172
2019.01.25,17:56,1.13973,1.14,1.13966,1.13995,184
2019.01.25,17:57,1.13995,1.13997,1.13979,1.13986,174
2019.01.25,17:58,1.13987,1.13993,1.13961,1.13968,215
2019.01.25,17:59,1.13968,1.13984,1.13968,1.13972,159
2019.01.25,18:00,1.13973,1.13983,1.13957,1.13966,217
2019.01.25,18:01,1.13966,1.13989,1.13962,1.13986,164
2019.01.25,18:02,1.13986,1.14013,1.1398,1.1398,178
2019.01.25,18:03,1.1398,1.14009,1.1398,1.14009,121
2019.01.25,18:04,1.1401,1.14017,1.13986,1.13988,136
2019.01.25,18:05,1.13988,1.14008,1.13984,1.13999,98
2019.01.25,18:06,1.13998,1.14009,1.13987,1.14002,107
2019.01.25,18:07,1.14003,1.14029,1.1399,1.14024,148
2019.01.25,18:08,1.14025,1.14043,1.14024,1.14037,109
2019.01.25,18:09,1.14037,1.14049,1.14018,1.14045,145
2019.01.25,18:10,1.14044,1.14044,1.1401,1.14014,147
2019.01.25,18:11,1.14018,1.14023,1.14005,1.14023,114
2019.01.25,18:12,1.14022,1.14023,1.14005,1.14015,136
2019.01.25,18:13,1.14015,1.14027,1.14009,1.14018,138
2019.01.25,18:14,1.14018,1.1403,1.1401,1.14016,123
2019.01.25,18:15,1.14017,1.14023,1.14009,1.14011,112
2019.01.25,18:16,1.14012,1.14029,1.14012,1.14013,120
2019.01.25,18:17,1.14012,1.14019,1.14009,1.14017,81
2019.01.25,18:18,1.14016,1.14018,1.14002,1.14006,90
2019.01.25,18:19,1.14007,1.14012,1.14002,1.14005,93
2019.01.25,18:20,1.14007,1.14028,1.14007,1.14027,97
2019.01.25,18:21,1.14028,1.1403,1.14005,1.14006,79
2019.01.25,18:22,1.14005,1.14008,1.14001,1.14007,100
2019.01.25,18:23,1.14007,1.14026,1.14007,1.14018,92
2019.01.25,18:24,1.14018,1.14024,1.14016,1.14021,55
2019.01.25,18:25,1.14022,1.14034,1.14021,1.14031,82
2019.01.25,18:26,1.1403,1.14034,1.14019,1.14027,107
2019.01.25,18:27,1.14028,1.14047,1.1402,1.14047,86
2019.01.25,18:28,1.14048,1.14118,1.14046,1.14116,221
2019.01.25,18:29,1.14117,1.14127,1.1409,1.14093,198
2019.01.25,18:30,1.14095,1.14096,1.14067,1.14077,157
2019.01.25,18:31,1.14075,1.14092,1.14074,1.14089,96
2019.01.25,18:32,1.1409,1.14097,1.14072,1.14078,106
2019.01.25,18:33,1.14077,1.14077,1.1406,1.14068,102
2019.01.25,18:34,1.14068,1.14068,1.1404,1.14047,122
2019.01.25,18:35,1.14047,1.1406,1.14044,1.14057,81
2019.01.25,18:36,1.1406,1.14063,1.14036,1.14038,63
2019.01.25,18:37,1.14039,1.14045,1.14026,1.14027,96
2019.01.25,18:38,1.14029,1.14038,1.14026,1.14031,72
2019.01.25,18:39,1.14028,1.14029,1.14018,1.14019,54
2019.01.25,18:40,1.14021,1.14045,1.14019,1.14034,88
2019.01.25,18:41,1.14035,1.14048,1.14029,1.14045,87
2019.01.25,18:42,1.14044,1.14054,1.1404,1.14045,126
2019.01.25,18:43,1.14049,1.14063,1.14047,1.14058,100
2019.01.25,18:44,1.14059,1.14069,1.14052,1.14065,80
2019.01.25,18:45,1.14066,1.1407,1.14049,1.14049,69
2019.01.25,18:46,1.14049,1.14068,1.14047,1.14062,83
2019.01.25,18:47,1.14064,1.14073,1.14059,1.1406,76
2019.01.25,18:48,1.14061,1.14069,1.14055,1.14067,69
2019.01.25,18:49,1.14068,1.141,1.14067,1.14077,123
2019.01.25,18:50,1.14077,1.14096,1.14077,1.14092,78
2019.01.25,18:51,1.14093,1.14103,1.14088,1.14099,72
2019.01.25,18:52,1.14101,1.14106,1.14093,1.14096,82
2019.01.25,18:53,1.14096,1.14114,1.14087,1.14104,99
2019.01.25,18:54,1.14103,1.14103,1.14076,1.14076,88
2019.01.25,18:55,1.14075,1.14098,1.14075,1.1408,101
2019.01.25,18:56,1.14084,1.14106,1.14083,1.14105,81
2019.01.25,18:57,1.14105,1.14106,1.14086,1.14092,88
2019.01.25,18:58,1.14091,1.14092,1.1407,1.14073,88
2019.01.25,18:59,1.14073,1.14086,1.1406,1.14061,110
2019.01.25,19:00,1.14062,1.14084,1.14061,1.14076,70
2019.01.25,19:01,1.14075,1.14078,1.14063,1.14075,81
2019.01.25,19:02,1.14076,1.14086,1.14076,1.14082,80
2019.01.25,19:03,1.14084,1.14084,1.14053,1.14053,72
2019.01.25,19:04,1.14053,1.14054,1.14027,1.14028,118
2019.01.25,19:05,1.14029,1.14044,1.14026,1.14037,86
2019.01.25,19:06,1.14036,1.14048,1.14036,1.14048,68
2019.01.25,19:07,1.14047,1.14066,1.14041,1.14066,111
2019.01.25,19:08,1.14065,1.1408,1.14053,1.14071,80
2019.01.25,19:09,1.14071,1.14081,1.14068,1.14077,57
2019.01.25,19:10,1.14076,1.1408,1.14037,1.14042,68
2019.01.25,19:11,1.14043,1.14056,1.14035,1.14055,66
2019.01.25,19:12,1.14054,1.14058,1.1404,1.14047,69
2019.01.25,19:13,1.14048,1.14048,1.14034,1.14034,71
2019.01.25,19:14,1.14036,1.14044,1.14026,1.14044,94
2019.01.25,19:15,1.14045,1.14048,1.14039,1.14046,70
2019.01.25,19:16,1.14045,1.14059,1.1404,1.14047,48
2019.01.25,19:17,1.14046,1.14072,1.14042,1.14071,60
2019.01.25,19:18,1.14072,1.14093,1.14072,1.14087,85
2019.01.25,19:19,1.14087,1.14091,1.14071,1.14075,66
2019.01.25,19:20,1.14074,1.14076,1.14063,1.14065,52
2019.01.25,19:21,1.14064,1.14086,1.14064,1.14085,74
2019.01.25,19:22,1.14084,1.14099,1.14078,1.14097,85
2019.01.25,19:23,1.14099,1.14104,1.14092,1.141,75
2019.01.25,19:24,1.14099,1.1411,1.14099,1.14102,90
2019.01.25,19:25,1.141,1.14127,1.14097,1.14114,110
2019.01.25,19:26,1.14113,1.1415,1.14111,1.14132,118
2019.01.25,19:27,1.14131,1.14139,1.14117,1.14126,111
2019.01.25,19:28,1.14126,1.14129,1.14106,1.14109,92
2019.01.25,19:29,1.1411,1.1411,1.14096,1.14106,139
2019.01.25,19:30,1.14108,1.14114,1.1409,1.14092,174
2019.01.25,19:31,1.14091,1.14092,1.14042,1.14049,191
2019.01.25,19:32,1.1405,1.1405,1.14022,1.14033,168
2019.01.25,19:33,1.14034,1.14037,1.1402,1.14021,81
2019.01.25,19:34,1.14021,1.14035,1.14011,1.14019,117
2019.01.25,19:35,1.14021,1.14047,1.14021,1.14045,92
2019.01.25,19:36,1.14044,1.14047,1.14029,1.14044,59
2019.01.25,19:37,1.14045,1.14056,1.14045,1.1405,57
2019.01.25,19:38,1.14048,1.1405,1.14019,1.14025,93
2019.01.25,19:39,1.14024,1.14034,1.1401,1.14013,90
2019.01.25,19:40,1.14014,1.14018,1.13997,1.13998,121
2019.01.25,19:41,1.13999,1.14008,1.13998,1.14005,90
2019.01.25,19:42,1.14004,1.14021,1.13999,1.14018,93
2019.01.25,19:43,1.14019,1.14028,1.14006,1.14008,55
2019.01.25,19:44,1.14009,1.14015,1.13996,1.14012,75
2019.01.25,19:45,1.14012,1.14015,1.13999,1.14,47
2019.01.25,19:46,1.13999,1.1401,1.13996,1.1401,147
2019.01.25,19:47,1.14011,1.14011,1.13995,1.14002,92
2019.01.25,19:48,1.14002,1.14026,1.14,1.14015,98
2019.01.25,19:49,1.14015,1.14028,1.14015,1.14015,84
2019.01.25,19:50,1.14012,1.14033,1.14012,1.14033,83
2019.01.25,19:51,1.14032,1.14067,1.14032,1.14057,152
2019.01.25,19:52,1.14059,1.14062,1.14045,1.14052,85
2019.01.25,19:53,1.14051,1.14065,1.1405,1.14055,106
2019.01.25,19:54,1.14055,1.14058,1.1405,1.14052,44
2019.01.25,19:55,1.14051,1.14052,1.14012,1.14019,79
2019.01.25,19:56,1.14023,1.14031,1.1402,1.14022,78
2019.01.25,19:57,1.1402,1.14039,1.1402,1.14034,83
2019.01.25,19:58,1.14034,1.1405,1.14033,1.14047,87
2019.01.25,19:59,1.14046,1.14071,1.14046,1.14057,111
2019.01.25,20:00,1.14059,1.14079,1.14055,1.14079,99
2019.01.25,20:01,1.14078,1.14093,1.14078,1.14085,78
2019.01.25,20:02,1.14085,1.14099,1.14085,1.14099,81
2019.01.25,20:03,1.14099,1.14102,1.14076,1.14078,59
2019.01.25,20:04,1.14081,1.14082,1.14069,1.14072,29
2019.01.25,20:05,1.14073,1.14078,1.14067,1.14072,48
2019.01.25,20:06,1.14073,1.14075,1.14052,1.14056,67
2019.01.25,20:07,1.14056,1.14056,1.14038,1.14042,76
2019.01.25,20:08,1.14045,1.14046,1.14028,1.14036,62
2019.01.25,20:09,1.14033,1.14038,1.14021,1.14032,82
2019.01.25,20:10,1.14032,1.14053,1.14031,1.14041,83
2019.01.25,20:11,1.14042,1.14052,1.14039,1.14049,81
2019.01.25,20:12,1.1405,1.14053,1.1404,1.14053,55
2019.01.25,20:13,1.14053,1.14055,1.14046,1.1405,58
2019.01.25,20:14,1.14052,1.14056,1.14045,1.14045,53
2019.01.25,20:15,1.14046,1.14053,1.14044,1.14051,54
2019.01.25,20:16,1.14052,1.14058,1.14051,1.14057,51
2019.01.25,20:17,1.14058,1.14081,1.14058,1.14079,71
2019.01.25,20:18,1.1408,1.14082,1.14069,1.14072,39
2019.01.25,20:19,1.14072,1.14085,1.1407,1.14071,69
2019.01.25,20:20,1.14071,1.14076,1.14068,1.14076,43
2019.01.25,20:21,1.14076,1.14082,1.14072,1.14072,43
2019.01.25,20:22,1.14072,1.1408,1.14066,1.14074,55
2019.01.25,20:23,1.14076,1.14085,1.14067,1.14074,69
2019.01.25,20:24,1.14076,1.14076,1.14055,1.1407,107
2019.01.25,20:25,1.1407,1.14076,1.14066,1.14073,60
2019.01.25,20:26,1.14072,1.14083,1.14072,1.14083,54
2019.01.25,20:27,1.14084,1.14086,1.14077,1.14086,79
2019.01.25,20:28,1.14087,1.14102,1.14077,1.14097,83
2019.01.25,20:29,1.14097,1.14103,1.14091,1.14091,51
2019.01.25,20:30,1.1409,1.1409,1.14069,1.14073,60
2019.01.25,20:31,1.14073,1.14095,1.14066,1.14081,72
2019.01.25,20:32,1.14081,1.14088,1.14054,1.1406,86
2019.01.25,20:33,1.14058,1.14076,1.14058,1.14072,55
2019.01.25,20:34,1.14072,1.14072,1.14047,1.14057,82
2019.01.25,20:35,1.14056,1.14062,1.14052,1.14057,68
2019.01.25,20:36,1.14057,1.14065,1.14052,1.14055,75
2019.01.25,20:37,1.14059,1.14062,1.14051,1.14055,79
2019.01.25,20:38,1.14055,1.1408,1.14055,1.14069,114
2019.01.25,20:39,1.14069,1.14072,1.14067,1.14067,66
2019.01.25,20:40,1.14066,1.14077,1.14055,1.14061,92
2019.01.25,20:41,1.1406,1.14079,1.1406,1.14076,56
2019.01.25,20:42,1.14075,1.14091,1.14072,1.14088,76
2019.01.25,20:43,1.14088,1.14091,1.14082,1.14082,65
2019.01.25,20:44,1.14082,1.14083,1.14077,1.14077,54
2019.01.25,20:45,1.14077,1.14077,1.14067,1.14073,74
2019.01.25,20:46,1.14074,1.14077,1.14065,1.14066,39
2019.01.25,20:47,1.14069,1.14072,1.14066,1.14071,37
2019.01.25,20:48,1.14072,1.14082,1.14066,1.14082,48
2019.01.25,20:49,1.14083,1.14083,1.14065,1.14066,56
2019.01.25,20:50,1.14066,1.14069,1.14057,1.14066,48
2019.01.25,20:51,1.1407,1.14082,1.14065,1.14081,65
2019.01.25,20:52,1.14081,1.14082,1.14076,1.14076,36
2019.01.25,20:53,1.14076,1.14076,1.14066,1.14071,39
2019.01.25,20:54,1.14069,1.14077,1.14066,1.14077,60
2019.01.25,20:55,1.14076,1.14077,1.14066,1.14071,74
2019.01.25,20:56,1.1407,1.14081,1.1407,1.14076,80
2019.01.25,20:57,1.14077,1.14078,1.14056,1.1406,73
2019.01.25,20:58,1.14061,1.14061,1.14053,1.14055,37
2019.01.25,20:59,1.14057,1.14067,1.14054,1.1406,80
2019.01.25,21:00,1.14064,1.14067,1.1406,1.1406,75
2019.01.25,21:01,1.1406,1.14062,1.14053,1.1406,43
2019.01.25,21:02,1.1406,1.14069,1.14054,1.14069,55
2019.01.25,21:03,1.14066,1.14081,1.14065,1.14081,50
2019.01.25,21:04,1.14082,1.14097,1.14076,1.14097,60
2019.01.25,21:05,1.14097,1.14101,1.14084,1.14085,66
2019.01.25,21:06,1.14085,1.14085,1.14079,1.1408,46
2019.01.25,21:07,1.14081,1.14081,1.14072,1.14077,58
2019.01.25,21:08,1.14081,1.14092,1.14079,1.14091,83
2019.01.25,21:09,1.14091,1.14107,1.14091,1.14101,94
2019.01.25,21:10,1.141,1.14102,1.14091,1.14094,81
2019.01.25,21:11,1.14095,1.141,1.14089,1.14092,38
2019.01.25,21:12,1.14088,1.14104,1.14088,1.14104,68
2019.01.25,21:13,1.14105,1.1411,1.14094,1.14094,56
2019.01.25,21:14,1.14094,1.14094,1.14082,1.14085,30
2019.01.25,21:15,1.14083,1.14085,1.14078,1.14082,49
2019.01.25,21:16,1.14086,1.14108,1.14085,1.14106,74
2019.01.25,21:17,1.14105,1.14112,1.14098,1.1411,77
2019.01.25,21:18,1.14112,1.14115,1.14094,1.141,93
2019.01.25,21:19,1.14101,1.14116,1.14101,1.14115,54
2019.01.25,21:20,1.14115,1.14115,1.14095,1.14095,64
2019.01.25,21:21,1.14096,1.14127,1.14083,1.14123,170
2019.01.25,21:22,1.14124,1.1414,1.14124,1.1414,130
2019.01.25,21:23,1.14138,1.14148,1.14137,1.14141,128
2019.01.25,21:24,1.14141,1.14142,1.1413,1.14131,74
2019.01.25,21:25,1.14131,1.14137,1.14131,1.14136,65
2019.01.25,21:26,1.14135,1.14135,1.14121,1.14125,43
2019.01.25,21:27,1.14124,1.14127,1.14116,1.14125,54
2019.01.25,21:28,1.14126,1.1414,1.14126,1.14127,116
2019.01.25,21:29,1.14127,1.14139,1.14127,1.14131,49
2019.01.25,21:30,1.1413,1.14132,1.14116,1.14117,66
2019.01.25,21:31,1.14116,1.14119,1.14105,1.1411,46
2019.01.25,21:32,1.14111,1.14121,1.1411,1.14113,25
2019.01.25,21:33,1.14114,1.14114,1.14104,1.14107,34
2019.01.25,21:34,1.14106,1.14111,1.14102,1.1411,52
2019.01.25,21:35,1.14111,1.14123,1.1411,1.14112,101
2019.01.25,21:36,1.14112,1.14122,1.14107,1.14116,60
2019.01.25,21:37,1.14117,1.14122,1.14097,1.141,75
2019.01.25,21:38,1.14099,1.14101,1.1407,1.14079,99
2019.01.25,21:39,1.1408,1.14084,1.14076,1.1408,54
2019.01.25,21:40,1.1408,1.14085,1.14062,1.14064,58
2019.01.25,21:41,1.14064,1.14066,1.14032,1.14043,99
2019.01.25,21:42,1.14046,1.14052,1.1404,1.14047,55
2019.01.25,21:43,1.14047,1.14053,1.14042,1.14042,47
2019.01.25,21:44,1.14042,1.14066,1.14038,1.14065,87
2019.01.25,21:45,1.14064,1.14074,1.14063,1.14065,60
2019.01.25,21:46,1.14068,1.14079,1.14068,1.14073,46
2019.01.25,21:47,1.14075,1.14081,1.14073,1.14075,41
2019.01.25,21:48,1.14075,1.14086,1.14072,1.14086,45
2019.01.25,21:49,1.14086,1.14092,1.14086,1.14087,33
2019.01.25,21:50,1.14087,1.14106,1.14086,1.14101,53
2019.01.25,21:51,1.14101,1.14119,1.14101,1.14101,97
2019.01.25,21:52,1.14102,1.14116,1.14102,1.1411,42
2019.01.25,21:53,1.14109,1.14115,1.14105,1.14106,28
2019.01.25,21:54,1.14105,1.14114,1.14105,1.14108,51
2019.01.25,21:55,1.14108,1.14124,1.14105,1.1412,63
2019.01.25,21:56,1.14121,1.14121,1.14101,1.14105,45
2019.01.25,21:57,1.14106,1.14123,1.14101,1.14116,67
2019.01.25,21:58,1.14118,1.14129,1.14111,1.14121,95
2019.01.25,21:59,1.14121,1.14148,1.14121,1.14144,138
2019.01.25,22:00,1.1414,1.1414,1.14121,1.14136,88
2019.01.25,22:01,1.14137,1.14143,1.14134,1.14135,95
2019.01.25,22:02,1.14136,1.14136,1.1411,1.1412,97
2019.01.25,22:03,1.14117,1.1412,1.14103,1.14104,87
2019.01.25,22:04,1.14104,1.14107,1.14101,1.14102,44
2019.01.25,22:05,1.14101,1.14107,1.14101,1.14104,43
2019.01.25,22:06,1.14104,1.14118,1.14102,1.14118,68
2019.01.25,22:07,1.14117,1.1413,1.14117,1.14122,53
2019.01.25,22:08,1.14122,1.14122,1.14114,1.14117,74
2019.01.25,22:09,1.14116,1.14117,1.14107,1.14107,64
2019.01.25,22:10,1.14107,1.14117,1.14106,1.14115,49
2019.01.25,22:11,1.14115,1.14124,1.1411,1.1411,72
2019.01.25,22:12,1.1411,1.14118,1.1411,1.14114,41
2019.01.25,22:13,1.14114,1.14123,1.14114,1.14116,64
2019.01.25,22:14,1.14116,1.14118,1.1411,1.14111,50
2019.01.25,22:15,1.1411,1.14124,1.1411,1.14121,54
2019.01.25,22:16,1.14121,1.14122,1.14118,1.1412,60
2019.01.25,22:17,1.14121,1.1413,1.14116,1.14128,50
2019.01.25,22:18,1.14127,1.14139,1.14127,1.14138,38
2019.01.25,22:19,1.1414,1.14143,1.14133,1.14143,52
2019.01.25,22:20,1.14142,1.14148,1.1414,1.14144,74
2019.01.25,22:21,1.14145,1.14152,1.14144,1.14145,41
2019.01.25,22:22,1.14145,1.14154,1.14141,1.14151,60
2019.01.25,22:23,1.14151,1.14168,1.14151,1.14166,89
2019.01.25,22:24,1.14165,1.1417,1.14156,1.14161,87
2019.01.25,22:25,1.14154,1.14164,1.14151,1.14161,61
2019.01.25,22:26,1.14159,1.14167,1.14152,1.14165,60
2019.01.25,22:27,1.14166,1.14176,1.14155,1.14155,89
2019.01.25,22:28,1.14155,1.14156,1.14146,1.14153,54
2019.01.25,22:29,1.14152,1.14153,1.14141,1.14147,69
2019.01.25,22:30,1.14147,1.14149,1.14144,1.14145,44
2019.01.25,22:31,1.14145,1.14149,1.14136,1.14136,57
2019.01.25,22:32,1.14136,1.14136,1.14135,1.14135,16
2019.01.25,22:33,1.14136,1.14138,1.14132,1.14136,21
2019.01.25,22:34,1.14135,1.14137,1.14126,1.1413,45
2019.01.25,22:35,1.1413,1.14137,1.14126,1.14136,60
2019.01.25,22:36,1.14136,1.14137,1.1413,1.14132,46
2019.01.25,22:37,1.14133,1.14158,1.14133,1.14153,86
2019.01.25,22:38,1.14153,1.14154,1.14146,1.14146,31
2019.01.25,22:39,1.14144,1.14148,1.14137,1.14143,36
2019.01.25,22:40,1.14145,1.14147,1.14137,1.1414,49
2019.01.25,22:41,1.1414,1.14147,1.14139,1.14146,42
2019.01.25,22:42,1.14146,1.14148,1.14144,1.14144,43
2019.01.25,22:43,1.14144,1.14148,1.14144,1.14148,30
2019.01.25,22:44,1.14147,1.14147,1.14141,1.14145,26
2019.01.25,22:45,1.14146,1.14149,1.14139,1.1414,36
2019.01.25,22:46,1.14139,1.14151,1.14129,1.1413,52
2019.01.25,22:47,1.14134,1.14141,1.14134,1.14135,33
2019.01.25,22:48,1.14135,1.14143,1.1413,1.14143,32
2019.01.25,22:49,1.14143,1.14145,1.14136,1.14138,53
2019.01.25,22:50,1.14138,1.14145,1.14131,1.14145,54
2019.01.25,22:51,1.14145,1.14146,1.14145,1.14145,17
2019.01.25,22:52,1.14146,1.1415,1.14145,1.14147,49
2019.01.25,22:53,1.14146,1.14158,1.14145,1.14151,31
2019.01.25,22:54,1.14155,1.14157,1.14151,1.14156,56
2019.01.25,22:55,1.14157,1.14161,1.14145,1.14145,37
2019.01.25,22:56,1.14145,1.14145,1.14122,1.14132,68
2019.01.25,22:57,1.14132,1.14141,1.14125,1.14135,78
2019.01.25,22:58,1.14136,1.14146,1.14134,1.14141,72
2019.01.25,22:59,1.14141,1.1415,1.14135,1.14149,80
2019.01.25,23:00,1.14152,1.14166,1.1415,1.14161,82
2019.01.25,23:01,1.14161,1.14165,1.14151,1.14152,48
2019.01.25,23:02,1.14154,1.14158,1.14151,1.14155,33
2019.01.25,23:03,1.14153,1.14169,1.14151,1.14169,44
2019.01.25,23:04,1.1417,1.14174,1.1416,1.14161,80
2019.01.25,23:05,1.1416,1.1416,1.14153,1.14155,34
2019.01.25,23:06,1.14154,1.14155,1.14148,1.1415,15
2019.01.25,23:07,1.14149,1.14163,1.14149,1.14159,37
2019.01.25,23:08,1.14158,1.14161,1.14155,1.14159,38
2019.01.25,23:09,1.14159,1.1416,1.14154,1.14155,28
2019.01.25,23:10,1.14157,1.14157,1.14154,1.14155,12
2019.01.25,23:11,1.14154,1.14156,1.14153,1.14154,21
2019.01.25,23:12,1.14155,1.1416,1.14152,1.14152,41
2019.01.25,23:13,1.14152,1.14159,1.14127,1.14128,68
2019.01.25,23:14,1.14127,1.14135,1.14127,1.14128,46
2019.01.25,23:15,1.14129,1.14135,1.14128,1.1413,29
2019.01.25,23:16,1.1413,1.1413,1.14126,1.14127,23
2019.01.25,23:17,1.14127,1.14131,1.14127,1.1413,22
2019.01.25,23:18,1.1413,1.1413,1.14121,1.14122,30
2019.01.25,23:19,1.14124,1.14132,1.14122,1.1413,31
2019.01.25,23:20,1.14131,1.14132,1.1413,1.14132,19
2019.01.25,23:21,1.14132,1.14132,1.14129,1.1413,10
2019.01.25,23:22,1.14128,1.14128,1.14127,1.14127,16
2019.01.25,23:23,1.14128,1.14131,1.14125,1.14128,20
2019.01.25,23:24,1.14126,1.14128,1.14124,1.14126,27
2019.01.25,23:25,1.14125,1.14126,1.14123,1.14124,27
2019.01.25,23:26,1.14125,1.14128,1.14125,1.14126,28
2019.01.25,23:27,1.14128,1.14128,1.14125,1.14126,27
2019.01.25,23:28,1.14126,1.1413,1.14122,1.1413,26
2019.01.25,23:29,1.1413,1.14135,1.14121,1.14121,57
2019.01.25,23:30,1.14121,1.1413,1.14118,1.14125,65
2019.01.25,23:31,1.14125,1.1413,1.14125,1.14128,56
2019.01.25,23:32,1.14128,1.14134,1.14125,1.14129,62
2019.01.25,23:33,1.14127,1.14131,1.14124,1.14129,48
2019.01.25,23:34,1.1413,1.1413,1.14126,1.14126,28
2019.01.25,23:35,1.14127,1.14129,1.14121,1.14123,61
2019.01.25,23:36,1.14123,1.14124,1.14119,1.14121,50
2019.01.25,23:37,1.1412,1.14124,1.14114,1.14115,60
2019.01.25,23:38,1.14115,1.14124,1.1411,1.14124,43
2019.01.25,23:39,1.14124,1.14125,1.14115,1.14115,46
2019.01.25,23:40,1.14115,1.14121,1.14114,1.14115,54
2019.01.25,23:41,1.14114,1.14121,1.14114,1.14114,40
2019.01.25,23:42,1.14119,1.14123,1.14115,1.14122,38
2019.01.25,23:43,1.14123,1.14126,1.1412,1.14121,36
2019.01.25,23:44,1.1412,1.1412,1.14115,1.14116,34
2019.01.25,23:45,1.14116,1.14119,1.14094,1.14099,90
2019.01.25,23:46,1.14099,1.14111,1.14097,1.1411,47
2019.01.25,23:47,1.14112,1.14115,1.14107,1.1411,24
2019.01.25,23:48,1.14112,1.14115,1.14084,1.14088,64
2019.01.25,23:49,1.14089,1.14089,1.14064,1.14069,74
2019.01.25,23:50,1.14069,1.1407,1.14055,1.14063,44
2019.01.25,23:51,1.14063,1.14066,1.14034,1.14056,65
2019.01.25,23:52,1.14055,1.14072,1.14052,1.14059,27
2019.01.25,23:53,1.14051,1.14057,1.14046,1.14052,38
2019.01.25,23:54,1.14055,1.14055,1.1404,1.14043,32
2019.01.25,23:55,1.14043,1.14055,1.14042,1.14053,29
2019.01.25,23:56,1.14053,1.14056,1.14053,1.14055,10
2019.01.25,23:57,1.14054,1.14056,1.14049,1.14051,63
2019.01.28,00:00,1.14,1.14002,1.14,1.14001,3
2019.01.28,00:01,1.14001,1.14005,1.14001,1.14005,5
2019.01.28,00:02,1.14006,1.14006,1.14005,1.14005,4
2019.01.28,00:03,1.14005,1.14005,1.14005,1.14005,1
2019.01.28,00:04,1.14006,1.14006,1.14006,1.14006,2
2019.01.28,00:05,1.14007,1.14033,1.14007,1.14014,25
2019.01.28,00:06,1.14014,1.14029,1.14007,1.14023,115
2019.01.28,00:07,1.14026,1.14043,1.14017,1.14019,206
2019.01.28,00:08,1.1402,1.14039,1.14018,1.14033,55
2019.01.28,00:09,1.14031,1.14049,1.14031,1.14039,49
2019.01.28,00:10,1.1404,1.14046,1.14025,1.14033,129
2019.01.28,00:11,1.14036,1.14036,1.14023,1.14031,139
2019.01.28,00:12,1.14031,1.14035,1.1402,1.14032,118
2019.01.28,00:13,1.14032,1.14033,1.14019,1.14021,207
2019.01.28,00:14,1.1402,1.14033,1.14015,1.14028,39
2019.01.28,00:15,1.14028,1.14056,1.14003,1.14034,125
2019.01.28,00:16,1.14028,1.14059,1.14025,1.14058,48
2019.01.28,00:17,1.14056,1.14063,1.14055,1.14062,33
2019.01.28,00:18,1.14064,1.14065,1.14062,1.14064,5
2019.01.28,00:19,1.14062,1.1409,1.14045,1.14046,33
2019.01.28,00:20,1.14048,1.1408,1.14045,1.14079,39
2019.01.28,00:21,1.14077,1.14081,1.14077,1.14079,11
2019.01.28,00:22,1.14079,1.14081,1.14078,1.14081,15
2019.01.28,00:23,1.14079,1.14085,1.14078,1.14079,12
2019.01.28,00:24,1.14079,1.14081,1.14078,1.1408,11
2019.01.28,00:25,1.14078,1.14079,1.14078,1.14078,10
2019.01.28,00:26,1.14078,1.14082,1.14078,1.14082,13
2019.01.28,00:27,1.14082,1.14083,1.14079,1.14083,12
2019.01.28,00:28,1.14084,1.14089,1.14082,1.14088,20
2019.01.28,00:29,1.14094,1.14096,1.14092,1.14093,18
2019.01.28,00:30,1.14093,1.14093,1.14091,1.14092,16
2019.01.28,00:31,1.14091,1.14093,1.1409,1.14092,20
2019.01.28,00:32,1.14091,1.141,1.14091,1.14091,25
2019.01.28,00:33,1.14092,1.14093,1.14092,1.14093,3
2019.01.28,00:34,1.14092,1.14093,1.14092,1.14092,6
2019.01.28,00:35,1.14092,1.14092,1.1409,1.1409,7
2019.01.28,00:36,1.1409,1.1409,1.14089,1.1409,3
2019.01.28,00:37,1.14091,1.14091,1.1409,1.14091,5
2019.01.28,00:38,1.1409,1.14091,1.14089,1.1409,12
2019.01.28,00:39,1.14091,1.14096,1.1409,1.14092,13
2019.01.28,00:40,1.14095,1.14103,1.14093,1.14094,29
2019.01.28,00:41,1.14093,1.14105,1.14093,1.14097,37
2019.01.28,00:42,1.14097,1.14099,1.14094,1.14095,24
2019.01.28,00:43,1.14095,1.14097,1.14095,1.14095,19
2019.01.28,00:44,1.14094,1.14094,1.14094,1.14094,1
2019.01.28,00:45,1.14095,1.14095,1.14093,1.14095,5
2019.01.28,00:46,1.14095,1.14095,1.14085,1.14087,18
2019.01.28,00:47,1.14087,1.14088,1.14085,1.14086,16
2019.01.28,00:48,1.14085,1.14088,1.14085,1.14086,13
2019.01.28,00:49,1.14086,1.14089,1.14086,1.14089,8
2019.01.28,00:50,1.14089,1.14091,1.14088,1.14091,15
2019.01.28,00:51,1.14089,1.14091,1.14088,1.14089,12
2019.01.28,00:52,1.14088,1.14088,1.14087,1.14087,4
2019.01.28,00:54,1.14089,1.14089,1.14087,1.14087,2
2019.01.28,00:55,1.14087,1.1409,1.14087,1.14087,4
2019.01.28,00:56,1.14086,1.14096,1.14086,1.14086,14
2019.01.28,00:57,1.14087,1.14087,1.14084,1.14085,6
2019.01.28,00:58,1.14085,1.14085,1.14085,1.14085,4
2019.01.28,00:59,1.14086,1.14087,1.14085,1.14086,4
2019.01.28,01:00,1.14086,1.14098,1.14086,1.14098,12
2019.01.28,01:01,1.14105,1.14115,1.14099,1.14115,49
2019.01.28,01:02,1.14116,1.14119,1.14111,1.14111,82
2019.01.28,01:03,1.14112,1.14116,1.14108,1.14116,24
2019.01.28,01:04,1.14116,1.14117,1.14112,1.14113,26
2019.01.28,01:05,1.14113,1.14117,1.14112,1.14114,31
2019.01.28,01:06,1.14114,1.14114,1.14107,1.14114,35
2019.01.28,01:07,1.14114,1.14118,1.14114,1.14118,35
2019.01.28,01:08,1.14118,1.14119,1.14116,1.14117,27
2019.01.28,01:09,1.14117,1.1412,1.14117,1.14118,38
2019.01.28,01:10,1.14118,1.14121,1.14118,1.14121,16
2019.01.28,01:11,1.14121,1.14127,1.14117,1.14122,46
2019.01.28,01:12,1.14124,1.14135,1.14122,1.14126,48
2019.01.28,01:13,1.14126,1.14126,1.14121,1.14123,15
2019.01.28,01:14,1.14123,1.14126,1.14122,1.14126,15
2019.01.28,01:15,1.14126,1.14127,1.14124,1.14127,17
2019.01.28,01:16,1.14124,1.14124,1.14115,1.14115,20
2019.01.28,01:17,1.14115,1.14115,1.14105,1.14108,34
2019.01.28,01:18,1.14108,1.1411,1.14107,1.1411,27
2019.01.28,01:19,1.14108,1.14109,1.14107,1.14109,21
2019.01.28,01:20,1.14109,1.14112,1.14107,1.14107,26
2019.01.28,01:21,1.14108,1.14108,1.14105,1.14108,13
2019.01.28,01:22,1.14107,1.14108,1.14106,1.14106,11
2019.01.28,01:23,1.14108,1.14108,1.14105,1.14106,15
2019.01.28,01:24,1.14106,1.14106,1.14105,1.14105,19
2019.01.28,01:25,1.14108,1.14108,1.14105,1.14106,21
2019.01.28,01:26,1.14105,1.1411,1.14104,1.14107,13
2019.01.28,01:27,1.14106,1.14108,1.14106,1.14107,11
2019.01.28,01:28,1.14107,1.1411,1.14106,1.1411,13
2019.01.28,01:29,1.1411,1.1411,1.14108,1.14108,3
2019.01.28,01:30,1.14108,1.14113,1.14108,1.14112,15
2019.01.28,01:31,1.14113,1.14119,1.14113,1.14117,19
2019.01.28,01:32,1.14117,1.14117,1.14115,1.14115,18
2019.01.28,01:33,1.14115,1.14118,1.14115,1.14117,14
2019.01.28,01:34,1.14116,1.14116,1.14112,1.14112,17
2019.01.28,01:35,1.14112,1.14114,1.14112,1.14114,10
2019.01.28,01:36,1.14114,1.14114,1.1411,1.1411,20
2019.01.28,01:37,1.1411,1.14114,1.1411,1.14112,7
2019.01.28,01:38,1.14112,1.14119,1.14112,1.14119,5
2019.01.28,01:39,1.1412,1.14122,1.14119,1.14122,25
2019.01.28,01:40,1.14121,1.14126,1.14118,1.14125,38
2019.01.28,01:41,1.14125,1.14126,1.14124,1.14124,9
2019.01.28,01:42,1.14124,1.14126,1.14123,1.14123,15
2019.01.28,01:43,1.14121,1.14121,1.14117,1.14117,12
2019.01.28,01:44,1.14117,1.14118,1.14114,1.14118,26
2019.01.28,01:45,1.14117,1.14118,1.14108,1.1411,29
2019.01.28,01:46,1.14112,1.14114,1.14112,1.14113,10
2019.01.28,01:47,1.14113,1.14114,1.14112,1.14113,7
2019.01.28,01:48,1.14112,1.14115,1.14108,1.14113,29
2019.01.28,01:49,1.14114,1.14117,1.14113,1.14117,13
2019.01.28,01:50,1.14116,1.1412,1.14113,1.14119,37
2019.01.28,01:51,1.14118,1.14118,1.14112,1.14113,12
2019.01.28,01:52,1.14113,1.14114,1.14113,1.14114,14
2019.01.28,01:53,1.14113,1.14114,1.14113,1.14113,7
2019.01.28,01:54,1.14114,1.14119,1.14113,1.14114,23
2019.01.28,01:55,1.14116,1.14118,1.14113,1.14115,34
2019.01.28,01:56,1.14116,1.14119,1.14116,1.14118,19
2019.01.28,01:57,1.14119,1.14124,1.14117,1.14123,44
2019.01.28,01:58,1.14124,1.14127,1.14123,1.14123,48
2019.01.28,01:59,1.14123,1.14128,1.14123,1.14127,52
2019.01.28,02:00,1.14126,1.14134,1.14118,1.14119,88
2019.01.28,02:01,1.14119,1.14137,1.14119,1.14127,51
2019.01.28,02:02,1.14127,1.14127,1.14115,1.1412,56
2019.01.28,02:03,1.1412,1.14124,1.14118,1.14122,26
2019.01.28,02:04,1.14124,1.14125,1.14122,1.14124,16
2019.01.28,02:05,1.14124,1.14131,1.14124,1.14128,25
2019.01.28,02:06,1.14129,1.14142,1.14128,1.14139,56
2019.01.28,02:07,1.1414,1.14148,1.1414,1.14143,57
2019.01.28,02:08,1.14144,1.14152,1.14143,1.14151,35
2019.01.28,02:09,1.14151,1.14162,1.14151,1.1416,36
2019.01.28,02:10,1.14161,1.14161,1.14134,1.14142,75
2019.01.28,02:11,1.14143,1.14154,1.14142,1.14148,36
2019.01.28,02:12,1.14148,1.14148,1.14144,1.14146,23
2019.01.28,02:13,1.14146,1.14148,1.14146,1.14147,22
2019.01.28,02:14,1.14147,1.14147,1.14143,1.14144,25
2019.01.28,02:15,1.14143,1.14145,1.14128,1.14129,49
2019.01.28,02:16,1.14129,1.1413,1.14122,1.14123,29
2019.01.28,02:17,1.14124,1.14124,1.14114,1.14117,47
2019.01.28,02:18,1.14118,1.14123,1.14114,1.14118,34
2019.01.28,02:19,1.14118,1.14118,1.14113,1.14114,27
2019.01.28,02:20,1.14114,1.14126,1.14114,1.14121,50
2019.01.28,02:21,1.1412,1.14126,1.14119,1.14124,30
2019.01.28,02:22,1.14124,1.14138,1.14124,1.14134,39
2019.01.28,02:23,1.14132,1.14132,1.14129,1.14131,14
2019.01.28,02:24,1.1413,1.14132,1.14117,1.14119,30
2019.01.28,02:25,1.14119,1.14125,1.14119,1.14123,23
2019.01.28,02:26,1.14123,1.14128,1.14122,1.14127,55
2019.01.28,02:27,1.14128,1.14135,1.14126,1.14134,26
2019.01.28,02:28,1.14134,1.1414,1.14131,1.14132,44
2019.01.28,02:29,1.14132,1.14147,1.14132,1.14147,53
2019.01.28,02:30,1.14146,1.14157,1.1414,1.14157,68
2019.01.28,02:31,1.14156,1.14161,1.14151,1.1416,67
2019.01.28,02:32,1.1416,1.14165,1.14158,1.14158,52
2019.01.28,02:33,1.14157,1.14171,1.14156,1.14171,84
2019.01.28,02:34,1.14174,1.14185,1.1417,1.14174,72
2019.01.28,02:35,1.14174,1.14174,1.14163,1.14164,49
2019.01.28,02:36,1.14163,1.14164,1.14159,1.1416,24
2019.01.28,02:37,1.14159,1.14159,1.14146,1.14149,35
2019.01.28,02:38,1.14148,1.14149,1.14141,1.14142,21
2019.01.28,02:39,1.14143,1.14157,1.1414,1.14143,43
2019.01.28,02:40,1.14143,1.14153,1.14138,1.14152,47
2019.01.28,02:41,1.14152,1.14156,1.14143,1.14154,40
2019.01.28,02:42,1.14154,1.14154,1.14151,1.14152,15
2019.01.28,02:43,1.14152,1.14159,1.14148,1.14159,28
2019.01.28,02:44,1.14157,1.14174,1.14157,1.14164,50
2019.01.28,02:45,1.14163,1.14164,1.14159,1.14164,24
2019.01.28,02:46,1.14165,1.14165,1.14154,1.14157,31
2019.01.28,02:47,1.14156,1.14158,1.14153,1.14153,25
2019.01.28,02:48,1.14155,1.14158,1.14155,1.14157,26
2019.01.28,02:49,1.14157,1.14157,1.14153,1.14154,17
2019.01.28,02:50,1.14154,1.14154,1.14154,1.14154,6
2019.01.28,02:51,1.14152,1.14155,1.1415,1.14152,18
2019.01.28,02:52,1.14153,1.14157,1.14152,1.14157,23
2019.01.28,02:53,1.14157,1.14157,1.14146,1.14149,29
2019.01.28,02:54,1.14152,1.14156,1.14116,1.14124,121
2019.01.28,02:55,1.14124,1.14137,1.14124,1.14137,24
2019.01.28,02:56,1.14138,1.14138,1.14133,1.14133,12
2019.01.28,02:57,1.14132,1.14132,1.14119,1.14123,42
2019.01.28,02:58,1.14123,1.14127,1.14123,1.14124,23
2019.01.28,02:59,1.14124,1.14124,1.1411,1.14114,55
2019.01.28,03:00,1.14114,1.14132,1.14114,1.14127,80
2019.01.28,03:01,1.14127,1.14132,1.14118,1.14123,48
2019.01.28,03:02,1.14123,1.14132,1.14123,1.14129,52
2019.01.28,03:03,1.14131,1.14136,1.14125,1.14129,45
2019.01.28,03:04,1.14129,1.14139,1.14129,1.14139,29
2019.01.28,03:05,1.14139,1.14143,1.14134,1.14143,34
2019.01.28,03:06,1.14142,1.14142,1.14129,1.14133,40
2019.01.28,03:07,1.14134,1.14143,1.14134,1.14139,43
2019.01.28,03:08,1.14138,1.14144,1.14136,1.14144,26
2019.01.28,03:09,1.14143,1.14146,1.14142,1.14144,25
2019.01.28,03:10,1.14144,1.14147,1.14144,1.14144,16
2019.01.28,03:11,1.14144,1.14144,1.14139,1.1414,18
2019.01.28,03:12,1.1414,1.14143,1.14135,1.14141,34
2019.01.28,03:13,1.1414,1.14143,1.14134,1.14134,36
2019.01.28,03:14,1.14134,1.14139,1.14133,1.14139,18
2019.01.28,03:15,1.14139,1.14144,1.14133,1.14144,49
2019.01.28,03:16,1.14145,1.14145,1.14142,1.14143,13
2019.01.28,03:17,1.14142,1.14151,1.14142,1.14148,34
2019.01.28,03:18,1.14148,1.14149,1.14148,1.14148,12
2019.01.28,03:19,1.14149,1.14149,1.14148,1.14149,5
2019.01.28,03:20,1.14148,1.14153,1.14134,1.14135,44
2019.01.28,03:21,1.14135,1.14144,1.14135,1.14144,26
2019.01.28,03:22,1.14143,1.14148,1.14137,1.14144,30
2019.01.28,03:23,1.14144,1.14144,1.14133,1.14133,20
2019.01.28,03:24,1.14134,1.1414,1.14133,1.14139,24
2019.01.28,03:25,1.14138,1.1415,1.14138,1.1415,22
2019.01.28,03:26,1.14147,1.14152,1.14143,1.14149,37
2019.01.28,03:27,1.14149,1.14151,1.14144,1.14145,29
2019.01.28,03:28,1.14144,1.14149,1.14143,1.14145,36
2019.01.28,03:29,1.14146,1.14149,1.14139,1.14142,35
2019.01.28,03:30,1.14142,1.14144,1.14134,1.14143,35
2019.01.28,03:31,1.14144,1.14144,1.14132,1.14133,43
2019.01.28,03:32,1.14134,1.14138,1.14129,1.14133,55
2019.01.28,03:33,1.14134,1.14146,1.14129,1.14144,46
2019.01.28,03:34,1.14146,1.14177,1.14144,1.14172,136
2019.01.28,03:35,1.14173,1.14184,1.14169,1.14178,117
2019.01.28,03:36,1.14178,1.14184,1.14167,1.14177,79
2019.01.28,03:37,1.14177,1.14177,1.14162,1.14163,49
2019.01.28,03:38,1.14162,1.14162,1.14153,1.14157,45
2019.01.28,03:39,1.14157,1.14169,1.14157,1.14164,37
2019.01.28,03:40,1.14166,1.14171,1.14163,1.14164,74
2019.01.28,03:41,1.14164,1.14164,1.14156,1.14163,41
2019.01.28,03:42,1.14163,1.14163,1.14158,1.14158,18
2019.01.28,03:43,1.14158,1.14173,1.14157,1.1417,32
2019.01.28,03:44,1.14171,1.14188,1.14171,1.14184,75
2019.01.28,03:45,1.14184,1.14184,1.14167,1.14168,46
2019.01.28,03:46,1.14167,1.14178,1.14162,1.14169,61
2019.01.28,03:47,1.14169,1.14171,1.14168,1.14168,27
2019.01.28,03:48,1.14167,1.14171,1.14163,1.14163,52
2019.01.28,03:49,1.14162,1.14169,1.14162,1.14168,31
2019.01.28,03:50,1.14167,1.14167,1.14159,1.14159,17
2019.01.28,03:51,1.14159,1.1416,1.14155,1.14157,29
2019.01.28,03:52,1.14158,1.14163,1.14157,1.14158,40
2019.01.28,03:53,1.14157,1.14167,1.14157,1.14163,32
2019.01.28,03:54,1.14163,1.14166,1.14159,1.14162,48
2019.01.28,03:55,1.14162,1.14162,1.14153,1.14159,45
2019.01.28,03:56,1.14159,1.14164,1.14154,1.14164,45
2019.01.28,03:57,1.14167,1.14168,1.14155,1.14158,40
2019.01.28,03:58,1.14159,1.14159,1.14157,1.14157,13
2019.01.28,03:59,1.14158,1.14158,1.14147,1.14147,33
2019.01.28,04:00,1.14148,1.14153,1.14142,1.14144,50
2019.01.28,04:01,1.14143,1.14144,1.14132,1.14136,32
2019.01.28,04:02,1.14137,1.14138,1.14126,1.14132,48
2019.01.28,04:03,1.14133,1.14133,1.14127,1.14133,30
2019.01.28,04:04,1.14132,1.14137,1.14132,1.14133,21
2019.01.28,04:05,1.14132,1.14144,1.14132,1.14143,31
2019.01.28,04:06,1.14143,1.14143,1.14132,1.14134,19
2019.01.28,04:07,1.14133,1.14134,1.14132,1.14133,17
2019.01.28,04:08,1.14134,1.14136,1.14133,1.14134,19
2019.01.28,04:09,1.14133,1.14133,1.14129,1.14129,6
2019.01.28,04:10,1.1413,1.14133,1.14128,1.14129,13
2019.01.28,04:11,1.14128,1.14137,1.14128,1.14133,36
2019.01.28,04:12,1.14133,1.14138,1.14133,1.14138,18
2019.01.28,04:13,1.14139,1.14144,1.14139,1.14143,10
2019.01.28,04:14,1.14144,1.14144,1.14138,1.14138,35
2019.01.28,04:15,1.14137,1.14138,1.14134,1.14136,45
2019.01.28,04:16,1.14136,1.14136,1.14132,1.14134,24
2019.01.28,04:17,1.14134,1.14137,1.1413,1.14132,35
2019.01.28,04:18,1.1413,1.1413,1.14121,1.14124,22
2019.01.28,04:19,1.14124,1.14124,1.14109,1.14112,62
2019.01.28,04:20,1.14113,1.14117,1.14104,1.14108,79
2019.01.28,04:21,1.14108,1.14113,1.14097,1.14107,90
2019.01.28,04:22,1.14106,1.14113,1.14104,1.14106,57
2019.01.28,04:23,1.14106,1.14106,1.14095,1.14095,45
2019.01.28,04:24,1.14095,1.14105,1.14093,1.14097,45
2019.01.28,04:25,1.14098,1.14103,1.14092,1.14097,55
2019.01.28,04:26,1.14097,1.14113,1.14097,1.14113,39
2019.01.28,04:27,1.14113,1.14121,1.14113,1.14115,42
2019.01.28,04:28,1.14114,1.14116,1.1411,1.14114,23
2019.01.28,04:29,1.14115,1.14123,1.14114,1.14116,36
2019.01.28,04:30,1.14116,1.14119,1.14116,1.14118,22
2019.01.28,04:31,1.14119,1.14124,1.14117,1.14123,33
2019.01.28,04:32,1.14123,1.14124,1.14123,1.14123,10
2019.01.28,04:33,1.14124,1.14124,1.14123,1.14123,11
2019.01.28,04:34,1.14123,1.14123,1.14123,1.14123,2
2019.01.28,04:35,1.14123,1.14123,1.14112,1.14112,25
2019.01.28,04:36,1.14112,1.14112,1.14101,1.14101,38
2019.01.28,04:37,1.14101,1.14103,1.14094,1.14095,27
2019.01.28,04:38,1.14096,1.14096,1.14088,1.14091,35
2019.01.28,04:39,1.14092,1.14094,1.14092,1.14092,10
2019.01.28,04:40,1.14091,1.14098,1.14091,1.14098,16
2019.01.28,04:41,1.14098,1.14104,1.14097,1.14104,30
2019.01.28,04:42,1.14103,1.14113,1.14102,1.14109,24
2019.01.28,04:43,1.14109,1.14112,1.14109,1.1411,15
2019.01.28,04:44,1.14109,1.14114,1.14108,1.14113,23
2019.01.28,04:45,1.14114,1.14118,1.14114,1.14118,25
2019.01.28,04:46,1.14118,1.14118,1.14107,1.14113,37
2019.01.28,04:47,1.14116,1.14125,1.14116,1.14123,27
2019.01.28,04:48,1.14123,1.14123,1.1412,1.1412,13
2019.01.28,04:49,1.1412,1.14125,1.1412,1.14123,19
2019.01.28,04:50,1.14122,1.14125,1.14122,1.14122,11
2019.01.28,04:51,1.14123,1.14123,1.14123,1.14123,3
2019.01.28,04:52,1.14123,1.14124,1.14123,1.14123,10
2019.01.28,04:53,1.14123,1.14124,1.14123,1.14123,5
2019.01.28,04:54,1.14124,1.14124,1.14123,1.14123,4
2019.01.28,04:55,1.14124,1.1413,1.14124,1.14129,40
2019.01.28,04:56,1.1413,1.14134,1.14128,1.14129,22
2019.01.28,04:57,1.14129,1.1413,1.14123,1.14124,27
2019.01.28,04:58,1.14123,1.14127,1.14122,1.14127,25
2019.01.28,04:59,1.14128,1.14138,1.14127,1.14135,38
2019.01.28,05:00,1.14135,1.14135,1.14124,1.14124,49
2019.01.28,05:01,1.14123,1.14124,1.14121,1.14124,10
2019.01.28,05:02,1.14126,1.14133,1.14124,1.14133,32
2019.01.28,05:03,1.14134,1.14136,1.14132,1.14134,22
2019.01.28,05:04,1.14135,1.14135,1.14125,1.14125,28
2019.01.28,05:05,1.14124,1.14124,1.14123,1.14123,3
2019.01.28,05:06,1.14123,1.14124,1.14119,1.14119,21
2019.01.28,05:07,1.14119,1.14124,1.14119,1.14123,22
2019.01.28,05:08,1.14123,1.14124,1.14114,1.14115,26
2019.01.28,05:09,1.14116,1.14118,1.14112,1.14112,27
2019.01.28,05:10,1.14112,1.14114,1.14107,1.14108,27
2019.01.28,05:11,1.14109,1.14116,1.14109,1.14114,36
2019.01.28,05:12,1.14114,1.14114,1.14112,1.14113,9
2019.01.28,05:13,1.14113,1.14114,1.14107,1.14107,10
2019.01.28,05:14,1.14108,1.14117,1.14108,1.14113,55
2019.01.28,05:15,1.14113,1.14117,1.14113,1.14117,23
2019.01.28,05:16,1.14117,1.14118,1.14116,1.14118,12
2019.01.28,05:17,1.14117,1.14122,1.14115,1.14122,29
2019.01.28,05:18,1.14122,1.14129,1.1412,1.14123,24
2019.01.28,05:19,1.14124,1.14126,1.14123,1.14124,33
2019.01.28,05:20,1.14124,1.14129,1.14123,1.14128,26
2019.01.28,05:21,1.14128,1.1413,1.14128,1.1413,7
2019.01.28,05:22,1.14129,1.14133,1.14128,1.14129,40
2019.01.28,05:23,1.14129,1.14136,1.14124,1.14124,46
2019.01.28,05:24,1.14123,1.14128,1.14123,1.14128,18
2019.01.28,05:25,1.14127,1.1413,1.14127,1.14129,20
2019.01.28,05:26,1.14129,1.14141,1.14129,1.14138,42
2019.01.28,05:27,1.14138,1.14138,1.14133,1.14134,14
2019.01.28,05:28,1.14133,1.14135,1.14132,1.14134,17
2019.01.28,05:29,1.14135,1.14139,1.14134,1.14139,15
2019.01.28,05:30,1.14139,1.14139,1.14134,1.14134,60
2019.01.28,05:31,1.14134,1.14142,1.14131,1.14139,28
2019.01.28,05:32,1.14139,1.14148,1.14139,1.14148,40
2019.01.28,05:33,1.14148,1.14154,1.14139,1.1415,72
2019.01.28,05:34,1.1415,1.14158,1.1415,1.14154,51
2019.01.28,05:35,1.14153,1.14154,1.1415,1.1415,16
2019.01.28,05:36,1.1415,1.14154,1.14149,1.14154,27
2019.01.28,05:37,1.14154,1.14161,1.14154,1.14158,54
2019.01.28,05:38,1.14158,1.14164,1.14157,1.14164,21
2019.01.28,05:39,1.14163,1.14163,1.14154,1.14154,21
2019.01.28,05:40,1.14154,1.14155,1.14153,1.14153,5
2019.01.28,05:41,1.14154,1.14163,1.14154,1.14163,38
2019.01.28,05:42,1.14164,1.14181,1.14164,1.14178,41
2019.01.28,05:43,1.14178,1.14189,1.14178,1.14187,56
2019.01.28,05:44,1.14187,1.14194,1.14187,1.14194,50
2019.01.28,05:45,1.14194,1.14216,1.14188,1.14213,136
2019.01.28,05:46,1.14214,1.14256,1.14213,1.14237,140
2019.01.28,05:47,1.14236,1.14248,1.14222,1.14223,123
2019.01.28,05:48,1.14222,1.14222,1.14212,1.14213,45
2019.01.28,05:49,1.14212,1.14213,1.14212,1.14212,18
2019.01.28,05:50,1.14213,1.14213,1.14203,1.14203,37
2019.01.28,05:51,1.14202,1.14207,1.14192,1.14192,62
2019.01.28,05:52,1.14196,1.14213,1.14196,1.14212,65
2019.01.28,05:53,1.14213,1.14214,1.14209,1.1421,32
2019.01.28,05:54,1.1421,1.14211,1.14209,1.14209,17
2019.01.28,05:55,1.14209,1.14212,1.14202,1.14204,38
2019.01.28,05:56,1.14203,1.14203,1.14199,1.14203,14
2019.01.28,05:57,1.14203,1.14203,1.14193,1.14198,64
2019.01.28,05:58,1.14197,1.14202,1.14194,1.14197,28
2019.01.28,05:59,1.14196,1.14198,1.14193,1.14193,23
2019.01.28,06:00,1.14193,1.14199,1.14188,1.14193,80
2019.01.28,06:01,1.14192,1.14198,1.14192,1.14198,23
2019.01.28,06:02,1.14199,1.14204,1.14198,1.14203,18
2019.01.28,06:03,1.14202,1.14204,1.14199,1.14203,28
2019.01.28,06:04,1.14204,1.14207,1.14203,1.14204,40
2019.01.28,06:05,1.14204,1.14225,1.14204,1.14224,39
2019.01.28,06:06,1.14225,1.1423,1.1422,1.1423,25
2019.01.28,06:07,1.14231,1.14238,1.1423,1.14235,70
2019.01.28,06:08,1.14234,1.1424,1.14232,1.1424,27
2019.01.28,06:09,1.14241,1.14241,1.14234,1.14236,33
2019.01.28,06:10,1.14235,1.14243,1.14234,1.14234,29
2019.01.28,06:11,1.14232,1.14232,1.14224,1.14224,30
2019.01.28,06:12,1.14223,1.14224,1.14223,1.14224,12
2019.01.28,06:13,1.14225,1.14225,1.1422,1.1422,10
2019.01.28,06:14,1.14222,1.14224,1.14219,1.14224,43
2019.01.28,06:15,1.14224,1.14224,1.14223,1.14223,15
2019.01.28,06:16,1.14224,1.14224,1.1422,1.1422,17
2019.01.28,06:17,1.14219,1.14226,1.14219,1.14226,11
2019.01.28,06:18,1.14225,1.14236,1.14225,1.14235,20
2019.01.28,06:19,1.14238,1.14238,1.14231,1.14231,14
2019.01.28,06:20,1.1423,1.14234,1.14226,1.14231,26
2019.01.28,06:21,1.14231,1.14237,1.14229,1.14236,32
2019.01.28,06:22,1.14236,1.14236,1.1423,1.14231,25
2019.01.28,06:23,1.1423,1.14234,1.1423,1.1423,15
2019.01.28,06:24,1.1423,1.14235,1.1423,1.14234,17
2019.01.28,06:25,1.14234,1.14235,1.1423,1.14231,17
2019.01.28,06:26,1.1423,1.14235,1.14224,1.14231,36
2019.01.28,06:27,1.14232,1.14235,1.14231,1.14235,12
2019.01.28,06:28,1.14236,1.14247,1.14235,1.14246,44
2019.01.28,06:29,1.14245,1.14253,1.14244,1.14245,37
2019.01.28,06:30,1.14245,1.14246,1.14234,1.14234,23
2019.01.28,06:31,1.14236,1.14239,1.14231,1.14233,34
2019.01.28,06:32,1.14233,1.14234,1.14224,1.14224,47
2019.01.28,06:33,1.14224,1.14229,1.14222,1.14222,40
2019.01.28,06:34,1.14222,1.14224,1.14222,1.14222,15
2019.01.28,06:35,1.14222,1.14224,1.14222,1.14222,15
2019.01.28,06:36,1.14222,1.14223,1.14222,1.14223,3
2019.01.28,06:37,1.14224,1.14224,1.14221,1.14222,20
2019.01.28,06:38,1.1422,1.14223,1.14218,1.14222,28
2019.01.28,06:39,1.14222,1.14223,1.14218,1.14222,23
2019.01.28,06:40,1.14222,1.14224,1.14222,1.14224,4
2019.01.28,06:41,1.14222,1.14224,1.14218,1.14222,21
2019.01.28,06:42,1.14226,1.14233,1.14226,1.1423,22
2019.01.28,06:43,1.14231,1.14255,1.14231,1.14249,46
2019.01.28,06:44,1.1425,1.14251,1.14238,1.14238,38
2019.01.28,06:45,1.14237,1.14238,1.14234,1.14235,26
2019.01.28,06:46,1.14238,1.14242,1.14233,1.14234,29
2019.01.28,06:47,1.14235,1.14238,1.14229,1.14232,61
2019.01.28,06:48,1.14233,1.14233,1.14217,1.1422,42
2019.01.28,06:49,1.14219,1.14223,1.14219,1.14222,35
2019.01.28,06:50,1.14222,1.14224,1.14221,1.14222,10
2019.01.28,06:51,1.14221,1.14224,1.14218,1.14223,18
2019.01.28,06:52,1.14222,1.14223,1.14214,1.14219,35
2019.01.28,06:53,1.14217,1.14224,1.14207,1.14208,44
2019.01.28,06:54,1.14209,1.14215,1.14206,1.14212,39
2019.01.28,06:55,1.14212,1.14217,1.14212,1.14217,8
2019.01.28,06:56,1.14216,1.14216,1.1421,1.14211,28
2019.01.28,06:57,1.14211,1.14214,1.14199,1.14199,51
2019.01.28,06:58,1.14199,1.14202,1.14195,1.14195,57
2019.01.28,06:59,1.14193,1.14197,1.14187,1.14188,83
2019.01.28,07:00,1.14188,1.14189,1.14174,1.14181,94
2019.01.28,07:01,1.14181,1.14187,1.14178,1.14187,45
2019.01.28,07:02,1.14187,1.14188,1.1418,1.14188,40
2019.01.28,07:03,1.14188,1.14189,1.14188,1.14189,18
2019.01.28,07:04,1.14189,1.14189,1.14179,1.14184,33
2019.01.28,07:05,1.14183,1.14188,1.14183,1.14186,23
2019.01.28,07:06,1.14186,1.1419,1.14185,1.14185,17
2019.01.28,07:07,1.14184,1.14185,1.14183,1.14185,12
2019.01.28,07:08,1.14185,1.1419,1.14184,1.14189,23
2019.01.28,07:09,1.14189,1.14189,1.14184,1.14188,27
2019.01.28,07:10,1.14188,1.14189,1.14183,1.14184,28
2019.01.28,07:11,1.14183,1.14189,1.14183,1.14189,13
2019.01.28,07:12,1.14192,1.14192,1.14183,1.14184,11
2019.01.28,07:13,1.14183,1.14184,1.14183,1.14184,10
2019.01.28,07:14,1.14184,1.14185,1.14183,1.14184,11
2019.01.28,07:15,1.14183,1.14189,1.14182,1.14188,21
2019.01.28,07:16,1.14188,1.14189,1.14185,1.14185,23
2019.01.28,07:17,1.14184,1.14189,1.14183,1.14189,29
2019.01.28,07:18,1.14188,1.14188,1.14183,1.14184,9
2019.01.28,07:19,1.14183,1.14189,1.14179,1.14183,39
2019.01.28,07:20,1.14184,1.14187,1.14178,1.14183,32
2019.01.28,07:21,1.14183,1.14184,1.14181,1.14183,9
2019.01.28,07:22,1.14183,1.14183,1.14182,1.14183,10
2019.01.28,07:23,1.14183,1.14184,1.14179,1.1418,14
2019.01.28,07:24,1.14181,1.14184,1.1418,1.14184,7
2019.01.28,07:25,1.1418,1.14184,1.14177,1.14183,32
2019.01.28,07:26,1.14182,1.14185,1.14174,1.14175,20
2019.01.28,07:27,1.14176,1.14183,1.14175,1.14176,36
2019.01.28,07:28,1.14176,1.14179,1.14172,1.14173,33
2019.01.28,07:29,1.14172,1.14179,1.14172,1.14178,35
2019.01.28,07:30,1.14177,1.14178,1.14173,1.14173,16
2019.01.28,07:31,1.14173,1.14173,1.14159,1.1416,34
2019.01.28,07:32,1.14159,1.14163,1.14159,1.14159,14
2019.01.28,07:33,1.14159,1.14159,1.14157,1.14159,16
2019.01.28,07:34,1.1416,1.1416,1.14153,1.14153,22
2019.01.28,07:35,1.14153,1.14164,1.14152,1.14163,34
2019.01.28,07:36,1.14163,1.14163,1.14153,1.14155,35
2019.01.28,07:37,1.14155,1.14161,1.14155,1.1416,30
2019.01.28,07:38,1.14159,1.14164,1.14158,1.14162,42
2019.01.28,07:39,1.14161,1.14161,1.14149,1.14157,34
2019.01.28,07:40,1.14158,1.14163,1.14154,1.14154,38
2019.01.28,07:41,1.14154,1.14155,1.1415,1.14151,28
2019.01.28,07:42,1.14151,1.14154,1.1415,1.14153,32
2019.01.28,07:43,1.14154,1.14155,1.14149,1.14149,20
2019.01.28,07:44,1.14149,1.14156,1.14146,1.14147,64
2019.01.28,07:45,1.14148,1.14151,1.14144,1.14147,34
2019.01.28,07:46,1.14148,1.14158,1.14145,1.14148,41
2019.01.28,07:47,1.14147,1.1415,1.14144,1.14145,25
2019.01.28,07:48,1.14143,1.14148,1.14128,1.14131,57
2019.01.28,07:49,1.14132,1.14139,1.14122,1.14124,58
2019.01.28,07:50,1.14125,1.14125,1.14123,1.14125,32
2019.01.28,07:51,1.14125,1.14136,1.14125,1.14134,56
2019.01.28,07:52,1.14134,1.14139,1.1413,1.1413,25
2019.01.28,07:53,1.1413,1.14131,1.14129,1.1413,13
2019.01.28,07:54,1.14131,1.14131,1.14123,1.14125,16
2019.01.28,07:55,1.14124,1.14131,1.14121,1.14125,72
2019.01.28,07:56,1.14124,1.14126,1.1412,1.14124,44
2019.01.28,07:57,1.14125,1.14129,1.14116,1.14118,57
2019.01.28,07:58,1.14117,1.14119,1.14111,1.14112,50
2019.01.28,07:59,1.14111,1.14116,1.14109,1.14115,54
2019.01.28,08:00,1.14116,1.14117,1.14108,1.14115,53
2019.01.28,08:01,1.14115,1.14118,1.14113,1.14113,19
2019.01.28,08:02,1.14113,1.1412,1.14109,1.14109,43
2019.01.28,08:03,1.1411,1.14116,1.14109,1.14116,57
2019.01.28,08:04,1.14116,1.14125,1.14116,1.14124,34
2019.01.28,08:05,1.14123,1.14125,1.14115,1.14124,56
2019.01.28,08:06,1.14123,1.14125,1.14119,1.14125,28
2019.01.28,08:07,1.14126,1.14127,1.14113,1.14114,43
2019.01.28,08:08,1.14112,1.14119,1.14111,1.14117,24
2019.01.28,08:09,1.14117,1.14121,1.14112,1.14116,25
2019.01.28,08:10,1.14114,1.14119,1.14107,1.14109,47
2019.01.28,08:11,1.14108,1.14114,1.14104,1.14104,59
2019.01.28,08:12,1.14106,1.14106,1.14087,1.14087,57
2019.01.28,08:13,1.14088,1.14091,1.14034,1.14074,92
2019.01.28,08:14,1.14074,1.14078,1.14067,1.14072,62
2019.01.28,08:15,1.14073,1.14076,1.14058,1.14066,84
2019.01.28,08:16,1.14067,1.14088,1.14066,1.14084,62
2019.01.28,08:17,1.14084,1.14092,1.14079,1.14092,49
2019.01.28,08:18,1.14093,1.14099,1.14093,1.14094,21
2019.01.28,08:19,1.14091,1.14091,1.14078,1.14078,35
2019.01.28,08:20,1.14076,1.14094,1.14076,1.14093,38
2019.01.28,08:21,1.14094,1.14097,1.14092,1.14094,15
2019.01.28,08:22,1.14094,1.14098,1.14092,1.14095,23
2019.01.28,08:23,1.14096,1.14111,1.14096,1.14111,44
2019.01.28,08:24,1.14111,1.14116,1.14103,1.14109,104
2019.01.28,08:25,1.14107,1.14108,1.14089,1.14089,61
2019.01.28,08:26,1.14089,1.14094,1.14082,1.14086,41
2019.01.28,08:27,1.14085,1.14086,1.14078,1.14083,38
2019.01.28,08:28,1.14083,1.14091,1.14081,1.14084,39
2019.01.28,08:29,1.14083,1.14084,1.1407,1.1407,24
2019.01.28,08:30,1.14071,1.14074,1.14068,1.14072,43
2019.01.28,08:31,1.14071,1.14072,1.14067,1.14072,22
2019.01.28,08:32,1.14073,1.14084,1.14069,1.14083,36
2019.01.28,08:33,1.14082,1.14094,1.14082,1.14092,37
2019.01.28,08:34,1.14094,1.14099,1.14088,1.1409,48
2019.01.28,08:35,1.14091,1.14093,1.14088,1.14089,26
2019.01.28,08:36,1.14089,1.14091,1.14087,1.14089,9
2019.01.28,08:37,1.14087,1.14089,1.14078,1.14078,42
2019.01.28,08:38,1.14078,1.14079,1.14057,1.14064,40
2019.01.28,08:39,1.14064,1.14075,1.14058,1.14075,60
2019.01.28,08:40,1.14074,1.14081,1.14071,1.14077,22
2019.01.28,08:41,1.14078,1.14092,1.14077,1.14086,50
2019.01.28,08:42,1.14085,1.14085,1.14057,1.14058,41
2019.01.28,08:43,1.14058,1.1406,1.14054,1.14057,15
2019.01.28,08:44,1.14058,1.14062,1.14056,1.14056,27
2019.01.28,08:45,1.14056,1.14059,1.1405,1.14057,45
2019.01.28,08:46,1.14057,1.14063,1.14056,1.14062,24
2019.01.28,08:47,1.14062,1.14075,1.14062,1.14072,44
2019.01.28,08:48,1.14072,1.14085,1.14072,1.14084,65
2019.01.28,08:49,1.14081,1.14083,1.14072,1.14076,52
2019.01.28,08:50,1.14077,1.14079,1.14051,1.14062,48
2019.01.28,08:51,1.14062,1.14075,1.14062,1.14075,35
2019.01.28,08:52,1.14076,1.14079,1.14067,1.14068,32
2019.01.28,08:53,1.1407,1.14084,1.1407,1.14082,54
2019.01.28,08:54,1.14084,1.14086,1.14075,1.14077,62
2019.01.28,08:55,1.14076,1.14087,1.14075,1.14077,48
2019.01.28,08:56,1.1408,1.14092,1.14077,1.14087,66
2019.01.28,08:57,1.14087,1.14092,1.14085,1.14087,45
2019.01.28,08:58,1.14088,1.14091,1.14085,1.14091,33
2019.01.28,08:59,1.1409,1.14091,1.14083,1.14084,21
2019.01.28,09:00,1.14084,1.14089,1.14077,1.14082,72
2019.01.28,09:01,1.14081,1.14081,1.14054,1.14054,52
2019.01.28,09:02,1.14056,1.14075,1.14056,1.14062,39
2019.01.28,09:03,1.14059,1.14078,1.14059,1.14077,52
2019.01.28,09:04,1.14076,1.14077,1.1407,1.14071,18
2019.01.28,09:05,1.14071,1.14105,1.14071,1.141,69
2019.01.28,09:06,1.14104,1.14114,1.14104,1.14112,45
2019.01.28,09:07,1.1411,1.14118,1.14108,1.14118,55
2019.01.28,09:08,1.1412,1.14134,1.14117,1.14128,59
2019.01.28,09:09,1.14128,1.1413,1.14123,1.14124,40
2019.01.28,09:10,1.14124,1.14124,1.14093,1.14093,63
2019.01.28,09:11,1.14095,1.14099,1.14093,1.14094,33
2019.01.28,09:12,1.14094,1.14108,1.14094,1.14108,32
2019.01.28,09:13,1.14108,1.14108,1.14097,1.14097,19
2019.01.28,09:14,1.14097,1.14099,1.14083,1.14083,39
2019.01.28,09:15,1.14082,1.1409,1.14081,1.14089,24
2019.01.28,09:16,1.1409,1.14105,1.1409,1.14103,43
2019.01.28,09:17,1.14103,1.14113,1.14102,1.14109,28
2019.01.28,09:18,1.14109,1.14123,1.14109,1.1412,71
2019.01.28,09:19,1.14118,1.14119,1.14112,1.14113,34
2019.01.28,09:20,1.14111,1.14124,1.14111,1.14124,35
2019.01.28,09:21,1.14124,1.1413,1.14123,1.14129,45
2019.01.28,09:22,1.14129,1.1413,1.14107,1.14108,36
2019.01.28,09:23,1.14108,1.14109,1.14099,1.14104,25
2019.01.28,09:24,1.14104,1.14115,1.14104,1.14114,29
2019.01.28,09:25,1.14114,1.1413,1.14114,1.14124,53
2019.01.28,09:26,1.14123,1.14123,1.14114,1.14119,28
2019.01.28,09:27,1.14119,1.14135,1.14119,1.14133,52
2019.01.28,09:28,1.14133,1.14138,1.1413,1.14138,59
2019.01.28,09:29,1.14138,1.14145,1.14134,1.14135,58
2019.01.28,09:30,1.14135,1.14155,1.14132,1.14155,70
2019.01.28,09:31,1.14153,1.14154,1.14128,1.14128,59
2019.01.28,09:32,1.14128,1.14136,1.14124,1.14134,82
2019.01.28,09:33,1.14133,1.14138,1.14123,1.14126,68
2019.01.28,09:34,1.14125,1.14125,1.14109,1.14116,84
2019.01.28,09:35,1.14115,1.14118,1.14098,1.14099,82
2019.01.28,09:36,1.141,1.14102,1.1409,1.14094,44
2019.01.28,09:37,1.14094,1.14094,1.14074,1.14092,83
2019.01.28,09:38,1.14092,1.14092,1.1407,1.14081,72
2019.01.28,09:39,1.14082,1.14085,1.14075,1.14076,66
2019.01.28,09:40,1.14075,1.1409,1.14075,1.14089,99
2019.01.28,09:41,1.14088,1.14094,1.14085,1.14089,42
2019.01.28,09:42,1.14088,1.14093,1.1408,1.1408,67
2019.01.28,09:43,1.14082,1.14093,1.14081,1.14084,100
2019.01.28,09:44,1.14084,1.14094,1.14078,1.1408,70
2019.01.28,09:45,1.14079,1.14089,1.14079,1.14089,54
2019.01.28,09:46,1.14088,1.14094,1.14086,1.14093,47
2019.01.28,09:47,1.14093,1.1411,1.14093,1.14105,68
2019.01.28,09:48,1.14107,1.14109,1.14078,1.14083,65
2019.01.28,09:49,1.14082,1.1409,1.1408,1.14089,70
2019.01.28,09:50,1.14089,1.14099,1.14085,1.14085,57
2019.01.28,09:51,1.14082,1.14091,1.1407,1.14089,113
2019.01.28,09:52,1.14088,1.14091,1.14081,1.14087,51
2019.01.28,09:53,1.14087,1.1409,1.14073,1.14076,90
2019.01.28,09:54,1.14076,1.14076,1.14056,1.14065,82
2019.01.28,09:55,1.14066,1.14081,1.14065,1.14075,74
2019.01.28,09:56,1.14076,1.14087,1.14076,1.14078,62
2019.01.28,09:57,1.1408,1.14083,1.1407,1.14071,81
2019.01.28,09:58,1.1407,1.14078,1.14065,1.14075,77
2019.01.28,09:59,1.14074,1.14075,1.14052,1.14061,75
2019.01.28,10:00,1.14062,1.14062,1.14032,1.14041,125
2019.01.28,10:01,1.14039,1.14053,1.14018,1.14024,132
2019.01.28,10:02,1.14024,1.14034,1.14,1.14008,186
2019.01.28,10:03,1.14008,1.14033,1.14003,1.14025,149
2019.01.28,10:04,1.14025,1.14035,1.13999,1.14002,116
2019.01.28,10:05,1.14002,1.1402,1.14,1.14003,170
2019.01.28,10:06,1.14004,1.14006,1.1399,1.13992,71
2019.01.28,10:07,1.13993,1.14005,1.1398,1.13989,147
2019.01.28,10:08,1.13985,1.13995,1.13983,1.13988,147
2019.01.28,10:09,1.13987,1.13989,1.1397,1.13972,137
2019.01.28,10:10,1.13974,1.13975,1.13961,1.13963,123
2019.01.28,10:11,1.13966,1.13969,1.13961,1.13965,111
2019.01.28,10:12,1.13964,1.13967,1.1396,1.13963,54
2019.01.28,10:13,1.13963,1.13969,1.1396,1.13965,77
2019.01.28,10:14,1.13966,1.13973,1.13961,1.13973,129
2019.01.28,10:15,1.13972,1.13973,1.13949,1.13954,155
2019.01.28,10:16,1.13954,1.13954,1.13943,1.13946,114
2019.01.28,10:17,1.13945,1.13946,1.13934,1.13942,108
2019.01.28,10:18,1.13943,1.1395,1.13931,1.13935,111
2019.01.28,10:19,1.13931,1.13947,1.13928,1.13946,127
2019.01.28,10:20,1.13946,1.13959,1.13938,1.1394,126
2019.01.28,10:21,1.1394,1.13956,1.13939,1.1394,82
2019.01.28,10:22,1.13935,1.13942,1.13929,1.13935,67
2019.01.28,10:23,1.13935,1.13942,1.13927,1.13931,88
2019.01.28,10:24,1.13931,1.13936,1.13929,1.13933,93
2019.01.28,10:25,1.13933,1.13956,1.13933,1.13954,91
2019.01.28,10:26,1.13953,1.13957,1.1394,1.13943,84
2019.01.28,10:27,1.13944,1.1395,1.13939,1.1395,81
2019.01.28,10:28,1.1395,1.1395,1.13931,1.13935,120
2019.01.28,10:29,1.13937,1.13938,1.1393,1.13931,69
2019.01.28,10:30,1.13934,1.13934,1.139,1.13924,152
2019.01.28,10:31,1.13924,1.13931,1.13919,1.13927,82
2019.01.28,10:32,1.13929,1.13947,1.13929,1.13946,139
2019.01.28,10:33,1.13947,1.13959,1.13947,1.13959,78
2019.01.28,10:34,1.13957,1.13962,1.13942,1.1395,93
2019.01.28,10:35,1.13948,1.13961,1.13945,1.13961,66
2019.01.28,10:36,1.13961,1.13968,1.13961,1.13967,41
2019.01.28,10:37,1.13968,1.13976,1.13963,1.13968,70
2019.01.28,10:38,1.13969,1.13977,1.13968,1.13976,69
2019.01.28,10:39,1.13975,1.13986,1.13975,1.13977,63
2019.01.28,10:40,1.13976,1.14002,1.13976,1.14001,68
2019.01.28,10:41,1.13999,1.14004,1.13986,1.13987,89
2019.01.28,10:42,1.13987,1.13991,1.13976,1.13986,83
2019.01.28,10:43,1.13988,1.13998,1.13987,1.13997,76
2019.01.28,10:44,1.14,1.14009,1.14,1.14006,92
2019.01.28,10:45,1.14005,1.1402,1.14004,1.14014,77
2019.01.28,10:46,1.14012,1.14012,1.14004,1.14005,60
2019.01.28,10:47,1.14005,1.14005,1.14001,1.14001,45
2019.01.28,10:48,1.14001,1.14017,1.14,1.14017,71
2019.01.28,10:49,1.14016,1.14026,1.14007,1.14009,78
2019.01.28,10:50,1.1401,1.14026,1.14009,1.14022,53
2019.01.28,10:51,1.14021,1.14034,1.14019,1.14025,90
2019.01.28,10:52,1.14026,1.14029,1.1402,1.14021,37
2019.01.28,10:53,1.14021,1.14023,1.14001,1.14001,71
2019.01.28,10:54,1.14,1.14,1.13991,1.13991,60
2019.01.28,10:55,1.13991,1.13999,1.13987,1.13993,77
2019.01.28,10:56,1.13994,1.14005,1.13994,1.14005,22
2019.01.28,10:57,1.14004,1.14008,1.14,1.14006,68
2019.01.28,10:58,1.14006,1.14009,1.14,1.14001,33
2019.01.28,10:59,1.14002,1.1401,1.13996,1.14008,69
2019.01.28,11:00,1.14008,1.14018,1.14005,1.14016,70
2019.01.28,11:01,1.14016,1.14026,1.14009,1.14025,90
2019.01.28,11:02,1.14026,1.14031,1.14016,1.14016,65
2019.01.28,11:03,1.14015,1.14022,1.14006,1.14017,83
2019.01.28,11:04,1.14018,1.14031,1.14017,1.14027,93
2019.01.28,11:05,1.14027,1.14034,1.14016,1.1402,81
2019.01.28,11:06,1.1402,1.14027,1.1402,1.14022,46
2019.01.28,11:07,1.14022,1.14058,1.14021,1.14046,106
2019.01.28,11:08,1.14047,1.14065,1.14046,1.14055,98
2019.01.28,11:09,1.14055,1.14067,1.14055,1.14066,72
2019.01.28,11:10,1.14065,1.14084,1.14064,1.1407,107
2019.01.28,11:11,1.14071,1.14079,1.14066,1.14079,93
2019.01.28,11:12,1.14078,1.14081,1.14069,1.1408,118
2019.01.28,11:13,1.14078,1.14085,1.14066,1.14084,101
2019.01.28,11:14,1.14084,1.14087,1.1408,1.14085,59
2019.01.28,11:15,1.14085,1.14085,1.14059,1.14059,64
2019.01.28,11:16,1.14059,1.14064,1.14048,1.1406,102
2019.01.28,11:17,1.1406,1.1406,1.14045,1.14052,83
2019.01.28,11:18,1.14051,1.14057,1.14034,1.14035,90
2019.01.28,11:19,1.14036,1.14056,1.14031,1.14056,50
2019.01.28,11:20,1.14059,1.14068,1.14053,1.14058,74
2019.01.28,11:21,1.14057,1.14064,1.14054,1.14062,73
2019.01.28,11:22,1.14061,1.14062,1.14048,1.1405,61
2019.01.28,11:23,1.14052,1.1407,1.14052,1.14069,69
2019.01.28,11:24,1.14066,1.14067,1.14054,1.14065,71
2019.01.28,11:25,1.14066,1.14072,1.14058,1.14064,73
2019.01.28,11:26,1.14063,1.14071,1.14058,1.1407,59
2019.01.28,11:27,1.14071,1.14071,1.1406,1.14064,71
2019.01.28,11:28,1.14063,1.14063,1.14045,1.14049,58
2019.01.28,11:29,1.1405,1.1405,1.14036,1.14041,92
2019.01.28,11:30,1.1404,1.14043,1.14035,1.14037,92
2019.01.28,11:31,1.14036,1.14057,1.14034,1.14055,65
2019.01.28,11:32,1.14056,1.14059,1.14044,1.14052,78
2019.01.28,11:33,1.14053,1.1406,1.1405,1.14056,56
2019.01.28,11:34,1.14055,1.14059,1.14034,1.14034,88
2019.01.28,11:35,1.14035,1.14052,1.14033,1.14039,67
2019.01.28,11:36,1.14039,1.14047,1.14031,1.14032,58
2019.01.28,11:37,1.14033,1.14041,1.1403,1.14041,68
2019.01.28,11:38,1.1404,1.14057,1.14035,1.14054,73
2019.01.28,11:39,1.14053,1.14053,1.14044,1.14051,63
2019.01.28,11:40,1.14052,1.14072,1.14051,1.14071,79
2019.01.28,11:41,1.14071,1.14081,1.1407,1.14081,80
2019.01.28,11:42,1.14081,1.14084,1.14069,1.14074,84
2019.01.28,11:43,1.14074,1.14074,1.14059,1.14061,99
2019.01.28,11:44,1.14063,1.14071,1.1406,1.14064,62
2019.01.28,11:45,1.14065,1.14066,1.14056,1.14057,61
2019.01.28,11:46,1.14055,1.1406,1.1405,1.1406,78
2019.01.28,11:47,1.1406,1.14075,1.1406,1.1407,73
2019.01.28,11:48,1.14069,1.14076,1.14053,1.14053,77
2019.01.28,11:49,1.14053,1.14063,1.14053,1.1406,54
2019.01.28,11:50,1.1406,1.14062,1.14041,1.14043,68
2019.01.28,11:51,1.14042,1.14055,1.1404,1.14053,74
2019.01.28,11:52,1.14054,1.14071,1.14053,1.14071,58
2019.01.28,11:53,1.14071,1.14087,1.14071,1.14077,55
2019.01.28,11:54,1.14079,1.14091,1.14074,1.14076,79
2019.01.28,11:55,1.14076,1.14081,1.14074,1.14076,58
2019.01.28,11:56,1.14078,1.14082,1.14062,1.14062,83
2019.01.28,11:57,1.14064,1.1408,1.14063,1.14069,68
2019.01.28,11:58,1.1407,1.14079,1.1407,1.14072,48
2019.01.28,11:59,1.14072,1.14084,1.1407,1.14082,77
2019.01.28,12:00,1.14082,1.1409,1.14075,1.14078,86
2019.01.28,12:01,1.14079,1.14079,1.14066,1.14066,50
2019.01.28,12:02,1.14068,1.14081,1.14066,1.14077,57
2019.01.28,12:03,1.14078,1.14079,1.1407,1.14072,63
2019.01.28,12:04,1.14074,1.14079,1.14073,1.14075,44
2019.01.28,12:05,1.14075,1.14079,1.14074,1.14078,53
2019.01.28,12:06,1.14077,1.14082,1.14075,1.14078,48
2019.01.28,12:07,1.14079,1.14083,1.14078,1.14082,47
2019.01.28,12:08,1.14081,1.14115,1.14081,1.14112,100
2019.01.28,12:09,1.14111,1.14111,1.14096,1.14102,83
2019.01.28,12:10,1.14102,1.14112,1.14102,1.14106,94
2019.01.28,12:11,1.14107,1.14113,1.14106,1.14113,58
2019.01.28,12:12,1.14112,1.14114,1.141,1.14102,40
2019.01.28,12:13,1.14103,1.14112,1.141,1.14112,29
2019.01.28,12:14,1.14112,1.14112,1.14101,1.14106,55
2019.01.28,12:15,1.14104,1.14114,1.14103,1.14105,60
2019.01.28,12:16,1.14104,1.14108,1.14104,1.14105,27
2019.01.28,12:17,1.14106,1.1412,1.14102,1.14117,56
2019.01.28,12:18,1.14117,1.14117,1.1411,1.14117,63
2019.01.28,12:19,1.14118,1.14142,1.14117,1.14132,120
2019.01.28,12:20,1.14132,1.14134,1.14125,1.14131,50
2019.01.28,12:21,1.14131,1.14134,1.14122,1.14131,55
2019.01.28,12:22,1.14132,1.14134,1.14125,1.14126,52
2019.01.28,12:23,1.14125,1.14125,1.14115,1.14117,55
2019.01.28,12:24,1.14117,1.14127,1.14111,1.14125,56
2019.01.28,12:25,1.14125,1.14135,1.14125,1.14132,45
2019.01.28,12:26,1.14134,1.1414,1.14133,1.14137,37
2019.01.28,12:27,1.14137,1.14137,1.14122,1.14125,61
2019.01.28,12:28,1.14125,1.14134,1.14125,1.14131,60
2019.01.28,12:29,1.1413,1.14134,1.14126,1.14127,69
2019.01.28,12:30,1.14126,1.1413,1.1412,1.1413,82
2019.01.28,12:31,1.14135,1.1414,1.14135,1.14139,43
2019.01.28,12:32,1.1414,1.1414,1.14135,1.14135,40
2019.01.28,12:33,1.14136,1.14141,1.14129,1.14129,65
2019.01.28,12:34,1.14129,1.14131,1.14119,1.1412,65
2019.01.28,12:35,1.14121,1.14136,1.14121,1.14129,57
2019.01.28,12:36,1.14126,1.14126,1.14116,1.14116,34
2019.01.28,12:37,1.14115,1.14121,1.14115,1.14116,36
2019.01.28,12:38,1.14116,1.14126,1.14116,1.14125,53
2019.01.28,12:39,1.14124,1.14125,1.14114,1.14122,43
2019.01.28,12:40,1.14123,1.14135,1.14119,1.14135,61
2019.01.28,12:41,1.14135,1.14138,1.14126,1.14127,60
2019.01.28,12:42,1.14128,1.1414,1.14127,1.14135,71
2019.01.28,12:43,1.14135,1.14136,1.14132,1.14135,34
2019.01.28,12:44,1.14137,1.14145,1.14132,1.14143,58
2019.01.28,12:45,1.14143,1.14147,1.14135,1.14143,73
2019.01.28,12:46,1.14145,1.14151,1.14141,1.1415,61
2019.01.28,12:47,1.1415,1.14172,1.14148,1.1417,84
2019.01.28,12:48,1.14172,1.14176,1.14163,1.1417,75
2019.01.28,12:49,1.1417,1.1418,1.14168,1.14176,66
2019.01.28,12:50,1.14175,1.1418,1.14148,1.14154,85
2019.01.28,12:51,1.14153,1.14154,1.14138,1.14145,53
2019.01.28,12:52,1.14146,1.14155,1.14128,1.14135,88
2019.01.28,12:53,1.14133,1.14135,1.14105,1.14124,190
2019.01.28,12:54,1.14123,1.14125,1.1411,1.14119,106
2019.01.28,12:55,1.14119,1.14135,1.14112,1.14133,61
2019.01.28,12:56,1.14134,1.14136,1.1411,1.1411,130
2019.01.28,12:57,1.14109,1.14118,1.14109,1.14115,80
2019.01.28,12:58,1.14115,1.1413,1.14113,1.14128,83
2019.01.28,12:59,1.14127,1.14143,1.14126,1.14142,123
2019.01.28,13:00,1.14141,1.1417,1.14136,1.1416,112
2019.01.28,13:01,1.14162,1.14162,1.14146,1.14154,84
2019.01.28,13:02,1.14153,1.14175,1.14152,1.1417,59
2019.01.28,13:03,1.14169,1.14177,1.14164,1.14174,86
2019.01.28,13:04,1.14176,1.14191,1.14176,1.14188,63
2019.01.28,13:05,1.14188,1.14197,1.14186,1.14188,57
2019.01.28,13:06,1.14188,1.14211,1.14187,1.14199,100
2019.01.28,13:07,1.142,1.14219,1.142,1.14215,78
2019.01.28,13:08,1.14216,1.14216,1.14192,1.14198,68
2019.01.28,13:09,1.14198,1.14206,1.14194,1.14205,51
2019.01.28,13:10,1.14205,1.14205,1.14196,1.14202,59
2019.01.28,13:11,1.14206,1.14214,1.14197,1.14214,103
2019.01.28,13:12,1.14217,1.14223,1.1419,1.142,83
2019.01.28,13:13,1.14201,1.14202,1.14193,1.14197,54
2019.01.28,13:14,1.14196,1.14213,1.14195,1.14212,54
2019.01.28,13:15,1.14212,1.14214,1.14204,1.14209,69
2019.01.28,13:16,1.14209,1.14223,1.14202,1.14206,73
2019.01.28,13:17,1.14205,1.14209,1.14191,1.14192,79
2019.01.28,13:18,1.1419,1.1419,1.14178,1.14179,81
2019.01.28,13:19,1.14178,1.14183,1.14175,1.14177,62
2019.01.28,13:20,1.14178,1.14181,1.14169,1.14174,64
2019.01.28,13:21,1.14175,1.14175,1.14171,1.14173,36
2019.01.28,13:22,1.14173,1.14184,1.14173,1.14183,66
2019.01.28,13:23,1.14182,1.14189,1.14181,1.14187,67
2019.01.28,13:24,1.14186,1.14191,1.14184,1.14188,58
2019.01.28,13:25,1.14188,1.14193,1.14185,1.14189,46
2019.01.28,13:26,1.14188,1.14189,1.14179,1.14182,48
2019.01.28,13:27,1.14182,1.14188,1.14174,1.14176,69
2019.01.28,13:28,1.14178,1.14178,1.14169,1.14174,70
2019.01.28,13:29,1.14173,1.14184,1.14173,1.14183,76
2019.01.28,13:30,1.14183,1.14187,1.14175,1.14175,87
2019.01.28,13:31,1.14175,1.14177,1.1417,1.14175,49
2019.01.28,13:32,1.14175,1.14178,1.14163,1.14169,108
2019.01.28,13:33,1.14168,1.14179,1.14163,1.14165,84
2019.01.28,13:34,1.14167,1.14178,1.14167,1.14168,78
2019.01.28,13:35,1.14168,1.1417,1.1415,1.1415,105
2019.01.28,13:36,1.1415,1.14162,1.14145,1.14158,81
2019.01.28,13:37,1.14157,1.14177,1.14156,1.14175,71
2019.01.28,13:38,1.14174,1.14175,1.14154,1.14158,70
2019.01.28,13:39,1.14159,1.14161,1.14153,1.14153,29
2019.01.28,13:40,1.14153,1.14154,1.14144,1.1415,49
2019.01.28,13:41,1.14147,1.14147,1.14123,1.14124,80
2019.01.28,13:42,1.14125,1.14128,1.14114,1.1412,116
2019.01.28,13:43,1.14119,1.14135,1.14119,1.14133,58
2019.01.28,13:44,1.14132,1.14132,1.14122,1.14127,43
2019.01.28,13:45,1.14128,1.14135,1.14118,1.14119,74
2019.01.28,13:46,1.14119,1.14132,1.14118,1.14127,66
2019.01.28,13:47,1.14127,1.14148,1.14127,1.14147,44
2019.01.28,13:48,1.14147,1.14155,1.14146,1.14153,57
2019.01.28,13:49,1.14154,1.14158,1.14131,1.14132,100
2019.01.28,13:50,1.14131,1.14139,1.14131,1.14133,36
2019.01.28,13:51,1.14135,1.14142,1.14132,1.14132,60
2019.01.28,13:52,1.14133,1.14136,1.1413,1.14132,24
2019.01.28,13:53,1.14133,1.14141,1.14132,1.14136,46
2019.01.28,13:54,1.14136,1.14141,1.14134,1.14134,53
2019.01.28,13:55,1.14135,1.14137,1.14134,1.14136,26
2019.01.28,13:56,1.14137,1.14139,1.14119,1.1412,32
2019.01.28,13:57,1.14119,1.14128,1.14116,1.14125,64
2019.01.28,13:58,1.14124,1.14124,1.14068,1.14069,153
2019.01.28,13:59,1.14068,1.14081,1.14068,1.14068,97
2019.01.28,14:00,1.14068,1.14093,1.14063,1.14089,117
2019.01.28,14:01,1.14088,1.14093,1.14087,1.14089,74
2019.01.28,14:02,1.1409,1.14091,1.14077,1.14083,83
2019.01.28,14:03,1.14082,1.14092,1.14082,1.14092,45
2019.01.28,14:04,1.14093,1.14093,1.14075,1.14076,44
2019.01.28,14:05,1.14077,1.14081,1.14075,1.14077,34
2019.01.28,14:06,1.14078,1.14091,1.14078,1.14088,91
2019.01.28,14:07,1.14088,1.14102,1.14088,1.14098,51
2019.01.28,14:08,1.14098,1.14098,1.14083,1.14085,37
2019.01.28,14:09,1.14084,1.14098,1.14084,1.14096,29
2019.01.28,14:10,1.14098,1.14098,1.14091,1.14097,45
2019.01.28,14:11,1.14097,1.14104,1.1409,1.14103,41
2019.01.28,14:12,1.14104,1.1412,1.14102,1.14113,81
2019.01.28,14:13,1.14114,1.14126,1.14112,1.14125,63
2019.01.28,14:14,1.14123,1.14144,1.14119,1.14139,90
2019.01.28,14:15,1.1414,1.14143,1.14123,1.14123,44
2019.01.28,14:16,1.14124,1.14164,1.14124,1.14156,82
2019.01.28,14:17,1.14157,1.14157,1.14125,1.14133,88
2019.01.28,14:18,1.14134,1.14144,1.1413,1.14138,58
2019.01.28,14:19,1.14137,1.14139,1.14121,1.14136,62
2019.01.28,14:20,1.14137,1.14137,1.14122,1.14129,64
2019.01.28,14:21,1.1413,1.14142,1.1413,1.14135,46
2019.01.28,14:22,1.14136,1.1414,1.14131,1.14138,44
2019.01.28,14:23,1.14138,1.1414,1.14121,1.14121,52
2019.01.28,14:24,1.14122,1.14122,1.14107,1.14107,53
2019.01.28,14:25,1.14107,1.14115,1.14103,1.14113,58
2019.01.28,14:26,1.14113,1.14114,1.14105,1.14109,49
2019.01.28,14:27,1.14111,1.14112,1.14107,1.14111,40
2019.01.28,14:28,1.14111,1.14117,1.14106,1.14114,49
2019.01.28,14:29,1.14115,1.14129,1.14115,1.14123,57
2019.01.28,14:30,1.14124,1.14127,1.14108,1.14108,87
2019.01.28,14:31,1.14109,1.14126,1.14109,1.14117,62
2019.01.28,14:32,1.14118,1.14123,1.14112,1.14123,86
2019.01.28,14:33,1.14122,1.14123,1.14118,1.14118,36
2019.01.28,14:34,1.14118,1.14124,1.14115,1.14117,59
2019.01.28,14:35,1.14117,1.1412,1.14113,1.14118,38
2019.01.28,14:36,1.14118,1.1415,1.14118,1.14149,81
2019.01.28,14:37,1.14148,1.14157,1.14145,1.1415,82
2019.01.28,14:38,1.14149,1.14164,1.14149,1.14153,65
2019.01.28,14:39,1.14152,1.14156,1.14147,1.14156,49
2019.01.28,14:40,1.14157,1.14163,1.14156,1.14156,63
2019.01.28,14:41,1.14157,1.14159,1.14141,1.14142,46
2019.01.28,14:42,1.14143,1.14151,1.14143,1.14147,49
2019.01.28,14:43,1.14151,1.14153,1.14146,1.14149,58
2019.01.28,14:44,1.14148,1.14151,1.14145,1.14149,56
2019.01.28,14:45,1.14148,1.14152,1.14136,1.14143,54
2019.01.28,14:46,1.14143,1.14153,1.14139,1.14153,52
2019.01.28,14:47,1.14153,1.14165,1.14153,1.14159,71
2019.01.28,14:48,1.14158,1.1419,1.14158,1.14188,93
2019.01.28,14:49,1.14188,1.14188,1.14162,1.14163,63
2019.01.28,14:50,1.14163,1.14171,1.14156,1.14166,46
2019.01.28,14:51,1.14165,1.14167,1.14138,1.14148,96
2019.01.28,14:52,1.14149,1.1415,1.14136,1.14137,37
2019.01.28,14:53,1.14137,1.14141,1.14136,1.14137,49
2019.01.28,14:54,1.14137,1.14141,1.14126,1.14129,60
2019.01.28,14:55,1.14128,1.14133,1.14113,1.14116,82
2019.01.28,14:56,1.14115,1.14129,1.14109,1.14127,102
2019.01.28,14:57,1.14127,1.14147,1.14117,1.14118,128
2019.01.28,14:58,1.14119,1.14122,1.14108,1.14116,122
2019.01.28,14:59,1.14117,1.14119,1.14108,1.14117,90
2019.01.28,15:00,1.14117,1.14145,1.14117,1.14142,109
2019.01.28,15:01,1.14142,1.14153,1.14138,1.14138,109
2019.01.28,15:02,1.14138,1.14156,1.14132,1.14153,101
2019.01.28,15:03,1.14154,1.14166,1.14152,1.14159,77
2019.01.28,15:04,1.1416,1.14177,1.1416,1.14171,98
2019.01.28,15:05,1.14171,1.14172,1.14161,1.14162,53
2019.01.28,15:06,1.14163,1.14182,1.14163,1.14181,72
2019.01.28,15:07,1.14181,1.14182,1.14167,1.14168,72
2019.01.28,15:08,1.14168,1.14178,1.14168,1.14177,54
2019.01.28,15:09,1.14179,1.14182,1.14163,1.14163,82
2019.01.28,15:10,1.14164,1.14177,1.14163,1.14174,70
2019.01.28,15:11,1.14173,1.14175,1.14172,1.14173,43
2019.01.28,15:12,1.14172,1.14176,1.1417,1.1417,62
2019.01.28,15:13,1.14171,1.14177,1.14165,1.14172,80
2019.01.28,15:14,1.14171,1.14182,1.1417,1.1418,82
2019.01.28,15:15,1.14179,1.14179,1.14166,1.1417,89
2019.01.28,15:16,1.14172,1.1418,1.14172,1.14177,69
2019.01.28,15:17,1.14178,1.14183,1.14176,1.14178,88
2019.01.28,15:18,1.14177,1.14182,1.14166,1.14172,96
2019.01.28,15:19,1.14172,1.14175,1.14167,1.14173,83
2019.01.28,15:20,1.14172,1.1418,1.1417,1.14177,72
2019.01.28,15:21,1.14176,1.14178,1.14171,1.14174,47
2019.01.28,15:22,1.14173,1.14176,1.14167,1.14174,62
2019.01.28,15:23,1.14175,1.14187,1.14175,1.14187,64
2019.01.28,15:24,1.14187,1.14205,1.14185,1.14196,104
2019.01.28,15:25,1.14196,1.14199,1.14187,1.14197,71
2019.01.28,15:26,1.142,1.142,1.1419,1.14192,88
2019.01.28,15:27,1.14193,1.14194,1.14187,1.14192,52
2019.01.28,15:28,1.14192,1.142,1.14192,1.14196,65
2019.01.28,15:29,1.14197,1.14202,1.14185,1.14198,83
2019.01.28,15:30,1.14197,1.14202,1.14194,1.14201,53
2019.01.28,15:31,1.14201,1.14211,1.14201,1.14208,54
2019.01.28,15:32,1.14207,1.14224,1.14207,1.14213,84
2019.01.28,15:33,1.14213,1.14213,1.14194,1.14195,97
2019.01.28,15:34,1.14194,1.14197,1.14185,1.14191,80
2019.01.28,15:35,1.14189,1.142,1.14185,1.14189,86
2019.01.28,15:36,1.14188,1.14189,1.14169,1.14172,75
2019.01.28,15:37,1.14172,1.14175,1.14156,1.14156,125
2019.01.28,15:38,1.14157,1.14162,1.14154,1.14157,75
2019.01.28,15:39,1.14155,1.14183,1.14151,1.14182,94
2019.01.28,15:40,1.1418,1.14212,1.1417,1.14209,142
2019.01.28,15:41,1.1421,1.14212,1.14186,1.14186,110
2019.01.28,15:42,1.14187,1.14189,1.1418,1.1418,75
2019.01.28,15:43,1.1418,1.1418,1.14171,1.14176,61
2019.01.28,15:44,1.14176,1.14177,1.14161,1.14167,49
2019.01.28,15:45,1.14168,1.14175,1.14151,1.14154,112
2019.01.28,15:46,1.14154,1.14168,1.14151,1.14166,93
2019.01.28,15:47,1.14165,1.1417,1.14152,1.1417,113
2019.01.28,15:48,1.14171,1.14177,1.14169,1.14174,76
2019.01.28,15:49,1.14173,1.14194,1.14173,1.14184,100
2019.01.28,15:50,1.14184,1.14201,1.1418,1.14196,82
2019.01.28,15:51,1.14196,1.14204,1.14196,1.14204,69
2019.01.28,15:52,1.14203,1.1422,1.14202,1.14211,111
2019.01.28,15:53,1.1421,1.14211,1.14194,1.14211,73
2019.01.28,15:54,1.14212,1.14234,1.14212,1.14233,132
2019.01.28,15:55,1.14232,1.14237,1.14213,1.14218,103
2019.01.28,15:56,1.14216,1.14221,1.14204,1.14204,72
2019.01.28,15:57,1.14204,1.14204,1.14186,1.14195,146
2019.01.28,15:58,1.14194,1.14201,1.14186,1.14194,111
2019.01.28,15:59,1.14193,1.14193,1.14168,1.14173,91
2019.01.28,16:00,1.14172,1.14182,1.14162,1.14162,228
2019.01.28,16:01,1.14164,1.14183,1.14153,1.14182,176
2019.01.28,16:02,1.14182,1.14185,1.14168,1.14184,106
2019.01.28,16:03,1.14185,1.14195,1.1418,1.14185,136
2019.01.28,16:04,1.14184,1.14197,1.14184,1.14188,95
2019.01.28,16:05,1.14187,1.1419,1.14161,1.14182,95
2019.01.28,16:06,1.14181,1.14202,1.14177,1.142,111
2019.01.28,16:07,1.142,1.14201,1.14182,1.14182,110
2019.01.28,16:08,1.14183,1.14203,1.14179,1.14185,141
2019.01.28,16:09,1.14184,1.14202,1.14184,1.14199,117
2019.01.28,16:10,1.14198,1.14202,1.14189,1.14199,116
2019.01.28,16:11,1.14197,1.14203,1.14187,1.14201,112
2019.01.28,16:12,1.14201,1.14225,1.14197,1.14221,140
2019.01.28,16:13,1.14221,1.14233,1.14203,1.14204,129
2019.01.28,16:14,1.14203,1.14211,1.14178,1.14178,144
2019.01.28,16:15,1.14178,1.14191,1.14174,1.14189,131
2019.01.28,16:16,1.14192,1.142,1.14172,1.14181,161
2019.01.28,16:17,1.14183,1.14187,1.14163,1.14163,119
2019.01.28,16:18,1.14163,1.1418,1.14161,1.14161,115
2019.01.28,16:19,1.14165,1.14165,1.14154,1.14159,103
2019.01.28,16:20,1.1416,1.14161,1.14091,1.14096,163
2019.01.28,16:21,1.14096,1.14115,1.14072,1.14076,231
2019.01.28,16:22,1.14073,1.14106,1.14066,1.14104,200
2019.01.28,16:23,1.14103,1.14105,1.14077,1.14078,168
2019.01.28,16:24,1.14077,1.14103,1.14077,1.14097,107
2019.01.28,16:25,1.14099,1.14105,1.14096,1.141,88
2019.01.28,16:26,1.14101,1.14123,1.14101,1.14119,101
2019.01.28,16:27,1.14118,1.14118,1.14103,1.14111,85
2019.01.28,16:28,1.1411,1.14117,1.14086,1.14087,109
2019.01.28,16:29,1.14088,1.14097,1.1408,1.14092,89
2019.01.28,16:30,1.1409,1.1411,1.14085,1.14109,125
2019.01.28,16:31,1.14108,1.14116,1.14096,1.14108,136
2019.01.28,16:32,1.14108,1.14115,1.14092,1.14093,112
2019.01.28,16:33,1.14093,1.14093,1.14049,1.14051,164
2019.01.28,16:34,1.14051,1.14077,1.14048,1.14054,167
2019.01.28,16:35,1.14053,1.1408,1.14053,1.14073,115
2019.01.28,16:36,1.14073,1.14104,1.14068,1.14104,141
2019.01.28,16:37,1.14103,1.14119,1.14098,1.14112,117
2019.01.28,16:38,1.14113,1.14113,1.14099,1.1411,110
2019.01.28,16:39,1.14107,1.14131,1.14107,1.14128,165
2019.01.28,16:40,1.14127,1.14144,1.14125,1.14137,133
2019.01.28,16:41,1.14137,1.14138,1.14128,1.14138,78
2019.01.28,16:42,1.14137,1.14168,1.14134,1.14163,156
2019.01.28,16:43,1.14162,1.14183,1.14162,1.14173,113
2019.01.28,16:44,1.14173,1.14188,1.14172,1.14185,121
2019.01.28,16:45,1.14184,1.14228,1.14184,1.14219,203
2019.01.28,16:46,1.14218,1.14222,1.14203,1.14208,109
2019.01.28,16:47,1.14207,1.14226,1.14207,1.14213,130
2019.01.28,16:48,1.14213,1.14213,1.14178,1.1418,147
2019.01.28,16:49,1.14182,1.14195,1.14178,1.14193,146
2019.01.28,16:50,1.14194,1.14204,1.1419,1.14198,140
2019.01.28,16:51,1.14197,1.14223,1.14197,1.14208,115
2019.01.28,16:52,1.14208,1.1433,1.14208,1.14303,336
2019.01.28,16:53,1.14302,1.14302,1.14252,1.14277,233
2019.01.28,16:54,1.14278,1.14278,1.14247,1.14263,170
2019.01.28,16:55,1.14261,1.14268,1.14252,1.14257,157
2019.01.28,16:56,1.14259,1.14282,1.14251,1.14278,124
2019.01.28,16:57,1.14281,1.14281,1.14262,1.14263,128
2019.01.28,16:58,1.14264,1.14279,1.14263,1.14278,101
2019.01.28,16:59,1.14275,1.14282,1.14262,1.14268,163
2019.01.28,17:00,1.14268,1.14278,1.1426,1.14262,174
2019.01.28,17:01,1.14263,1.14274,1.1426,1.14274,121
2019.01.28,17:02,1.14273,1.1428,1.14265,1.14272,107
2019.01.28,17:03,1.14273,1.14282,1.1427,1.1427,118
2019.01.28,17:04,1.14271,1.14272,1.14252,1.14272,121
2019.01.28,17:05,1.14272,1.14303,1.14272,1.14291,111
2019.01.28,17:06,1.1429,1.14324,1.1429,1.14319,167
2019.01.28,17:07,1.14319,1.14348,1.14314,1.14343,208
2019.01.28,17:08,1.14342,1.14343,1.14323,1.14328,160
2019.01.28,17:09,1.14334,1.14347,1.14331,1.14344,132
2019.01.28,17:10,1.14343,1.14345,1.14329,1.14333,132
2019.01.28,17:11,1.14334,1.14344,1.14334,1.14341,132
2019.01.28,17:12,1.14343,1.14376,1.1434,1.14371,147
2019.01.28,17:13,1.14371,1.14372,1.14331,1.14343,148
2019.01.28,17:14,1.14343,1.14352,1.14339,1.14339,94
2019.01.28,17:15,1.1434,1.14352,1.14331,1.14347,89
2019.01.28,17:16,1.14348,1.14358,1.14347,1.14357,100
2019.01.28,17:17,1.14358,1.14358,1.14347,1.1435,83
2019.01.28,17:18,1.14348,1.14355,1.14341,1.14353,82
2019.01.28,17:19,1.14352,1.14358,1.14349,1.14354,86
2019.01.28,17:20,1.14352,1.14357,1.14351,1.14351,74
2019.01.28,17:21,1.14352,1.14359,1.14351,1.14358,76
2019.01.28,17:22,1.14356,1.1436,1.14327,1.14332,97
2019.01.28,17:23,1.14329,1.14329,1.14298,1.14299,125
2019.01.28,17:24,1.14299,1.14326,1.14296,1.14297,92
2019.01.28,17:25,1.14299,1.14312,1.14295,1.14307,118
2019.01.28,17:26,1.14306,1.14326,1.14275,1.14276,128
2019.01.28,17:27,1.14277,1.14307,1.14272,1.14304,139
2019.01.28,17:28,1.14303,1.1432,1.14294,1.1432,72
2019.01.28,17:29,1.1432,1.14321,1.143,1.14311,110
2019.01.28,17:30,1.1431,1.14317,1.14286,1.14294,101
2019.01.28,17:31,1.14293,1.1431,1.14289,1.14295,116
2019.01.28,17:32,1.14295,1.14297,1.14271,1.14274,103
2019.01.28,17:33,1.14272,1.14279,1.14259,1.14272,112
2019.01.28,17:34,1.14273,1.1429,1.14271,1.14282,91
2019.01.28,17:35,1.1428,1.14301,1.14279,1.14297,73
2019.01.28,17:36,1.14296,1.14302,1.14296,1.14296,76
2019.01.28,17:37,1.14298,1.14301,1.14278,1.14278,88
2019.01.28,17:38,1.14282,1.14301,1.1428,1.14301,74
2019.01.28,17:39,1.143,1.14318,1.14291,1.14302,80
2019.01.28,17:40,1.14302,1.14316,1.14302,1.14308,94
2019.01.28,17:41,1.14308,1.14309,1.14288,1.14309,116
2019.01.28,17:42,1.1431,1.14328,1.14309,1.14312,103
2019.01.28,17:43,1.14315,1.14328,1.14313,1.14319,86
2019.01.28,17:44,1.14319,1.14333,1.14315,1.1433,90
2019.01.28,17:45,1.14331,1.14333,1.14321,1.1433,120
2019.01.28,17:46,1.14331,1.14331,1.14302,1.14309,76
2019.01.28,17:47,1.1431,1.14355,1.1431,1.14352,131
2019.01.28,17:48,1.14351,1.14356,1.14334,1.1435,119
2019.01.28,17:49,1.1435,1.1436,1.14331,1.14335,95
2019.01.28,17:50,1.14334,1.14355,1.14331,1.14335,105
2019.01.28,17:51,1.14337,1.14339,1.14309,1.14329,142
2019.01.28,17:52,1.14329,1.14343,1.14322,1.14334,118
2019.01.28,17:53,1.14335,1.14354,1.14334,1.1435,124
2019.01.28,17:54,1.14349,1.14362,1.14343,1.14362,111
2019.01.28,17:55,1.14361,1.14361,1.14331,1.14335,160
2019.01.28,17:56,1.14335,1.1435,1.14335,1.14345,112
2019.01.28,17:57,1.14346,1.14355,1.1434,1.14355,169
2019.01.28,17:58,1.14354,1.14357,1.14343,1.1435,172
2019.01.28,17:59,1.1435,1.14363,1.14345,1.14361,136
2019.01.28,18:00,1.14363,1.14365,1.14347,1.14348,122
2019.01.28,18:01,1.14349,1.14356,1.14349,1.14354,149
2019.01.28,18:02,1.14355,1.14371,1.14354,1.14363,103
2019.01.28,18:03,1.14362,1.14382,1.14349,1.14354,146
2019.01.28,18:04,1.14356,1.14364,1.14352,1.14354,139
2019.01.28,18:05,1.14353,1.14354,1.14327,1.14332,130
2019.01.28,18:06,1.14332,1.14335,1.14318,1.14323,103
2019.01.28,18:07,1.14323,1.14334,1.14318,1.14329,114
2019.01.28,18:08,1.14329,1.14329,1.14311,1.14313,120
2019.01.28,18:09,1.14313,1.1433,1.14308,1.14325,88
2019.01.28,18:10,1.14325,1.14325,1.14305,1.14311,111
2019.01.28,18:11,1.1431,1.14312,1.143,1.14304,81
2019.01.28,18:12,1.14305,1.14335,1.14303,1.14323,96
2019.01.28,18:13,1.14324,1.14337,1.14322,1.14324,114
2019.01.28,18:14,1.14323,1.14335,1.14321,1.14334,108
2019.01.28,18:15,1.14335,1.14344,1.14335,1.14342,79
2019.01.28,18:16,1.14343,1.14361,1.14343,1.14343,100
2019.01.28,18:17,1.14344,1.14349,1.14342,1.14345,81
2019.01.28,18:18,1.14345,1.1437,1.14344,1.14367,114
2019.01.28,18:19,1.14364,1.14375,1.14357,1.14358,115
2019.01.28,18:20,1.14357,1.14363,1.14352,1.14358,89
2019.01.28,18:21,1.14356,1.14375,1.14356,1.14372,88
2019.01.28,18:22,1.14372,1.14381,1.14372,1.14372,85
2019.01.28,18:23,1.14371,1.14376,1.14363,1.14364,68
2019.01.28,18:24,1.14363,1.14369,1.14361,1.14362,63
2019.01.28,18:25,1.14362,1.14365,1.14349,1.14349,145
2019.01.28,18:26,1.14348,1.1437,1.14348,1.14367,100
2019.01.28,18:27,1.14367,1.14367,1.14354,1.14359,53
2019.01.28,18:28,1.14359,1.14376,1.14359,1.14376,91
2019.01.28,18:29,1.14373,1.14382,1.14369,1.14381,91
2019.01.28,18:30,1.14382,1.14382,1.14361,1.14374,95
2019.01.28,18:31,1.14376,1.14385,1.14372,1.14375,72
2019.01.28,18:32,1.14376,1.14392,1.14372,1.14391,126
2019.01.28,18:33,1.14392,1.14404,1.14384,1.14404,97
2019.01.28,18:34,1.14403,1.14406,1.14384,1.14403,143
2019.01.28,18:35,1.14404,1.14413,1.14404,1.1441,105
2019.01.28,18:36,1.1441,1.1441,1.14399,1.14402,106
2019.01.28,18:37,1.14402,1.14416,1.14397,1.14416,79
2019.01.28,18:38,1.14416,1.14423,1.14412,1.14415,94
2019.01.28,18:39,1.14414,1.14416,1.14398,1.14401,99
2019.01.28,18:40,1.14401,1.14435,1.14401,1.14434,111
2019.01.28,18:41,1.14433,1.14436,1.14431,1.14432,59
2019.01.28,18:42,1.14433,1.14434,1.14428,1.14428,46
2019.01.28,18:43,1.14428,1.14433,1.1442,1.14429,70
2019.01.28,18:44,1.14429,1.14432,1.14427,1.14431,44
2019.01.28,18:45,1.1443,1.14434,1.14409,1.14411,108
2019.01.28,18:46,1.14413,1.14414,1.14401,1.14409,82
2019.01.28,18:47,1.14408,1.14413,1.14404,1.1441,107
2019.01.28,18:48,1.1441,1.14411,1.14403,1.14408,67
2019.01.28,18:49,1.14408,1.14409,1.144,1.14404,44
2019.01.28,18:50,1.14405,1.14422,1.14405,1.14414,84
2019.01.28,18:51,1.14415,1.14421,1.14406,1.14407,90
2019.01.28,18:52,1.14407,1.14413,1.14405,1.14407,70
2019.01.28,18:53,1.14406,1.1441,1.14401,1.14401,64
2019.01.28,18:54,1.144,1.14405,1.14391,1.14395,57
2019.01.28,18:55,1.14396,1.14399,1.14377,1.14382,85
2019.01.28,18:56,1.14382,1.14392,1.14381,1.1439,71
2019.01.28,18:57,1.1439,1.1439,1.14381,1.14383,72
2019.01.28,18:58,1.14382,1.14391,1.14382,1.14384,68
2019.01.28,18:59,1.14382,1.1439,1.1437,1.14371,84
2019.01.28,19:00,1.14371,1.14381,1.14361,1.14376,121
2019.01.28,19:01,1.14376,1.14377,1.14363,1.14363,99
2019.01.28,19:02,1.14363,1.14366,1.14347,1.14349,90
2019.01.28,19:03,1.14351,1.14357,1.14351,1.14355,44
2019.01.28,19:04,1.14354,1.14358,1.14346,1.14353,76
2019.01.28,19:05,1.14353,1.14353,1.14345,1.14345,61
2019.01.28,19:06,1.14344,1.1435,1.14336,1.14346,73
2019.01.28,19:07,1.14345,1.14354,1.14342,1.14343,92
2019.01.28,19:08,1.14343,1.14343,1.14331,1.14331,81
2019.01.28,19:09,1.14332,1.14336,1.14331,1.14335,58
2019.01.28,19:10,1.14336,1.14346,1.14331,1.14333,75
2019.01.28,19:11,1.14334,1.14341,1.14333,1.14336,69
2019.01.28,19:12,1.14335,1.14342,1.1432,1.1432,70
2019.01.28,19:13,1.1432,1.14326,1.14316,1.14325,91
2019.01.28,19:14,1.14326,1.14336,1.14322,1.14324,60
2019.01.28,19:15,1.14323,1.14329,1.14315,1.14316,67
2019.01.28,19:16,1.14316,1.14322,1.14315,1.14321,34
2019.01.28,19:17,1.14321,1.14325,1.14316,1.14323,42
2019.01.28,19:18,1.14323,1.14338,1.14323,1.1433,63
2019.01.28,19:19,1.14331,1.14333,1.14321,1.14331,57
2019.01.28,19:20,1.14328,1.14331,1.14323,1.1433,46
2019.01.28,19:21,1.1433,1.14332,1.14326,1.14327,42
2019.01.28,19:22,1.14327,1.14347,1.14327,1.14347,44
2019.01.28,19:23,1.14346,1.14356,1.14345,1.14348,68
2019.01.28,19:24,1.14348,1.14349,1.14341,1.14348,36
2019.01.28,19:25,1.14347,1.14352,1.14339,1.14339,47
2019.01.28,19:26,1.14338,1.14339,1.14322,1.1433,66
2019.01.28,19:27,1.14331,1.14332,1.14327,1.1433,36
2019.01.28,19:28,1.14329,1.14338,1.14329,1.14335,35
2019.01.28,19:29,1.14336,1.14337,1.14332,1.14336,56
2019.01.28,19:30,1.14337,1.14344,1.14337,1.1434,46
2019.01.28,19:31,1.14341,1.14344,1.14326,1.14327,63
2019.01.28,19:32,1.14326,1.14341,1.14326,1.14338,46
2019.01.28,19:33,1.14338,1.14348,1.14338,1.14345,24
2019.01.28,19:34,1.14346,1.14347,1.14341,1.14341,19
2019.01.28,19:35,1.14341,1.14351,1.14341,1.1435,32
2019.01.28,19:36,1.14349,1.14351,1.14345,1.14345,42
2019.01.28,19:37,1.14345,1.14361,1.1434,1.14351,66
2019.01.28,19:38,1.14352,1.1436,1.14351,1.14351,44
2019.01.28,19:39,1.14351,1.14357,1.14349,1.14355,47
2019.01.28,19:40,1.14356,1.14361,1.14355,1.14361,36
2019.01.28,19:41,1.14361,1.14367,1.14359,1.14367,46
2019.01.28,19:42,1.14365,1.14371,1.14362,1.14367,51
2019.01.28,19:43,1.14366,1.14366,1.14349,1.14355,66
2019.01.28,19:44,1.14356,1.14362,1.14354,1.14361,50
2019.01.28,19:45,1.14361,1.14367,1.1436,1.14366,30
2019.01.28,19:46,1.14366,1.14376,1.14364,1.14364,40
2019.01.28,19:47,1.14364,1.14367,1.14361,1.14367,35
2019.01.28,19:48,1.1437,1.14386,1.1437,1.14385,52
2019.01.28,19:49,1.14386,1.14386,1.14367,1.1437,67
2019.01.28,19:50,1.14369,1.14371,1.14361,1.14362,49
2019.01.28,19:51,1.14362,1.14364,1.14361,1.14361,33
2019.01.28,19:52,1.14362,1.14362,1.14345,1.14345,51
2019.01.28,19:53,1.14345,1.14356,1.14342,1.14343,45
2019.01.28,19:54,1.14345,1.14348,1.14343,1.14346,37
2019.01.28,19:55,1.14347,1.14355,1.14341,1.14346,64
2019.01.28,19:56,1.14345,1.1435,1.14344,1.14346,38
2019.01.28,19:57,1.14347,1.14361,1.14344,1.14357,74
2019.01.28,19:58,1.14358,1.14362,1.14356,1.14362,32
2019.01.28,19:59,1.1436,1.1436,1.14344,1.14344,67
2019.01.28,20:00,1.14344,1.14359,1.14342,1.14353,79
2019.01.28,20:01,1.14352,1.1437,1.14348,1.14356,77
2019.01.28,20:02,1.14358,1.14371,1.14346,1.14353,88
2019.01.28,20:03,1.14352,1.14375,1.14352,1.14375,88
2019.01.28,20:04,1.14374,1.14388,1.14371,1.14387,87
2019.01.28,20:05,1.14386,1.14391,1.1438,1.14381,47
2019.01.28,20:06,1.14382,1.14385,1.14372,1.14381,81
2019.01.28,20:07,1.14381,1.1439,1.1438,1.14389,45
2019.01.28,20:08,1.1439,1.1439,1.14386,1.1439,24
2019.01.28,20:09,1.14389,1.14389,1.14382,1.14383,48
2019.01.28,20:10,1.14383,1.14383,1.1437,1.14375,52
2019.01.28,20:11,1.14376,1.14383,1.14375,1.14377,49
2019.01.28,20:12,1.14376,1.14377,1.14361,1.14363,74
2019.01.28,20:13,1.14362,1.14366,1.14362,1.14363,41
2019.01.28,20:14,1.14365,1.14367,1.14356,1.14361,43
2019.01.28,20:15,1.14361,1.14371,1.14356,1.1437,84
2019.01.28,20:16,1.1437,1.1437,1.14361,1.14363,58
2019.01.28,20:17,1.14362,1.14362,1.14353,1.14356,65
2019.01.28,20:18,1.14356,1.14368,1.14353,1.14368,52
2019.01.28,20:19,1.14369,1.14376,1.14367,1.14367,40
2019.01.28,20:20,1.14369,1.1437,1.14357,1.1436,38
2019.01.28,20:21,1.1436,1.14364,1.14356,1.14357,37
2019.01.28,20:22,1.14358,1.14359,1.14356,1.14357,20
2019.01.28,20:23,1.14357,1.14361,1.14354,1.14361,25
2019.01.28,20:24,1.14365,1.14366,1.14356,1.14357,55
2019.01.28,20:25,1.14358,1.14359,1.14351,1.14355,26
2019.01.28,20:26,1.14355,1.14366,1.14351,1.14365,32
2019.01.28,20:27,1.14366,1.14368,1.14362,1.14365,25
2019.01.28,20:28,1.14365,1.14365,1.14356,1.14358,26
2019.01.28,20:29,1.14357,1.14367,1.14357,1.14361,37
2019.01.28,20:30,1.14361,1.14364,1.14359,1.14361,29
2019.01.28,20:31,1.14361,1.1437,1.14361,1.14368,37
2019.01.28,20:32,1.14367,1.14375,1.14363,1.14363,40
2019.01.28,20:33,1.14364,1.14364,1.14351,1.14351,44
2019.01.28,20:34,1.14351,1.14356,1.14343,1.1435,46
2019.01.28,20:35,1.14351,1.14351,1.14345,1.14346,29
2019.01.28,20:36,1.14348,1.14352,1.14345,1.14345,36
2019.01.28,20:37,1.14345,1.14351,1.14345,1.14345,31
2019.01.28,20:38,1.14346,1.14351,1.14346,1.14348,29
2019.01.28,20:39,1.14349,1.14351,1.14346,1.14346,21
2019.01.28,20:40,1.14346,1.1435,1.14345,1.14348,24
2019.01.28,20:41,1.14347,1.14349,1.14342,1.14342,34
2019.01.28,20:42,1.14345,1.14348,1.14343,1.14344,23
2019.01.28,20:43,1.14344,1.14348,1.14343,1.14348,14
2019.01.28,20:44,1.1435,1.1435,1.14348,1.14348,7
2019.01.28,20:45,1.14349,1.14352,1.14349,1.14352,17
2019.01.28,20:46,1.14356,1.14356,1.14348,1.14353,21
2019.01.28,20:47,1.14354,1.14354,1.14352,1.14354,17
2019.01.28,20:48,1.14354,1.14354,1.1435,1.1435,18
2019.01.28,20:49,1.14349,1.14351,1.14343,1.14345,23
2019.01.28,20:50,1.14345,1.14349,1.14343,1.14349,28
2019.01.28,20:51,1.14349,1.14352,1.14347,1.14351,27
2019.01.28,20:52,1.1435,1.14351,1.14345,1.14346,18
2019.01.28,20:53,1.14349,1.14351,1.14344,1.1435,45
2019.01.28,20:54,1.14354,1.14356,1.1435,1.1435,51
2019.01.28,20:55,1.1435,1.1436,1.14348,1.14358,46
2019.01.28,20:56,1.14358,1.14363,1.14357,1.14359,33
2019.01.28,20:57,1.14358,1.14362,1.14357,1.14358,42
2019.01.28,20:58,1.1436,1.14361,1.14351,1.14352,43
2019.01.28,20:59,1.14352,1.14353,1.14346,1.14347,40
2019.01.28,21:00,1.14348,1.14357,1.14345,1.14356,55
2019.01.28,21:01,1.14357,1.14361,1.14352,1.14361,63
2019.01.28,21:02,1.14362,1.14379,1.14362,1.14373,63
2019.01.28,21:03,1.14373,1.14373,1.14366,1.14369,41
2019.01.28,21:04,1.14366,1.1437,1.14361,1.14365,38
2019.01.28,21:05,1.14364,1.14366,1.14355,1.14355,23
2019.01.28,21:06,1.14352,1.14355,1.1435,1.14353,28
2019.01.28,21:07,1.14353,1.14356,1.14348,1.14353,44
2019.01.28,21:08,1.14353,1.14355,1.1435,1.14351,27
2019.01.28,21:09,1.14352,1.14356,1.14351,1.14351,17
2019.01.28,21:10,1.14351,1.14351,1.14337,1.14339,53
2019.01.28,21:11,1.14339,1.14342,1.14323,1.14326,82
2019.01.28,21:12,1.14326,1.14327,1.14322,1.14322,51
2019.01.28,21:13,1.14324,1.14327,1.14323,1.14326,27
2019.01.28,21:14,1.14326,1.14336,1.14325,1.14334,61
2019.01.28,21:15,1.14336,1.14338,1.14315,1.14317,43
2019.01.28,21:16,1.14317,1.14318,1.14291,1.14293,70
2019.01.28,21:17,1.14292,1.14299,1.14287,1.14288,42
2019.01.28,21:18,1.14289,1.14297,1.14287,1.1429,53
2019.01.28,21:19,1.14292,1.14298,1.14288,1.14291,59
2019.01.28,21:20,1.14291,1.14301,1.14289,1.14293,63
2019.01.28,21:21,1.14292,1.14294,1.14291,1.14291,23
2019.01.28,21:22,1.14292,1.14296,1.14288,1.14293,66
2019.01.28,21:23,1.14294,1.14297,1.14291,1.14292,33
2019.01.28,21:24,1.14292,1.14293,1.14291,1.14291,17
2019.01.28,21:25,1.14292,1.14294,1.14292,1.14293,20
2019.01.28,21:26,1.14292,1.14296,1.14292,1.14294,27
2019.01.28,21:27,1.14294,1.14303,1.14294,1.14302,65
2019.01.28,21:28,1.14302,1.14302,1.14297,1.14299,30
2019.01.28,21:29,1.14299,1.14303,1.14296,1.14297,44
2019.01.28,21:30,1.14296,1.14296,1.1429,1.14293,46
2019.01.28,21:31,1.14293,1.14293,1.14285,1.14287,24
2019.01.28,21:32,1.1429,1.14301,1.1429,1.14299,36
2019.01.28,21:33,1.14299,1.14307,1.14298,1.14302,34
2019.01.28,21:34,1.14303,1.14314,1.14303,1.14308,48
2019.01.28,21:35,1.1431,1.1431,1.14294,1.14299,44
2019.01.28,21:36,1.14298,1.14309,1.14294,1.14309,59
2019.01.28,21:37,1.14309,1.1431,1.14308,1.14308,15
2019.01.28,21:38,1.14308,1.14308,1.14303,1.14303,10
2019.01.28,21:39,1.14302,1.14303,1.14298,1.14298,13
2019.01.28,21:40,1.14298,1.14298,1.14293,1.14294,11
2019.01.28,21:41,1.14295,1.14298,1.14293,1.14293,26
2019.01.28,21:42,1.14293,1.14294,1.14293,1.14294,12
2019.01.28,21:43,1.14293,1.14294,1.14293,1.14294,5
2019.01.28,21:44,1.14294,1.14296,1.14294,1.14294,16
2019.01.28,21:45,1.14294,1.143,1.14294,1.14299,14
2019.01.28,21:46,1.14298,1.14305,1.14298,1.14304,42
2019.01.28,21:47,1.14305,1.14305,1.14299,1.14299,24
2019.01.28,21:48,1.14298,1.143,1.14298,1.143,8
2019.01.28,21:49,1.143,1.143,1.14284,1.14285,28
2019.01.28,21:50,1.14285,1.14285,1.14259,1.14277,94
2019.01.28,21:51,1.14276,1.14284,1.14274,1.14278,56
2019.01.28,21:52,1.14279,1.14283,1.14273,1.14273,21
2019.01.28,21:53,1.14276,1.14281,1.14271,1.14279,40
2019.01.28,21:54,1.14278,1.14278,1.14266,1.14272,50
2019.01.28,21:55,1.14272,1.14276,1.14269,1.14271,42
2019.01.28,21:56,1.14274,1.14283,1.14273,1.14278,102
2019.01.28,21:57,1.14279,1.14279,1.14267,1.1427,54
2019.01.28,21:58,1.1427,1.14286,1.14269,1.14281,59
2019.01.28,21:59,1.14282,1.14295,1.14279,1.14281,117
2019.01.28,22:00,1.1428,1.1428,1.14269,1.14275,103
2019.01.28,22:01,1.14275,1.14283,1.14268,1.14274,62
2019.01.28,22:02,1.14275,1.14277,1.14269,1.14274,56
2019.01.28,22:03,1.14273,1.14277,1.14269,1.14275,36
2019.01.28,22:04,1.14274,1.14281,1.14273,1.14278,39
2019.01.28,22:05,1.14277,1.14281,1.14274,1.14275,43
2019.01.28,22:06,1.14274,1.14279,1.1427,1.14278,61
2019.01.28,22:07,1.14277,1.14284,1.14277,1.14281,40
2019.01.28,22:08,1.14281,1.14285,1.14267,1.14274,59
2019.01.28,22:09,1.14274,1.14274,1.14264,1.14267,56
2019.01.28,22:10,1.14267,1.14272,1.14264,1.14272,39
2019.01.28,22:11,1.1427,1.14275,1.14268,1.14271,36
2019.01.28,22:12,1.14271,1.14276,1.14268,1.14276,79
2019.01.28,22:13,1.14277,1.14282,1.14269,1.14278,74
2019.01.28,22:14,1.14277,1.1428,1.14269,1.14275,53
2019.01.28,22:15,1.14275,1.14277,1.1427,1.14274,42
2019.01.28,22:16,1.14274,1.14276,1.14269,1.14276,37
2019.01.28,22:17,1.14276,1.1428,1.14275,1.14279,38
2019.01.28,22:18,1.14279,1.14279,1.14268,1.14271,40
2019.01.28,22:19,1.1427,1.14271,1.14264,1.14264,26
2019.01.28,22:20,1.14264,1.14266,1.14257,1.14262,56
2019.01.28,22:21,1.14264,1.14266,1.1426,1.14266,41
2019.01.28,22:22,1.14263,1.14271,1.14261,1.14265,54
2019.01.28,22:23,1.14264,1.14269,1.14263,1.14267,41
2019.01.28,22:24,1.14268,1.14268,1.14263,1.14265,33
2019.01.28,22:25,1.14267,1.1427,1.14261,1.14267,44
2019.01.28,22:26,1.14268,1.1427,1.14262,1.14263,35
2019.01.28,22:27,1.14262,1.14266,1.14262,1.14264,22
2019.01.28,22:28,1.14263,1.14271,1.14262,1.14265,29
2019.01.28,22:29,1.14266,1.14271,1.14263,1.14268,44
2019.01.28,22:30,1.14269,1.14274,1.14267,1.14268,35
2019.01.28,22:31,1.14269,1.14275,1.14266,1.14275,37
2019.01.28,22:32,1.14276,1.14281,1.14273,1.14278,55
2019.01.28,22:33,1.14278,1.14281,1.14274,1.14279,35
2019.01.28,22:34,1.1428,1.14283,1.14272,1.14272,23
2019.01.28,22:35,1.14272,1.14278,1.14272,1.14278,24
2019.01.28,22:36,1.14278,1.1428,1.14272,1.14273,27
2019.01.28,22:37,1.14274,1.1428,1.14265,1.14273,54
2019.01.28,22:38,1.14274,1.14274,1.14264,1.14267,48
2019.01.28,22:39,1.1427,1.14277,1.14258,1.14258,64
2019.01.28,22:40,1.14257,1.14269,1.14257,1.14266,39
2019.01.28,22:41,1.14267,1.14271,1.14265,1.14265,26
2019.01.28,22:42,1.14266,1.14274,1.14266,1.14274,26
2019.01.28,22:43,1.14271,1.14275,1.14271,1.14273,15
2019.01.28,22:44,1.14274,1.14279,1.14274,1.14278,14
2019.01.28,22:45,1.14277,1.14277,1.14268,1.14271,26
2019.01.28,22:46,1.1427,1.14271,1.14268,1.14271,24
2019.01.28,22:47,1.14269,1.14279,1.14269,1.14276,21
2019.01.28,22:48,1.14276,1.14283,1.14276,1.1428,35
2019.01.28,22:49,1.14278,1.14285,1.14276,1.14281,49
2019.01.28,22:50,1.14281,1.14286,1.14279,1.14284,46
2019.01.28,22:51,1.14283,1.1429,1.14283,1.1429,20
2019.01.28,22:52,1.14289,1.14289,1.14279,1.14284,42
2019.01.28,22:53,1.14284,1.14285,1.14279,1.1428,33
2019.01.28,22:54,1.14279,1.14283,1.14278,1.1428,18
2019.01.28,22:55,1.1428,1.14284,1.14278,1.14278,40
2019.01.28,22:56,1.14279,1.14286,1.14279,1.14286,36
2019.01.28,22:57,1.14285,1.1429,1.14279,1.14288,93
2019.01.28,22:58,1.14289,1.14289,1.14279,1.14284,44
2019.01.28,22:59,1.14283,1.14284,1.14279,1.14281,75
2019.01.28,23:00,1.14281,1.14286,1.14281,1.14283,47
2019.01.28,23:01,1.14284,1.14285,1.14278,1.14279,68
2019.01.28,23:02,1.14279,1.1428,1.14264,1.14269,52
2019.01.28,23:03,1.14268,1.14273,1.14267,1.14272,33
2019.01.28,23:04,1.14274,1.14278,1.14272,1.14275,34
2019.01.28,23:05,1.14274,1.14276,1.14274,1.14275,15
2019.01.28,23:06,1.14275,1.14277,1.14274,1.14276,12
2019.01.28,23:07,1.14274,1.14275,1.14274,1.14274,3
2019.01.28,23:08,1.14275,1.14277,1.14275,1.14276,24
2019.01.28,23:09,1.14275,1.14276,1.14274,1.14275,6
2019.01.28,23:10,1.14276,1.14277,1.14275,1.14276,9
2019.01.28,23:11,1.14274,1.14276,1.14274,1.14276,13
2019.01.28,23:12,1.14275,1.14275,1.14274,1.14274,7
2019.01.28,23:13,1.14276,1.14277,1.14274,1.14275,14
2019.01.28,23:14,1.14276,1.14277,1.14275,1.14275,16
2019.01.28,23:15,1.14276,1.14276,1.14276,1.14276,4
2019.01.28,23:16,1.14275,1.14275,1.14275,1.14275,3
2019.01.28,23:17,1.14276,1.14276,1.14275,1.14275,2
2019.01.28,23:18,1.14276,1.14282,1.14275,1.14276,20
2019.01.28,23:19,1.1428,1.1428,1.1428,1.1428,3
2019.01.28,23:20,1.14281,1.14281,1.1428,1.14281,7
2019.01.28,23:21,1.1428,1.1428,1.14266,1.14266,24
2019.01.28,23:22,1.14265,1.14271,1.14261,1.14271,16
2019.01.28,23:23,1.14272,1.14272,1.14268,1.14268,9
2019.01.28,23:24,1.14268,1.14271,1.14268,1.14271,11
2019.01.28,23:25,1.14271,1.14272,1.14271,1.14272,3
2019.01.28,23:26,1.14269,1.14269,1.14269,1.14269,4
2019.01.28,23:27,1.14269,1.14269,1.14269,1.14269,4
2019.01.28,23:28,1.14269,1.14269,1.14268,1.14268,7
2019.01.28,23:29,1.14268,1.14275,1.14265,1.14273,25
2019.01.28,23:30,1.14273,1.14278,1.14273,1.14278,16
2019.01.28,23:31,1.14279,1.14279,1.14277,1.14278,11
2019.01.28,23:32,1.14279,1.14279,1.14278,1.14278,4
2019.01.28,23:33,1.14279,1.14282,1.14277,1.14278,29
2019.01.28,23:34,1.14279,1.14279,1.14277,1.14278,19
2019.01.28,23:35,1.14278,1.14279,1.14274,1.14278,15
2019.01.28,23:36,1.14278,1.14279,1.14272,1.14275,41
2019.01.28,23:37,1.14276,1.14279,1.14272,1.14278,44
2019.01.28,23:38,1.14277,1.14279,1.14272,1.14274,38
2019.01.28,23:39,1.14272,1.14274,1.14271,1.14272,23
2019.01.28,23:40,1.14271,1.14279,1.1427,1.14271,45
2019.01.28,23:41,1.14271,1.14271,1.14268,1.14269,29
2019.01.28,23:42,1.14269,1.1427,1.14264,1.14267,16
2019.01.28,23:43,1.14266,1.14281,1.14263,1.14278,60
2019.01.28,23:44,1.14277,1.14279,1.14271,1.14278,50
2019.01.28,23:45,1.14279,1.1428,1.14274,1.14274,42
2019.01.28,23:46,1.14273,1.14275,1.14272,1.14273,21
2019.01.28,23:47,1.14274,1.14275,1.14268,1.14271,26
2019.01.28,23:48,1.14272,1.14272,1.14267,1.14269,46
2019.01.28,23:49,1.14268,1.14269,1.14265,1.14267,20
2019.01.28,23:50,1.14267,1.14267,1.1426,1.14263,37
2019.01.28,23:51,1.14264,1.14265,1.14259,1.14263,26
2019.01.28,23:52,1.14262,1.14263,1.14257,1.1426,29
2019.01.28,23:53,1.14259,1.14262,1.14258,1.14258,30
2019.01.28,23:54,1.14258,1.14259,1.14253,1.14259,38
2019.01.28,23:55,1.14259,1.1426,1.14259,1.14259,19
2019.01.28,23:56,1.1426,1.1426,1.14254,1.14256,45
2019.01.28,23:57,1.14255,1.14256,1.14254,1.14256,6
2019.01.28,23:58,1.14256,1.14258,1.14253,1.14257,29
2019.01.28,23:59,1.14258,1.14269,1.14249,1.14269,83
2019.01.29,00:00,1.14271,1.14271,1.1427,1.1427,2
2019.01.29,00:01,1.14273,1.14273,1.14273,1.14273,1
2019.01.29,00:02,1.14272,1.14272,1.14272,1.14272,2
2019.01.29,00:04,1.14269,1.14282,1.14252,1.14273,18
2019.01.29,00:05,1.14274,1.14279,1.14246,1.14248,47
2019.01.29,00:06,1.14249,1.14263,1.14247,1.14248,47
2019.01.29,00:07,1.14249,1.14262,1.14248,1.14261,6
2019.01.29,00:08,1.1426,1.1426,1.1426,1.1426,1
2019.01.29,00:09,1.14261,1.14261,1.14247,1.14247,12
2019.01.29,00:10,1.14247,1.1425,1.14247,1.1425,6
2019.01.29,00:11,1.14251,1.14258,1.1425,1.14258,16
2019.01.29,00:12,1.14258,1.14259,1.14258,1.14259,5
2019.01.29,00:13,1.14259,1.14262,1.14258,1.14258,5
2019.01.29,00:14,1.14258,1.14258,1.14249,1.14249,14
2019.01.29,00:15,1.14247,1.14254,1.14247,1.14253,27
2019.01.29,00:16,1.14253,1.14255,1.14252,1.14255,35
2019.01.29,00:17,1.14256,1.14258,1.14256,1.14258,8
2019.01.29,00:18,1.14258,1.14262,1.14258,1.1426,20
2019.01.29,00:19,1.14259,1.14273,1.14259,1.14266,37
2019.01.29,00:20,1.14265,1.14266,1.14261,1.14262,17
2019.01.29,00:21,1.1426,1.14261,1.14257,1.14257,13
2019.01.29,00:22,1.14255,1.14258,1.14254,1.14258,11
2019.01.29,00:23,1.14258,1.14277,1.14258,1.14277,31
2019.01.29,00:24,1.14275,1.14276,1.1425,1.1426,25
2019.01.29,00:25,1.14261,1.14261,1.14259,1.1426,26
2019.01.29,00:26,1.14261,1.14265,1.14261,1.14264,14
2019.01.29,00:27,1.14264,1.14278,1.14264,1.14278,18
2019.01.29,00:28,1.14278,1.14281,1.14275,1.14281,11
2019.01.29,00:29,1.14279,1.14283,1.14273,1.14277,29
2019.01.29,00:30,1.14283,1.14289,1.14262,1.14267,35
2019.01.29,00:31,1.14264,1.14271,1.14262,1.14269,30
2019.01.29,00:32,1.14269,1.14271,1.14268,1.14271,16
2019.01.29,00:33,1.14271,1.14271,1.1427,1.14271,10
2019.01.29,00:34,1.14272,1.14272,1.1427,1.14272,8
2019.01.29,00:35,1.14272,1.14272,1.1427,1.14272,11
2019.01.29,00:36,1.14273,1.14289,1.14272,1.14289,11
2019.01.29,00:37,1.14288,1.14288,1.14282,1.14282,23
2019.01.29,00:38,1.14281,1.14285,1.14281,1.14282,18
2019.01.29,00:39,1.14281,1.14281,1.14279,1.14279,5
2019.01.29,00:40,1.14278,1.1428,1.14278,1.1428,10
2019.01.29,00:41,1.14279,1.14286,1.14278,1.14278,24
2019.01.29,00:42,1.14278,1.14278,1.14277,1.14277,14
2019.01.29,00:43,1.14277,1.14278,1.14277,1.14278,26
2019.01.29,00:44,1.14278,1.14279,1.14277,1.14279,27
2019.01.29,00:45,1.14279,1.14279,1.14274,1.14277,44
2019.01.29,00:46,1.14277,1.14278,1.14275,1.14277,27
2019.01.29,00:47,1.14277,1.14277,1.14275,1.14275,18
2019.01.29,00:48,1.14275,1.14275,1.14273,1.14275,13
2019.01.29,00:49,1.14273,1.14276,1.14273,1.14276,27
2019.01.29,00:50,1.14274,1.14277,1.1427,1.14271,41
2019.01.29,00:51,1.14271,1.14277,1.1427,1.14276,41
2019.01.29,00:52,1.14275,1.14282,1.14275,1.14276,27
2019.01.29,00:53,1.14276,1.14278,1.14271,1.14272,34
2019.01.29,00:54,1.14273,1.1428,1.14273,1.1428,14
2019.01.29,00:55,1.14279,1.1428,1.14279,1.14279,4
2019.01.29,00:56,1.1428,1.14281,1.14271,1.14271,17
2019.01.29,00:57,1.14272,1.14272,1.14271,1.14271,4
2019.01.29,00:58,1.14272,1.14277,1.14272,1.14276,5
2019.01.29,00:59,1.14273,1.14277,1.14272,1.14277,3
2019.01.29,01:00,1.14273,1.14277,1.14266,1.14276,56
2019.01.29,01:01,1.14275,1.14276,1.14266,1.14267,15
2019.01.29,01:02,1.14266,1.14267,1.14262,1.14264,24
2019.01.29,01:03,1.14265,1.14271,1.14262,1.14262,28
2019.01.29,01:04,1.14262,1.14269,1.14262,1.14268,20
2019.01.29,01:05,1.14268,1.14279,1.14268,1.14279,31
2019.01.29,01:06,1.14277,1.14281,1.14277,1.1428,18
2019.01.29,01:07,1.14279,1.1428,1.14278,1.14279,10
2019.01.29,01:08,1.14279,1.14282,1.14279,1.14281,11
2019.01.29,01:09,1.1428,1.14283,1.14277,1.14282,25
2019.01.29,01:10,1.14281,1.14283,1.14278,1.14282,28
2019.01.29,01:11,1.14283,1.14284,1.1428,1.1428,33
2019.01.29,01:12,1.1428,1.14288,1.1428,1.14286,28
2019.01.29,01:13,1.14286,1.14286,1.14273,1.14277,20
2019.01.29,01:14,1.14277,1.14287,1.14277,1.14287,20
2019.01.29,01:15,1.14287,1.14287,1.14279,1.14281,31
2019.01.29,01:16,1.14281,1.14281,1.1428,1.1428,16
2019.01.29,01:17,1.1428,1.14291,1.1428,1.14291,22
2019.01.29,01:18,1.14291,1.14291,1.14289,1.1429,20
2019.01.29,01:19,1.1429,1.14294,1.1429,1.14293,12
2019.01.29,01:20,1.14294,1.14297,1.1429,1.14291,32
2019.01.29,01:21,1.14291,1.14294,1.1429,1.1429,21
2019.01.29,01:22,1.1429,1.14295,1.1429,1.14291,18
2019.01.29,01:23,1.14291,1.14295,1.14291,1.14292,20
2019.01.29,01:24,1.14292,1.143,1.14291,1.14299,29
2019.01.29,01:25,1.14298,1.14299,1.14297,1.14298,17
2019.01.29,01:26,1.14299,1.14303,1.14296,1.14303,15
2019.01.29,01:27,1.14303,1.14303,1.143,1.14302,17
2019.01.29,01:28,1.14302,1.14311,1.14302,1.14305,23
2019.01.29,01:29,1.14305,1.14308,1.14304,1.14308,10
2019.01.29,01:30,1.14309,1.14309,1.14305,1.14308,10
2019.01.29,01:31,1.14307,1.14308,1.14306,1.14306,9
2019.01.29,01:32,1.14307,1.14307,1.14301,1.14301,17
2019.01.29,01:33,1.14302,1.14304,1.14293,1.14294,20
2019.01.29,01:34,1.14294,1.14294,1.14292,1.14292,7
2019.01.29,01:35,1.14292,1.14294,1.14289,1.1429,24
2019.01.29,01:36,1.14291,1.14293,1.14291,1.14293,16
2019.01.29,01:37,1.14293,1.14303,1.14293,1.14302,19
2019.01.29,01:38,1.14301,1.14303,1.14301,1.14302,41
2019.01.29,01:39,1.14302,1.14302,1.14298,1.14298,34
2019.01.29,01:40,1.14298,1.14299,1.14298,1.14299,3
2019.01.29,01:41,1.14298,1.14298,1.14292,1.14293,21
2019.01.29,01:42,1.14292,1.14294,1.14289,1.14293,13
2019.01.29,01:43,1.14292,1.14292,1.14292,1.14292,1
2019.01.29,01:44,1.14292,1.14292,1.14291,1.14292,3
2019.01.29,01:45,1.14291,1.14294,1.14288,1.14293,31
2019.01.29,01:46,1.14293,1.14294,1.14292,1.14293,7
2019.01.29,01:47,1.14293,1.14293,1.14292,1.14292,3
2019.01.29,01:48,1.14293,1.14294,1.14293,1.14293,6
2019.01.29,01:49,1.14292,1.14293,1.1429,1.14292,11
2019.01.29,01:50,1.14293,1.14294,1.14293,1.14293,6
2019.01.29,01:51,1.14293,1.14293,1.14292,1.14292,9
2019.01.29,01:52,1.14292,1.14293,1.14292,1.14292,7
2019.01.29,01:53,1.14292,1.14293,1.14292,1.14292,11
2019.01.29,01:54,1.14293,1.14294,1.14292,1.14293,11
2019.01.29,01:55,1.14292,1.14294,1.14292,1.14293,7
2019.01.29,01:56,1.14292,1.14292,1.14291,1.14292,16
2019.01.29,01:57,1.14293,1.14295,1.14292,1.14294,19
2019.01.29,01:58,1.14293,1.14295,1.14293,1.14293,14
2019.01.29,01:59,1.14294,1.14295,1.14293,1.14294,22
2019.01.29,02:00,1.14295,1.14301,1.14289,1.14301,74
2019.01.29,02:01,1.143,1.14338,1.14298,1.1433,136
2019.01.29,02:02,1.1433,1.1433,1.14319,1.14325,52
2019.01.29,02:03,1.14324,1.14326,1.14319,1.14319,29
2019.01.29,02:04,1.14319,1.14326,1.14319,1.14321,23
2019.01.29,02:05,1.14322,1.14323,1.14314,1.14314,36
2019.01.29,02:06,1.14314,1.14316,1.14313,1.14313,18
2019.01.29,02:07,1.14314,1.14319,1.14313,1.14314,37
2019.01.29,02:08,1.14315,1.14324,1.14314,1.14323,52
2019.01.29,02:09,1.14321,1.14321,1.14313,1.14313,26
2019.01.29,02:10,1.14313,1.14318,1.14302,1.14318,51
2019.01.29,02:11,1.14318,1.14318,1.14314,1.14316,31
2019.01.29,02:12,1.14315,1.14317,1.14314,1.14314,15
2019.01.29,02:13,1.14315,1.14315,1.14314,1.14314,6
2019.01.29,02:14,1.14315,1.14316,1.14314,1.14314,12
2019.01.29,02:15,1.14314,1.14314,1.14305,1.14305,18
2019.01.29,02:16,1.14306,1.14308,1.14298,1.14298,24
2019.01.29,02:17,1.14299,1.14304,1.14297,1.14298,18
2019.01.29,02:18,1.14298,1.14298,1.14292,1.14293,20
2019.01.29,02:19,1.14293,1.14298,1.14292,1.14298,16
2019.01.29,02:20,1.14297,1.14298,1.14291,1.14293,14
2019.01.29,02:21,1.14292,1.14295,1.14278,1.14283,44
2019.01.29,02:22,1.14283,1.14283,1.14281,1.14282,17
2019.01.29,02:23,1.1428,1.1428,1.14272,1.14272,28
2019.01.29,02:24,1.14271,1.14271,1.14266,1.14267,13
2019.01.29,02:25,1.14267,1.1427,1.14267,1.14268,14
2019.01.29,02:26,1.1427,1.1427,1.14263,1.14263,36
2019.01.29,02:27,1.14262,1.14264,1.14256,1.14262,41
2019.01.29,02:28,1.14263,1.14264,1.14262,1.14262,24
2019.01.29,02:29,1.1426,1.14262,1.14259,1.14262,14
2019.01.29,02:30,1.14261,1.14261,1.1424,1.14245,106
2019.01.29,02:31,1.14246,1.14261,1.14245,1.14249,60
2019.01.29,02:32,1.14249,1.14262,1.14248,1.14261,50
2019.01.29,02:33,1.14261,1.14262,1.1426,1.14261,23
2019.01.29,02:34,1.14261,1.14265,1.14254,1.14254,52
2019.01.29,02:35,1.14254,1.14266,1.14254,1.14264,55
2019.01.29,02:36,1.14263,1.14273,1.14263,1.14273,44
2019.01.29,02:37,1.14273,1.1428,1.14272,1.14278,38
2019.01.29,02:38,1.14277,1.14281,1.14275,1.1428,40
2019.01.29,02:39,1.14281,1.14283,1.14279,1.1428,10
2019.01.29,02:40,1.14279,1.14286,1.14279,1.14286,16
2019.01.29,02:41,1.14286,1.14294,1.14286,1.14293,52
2019.01.29,02:42,1.14292,1.143,1.14291,1.14297,23
2019.01.29,02:43,1.14298,1.143,1.14297,1.14299,35
2019.01.29,02:44,1.14298,1.14299,1.14294,1.14297,27
2019.01.29,02:45,1.14297,1.14301,1.14294,1.14298,70
2019.01.29,02:46,1.14298,1.14299,1.14294,1.14295,36
2019.01.29,02:47,1.14296,1.14305,1.14295,1.14296,69
2019.01.29,02:48,1.14295,1.14296,1.1429,1.14291,39
2019.01.29,02:49,1.1429,1.14292,1.14284,1.14284,30
2019.01.29,02:50,1.14285,1.14289,1.14285,1.14286,31
2019.01.29,02:51,1.14288,1.14291,1.14281,1.14282,43
2019.01.29,02:52,1.14281,1.14281,1.14257,1.14257,87
2019.01.29,02:53,1.14258,1.1426,1.14248,1.14249,87
2019.01.29,02:54,1.14248,1.14257,1.14247,1.14249,79
2019.01.29,02:55,1.1425,1.14266,1.14249,1.14249,88
2019.01.29,02:56,1.14249,1.14255,1.14246,1.14254,61
2019.01.29,02:57,1.14254,1.14255,1.14252,1.14255,29
2019.01.29,02:58,1.14256,1.14265,1.14251,1.14263,69
2019.01.29,02:59,1.14263,1.14268,1.14257,1.14268,43
2019.01.29,03:00,1.14268,1.14274,1.14266,1.14274,45
2019.01.29,03:01,1.14274,1.14275,1.14266,1.14266,20
2019.01.29,03:02,1.14266,1.14272,1.14266,1.14269,40
2019.01.29,03:03,1.14269,1.14271,1.14265,1.14269,56
2019.01.29,03:04,1.14271,1.14274,1.14259,1.14264,55
2019.01.29,03:05,1.14264,1.14269,1.14251,1.14251,56
2019.01.29,03:06,1.1425,1.14254,1.14243,1.14253,30
2019.01.29,03:07,1.14253,1.14255,1.14249,1.14249,38
2019.01.29,03:08,1.1425,1.14256,1.1425,1.14255,22
2019.01.29,03:09,1.14257,1.14257,1.14247,1.14254,60
2019.01.29,03:10,1.14254,1.14256,1.14253,1.14254,23
2019.01.29,03:11,1.14254,1.1426,1.14243,1.1425,47
2019.01.29,03:12,1.1425,1.1425,1.14246,1.14247,34
2019.01.29,03:13,1.14247,1.14247,1.14243,1.14244,19
2019.01.29,03:14,1.14243,1.14248,1.14243,1.14248,22
2019.01.29,03:15,1.14247,1.1425,1.14242,1.14248,40
2019.01.29,03:16,1.14247,1.14247,1.14242,1.14244,31
2019.01.29,03:17,1.14243,1.14244,1.14241,1.14244,14
2019.01.29,03:18,1.14243,1.14244,1.14243,1.14244,14
2019.01.29,03:19,1.14244,1.14244,1.14234,1.14239,50
2019.01.29,03:20,1.14239,1.14239,1.14234,1.14234,47
2019.01.29,03:21,1.14231,1.14231,1.14222,1.14222,50
2019.01.29,03:22,1.14226,1.14226,1.14213,1.14219,30
2019.01.29,03:23,1.14218,1.14218,1.14213,1.14213,24
2019.01.29,03:24,1.14213,1.14213,1.14207,1.14208,24
2019.01.29,03:25,1.14207,1.14209,1.14204,1.14207,32
2019.01.29,03:26,1.14208,1.14208,1.14207,1.14208,7
2019.01.29,03:27,1.14208,1.14214,1.14207,1.14214,24
2019.01.29,03:28,1.14213,1.14214,1.14212,1.14213,24
2019.01.29,03:29,1.14214,1.14219,1.14213,1.14218,23
2019.01.29,03:30,1.14219,1.14225,1.14219,1.14225,26
2019.01.29,03:31,1.14224,1.14228,1.14222,1.14224,22
2019.01.29,03:32,1.14224,1.14233,1.14224,1.14227,37
2019.01.29,03:33,1.14225,1.14225,1.14215,1.14222,71
2019.01.29,03:34,1.14223,1.14224,1.14215,1.14218,62
2019.01.29,03:35,1.14216,1.14227,1.14215,1.14223,44
2019.01.29,03:36,1.14223,1.14224,1.14217,1.14218,31
2019.01.29,03:37,1.14218,1.14219,1.14218,1.14218,14
2019.01.29,03:38,1.14218,1.14229,1.14218,1.14224,37
2019.01.29,03:39,1.14224,1.14224,1.14222,1.14222,17
2019.01.29,03:40,1.14221,1.14227,1.1422,1.14224,35
2019.01.29,03:41,1.14224,1.14229,1.14223,1.14229,28
2019.01.29,03:42,1.14229,1.14234,1.14228,1.14233,33
2019.01.29,03:43,1.14234,1.14234,1.14233,1.14234,9
2019.01.29,03:44,1.14235,1.14244,1.14234,1.14243,29
2019.01.29,03:45,1.14243,1.14244,1.14234,1.14234,35
2019.01.29,03:46,1.14234,1.14238,1.1423,1.14238,46
2019.01.29,03:47,1.14238,1.14238,1.14231,1.14231,28
2019.01.29,03:48,1.14231,1.14234,1.1423,1.14231,25
2019.01.29,03:49,1.1423,1.14235,1.1423,1.14235,19
2019.01.29,03:50,1.14235,1.14235,1.14231,1.14233,17
2019.01.29,03:51,1.14234,1.14244,1.14234,1.1424,24
2019.01.29,03:52,1.14241,1.14245,1.1424,1.14244,41
2019.01.29,03:53,1.14246,1.14253,1.14245,1.14249,52
2019.01.29,03:54,1.14249,1.14253,1.14246,1.14246,36
2019.01.29,03:55,1.14247,1.1425,1.14243,1.14249,54
2019.01.29,03:56,1.14249,1.14252,1.14246,1.14249,43
2019.01.29,03:57,1.14251,1.14259,1.14248,1.14254,46
2019.01.29,03:58,1.14255,1.1426,1.14255,1.1426,40
2019.01.29,03:59,1.14259,1.14261,1.14247,1.14248,39
2019.01.29,04:00,1.14246,1.14256,1.14246,1.14255,62
2019.01.29,04:01,1.14255,1.1427,1.14255,1.14264,57
2019.01.29,04:02,1.14263,1.14264,1.14255,1.14255,54
2019.01.29,04:03,1.14256,1.14258,1.14251,1.14253,34
2019.01.29,04:04,1.14252,1.14259,1.14252,1.14254,34
2019.01.29,04:05,1.14254,1.14254,1.1425,1.14251,35
2019.01.29,04:06,1.14251,1.14261,1.14251,1.14261,27
2019.01.29,04:07,1.14262,1.14263,1.14258,1.1426,25
2019.01.29,04:08,1.1426,1.1426,1.14251,1.14259,44
2019.01.29,04:09,1.1426,1.1426,1.14253,1.14259,34
2019.01.29,04:10,1.14259,1.14264,1.14256,1.14256,34
2019.01.29,04:11,1.14255,1.14256,1.14254,1.14256,6
2019.01.29,04:12,1.14256,1.14261,1.14256,1.14261,12
2019.01.29,04:13,1.1426,1.14261,1.14257,1.1426,16
2019.01.29,04:14,1.14261,1.14266,1.14261,1.14264,28
2019.01.29,04:15,1.14264,1.14264,1.14259,1.14263,29
2019.01.29,04:16,1.14263,1.14264,1.1426,1.14264,21
2019.01.29,04:17,1.14264,1.14269,1.1426,1.14263,78
2019.01.29,04:18,1.14263,1.14264,1.14258,1.14259,21
2019.01.29,04:19,1.14259,1.14276,1.14259,1.14276,37
2019.01.29,04:20,1.14276,1.14278,1.14273,1.14274,55
2019.01.29,04:21,1.14274,1.14279,1.1427,1.14274,45
2019.01.29,04:22,1.14274,1.14288,1.14274,1.14286,26
2019.01.29,04:23,1.14285,1.14286,1.14275,1.1428,76
2019.01.29,04:24,1.1428,1.14282,1.14274,1.14279,42
2019.01.29,04:25,1.14279,1.14279,1.14272,1.14273,31
2019.01.29,04:26,1.14271,1.14274,1.14266,1.14272,58
2019.01.29,04:27,1.14271,1.14272,1.14262,1.14269,85
2019.01.29,04:28,1.14268,1.14285,1.14268,1.14285,39
2019.01.29,04:29,1.14284,1.14285,1.14282,1.14284,23
2019.01.29,04:30,1.14284,1.14286,1.14277,1.14279,38
2019.01.29,04:31,1.14278,1.14281,1.14278,1.1428,17
2019.01.29,04:32,1.14279,1.14281,1.14279,1.14279,15
2019.01.29,04:33,1.14279,1.14279,1.14271,1.14271,28
2019.01.29,04:34,1.1427,1.14285,1.14269,1.14285,34
2019.01.29,04:35,1.14285,1.14286,1.1428,1.14286,38
2019.01.29,04:36,1.14285,1.14288,1.14282,1.14284,36
2019.01.29,04:37,1.14285,1.14286,1.14285,1.14286,17
2019.01.29,04:38,1.14286,1.14286,1.14281,1.14281,13
2019.01.29,04:39,1.14281,1.14281,1.14274,1.14274,12
2019.01.29,04:40,1.14275,1.14281,1.14274,1.1428,14
2019.01.29,04:41,1.1428,1.1428,1.14279,1.14279,10
2019.01.29,04:42,1.14279,1.1428,1.14275,1.14276,10
2019.01.29,04:43,1.14276,1.14285,1.14276,1.14284,35
2019.01.29,04:44,1.14283,1.14284,1.14279,1.1428,22
2019.01.29,04:45,1.14279,1.14281,1.14274,1.14279,48
2019.01.29,04:46,1.14281,1.14286,1.1428,1.14285,16
2019.01.29,04:47,1.14286,1.14291,1.14286,1.1429,9
2019.01.29,04:48,1.1429,1.14297,1.14289,1.14297,25
2019.01.29,04:49,1.14297,1.14306,1.14291,1.14306,114
2019.01.29,04:50,1.14305,1.14311,1.14302,1.14309,91
2019.01.29,04:51,1.14309,1.14309,1.14302,1.14305,45
2019.01.29,04:52,1.14306,1.14306,1.143,1.143,35
2019.01.29,04:53,1.14301,1.14305,1.143,1.14302,34
2019.01.29,04:54,1.14302,1.14302,1.14294,1.14296,32
2019.01.29,04:55,1.14295,1.14296,1.14295,1.14295,11
2019.01.29,04:56,1.14298,1.14303,1.14298,1.14299,36
2019.01.29,04:57,1.14298,1.14306,1.14298,1.14302,35
2019.01.29,04:58,1.14306,1.14311,1.14301,1.1431,40
2019.01.29,04:59,1.14311,1.14316,1.14305,1.14305,53
2019.01.29,05:00,1.14304,1.14314,1.14304,1.14311,50
2019.01.29,05:01,1.14313,1.14315,1.14311,1.14311,30
2019.01.29,05:02,1.14313,1.14314,1.14306,1.14309,65
2019.01.29,05:03,1.14309,1.14309,1.14298,1.14306,40
2019.01.29,05:04,1.14306,1.14306,1.143,1.143,16
2019.01.29,05:05,1.14301,1.14304,1.143,1.14303,12
2019.01.29,05:06,1.14303,1.14303,1.14295,1.14295,30
2019.01.29,05:07,1.14296,1.143,1.14294,1.14296,31
2019.01.29,05:08,1.14296,1.14299,1.14295,1.14295,20
2019.01.29,05:09,1.14295,1.14296,1.14294,1.14296,16
2019.01.29,05:10,1.14297,1.143,1.1429,1.14291,32
2019.01.29,05:11,1.1429,1.14295,1.1429,1.14295,16
2019.01.29,05:12,1.14294,1.14295,1.14292,1.14294,30
2019.01.29,05:13,1.14294,1.14296,1.14294,1.14294,22
2019.01.29,05:14,1.14295,1.14299,1.14293,1.14294,26
2019.01.29,05:15,1.14294,1.143,1.14292,1.14296,35
2019.01.29,05:16,1.14295,1.14297,1.14291,1.14294,21
2019.01.29,05:17,1.14294,1.14296,1.14294,1.14296,15
2019.01.29,05:18,1.14297,1.14306,1.14297,1.14304,32
2019.01.29,05:19,1.14305,1.1432,1.14304,1.14309,35
2019.01.29,05:20,1.14311,1.14316,1.14308,1.14315,41
2019.01.29,05:21,1.14316,1.14316,1.14311,1.14311,22
2019.01.29,05:22,1.14311,1.14316,1.1431,1.14315,35
2019.01.29,05:23,1.14315,1.14324,1.14314,1.14323,65
2019.01.29,05:24,1.14322,1.14323,1.1432,1.14323,30
2019.01.29,05:25,1.14322,1.14324,1.14319,1.14323,51
2019.01.29,05:26,1.14321,1.14325,1.14321,1.14325,28
2019.01.29,05:27,1.14323,1.14326,1.14323,1.14325,17
2019.01.29,05:28,1.14323,1.14323,1.1431,1.14315,25
2019.01.29,05:29,1.14315,1.14319,1.14312,1.14314,33
2019.01.29,05:30,1.1431,1.14311,1.14307,1.14309,22
2019.01.29,05:31,1.14309,1.14315,1.14304,1.1431,63
2019.01.29,05:32,1.14309,1.14311,1.14308,1.14309,15
2019.01.29,05:33,1.14308,1.14312,1.14305,1.14309,48
2019.01.29,05:34,1.14309,1.14315,1.14306,1.14308,69
2019.01.29,05:35,1.14308,1.14309,1.14307,1.14309,14
2019.01.29,05:36,1.14309,1.14309,1.14307,1.14309,10
2019.01.29,05:37,1.14309,1.14309,1.14305,1.14306,13
2019.01.29,05:38,1.14305,1.14306,1.143,1.143,12
2019.01.29,05:39,1.14301,1.14301,1.14298,1.14298,13
2019.01.29,05:40,1.14296,1.143,1.14294,1.14299,18
2019.01.29,05:41,1.143,1.143,1.14299,1.14299,8
2019.01.29,05:42,1.14299,1.14304,1.14298,1.14304,19
2019.01.29,05:43,1.14304,1.14304,1.14299,1.14301,9
2019.01.29,05:44,1.143,1.14301,1.14297,1.143,11
2019.01.29,05:45,1.14299,1.14299,1.14293,1.14293,50
2019.01.29,05:46,1.14294,1.14294,1.14292,1.14293,19
2019.01.29,05:47,1.14292,1.14297,1.14291,1.14293,23
2019.01.29,05:48,1.14294,1.14299,1.14294,1.14296,18
2019.01.29,05:49,1.14296,1.14296,1.14295,1.14296,7
2019.01.29,05:50,1.14295,1.14296,1.14294,1.14295,10
2019.01.29,05:51,1.14295,1.14299,1.14295,1.14295,25
2019.01.29,05:52,1.14296,1.14299,1.14295,1.14296,23
2019.01.29,05:53,1.14296,1.14296,1.14294,1.14295,11
2019.01.29,05:54,1.14294,1.14298,1.14289,1.14289,36
2019.01.29,05:55,1.1429,1.14304,1.1429,1.14302,22
2019.01.29,05:56,1.14301,1.14305,1.14292,1.14301,48
2019.01.29,05:57,1.14301,1.14304,1.143,1.14304,30
2019.01.29,05:58,1.14306,1.14309,1.14304,1.14306,31
2019.01.29,05:59,1.14305,1.14309,1.14295,1.14295,46
2019.01.29,06:00,1.14296,1.14315,1.14296,1.14311,96
2019.01.29,06:01,1.14312,1.14315,1.1431,1.14311,41
2019.01.29,06:02,1.14311,1.14312,1.1431,1.1431,18
2019.01.29,06:03,1.1431,1.14311,1.14306,1.14311,36
2019.01.29,06:04,1.1431,1.14311,1.14306,1.14311,17
2019.01.29,06:05,1.1431,1.14314,1.1431,1.14311,19
2019.01.29,06:06,1.14311,1.14316,1.1431,1.14314,35
2019.01.29,06:07,1.14314,1.14319,1.14313,1.14315,36
2019.01.29,06:08,1.14312,1.14324,1.14311,1.14319,37
2019.01.29,06:09,1.14319,1.1432,1.14314,1.14315,27
2019.01.29,06:10,1.14314,1.14315,1.14314,1.14314,5
2019.01.29,06:11,1.14314,1.14314,1.14313,1.14313,6
2019.01.29,06:12,1.14314,1.14315,1.14313,1.14314,18
2019.01.29,06:13,1.14313,1.14315,1.1431,1.14311,25
2019.01.29,06:14,1.1431,1.14312,1.14309,1.14311,21
2019.01.29,06:15,1.1431,1.14314,1.1431,1.14314,30
2019.01.29,06:16,1.14314,1.14317,1.14313,1.14314,22
2019.01.29,06:17,1.14315,1.14315,1.14313,1.14313,9
2019.01.29,06:18,1.14314,1.14314,1.14313,1.14313,10
2019.01.29,06:19,1.14314,1.14314,1.14313,1.14313,2
2019.01.29,06:20,1.14314,1.14314,1.14313,1.14313,8
2019.01.29,06:21,1.14313,1.14314,1.14313,1.14314,7
2019.01.29,06:22,1.14314,1.14315,1.14313,1.14314,21
2019.01.29,06:23,1.14314,1.14314,1.14314,1.14314,1
2019.01.29,06:24,1.14316,1.14319,1.14314,1.14318,21
2019.01.29,06:25,1.14317,1.14319,1.14315,1.14315,21
2019.01.29,06:26,1.14315,1.14315,1.1431,1.14311,18
2019.01.29,06:27,1.14312,1.14316,1.14312,1.14313,20
2019.01.29,06:28,1.14314,1.14315,1.14313,1.14315,17
2019.01.29,06:29,1.14316,1.14319,1.14314,1.14319,26
2019.01.29,06:30,1.1432,1.1432,1.14314,1.14314,12
2019.01.29,06:31,1.14315,1.14318,1.14314,1.14318,20
2019.01.29,06:32,1.14317,1.14317,1.14314,1.14314,8
2019.01.29,06:33,1.14314,1.14318,1.14309,1.14318,27
2019.01.29,06:34,1.14319,1.14326,1.14319,1.14324,59
2019.01.29,06:35,1.14324,1.14326,1.14321,1.14324,30
2019.01.29,06:36,1.14324,1.14329,1.14323,1.14324,43
2019.01.29,06:37,1.14324,1.14324,1.14319,1.14323,31
2019.01.29,06:38,1.14322,1.14334,1.14322,1.14334,52
2019.01.29,06:39,1.14334,1.14339,1.14331,1.14338,54
2019.01.29,06:40,1.14337,1.14337,1.14325,1.14328,28
2019.01.29,06:41,1.14328,1.1433,1.14325,1.14326,30
2019.01.29,06:42,1.14328,1.14328,1.14324,1.14326,25
2019.01.29,06:43,1.14327,1.14332,1.14327,1.1433,18
2019.01.29,06:44,1.14329,1.14331,1.14329,1.14331,14
2019.01.29,06:45,1.14331,1.14331,1.14324,1.14325,14
2019.01.29,06:46,1.14324,1.14324,1.14324,1.14324,16
2019.01.29,06:47,1.14324,1.14325,1.14319,1.14324,40
2019.01.29,06:48,1.14325,1.14329,1.14323,1.14324,19
2019.01.29,06:49,1.14325,1.14333,1.14323,1.14333,29
2019.01.29,06:50,1.14332,1.14336,1.14332,1.14334,50
2019.01.29,06:51,1.14333,1.14334,1.14324,1.14325,20
2019.01.29,06:52,1.14327,1.14328,1.14324,1.14328,25
2019.01.29,06:53,1.14328,1.14328,1.14323,1.14323,10
2019.01.29,06:54,1.14324,1.14324,1.14322,1.14324,8
2019.01.29,06:55,1.14324,1.14324,1.14318,1.14319,27
2019.01.29,06:56,1.14318,1.14318,1.1431,1.14314,41
2019.01.29,06:57,1.14314,1.14324,1.14312,1.14323,36
2019.01.29,06:58,1.14322,1.14322,1.14309,1.14309,64
2019.01.29,06:59,1.14309,1.14314,1.14309,1.14314,25
2019.01.29,07:00,1.14313,1.14314,1.14309,1.14309,21
2019.01.29,07:01,1.14311,1.14312,1.14303,1.14305,46
2019.01.29,07:02,1.14305,1.14305,1.14295,1.14298,48
2019.01.29,07:03,1.14298,1.14304,1.14294,1.14295,35
2019.01.29,07:04,1.14294,1.14306,1.14294,1.14305,40
2019.01.29,07:05,1.14304,1.14308,1.14302,1.14307,33
2019.01.29,07:06,1.14308,1.14315,1.14308,1.14314,35
2019.01.29,07:07,1.14314,1.1432,1.14313,1.14314,23
2019.01.29,07:08,1.14314,1.14314,1.1431,1.14311,22
2019.01.29,07:09,1.14311,1.14311,1.1431,1.1431,9
2019.01.29,07:10,1.14311,1.14316,1.14309,1.14315,28
2019.01.29,07:11,1.14316,1.14321,1.14308,1.14309,25
2019.01.29,07:12,1.14312,1.14329,1.14312,1.14329,35
2019.01.29,07:13,1.14328,1.14332,1.14326,1.14329,31
2019.01.29,07:14,1.14329,1.1433,1.14326,1.1433,16
2019.01.29,07:15,1.1433,1.14332,1.14327,1.1433,16
2019.01.29,07:16,1.14329,1.14331,1.14329,1.14331,11
2019.01.29,07:17,1.1433,1.1433,1.14327,1.14329,10
2019.01.29,07:18,1.14328,1.1433,1.14327,1.14329,6
2019.01.29,07:19,1.14328,1.14328,1.14318,1.14324,40
2019.01.29,07:20,1.14324,1.14324,1.14323,1.14323,13
2019.01.29,07:21,1.14324,1.14329,1.14322,1.14322,18
2019.01.29,07:22,1.14322,1.14324,1.14314,1.14319,50
2019.01.29,07:23,1.14318,1.14324,1.14316,1.14323,44
2019.01.29,07:24,1.14322,1.14324,1.1432,1.14322,34
2019.01.29,07:25,1.14322,1.14326,1.1432,1.14326,31
2019.01.29,07:26,1.14326,1.14326,1.14321,1.14321,27
2019.01.29,07:27,1.14321,1.14324,1.14321,1.14322,32
2019.01.29,07:28,1.14324,1.14328,1.14322,1.14324,38
2019.01.29,07:29,1.14324,1.14324,1.14315,1.14317,36
2019.01.29,07:30,1.14317,1.14329,1.14316,1.14326,51
2019.01.29,07:31,1.14327,1.14329,1.14324,1.14324,33
2019.01.29,07:32,1.14325,1.14326,1.14324,1.14325,23
2019.01.29,07:33,1.14325,1.14331,1.14325,1.14329,55
2019.01.29,07:34,1.14328,1.14331,1.14325,1.1433,33
2019.01.29,07:35,1.14329,1.14329,1.14324,1.14328,35
2019.01.29,07:36,1.14327,1.14329,1.14315,1.14323,48
2019.01.29,07:37,1.14322,1.14322,1.14314,1.14315,45
2019.01.29,07:38,1.14316,1.14316,1.14309,1.14313,43
2019.01.29,07:39,1.14312,1.14315,1.14301,1.14301,86
2019.01.29,07:40,1.143,1.14309,1.143,1.14305,59
2019.01.29,07:41,1.14305,1.14311,1.14303,1.1431,36
2019.01.29,07:42,1.1431,1.1431,1.14305,1.14306,21
2019.01.29,07:43,1.14305,1.14305,1.14295,1.14299,51
2019.01.29,07:44,1.14299,1.143,1.1429,1.14293,38
2019.01.29,07:45,1.14293,1.14296,1.14284,1.14284,49
2019.01.29,07:46,1.14283,1.14284,1.14283,1.14284,20
2019.01.29,07:47,1.14285,1.14295,1.14285,1.14292,31
2019.01.29,07:48,1.14291,1.14297,1.14291,1.14295,22
2019.01.29,07:49,1.14296,1.14297,1.14292,1.14296,25
2019.01.29,07:50,1.14297,1.14298,1.14287,1.14295,44
2019.01.29,07:51,1.14295,1.14303,1.14295,1.14302,24
2019.01.29,07:52,1.14303,1.14314,1.14301,1.14313,72
2019.01.29,07:53,1.14312,1.14318,1.14311,1.14316,31
2019.01.29,07:54,1.14317,1.14318,1.14316,1.14318,14
2019.01.29,07:55,1.14317,1.14332,1.14317,1.14327,53
2019.01.29,07:56,1.14326,1.14327,1.14321,1.14321,9
2019.01.29,07:57,1.14321,1.14321,1.14315,1.1432,24
2019.01.29,07:58,1.1432,1.14326,1.14318,1.14322,30
2019.01.29,07:59,1.14323,1.14333,1.14323,1.14329,53
2019.01.29,08:00,1.14329,1.14336,1.14325,1.14336,42
2019.01.29,08:01,1.14336,1.14342,1.14335,1.14341,56
2019.01.29,08:02,1.14343,1.14347,1.14342,1.14345,39
2019.01.29,08:03,1.14345,1.14347,1.14341,1.14347,45
2019.01.29,08:04,1.14348,1.14353,1.14339,1.14343,46
2019.01.29,08:05,1.14343,1.14346,1.14342,1.14346,10
2019.01.29,08:06,1.14343,1.14354,1.14343,1.14352,33
2019.01.29,08:07,1.14352,1.14363,1.14352,1.14358,47
2019.01.29,08:08,1.14356,1.14356,1.1435,1.14351,47
2019.01.29,08:09,1.14349,1.14357,1.14348,1.14356,35
2019.01.29,08:10,1.14357,1.14362,1.14353,1.14357,38
2019.01.29,08:11,1.14356,1.14357,1.14355,1.14356,7
2019.01.29,08:12,1.14356,1.14363,1.14355,1.14362,48
2019.01.29,08:13,1.14363,1.14373,1.14361,1.14372,73
2019.01.29,08:14,1.14371,1.14375,1.14366,1.14371,43
2019.01.29,08:15,1.14371,1.14371,1.14358,1.14364,39
2019.01.29,08:16,1.14364,1.14369,1.1436,1.14366,32
2019.01.29,08:17,1.14366,1.14375,1.14366,1.14371,48
2019.01.29,08:18,1.1437,1.14374,1.14365,1.1437,37
2019.01.29,08:19,1.1437,1.14376,1.14369,1.14376,37
2019.01.29,08:20,1.14375,1.14388,1.14375,1.14375,62
2019.01.29,08:21,1.14375,1.14379,1.14371,1.14371,52
2019.01.29,08:22,1.1437,1.14376,1.14366,1.14375,35
2019.01.29,08:23,1.14376,1.14394,1.14376,1.14385,76
2019.01.29,08:24,1.14386,1.14387,1.14376,1.14379,53
2019.01.29,08:25,1.14379,1.1438,1.14372,1.14374,17
2019.01.29,08:26,1.14373,1.14375,1.14372,1.14372,38
2019.01.29,08:27,1.14372,1.14374,1.14371,1.14373,33
2019.01.29,08:28,1.14374,1.14376,1.1437,1.1437,28
2019.01.29,08:29,1.1437,1.1437,1.14354,1.14357,47
2019.01.29,08:30,1.14357,1.14362,1.1435,1.14361,40
2019.01.29,08:31,1.14361,1.14363,1.14353,1.14355,28
2019.01.29,08:32,1.14356,1.1437,1.14354,1.14369,47
2019.01.29,08:33,1.1437,1.1437,1.14359,1.14362,48
2019.01.29,08:34,1.14363,1.14367,1.14362,1.14365,24
2019.01.29,08:35,1.14365,1.14369,1.14354,1.14367,49
2019.01.29,08:36,1.14366,1.1437,1.14364,1.14365,34
2019.01.29,08:37,1.14364,1.14364,1.14351,1.14353,45
2019.01.29,08:38,1.14352,1.14358,1.14351,1.14354,31
2019.01.29,08:39,1.14355,1.14355,1.14351,1.14352,40
2019.01.29,08:40,1.14353,1.14361,1.14351,1.14351,60
2019.01.29,08:41,1.14351,1.14355,1.14347,1.14354,58
2019.01.29,08:42,1.14355,1.14365,1.14354,1.14354,47
2019.01.29,08:43,1.14359,1.14373,1.14359,1.1437,58
2019.01.29,08:44,1.1437,1.14376,1.14368,1.14375,25
2019.01.29,08:45,1.14376,1.14376,1.14366,1.14366,30
2019.01.29,08:46,1.14365,1.14365,1.1436,1.14363,21
2019.01.29,08:47,1.14362,1.14368,1.14361,1.14364,27
2019.01.29,08:48,1.14364,1.1437,1.14359,1.1436,48
2019.01.29,08:49,1.14359,1.14368,1.14359,1.14368,11
2019.01.29,08:50,1.14367,1.14367,1.14365,1.14366,15
2019.01.29,08:51,1.14365,1.14366,1.14364,1.14365,10
2019.01.29,08:52,1.14366,1.14366,1.14346,1.1435,41
2019.01.29,08:53,1.1435,1.1436,1.14347,1.1435,50
2019.01.29,08:54,1.14351,1.14353,1.14349,1.14349,19
2019.01.29,08:55,1.1435,1.14351,1.14344,1.14348,23
2019.01.29,08:56,1.14347,1.14348,1.14338,1.1434,40
2019.01.29,08:57,1.1434,1.14355,1.14339,1.14344,70
2019.01.29,08:58,1.14344,1.14349,1.1434,1.14345,68
2019.01.29,08:59,1.14344,1.14345,1.14343,1.14344,12
2019.01.29,09:00,1.14343,1.14343,1.14333,1.14341,52
2019.01.29,09:01,1.1434,1.14353,1.14335,1.14335,86
2019.01.29,09:02,1.14336,1.14336,1.14311,1.14325,104
2019.01.29,09:03,1.14324,1.14326,1.14311,1.14325,49
2019.01.29,09:04,1.14326,1.14331,1.14325,1.14325,45
2019.01.29,09:05,1.14325,1.14351,1.14325,1.14346,77
2019.01.29,09:06,1.14346,1.1436,1.14346,1.1436,50
2019.01.29,09:07,1.1436,1.14362,1.14351,1.14352,44
2019.01.29,09:08,1.14353,1.14354,1.14351,1.14354,33
2019.01.29,09:09,1.14354,1.14355,1.14343,1.14349,41
2019.01.29,09:10,1.14349,1.1436,1.14347,1.14357,53
2019.01.29,09:11,1.14357,1.14369,1.14357,1.14366,29
2019.01.29,09:12,1.14366,1.14386,1.14366,1.14375,83
2019.01.29,09:13,1.14374,1.14379,1.14347,1.1435,71
2019.01.29,09:14,1.14349,1.14371,1.14349,1.14371,57
2019.01.29,09:15,1.1437,1.14387,1.14369,1.14385,69
2019.01.29,09:16,1.14384,1.14392,1.14375,1.14385,68
2019.01.29,09:17,1.14388,1.14393,1.14386,1.14392,18
2019.01.29,09:18,1.14391,1.14436,1.14391,1.14411,175
2019.01.29,09:19,1.14411,1.14426,1.14409,1.14416,87
2019.01.29,09:20,1.14419,1.14429,1.14405,1.14411,101
2019.01.29,09:21,1.14414,1.14434,1.14411,1.14411,119
2019.01.29,09:22,1.14412,1.14417,1.14395,1.14417,103
2019.01.29,09:23,1.14417,1.14432,1.14417,1.14426,71
2019.01.29,09:24,1.14428,1.14431,1.14415,1.14422,58
2019.01.29,09:25,1.14422,1.14422,1.14416,1.14418,17
2019.01.29,09:26,1.14416,1.14427,1.14416,1.14425,49
2019.01.29,09:27,1.14425,1.1443,1.1441,1.1441,53
2019.01.29,09:28,1.1441,1.14413,1.14394,1.14394,57
2019.01.29,09:29,1.14395,1.1441,1.14394,1.14401,72
2019.01.29,09:30,1.14401,1.14415,1.14399,1.14415,112
2019.01.29,09:31,1.14415,1.14421,1.14412,1.14418,89
2019.01.29,09:32,1.14416,1.14418,1.14404,1.14404,39
2019.01.29,09:33,1.14404,1.14405,1.14394,1.14395,87
2019.01.29,09:34,1.14395,1.14405,1.14395,1.14403,80
2019.01.29,09:35,1.14402,1.14415,1.14402,1.14415,91
2019.01.29,09:36,1.14415,1.14415,1.144,1.14401,63
2019.01.29,09:37,1.14401,1.14412,1.144,1.14407,49
2019.01.29,09:38,1.14406,1.14408,1.14395,1.14396,40
2019.01.29,09:39,1.14396,1.14398,1.14395,1.14395,19
2019.01.29,09:40,1.14395,1.14395,1.1439,1.1439,53
2019.01.29,09:41,1.1439,1.14396,1.1439,1.14391,36
2019.01.29,09:42,1.14392,1.14394,1.14366,1.14374,123
2019.01.29,09:43,1.14375,1.14377,1.14368,1.14374,90
2019.01.29,09:44,1.14378,1.14386,1.14372,1.14384,51
2019.01.29,09:45,1.14383,1.14383,1.14367,1.14371,86
2019.01.29,09:46,1.14374,1.14394,1.14373,1.14388,100
2019.01.29,09:47,1.14389,1.14404,1.14384,1.14385,92
2019.01.29,09:48,1.14386,1.14386,1.14363,1.14367,146
2019.01.29,09:49,1.14367,1.14375,1.14355,1.14361,118
2019.01.29,09:50,1.14363,1.14369,1.14354,1.14367,80
2019.01.29,09:51,1.14367,1.14378,1.14367,1.14371,56
2019.01.29,09:52,1.14369,1.14386,1.14369,1.14381,61
2019.01.29,09:53,1.1438,1.14401,1.1438,1.14395,61
2019.01.29,09:54,1.14395,1.14401,1.14381,1.14381,81
2019.01.29,09:55,1.1438,1.14386,1.14363,1.14371,86
2019.01.29,09:56,1.14372,1.14377,1.14364,1.14374,111
2019.01.29,09:57,1.14375,1.14376,1.14352,1.14354,94
2019.01.29,09:58,1.14356,1.14365,1.1435,1.1435,115
2019.01.29,09:59,1.14351,1.14353,1.1433,1.14353,155
2019.01.29,10:00,1.14354,1.14366,1.14343,1.1436,138
2019.01.29,10:01,1.1436,1.14361,1.14338,1.14349,136
2019.01.29,10:02,1.14347,1.14359,1.14339,1.14351,112
2019.01.29,10:03,1.1435,1.14367,1.14349,1.14365,82
2019.01.29,10:04,1.14364,1.1437,1.1436,1.14362,75
2019.01.29,10:05,1.14361,1.14369,1.14345,1.14362,97
2019.01.29,10:06,1.14362,1.14387,1.14362,1.14384,107
2019.01.29,10:07,1.14383,1.14404,1.1438,1.14402,102
2019.01.29,10:08,1.14401,1.14428,1.144,1.14427,143
2019.01.29,10:09,1.14429,1.14448,1.14419,1.14422,161
2019.01.29,10:10,1.14423,1.14434,1.14422,1.14433,119
2019.01.29,10:11,1.14435,1.14438,1.1442,1.1442,111
2019.01.29,10:12,1.14422,1.14422,1.14404,1.14414,48
2019.01.29,10:13,1.14413,1.14419,1.1441,1.1441,65
2019.01.29,10:14,1.1441,1.1441,1.14395,1.144,88
2019.01.29,10:15,1.14399,1.14409,1.14394,1.14406,99
2019.01.29,10:16,1.14405,1.14408,1.14393,1.14394,72
2019.01.29,10:17,1.14395,1.1441,1.14389,1.14409,78
2019.01.29,10:18,1.1441,1.14421,1.14405,1.14416,94
2019.01.29,10:19,1.14415,1.14416,1.14405,1.14415,90
2019.01.29,10:20,1.14414,1.14416,1.14401,1.14405,68
2019.01.29,10:21,1.14405,1.14418,1.14405,1.14414,95
2019.01.29,10:22,1.14413,1.14421,1.14412,1.14417,61
2019.01.29,10:23,1.14416,1.14416,1.144,1.144,99
2019.01.29,10:24,1.14403,1.14406,1.14384,1.14395,104
2019.01.29,10:25,1.14396,1.14426,1.14396,1.14412,125
2019.01.29,10:26,1.14411,1.14421,1.1441,1.14415,113
2019.01.29,10:27,1.14416,1.14423,1.14407,1.14421,81
2019.01.29,10:28,1.14423,1.14434,1.14423,1.14431,79
2019.01.29,10:29,1.14432,1.14465,1.14432,1.14463,119
2019.01.29,10:30,1.14461,1.14461,1.1445,1.14452,138
2019.01.29,10:31,1.14452,1.14475,1.14447,1.14475,133
2019.01.29,10:32,1.14476,1.14479,1.14469,1.14476,96
2019.01.29,10:33,1.14477,1.14478,1.14445,1.14455,102
2019.01.29,10:34,1.14454,1.14455,1.14434,1.14438,83
2019.01.29,10:35,1.14438,1.14458,1.14437,1.14454,88
2019.01.29,10:36,1.14459,1.14464,1.14445,1.14447,88
2019.01.29,10:37,1.14448,1.14454,1.1444,1.14453,77
2019.01.29,10:38,1.14454,1.14458,1.14438,1.14458,119
2019.01.29,10:39,1.14457,1.14466,1.14453,1.14465,130
2019.01.29,10:40,1.14464,1.14491,1.1446,1.14477,166
2019.01.29,10:41,1.14477,1.14501,1.14477,1.14496,143
2019.01.29,10:42,1.14497,1.14498,1.14467,1.14492,167
2019.01.29,10:43,1.14493,1.14495,1.14474,1.14474,168
2019.01.29,10:44,1.14473,1.1449,1.1447,1.14473,124
2019.01.29,10:45,1.14472,1.14484,1.14463,1.14463,100
2019.01.29,10:46,1.14462,1.1447,1.14457,1.14458,96
2019.01.29,10:47,1.1446,1.1446,1.14443,1.14449,82
2019.01.29,10:48,1.14449,1.14464,1.14441,1.14443,117
2019.01.29,10:49,1.14443,1.14447,1.14429,1.14432,90
2019.01.29,10:50,1.14431,1.14438,1.14426,1.14433,95
2019.01.29,10:51,1.14433,1.14433,1.14424,1.14427,76
2019.01.29,10:52,1.14426,1.14426,1.14414,1.14419,74
2019.01.29,10:53,1.1442,1.1443,1.14417,1.14427,77
2019.01.29,10:54,1.14429,1.14429,1.14419,1.14422,81
2019.01.29,10:55,1.14423,1.1443,1.14422,1.14428,79
2019.01.29,10:56,1.14427,1.14436,1.14413,1.14416,108
2019.01.29,10:57,1.14415,1.14421,1.1441,1.14421,113
2019.01.29,10:58,1.14421,1.14422,1.14403,1.14408,84
2019.01.29,10:59,1.14408,1.14417,1.14405,1.14414,104
2019.01.29,11:00,1.14414,1.14424,1.14404,1.14406,135
2019.01.29,11:01,1.14403,1.14425,1.14403,1.14424,80
2019.01.29,11:02,1.14424,1.14427,1.14404,1.14404,129
2019.01.29,11:03,1.14405,1.14405,1.14382,1.14382,94
2019.01.29,11:04,1.14383,1.14389,1.14364,1.14371,109
2019.01.29,11:05,1.14372,1.14396,1.14371,1.14395,129
2019.01.29,11:06,1.14395,1.14397,1.14368,1.1437,113
2019.01.29,11:07,1.14371,1.14374,1.14354,1.14363,92
2019.01.29,11:08,1.14364,1.14389,1.14363,1.14388,99
2019.01.29,11:09,1.14388,1.1439,1.1438,1.14383,98
2019.01.29,11:10,1.14382,1.14405,1.14381,1.14403,73
2019.01.29,11:11,1.14404,1.14404,1.1438,1.1438,79
2019.01.29,11:12,1.14382,1.14385,1.14356,1.14361,109
2019.01.29,11:13,1.14362,1.14397,1.1436,1.14395,115
2019.01.29,11:14,1.14394,1.14404,1.1439,1.14404,98
2019.01.29,11:15,1.14403,1.1441,1.14396,1.14408,108
2019.01.29,11:16,1.14409,1.14414,1.14399,1.14406,100
2019.01.29,11:17,1.14408,1.14412,1.14401,1.14412,60
2019.01.29,11:18,1.14412,1.14424,1.14404,1.14423,65
2019.01.29,11:19,1.14424,1.14425,1.14405,1.14414,85
2019.01.29,11:20,1.14414,1.14431,1.14411,1.1443,95
2019.01.29,11:21,1.14431,1.14431,1.14423,1.14424,55
2019.01.29,11:22,1.14424,1.14437,1.14423,1.14436,53
2019.01.29,11:23,1.14435,1.14436,1.14428,1.1443,47
2019.01.29,11:24,1.14433,1.14451,1.1443,1.14446,98
2019.01.29,11:25,1.14446,1.1445,1.14436,1.14436,79
2019.01.29,11:26,1.14434,1.14436,1.14427,1.14436,64
2019.01.29,11:27,1.14435,1.14438,1.14424,1.14429,80
2019.01.29,11:28,1.14429,1.14436,1.14425,1.14431,87
2019.01.29,11:29,1.14429,1.14448,1.14429,1.14445,70
2019.01.29,11:30,1.14445,1.14445,1.14427,1.14429,47
2019.01.29,11:31,1.14429,1.14431,1.14423,1.14429,42
2019.01.29,11:32,1.14429,1.1444,1.14429,1.14439,44
2019.01.29,11:33,1.1444,1.1444,1.14429,1.14431,51
2019.01.29,11:34,1.1443,1.14431,1.14412,1.14412,46
2019.01.29,11:35,1.14411,1.1442,1.14404,1.14416,70
2019.01.29,11:36,1.14415,1.1442,1.14405,1.14416,47
2019.01.29,11:37,1.14415,1.14425,1.14415,1.1442,60
2019.01.29,11:38,1.14421,1.14421,1.14384,1.14384,113
2019.01.29,11:39,1.14386,1.14407,1.14382,1.14405,115
2019.01.29,11:40,1.14406,1.14422,1.14398,1.14422,53
2019.01.29,11:41,1.14423,1.14431,1.14423,1.14425,48
2019.01.29,11:42,1.14428,1.14431,1.14416,1.14426,59
2019.01.29,11:43,1.1443,1.14436,1.14426,1.14436,36
2019.01.29,11:44,1.14435,1.14444,1.14433,1.1444,67
2019.01.29,11:45,1.1444,1.14445,1.14429,1.1443,79
2019.01.29,11:46,1.14431,1.14434,1.14425,1.14433,72
2019.01.29,11:47,1.14434,1.1444,1.14433,1.14439,71
2019.01.29,11:48,1.14439,1.14439,1.14424,1.1443,82
2019.01.29,11:49,1.14429,1.14434,1.14414,1.14414,76
2019.01.29,11:50,1.14413,1.14415,1.14404,1.14409,78
2019.01.29,11:51,1.14407,1.14409,1.14388,1.14393,56
2019.01.29,11:52,1.14392,1.14394,1.14389,1.14393,78
2019.01.29,11:53,1.14393,1.14408,1.14393,1.14408,96
2019.01.29,11:54,1.14409,1.14414,1.14397,1.14398,110
2019.01.29,11:55,1.14399,1.14409,1.14399,1.14409,84
2019.01.29,11:56,1.14409,1.14421,1.14407,1.14415,89
2019.01.29,11:57,1.14416,1.14425,1.1441,1.14424,100
2019.01.29,11:58,1.14423,1.14431,1.1442,1.14421,75
2019.01.29,11:59,1.1442,1.14434,1.14412,1.14412,117
2019.01.29,12:00,1.14412,1.14415,1.14408,1.14413,44
2019.01.29,12:01,1.14414,1.14423,1.14399,1.14401,71
2019.01.29,12:02,1.14402,1.14403,1.14385,1.14389,69
2019.01.29,12:03,1.14389,1.14401,1.14388,1.144,79
2019.01.29,12:04,1.14403,1.14414,1.144,1.14405,85
2019.01.29,12:05,1.14406,1.14413,1.14399,1.14412,90
2019.01.29,12:06,1.14413,1.14413,1.144,1.14408,114
2019.01.29,12:07,1.1441,1.1442,1.14405,1.14416,123
2019.01.29,12:08,1.14417,1.14426,1.14416,1.14424,98
2019.01.29,12:09,1.14425,1.14427,1.1442,1.14424,57
2019.01.29,12:10,1.14423,1.14443,1.14423,1.14441,81
2019.01.29,12:11,1.14441,1.14445,1.14435,1.14443,61
2019.01.29,12:12,1.14443,1.14446,1.14435,1.14435,52
2019.01.29,12:13,1.14436,1.14451,1.14436,1.14446,60
2019.01.29,12:14,1.14446,1.14448,1.14424,1.14428,88
2019.01.29,12:15,1.14428,1.14429,1.14412,1.14419,79
2019.01.29,12:16,1.14423,1.14425,1.1442,1.14421,63
2019.01.29,12:17,1.14421,1.14424,1.14414,1.14422,87
2019.01.29,12:18,1.14423,1.14454,1.14423,1.1445,105
2019.01.29,12:19,1.14451,1.14453,1.14445,1.14452,53
2019.01.29,12:20,1.14453,1.14454,1.14441,1.14441,95
2019.01.29,12:21,1.14443,1.1445,1.14442,1.1445,61
2019.01.29,12:22,1.1445,1.14452,1.14445,1.14446,76
2019.01.29,12:23,1.14446,1.14453,1.14445,1.14446,63
2019.01.29,12:24,1.14446,1.14446,1.1443,1.1443,57
2019.01.29,12:25,1.1443,1.14434,1.14419,1.14434,75
2019.01.29,12:26,1.14434,1.1445,1.1443,1.14448,61
2019.01.29,12:27,1.14447,1.14455,1.14433,1.14436,102
2019.01.29,12:28,1.14435,1.14449,1.14433,1.14446,80
2019.01.29,12:29,1.14448,1.14459,1.14435,1.14449,101
2019.01.29,12:30,1.1445,1.1445,1.14435,1.14444,117
2019.01.29,12:31,1.14444,1.14451,1.1444,1.14447,80
2019.01.29,12:32,1.14447,1.14448,1.1443,1.14434,75
2019.01.29,12:33,1.14433,1.14435,1.14431,1.14434,51
2019.01.29,12:34,1.14434,1.14447,1.14431,1.14447,73
2019.01.29,12:35,1.14448,1.1445,1.1444,1.14443,96
2019.01.29,12:36,1.14444,1.14446,1.14433,1.14435,116
2019.01.29,12:37,1.14434,1.14434,1.14422,1.14434,69
2019.01.29,12:38,1.14433,1.14451,1.14433,1.1445,87
2019.01.29,12:39,1.14449,1.14454,1.14446,1.14451,46
2019.01.29,12:40,1.14447,1.14447,1.14436,1.14439,48
2019.01.29,12:41,1.1444,1.14446,1.14435,1.14445,68
2019.01.29,12:42,1.14445,1.14451,1.14444,1.14446,41
2019.01.29,12:43,1.14447,1.1445,1.14442,1.14442,49
2019.01.29,12:44,1.14442,1.14445,1.14438,1.1444,57
2019.01.29,12:45,1.14439,1.1445,1.14437,1.14441,75
2019.01.29,12:46,1.1444,1.14441,1.1443,1.14438,49
2019.01.29,12:47,1.14439,1.14454,1.14438,1.1445,48
2019.01.29,12:48,1.1445,1.1445,1.14431,1.14433,58
2019.01.29,12:49,1.14434,1.14438,1.14396,1.14405,113
2019.01.29,12:50,1.14406,1.14414,1.14398,1.14414,85
2019.01.29,12:51,1.14414,1.1443,1.14408,1.14428,89
2019.01.29,12:52,1.14429,1.14429,1.14414,1.14422,71
2019.01.29,12:53,1.14423,1.14434,1.14413,1.14429,77
2019.01.29,12:54,1.14426,1.14427,1.14416,1.14419,46
2019.01.29,12:55,1.14418,1.1443,1.14418,1.14423,61
2019.01.29,12:56,1.14422,1.14425,1.14397,1.14398,83
2019.01.29,12:57,1.14397,1.14398,1.14385,1.14385,89
2019.01.29,12:58,1.14384,1.14384,1.14367,1.14381,107
2019.01.29,12:59,1.14382,1.14403,1.14374,1.14403,83
2019.01.29,13:00,1.14403,1.14405,1.14392,1.14403,83
2019.01.29,13:01,1.14403,1.14407,1.14386,1.14386,106
2019.01.29,13:02,1.14386,1.14386,1.14367,1.14368,90
2019.01.29,13:03,1.14368,1.14385,1.14363,1.14381,100
2019.01.29,13:04,1.14382,1.14387,1.14376,1.14381,44
2019.01.29,13:05,1.14382,1.14397,1.14377,1.14395,106
2019.01.29,13:06,1.14394,1.14397,1.14373,1.14374,69
2019.01.29,13:07,1.14375,1.14389,1.14374,1.14384,53
2019.01.29,13:08,1.14383,1.14384,1.14363,1.1438,88
2019.01.29,13:09,1.14381,1.14381,1.14362,1.14373,84
2019.01.29,13:10,1.14373,1.14385,1.14372,1.14383,75
2019.01.29,13:11,1.14383,1.14391,1.1438,1.14383,59
2019.01.29,13:12,1.14383,1.14388,1.14373,1.14374,76
2019.01.29,13:13,1.14373,1.14374,1.14364,1.14366,94
2019.01.29,13:14,1.14365,1.14372,1.14359,1.14362,71
2019.01.29,13:15,1.14363,1.1437,1.14361,1.14366,62
2019.01.29,13:16,1.14367,1.14378,1.14367,1.14371,57
2019.01.29,13:17,1.14371,1.14371,1.14338,1.14342,91
2019.01.29,13:18,1.14343,1.14353,1.14341,1.1435,79
2019.01.29,13:19,1.1435,1.14351,1.14313,1.14313,161
2019.01.29,13:20,1.14313,1.14323,1.14311,1.14322,91
2019.01.29,13:21,1.14323,1.14324,1.14306,1.14313,102
2019.01.29,13:22,1.14312,1.14333,1.14312,1.14333,55
2019.01.29,13:23,1.14333,1.14345,1.14333,1.14338,65
2019.01.29,13:24,1.14345,1.14348,1.14337,1.14337,45
2019.01.29,13:25,1.14338,1.14338,1.14318,1.14323,114
2019.01.29,13:26,1.14324,1.14325,1.14315,1.14316,86
2019.01.29,13:27,1.14314,1.14321,1.14307,1.14317,73
2019.01.29,13:28,1.14317,1.1432,1.14312,1.14317,74
2019.01.29,13:29,1.14316,1.1432,1.14308,1.14313,114
2019.01.29,13:30,1.14313,1.14326,1.14313,1.14324,95
2019.01.29,13:31,1.14324,1.14327,1.14321,1.14323,62
2019.01.29,13:32,1.14323,1.14323,1.14309,1.14313,88
2019.01.29,13:33,1.14313,1.14321,1.14311,1.14317,79
2019.01.29,13:34,1.14318,1.1433,1.14318,1.14326,66
2019.01.29,13:35,1.14328,1.14332,1.14325,1.14332,33
2019.01.29,13:36,1.14331,1.14334,1.14323,1.14331,71
2019.01.29,13:37,1.14333,1.14346,1.14333,1.14343,66
2019.01.29,13:38,1.14344,1.14344,1.14335,1.14337,68
2019.01.29,13:39,1.14338,1.14339,1.14333,1.14335,57
2019.01.29,13:40,1.14335,1.14341,1.14331,1.14332,68
2019.01.29,13:41,1.14333,1.14339,1.14333,1.14339,57
2019.01.29,13:42,1.14339,1.14341,1.14334,1.1434,47
2019.01.29,13:43,1.14342,1.14342,1.14331,1.14333,64
2019.01.29,13:44,1.14333,1.14337,1.14328,1.14334,77
2019.01.29,13:45,1.14333,1.14341,1.1433,1.14335,70
2019.01.29,13:46,1.14336,1.1434,1.14329,1.1433,64
2019.01.29,13:47,1.14331,1.14343,1.14331,1.14337,69
2019.01.29,13:48,1.14337,1.14337,1.14325,1.14328,55
2019.01.29,13:49,1.14328,1.14338,1.14328,1.14333,62
2019.01.29,13:50,1.14334,1.14339,1.14328,1.14333,44
2019.01.29,13:51,1.14333,1.14333,1.14325,1.14325,62
2019.01.29,13:52,1.14326,1.14342,1.14326,1.14338,42
2019.01.29,13:53,1.14339,1.14347,1.14338,1.14346,56
2019.01.29,13:54,1.14346,1.14356,1.14342,1.14343,86
2019.01.29,13:55,1.14343,1.14357,1.14342,1.14354,41
2019.01.29,13:56,1.14355,1.14363,1.14348,1.14357,83
2019.01.29,13:57,1.14354,1.14358,1.14347,1.14358,87
2019.01.29,13:58,1.14361,1.14372,1.14357,1.14368,136
2019.01.29,13:59,1.14369,1.1437,1.14358,1.14358,102
2019.01.29,14:00,1.14358,1.14362,1.14348,1.14348,91
2019.01.29,14:01,1.14348,1.14348,1.14322,1.1433,103
2019.01.29,14:02,1.1433,1.14332,1.14317,1.1432,106
2019.01.29,14:03,1.1432,1.1432,1.14312,1.14319,71
2019.01.29,14:04,1.14318,1.14346,1.14315,1.14344,135
2019.01.29,14:05,1.14343,1.14353,1.1434,1.1435,101
2019.01.29,14:06,1.14352,1.14354,1.14341,1.14342,86
2019.01.29,14:07,1.14343,1.14348,1.14325,1.14327,116
2019.01.29,14:08,1.14326,1.1434,1.14322,1.14333,121
2019.01.29,14:09,1.14334,1.14339,1.14329,1.14338,117
2019.01.29,14:10,1.14337,1.14344,1.14317,1.14321,106
2019.01.29,14:11,1.14322,1.14322,1.14313,1.14315,27
2019.01.29,14:12,1.14314,1.14319,1.14312,1.14313,90
2019.01.29,14:13,1.14313,1.14327,1.14311,1.14315,77
2019.01.29,14:14,1.14315,1.14332,1.14313,1.14328,67
2019.01.29,14:15,1.14328,1.14328,1.14299,1.14299,90
2019.01.29,14:16,1.143,1.14301,1.14255,1.14283,161
2019.01.29,14:17,1.14283,1.14308,1.1428,1.14308,119
2019.01.29,14:18,1.14307,1.14314,1.14303,1.14314,53
2019.01.29,14:19,1.14316,1.14324,1.14315,1.14324,92
2019.01.29,14:20,1.14324,1.14325,1.14317,1.14319,68
2019.01.29,14:21,1.14318,1.14318,1.14289,1.1429,124
2019.01.29,14:22,1.1429,1.14292,1.14281,1.14282,83
2019.01.29,14:23,1.14282,1.14301,1.14277,1.143,100
2019.01.29,14:24,1.14302,1.14306,1.14278,1.14281,70
2019.01.29,14:25,1.14282,1.1429,1.1428,1.14281,49
2019.01.29,14:26,1.14282,1.14288,1.14276,1.14288,99
2019.01.29,14:27,1.1429,1.1429,1.1428,1.14283,63
2019.01.29,14:28,1.14285,1.14292,1.1428,1.14287,105
2019.01.29,14:29,1.14288,1.14294,1.14287,1.14288,49
2019.01.29,14:30,1.14288,1.14288,1.14275,1.14282,98
2019.01.29,14:31,1.14283,1.1429,1.14282,1.14288,56
2019.01.29,14:32,1.14288,1.14288,1.14268,1.14273,105
2019.01.29,14:33,1.14273,1.1428,1.14273,1.14276,39
2019.01.29,14:34,1.14277,1.14282,1.14271,1.14275,91
2019.01.29,14:35,1.14275,1.14279,1.14267,1.14277,75
2019.01.29,14:36,1.1428,1.14283,1.14273,1.14279,40
2019.01.29,14:37,1.14278,1.14286,1.14277,1.14286,102
2019.01.29,14:38,1.14286,1.1429,1.14282,1.14282,78
2019.01.29,14:39,1.14282,1.1429,1.1428,1.14287,84
2019.01.29,14:40,1.14284,1.14291,1.14281,1.1429,62
2019.01.29,14:41,1.1429,1.14291,1.1428,1.14282,75
2019.01.29,14:42,1.14282,1.14284,1.14271,1.14284,56
2019.01.29,14:43,1.14284,1.14285,1.14273,1.14274,52
2019.01.29,14:44,1.14275,1.14279,1.14271,1.14275,60
2019.01.29,14:45,1.14274,1.14281,1.14272,1.14278,80
2019.01.29,14:46,1.14278,1.14284,1.14276,1.14281,64
2019.01.29,14:47,1.14281,1.14286,1.14276,1.14276,82
2019.01.29,14:48,1.14276,1.14283,1.14274,1.14283,94
2019.01.29,14:49,1.14283,1.14287,1.14283,1.14286,53
2019.01.29,14:50,1.14287,1.14291,1.14286,1.14287,37
2019.01.29,14:51,1.14287,1.14287,1.1428,1.14284,43
2019.01.29,14:52,1.14285,1.14293,1.14283,1.14291,39
2019.01.29,14:53,1.14291,1.14293,1.14288,1.14289,43
2019.01.29,14:54,1.14288,1.1429,1.14278,1.14278,42
2019.01.29,14:55,1.14279,1.14279,1.1423,1.14231,132
2019.01.29,14:56,1.14235,1.14246,1.14234,1.14242,137
2019.01.29,14:57,1.14242,1.1426,1.14222,1.14228,136
2019.01.29,14:58,1.14226,1.14236,1.14212,1.14236,167
2019.01.29,14:59,1.14237,1.14247,1.14229,1.14246,121
2019.01.29,15:00,1.14246,1.1425,1.14212,1.14215,150
2019.01.29,15:01,1.14214,1.14238,1.14192,1.14238,159
2019.01.29,15:02,1.14239,1.14248,1.14231,1.14232,114
2019.01.29,15:03,1.14233,1.14246,1.14227,1.1424,85
2019.01.29,15:04,1.14238,1.14246,1.14228,1.14246,74
2019.01.29,15:05,1.14246,1.14251,1.14246,1.1425,31
2019.01.29,15:06,1.1425,1.14251,1.14243,1.14247,90
2019.01.29,15:07,1.14247,1.1425,1.14234,1.1425,77
2019.01.29,15:08,1.14252,1.14256,1.1425,1.14251,79
2019.01.29,15:09,1.14251,1.14253,1.14242,1.14244,61
2019.01.29,15:10,1.14244,1.14245,1.14234,1.14239,80
2019.01.29,15:11,1.1424,1.14245,1.14231,1.14232,83
2019.01.29,15:12,1.14231,1.14235,1.14226,1.14228,73
2019.01.29,15:13,1.14227,1.14229,1.14206,1.14214,96
2019.01.29,15:14,1.14215,1.1422,1.14194,1.14215,147
2019.01.29,15:15,1.14215,1.14224,1.14214,1.14217,83
2019.01.29,15:16,1.14217,1.1422,1.142,1.14205,142
2019.01.29,15:17,1.14205,1.14213,1.14197,1.14197,117
2019.01.29,15:18,1.14197,1.14208,1.14193,1.14203,116
2019.01.29,15:19,1.14201,1.14202,1.14189,1.14202,97
2019.01.29,15:20,1.14203,1.14204,1.14189,1.14199,126
2019.01.29,15:21,1.14198,1.14214,1.14198,1.14213,69
2019.01.29,15:22,1.14214,1.14226,1.14204,1.14219,96
2019.01.29,15:23,1.1422,1.14221,1.14209,1.14221,97
2019.01.29,15:24,1.1422,1.1422,1.14205,1.14209,80
2019.01.29,15:25,1.14209,1.14232,1.14206,1.14213,96
2019.01.29,15:26,1.14215,1.14218,1.14203,1.14213,114
2019.01.29,15:27,1.14213,1.14216,1.142,1.1421,115
2019.01.29,15:28,1.14211,1.14216,1.14199,1.14211,132
2019.01.29,15:29,1.14211,1.14214,1.14205,1.14209,120
2019.01.29,15:30,1.14209,1.14217,1.14203,1.14204,105
2019.01.29,15:31,1.14204,1.14211,1.14203,1.14203,36
2019.01.29,15:32,1.14202,1.14207,1.14198,1.14203,82
2019.01.29,15:33,1.14202,1.14207,1.14195,1.14195,89
2019.01.29,15:34,1.14195,1.14212,1.14195,1.14204,85
2019.01.29,15:35,1.14203,1.14211,1.14201,1.14204,81
2019.01.29,15:36,1.14204,1.14224,1.14203,1.1422,95
2019.01.29,15:37,1.1422,1.1423,1.14219,1.14229,101
2019.01.29,15:38,1.14226,1.14234,1.1422,1.14221,80
2019.01.29,15:39,1.1422,1.14237,1.1422,1.14222,103
2019.01.29,15:40,1.14223,1.14231,1.14219,1.1422,86
2019.01.29,15:41,1.14219,1.14222,1.14203,1.14204,86
2019.01.29,15:42,1.14205,1.1421,1.14201,1.14206,46
2019.01.29,15:43,1.14206,1.14233,1.14203,1.14223,154
2019.01.29,15:44,1.14223,1.14225,1.14183,1.14199,279
2019.01.29,15:45,1.14199,1.14228,1.14196,1.14218,158
2019.01.29,15:46,1.14219,1.14225,1.14211,1.14221,106
2019.01.29,15:47,1.14221,1.14227,1.14209,1.14225,104
2019.01.29,15:48,1.14224,1.14236,1.14215,1.14232,101
2019.01.29,15:49,1.14232,1.14237,1.14222,1.1423,118
2019.01.29,15:50,1.14231,1.14241,1.14229,1.14235,114
2019.01.29,15:51,1.14236,1.14248,1.1423,1.14243,87
2019.01.29,15:52,1.14243,1.14251,1.14243,1.14243,75
2019.01.29,15:53,1.14242,1.14249,1.1424,1.14244,85
2019.01.29,15:54,1.14243,1.14247,1.14238,1.1424,98
2019.01.29,15:55,1.1424,1.14245,1.14234,1.14243,74
2019.01.29,15:56,1.14244,1.14249,1.14228,1.14233,101
2019.01.29,15:57,1.14234,1.14239,1.14228,1.14232,67
2019.01.29,15:58,1.14232,1.14257,1.14232,1.14251,73
2019.01.29,15:59,1.1425,1.14265,1.1425,1.14257,110
2019.01.29,16:00,1.14257,1.14266,1.14248,1.14249,134
2019.01.29,16:01,1.14249,1.14255,1.14241,1.14242,68
2019.01.29,16:02,1.14243,1.14283,1.14243,1.14278,164
2019.01.29,16:03,1.14277,1.14277,1.14261,1.14273,135
2019.01.29,16:04,1.14272,1.14278,1.14261,1.14261,141
2019.01.29,16:05,1.14262,1.14263,1.14252,1.14258,114
2019.01.29,16:06,1.14257,1.14275,1.14255,1.14265,160
2019.01.29,16:07,1.14263,1.14285,1.1426,1.14284,94
2019.01.29,16:08,1.14283,1.14291,1.14253,1.14253,78
2019.01.29,16:09,1.14253,1.14269,1.14245,1.14262,89
2019.01.29,16:10,1.14263,1.14272,1.14254,1.14254,93
2019.01.29,16:11,1.14255,1.1426,1.14246,1.14248,73
2019.01.29,16:12,1.1425,1.14268,1.1425,1.1426,114
2019.01.29,16:13,1.1426,1.1426,1.14247,1.14252,84
2019.01.29,16:14,1.14252,1.14263,1.14247,1.14257,132
2019.01.29,16:15,1.14257,1.14257,1.14244,1.14247,91
2019.01.29,16:16,1.14247,1.1426,1.14247,1.14252,111
2019.01.29,16:17,1.14251,1.1426,1.14245,1.1426,76
2019.01.29,16:18,1.14261,1.14263,1.14247,1.14253,84
2019.01.29,16:19,1.14253,1.14253,1.14229,1.14231,105
2019.01.29,16:20,1.14232,1.1424,1.14227,1.1423,70
2019.01.29,16:21,1.14229,1.14262,1.14229,1.1426,100
2019.01.29,16:22,1.14258,1.14274,1.14253,1.14271,138
2019.01.29,16:23,1.14272,1.14283,1.14272,1.14274,72
2019.01.29,16:24,1.14272,1.14283,1.14272,1.14273,115
2019.01.29,16:25,1.14274,1.14274,1.14263,1.14266,77
2019.01.29,16:26,1.14267,1.14277,1.14263,1.14274,100
2019.01.29,16:27,1.14273,1.14283,1.14273,1.14283,68
2019.01.29,16:28,1.14282,1.14308,1.14281,1.14304,124
2019.01.29,16:29,1.14304,1.14304,1.1429,1.14295,92
2019.01.29,16:30,1.14294,1.14307,1.14294,1.14301,99
2019.01.29,16:31,1.14304,1.14309,1.14296,1.14296,121
2019.01.29,16:32,1.14295,1.14297,1.14287,1.14291,105
2019.01.29,16:33,1.1429,1.14296,1.14267,1.14293,121
2019.01.29,16:34,1.14293,1.14298,1.1429,1.14295,141
2019.01.29,16:35,1.14294,1.14299,1.14282,1.14283,109
2019.01.29,16:36,1.14283,1.14293,1.14227,1.14247,208
2019.01.29,16:37,1.14246,1.14262,1.14245,1.14252,135
2019.01.29,16:38,1.14252,1.14272,1.1425,1.14264,118
2019.01.29,16:39,1.14263,1.14263,1.14225,1.14228,170
2019.01.29,16:40,1.14227,1.14235,1.14171,1.14173,235
2019.01.29,16:41,1.14172,1.142,1.14172,1.14195,222
2019.01.29,16:42,1.14193,1.14209,1.14193,1.14205,154
2019.01.29,16:43,1.14207,1.14213,1.14166,1.14167,130
2019.01.29,16:44,1.14168,1.1417,1.14142,1.14147,177
2019.01.29,16:45,1.14147,1.14171,1.14147,1.14163,190
2019.01.29,16:46,1.14163,1.14173,1.14159,1.14171,111
2019.01.29,16:47,1.14171,1.14184,1.14153,1.14176,121
2019.01.29,16:48,1.14176,1.14195,1.14176,1.14194,114
2019.01.29,16:49,1.14193,1.14199,1.14191,1.14199,59
2019.01.29,16:50,1.14198,1.14205,1.14184,1.14184,125
2019.01.29,16:51,1.14186,1.14193,1.14178,1.14188,90
2019.01.29,16:52,1.14186,1.14198,1.14179,1.14189,104
2019.01.29,16:53,1.14189,1.14199,1.14179,1.14194,116
2019.01.29,16:54,1.14194,1.14209,1.14189,1.14206,142
2019.01.29,16:55,1.14207,1.14223,1.14202,1.14215,150
2019.01.29,16:56,1.14215,1.14227,1.14204,1.14218,110
2019.01.29,16:57,1.14218,1.14219,1.14211,1.14214,57
2019.01.29,16:58,1.14214,1.14252,1.14211,1.14242,104
2019.01.29,16:59,1.14241,1.14266,1.14241,1.14255,143
2019.01.29,17:00,1.14251,1.143,1.1425,1.14277,134
2019.01.29,17:01,1.14274,1.14274,1.14239,1.14255,108
2019.01.29,17:02,1.14255,1.14259,1.14247,1.14252,95
2019.01.29,17:03,1.14252,1.14255,1.14221,1.14233,161
2019.01.29,17:04,1.14232,1.14233,1.14213,1.14216,139
2019.01.29,17:05,1.14217,1.14218,1.14191,1.14201,177
2019.01.29,17:06,1.14201,1.14209,1.14189,1.14193,150
2019.01.29,17:07,1.14192,1.14194,1.14187,1.14193,75
2019.01.29,17:08,1.14193,1.14204,1.14185,1.14203,143
2019.01.29,17:09,1.14202,1.14236,1.14202,1.14233,133
2019.01.29,17:10,1.14232,1.14248,1.14223,1.14244,123
2019.01.29,17:11,1.14244,1.14244,1.14228,1.14233,85
2019.01.29,17:12,1.14233,1.14233,1.14218,1.14218,57
2019.01.29,17:13,1.14219,1.14222,1.14206,1.14215,63
2019.01.29,17:14,1.14214,1.14217,1.14207,1.14212,105
2019.01.29,17:15,1.14211,1.14225,1.14207,1.14215,131
2019.01.29,17:16,1.14213,1.14223,1.14205,1.14205,117
2019.01.29,17:17,1.14204,1.14208,1.14176,1.14195,144
2019.01.29,17:18,1.14196,1.14203,1.14179,1.14193,95
2019.01.29,17:19,1.14194,1.14194,1.14181,1.14192,100
2019.01.29,17:20,1.14191,1.14203,1.14184,1.14202,74
2019.01.29,17:21,1.142,1.14208,1.14194,1.142,81
2019.01.29,17:22,1.142,1.14214,1.14196,1.14205,90
2019.01.29,17:23,1.14203,1.14214,1.14203,1.14212,60
2019.01.29,17:24,1.14213,1.14214,1.14206,1.1421,67
2019.01.29,17:25,1.14211,1.14214,1.14197,1.14206,90
2019.01.29,17:26,1.14207,1.14231,1.14206,1.1423,86
2019.01.29,17:27,1.14229,1.14245,1.14229,1.14239,106
2019.01.29,17:28,1.14237,1.14256,1.14237,1.14253,82
2019.01.29,17:29,1.14252,1.14272,1.14252,1.14261,145
2019.01.29,17:30,1.14261,1.14266,1.14253,1.14262,109
2019.01.29,17:31,1.14262,1.14262,1.14251,1.14253,97
2019.01.29,17:32,1.14255,1.14255,1.14235,1.14241,79
2019.01.29,17:33,1.1424,1.14243,1.14225,1.14227,88
2019.01.29,17:34,1.14231,1.14233,1.14196,1.14201,153
2019.01.29,17:35,1.14201,1.14215,1.14201,1.14202,124
2019.01.29,17:36,1.14202,1.14203,1.14187,1.14198,107
2019.01.29,17:37,1.14197,1.14203,1.14173,1.14181,120
2019.01.29,17:38,1.14182,1.14194,1.14157,1.14194,158
2019.01.29,17:39,1.14197,1.142,1.14162,1.14164,109
2019.01.29,17:40,1.14165,1.14179,1.14162,1.14163,152
2019.01.29,17:41,1.14163,1.14163,1.14142,1.14153,123
2019.01.29,17:42,1.14154,1.14178,1.14151,1.14168,125
2019.01.29,17:43,1.14168,1.1417,1.14158,1.14158,96
2019.01.29,17:44,1.14159,1.14164,1.14138,1.14155,131
2019.01.29,17:45,1.14158,1.14158,1.14144,1.14152,138
2019.01.29,17:46,1.14152,1.14167,1.14148,1.14159,156
2019.01.29,17:47,1.14158,1.14158,1.14143,1.14144,143
2019.01.29,17:48,1.14143,1.14152,1.14137,1.14147,141
2019.01.29,17:49,1.14148,1.14167,1.14145,1.14153,136
2019.01.29,17:50,1.14152,1.14207,1.1415,1.14197,229
2019.01.29,17:51,1.14195,1.14228,1.14192,1.14196,192
2019.01.29,17:52,1.14196,1.14199,1.14167,1.14191,214
2019.01.29,17:53,1.14191,1.14199,1.14172,1.14177,116
2019.01.29,17:54,1.14176,1.14183,1.1415,1.14164,145
2019.01.29,17:55,1.14162,1.14175,1.1416,1.14174,136
2019.01.29,17:56,1.14171,1.14177,1.14146,1.14177,222
2019.01.29,17:57,1.14177,1.14184,1.1413,1.14131,242
2019.01.29,17:58,1.14132,1.14134,1.14112,1.14132,252
2019.01.29,17:59,1.14132,1.1416,1.14131,1.14157,211
2019.01.29,18:00,1.14155,1.14177,1.1414,1.14177,189
2019.01.29,18:01,1.14179,1.14193,1.14171,1.14183,195
2019.01.29,18:02,1.14182,1.14204,1.1417,1.14189,210
2019.01.29,18:03,1.14189,1.14196,1.1418,1.14189,117
2019.01.29,18:04,1.14189,1.14198,1.14187,1.14197,89
2019.01.29,18:05,1.14198,1.14206,1.14193,1.14198,127
2019.01.29,18:06,1.14198,1.14201,1.14177,1.14196,106
2019.01.29,18:07,1.14195,1.14204,1.1419,1.142,81
2019.01.29,18:08,1.14201,1.14202,1.14194,1.14195,88
2019.01.29,18:09,1.14192,1.14203,1.14191,1.142,96
2019.01.29,18:10,1.14199,1.14217,1.14199,1.14211,99
2019.01.29,18:11,1.14209,1.14213,1.14182,1.14209,287
2019.01.29,18:12,1.14208,1.14211,1.14188,1.14211,118
2019.01.29,18:13,1.14211,1.14222,1.14201,1.1422,112
2019.01.29,18:14,1.14219,1.14223,1.14203,1.1421,116
2019.01.29,18:15,1.1421,1.14218,1.14201,1.14205,135
2019.01.29,18:16,1.14204,1.14207,1.14183,1.14189,146
2019.01.29,18:17,1.14189,1.14204,1.14182,1.14203,96
2019.01.29,18:18,1.14202,1.14205,1.14195,1.14205,81
2019.01.29,18:19,1.14203,1.14209,1.14193,1.14206,90
2019.01.29,18:20,1.14205,1.14214,1.14198,1.14208,117
2019.01.29,18:21,1.14208,1.14231,1.14208,1.14227,71
2019.01.29,18:22,1.14227,1.14234,1.1422,1.14228,102
2019.01.29,18:23,1.1423,1.14236,1.14211,1.14212,131
2019.01.29,18:24,1.14211,1.14223,1.14204,1.14221,104
2019.01.29,18:25,1.1422,1.14231,1.14218,1.14228,95
2019.01.29,18:26,1.14226,1.14229,1.14217,1.1422,70
2019.01.29,18:27,1.14219,1.14232,1.14217,1.14226,89
2019.01.29,18:28,1.14225,1.14259,1.14219,1.14258,128
2019.01.29,18:29,1.14254,1.14267,1.14244,1.14265,93
2019.01.29,18:30,1.14264,1.14371,1.14263,1.14342,317
2019.01.29,18:31,1.14341,1.14398,1.14324,1.1435,260
2019.01.29,18:32,1.14334,1.14363,1.14334,1.14347,144
2019.01.29,18:33,1.14345,1.14364,1.14343,1.14344,156
2019.01.29,18:34,1.14345,1.14352,1.14319,1.14322,139
2019.01.29,18:35,1.14322,1.14328,1.14307,1.14323,117
2019.01.29,18:36,1.14322,1.14323,1.143,1.14303,160
2019.01.29,18:37,1.14303,1.14314,1.143,1.14313,90
2019.01.29,18:38,1.14314,1.14316,1.143,1.14301,106
2019.01.29,18:39,1.143,1.14306,1.14293,1.14295,60
2019.01.29,18:40,1.14295,1.14317,1.14294,1.14311,101
2019.01.29,18:41,1.14311,1.14317,1.14288,1.14295,125
2019.01.29,18:42,1.14297,1.14297,1.14281,1.14294,104
2019.01.29,18:43,1.14294,1.14294,1.14273,1.14274,50
2019.01.29,18:44,1.14274,1.1429,1.14266,1.14283,123
2019.01.29,18:45,1.14284,1.14302,1.14282,1.14298,72
2019.01.29,18:46,1.14298,1.14302,1.14279,1.14287,83
2019.01.29,18:47,1.14293,1.14296,1.14276,1.14276,99
2019.01.29,18:48,1.14276,1.14278,1.1426,1.14262,105
2019.01.29,18:49,1.14259,1.14278,1.14259,1.14277,88
2019.01.29,18:50,1.14277,1.14281,1.14267,1.14279,100
2019.01.29,18:51,1.14278,1.14286,1.14272,1.14278,76
2019.01.29,18:52,1.14277,1.14286,1.14275,1.14282,76
2019.01.29,18:53,1.14282,1.14295,1.14275,1.1429,74
2019.01.29,18:54,1.14291,1.14297,1.1427,1.1427,75
2019.01.29,18:55,1.14271,1.14271,1.14251,1.14253,75
2019.01.29,18:56,1.14254,1.14267,1.14252,1.14266,82
2019.01.29,18:57,1.14264,1.14268,1.14258,1.14258,91
2019.01.29,18:58,1.14259,1.14263,1.14233,1.14248,130
2019.01.29,18:59,1.14248,1.14256,1.14242,1.14243,127
2019.01.29,19:00,1.14243,1.14245,1.14236,1.14242,94
2019.01.29,19:01,1.14241,1.14244,1.14224,1.14237,124
2019.01.29,19:02,1.14237,1.14244,1.14227,1.14238,115
2019.01.29,19:03,1.14238,1.14256,1.14237,1.14246,109
2019.01.29,19:04,1.14245,1.14259,1.14245,1.14256,80
2019.01.29,19:05,1.14257,1.14259,1.14245,1.14256,86
2019.01.29,19:06,1.14256,1.14263,1.14239,1.1424,117
2019.01.29,19:07,1.14241,1.14259,1.14241,1.14256,79
2019.01.29,19:08,1.14256,1.14259,1.14242,1.14243,72
2019.01.29,19:09,1.14244,1.14247,1.14231,1.1424,63
2019.01.29,19:10,1.14241,1.14247,1.14238,1.14243,65
2019.01.29,19:11,1.14244,1.14258,1.14238,1.14258,85
2019.01.29,19:12,1.14258,1.14258,1.14245,1.14254,85
2019.01.29,19:13,1.14253,1.14261,1.14243,1.14252,86
2019.01.29,19:14,1.1425,1.14266,1.1425,1.14263,71
2019.01.29,19:15,1.14266,1.14275,1.14261,1.14268,54
2019.01.29,19:16,1.14268,1.14268,1.14241,1.14245,92
2019.01.29,19:17,1.14246,1.14253,1.1424,1.14246,92
2019.01.29,19:18,1.14247,1.14254,1.14238,1.14238,72
2019.01.29,19:19,1.14237,1.14241,1.14231,1.14234,81
2019.01.29,19:20,1.14233,1.14239,1.14232,1.14233,39
2019.01.29,19:21,1.14232,1.14236,1.14212,1.14223,129
2019.01.29,19:22,1.14223,1.14249,1.14223,1.14247,96
2019.01.29,19:23,1.14248,1.14256,1.14244,1.14254,123
2019.01.29,19:24,1.14255,1.14267,1.14254,1.14264,60
2019.01.29,19:25,1.14264,1.14269,1.14262,1.14269,24
2019.01.29,19:26,1.14268,1.14287,1.14268,1.14285,73
2019.01.29,19:27,1.14286,1.14289,1.14259,1.14261,80
2019.01.29,19:28,1.14263,1.14263,1.14247,1.14255,77
2019.01.29,19:29,1.14256,1.14261,1.14251,1.14252,64
2019.01.29,19:30,1.14252,1.14269,1.14251,1.14265,119
2019.01.29,19:31,1.14266,1.1427,1.14261,1.14268,83
2019.01.29,19:32,1.14269,1.14271,1.14261,1.14267,62
2019.01.29,19:33,1.14271,1.14277,1.14267,1.14267,97
2019.01.29,19:34,1.14268,1.14268,1.14244,1.14245,109
2019.01.29,19:35,1.14246,1.14246,1.14219,1.14221,59
2019.01.29,19:36,1.14225,1.14227,1.14213,1.14219,91
2019.01.29,19:37,1.14218,1.14219,1.14202,1.14202,79
2019.01.29,19:38,1.14201,1.14216,1.14201,1.14213,128
2019.01.29,19:39,1.14212,1.14231,1.14212,1.1422,90
2019.01.29,19:40,1.14221,1.14227,1.1422,1.14222,80
2019.01.29,19:41,1.14221,1.14224,1.14211,1.14211,69
2019.01.29,19:42,1.14212,1.14216,1.14202,1.14211,73
2019.01.29,19:43,1.14211,1.1423,1.14211,1.14227,89
2019.01.29,19:44,1.14227,1.14237,1.14224,1.14226,104
2019.01.29,19:45,1.14227,1.14236,1.14221,1.14234,88
2019.01.29,19:46,1.14233,1.14234,1.14225,1.14226,70
2019.01.29,19:47,1.14227,1.14238,1.14222,1.14238,71
2019.01.29,19:48,1.14237,1.14244,1.14237,1.14239,83
2019.01.29,19:49,1.14239,1.14244,1.14231,1.14231,43
2019.01.29,19:50,1.14231,1.14245,1.14231,1.14241,32
2019.01.29,19:51,1.14242,1.14244,1.14231,1.14232,57
2019.01.29,19:52,1.14232,1.14243,1.14231,1.14238,50
2019.01.29,19:53,1.14239,1.14239,1.14238,1.14239,24
2019.01.29,19:54,1.14238,1.1424,1.14232,1.14239,30
2019.01.29,19:55,1.14239,1.14245,1.14232,1.14241,52
2019.01.29,19:56,1.1424,1.14284,1.1424,1.14271,208
2019.01.29,19:57,1.14271,1.14271,1.14254,1.14254,91
2019.01.29,19:58,1.14255,1.1426,1.14255,1.14259,40
2019.01.29,19:59,1.14262,1.14278,1.14259,1.14273,44
2019.01.29,20:00,1.14273,1.14286,1.14268,1.14269,94
2019.01.29,20:01,1.14268,1.14275,1.14251,1.14253,75
2019.01.29,20:02,1.14253,1.14262,1.14251,1.14259,50
2019.01.29,20:03,1.14262,1.14271,1.14249,1.14251,82
2019.01.29,20:04,1.1425,1.14276,1.14249,1.14274,79
2019.01.29,20:05,1.14273,1.14282,1.14261,1.14261,88
2019.01.29,20:06,1.14262,1.14275,1.14254,1.14267,89
2019.01.29,20:07,1.14266,1.14272,1.14261,1.14261,53
2019.01.29,20:08,1.14263,1.1427,1.14262,1.14269,35
2019.01.29,20:09,1.14269,1.14269,1.14252,1.14254,30
2019.01.29,20:10,1.14253,1.14264,1.14248,1.14258,61
2019.01.29,20:11,1.14257,1.14275,1.14257,1.14268,70
2019.01.29,20:12,1.14268,1.14273,1.14262,1.14262,63
2019.01.29,20:13,1.14261,1.14265,1.14246,1.1426,92
2019.01.29,20:14,1.14264,1.14286,1.14264,1.14274,92
2019.01.29,20:15,1.14273,1.14277,1.14263,1.14272,43
2019.01.29,20:16,1.14272,1.1428,1.14269,1.14271,48
2019.01.29,20:17,1.14271,1.14271,1.14258,1.14259,43
2019.01.29,20:18,1.14261,1.14264,1.14256,1.14263,29
2019.01.29,20:19,1.14262,1.14262,1.14244,1.14247,76
2019.01.29,20:20,1.14247,1.14255,1.14246,1.14248,72
2019.01.29,20:21,1.14248,1.14249,1.1424,1.14249,59
2019.01.29,20:22,1.14252,1.14255,1.14241,1.14248,87
2019.01.29,20:23,1.14248,1.14251,1.14241,1.14244,63
2019.01.29,20:24,1.14244,1.14245,1.14236,1.1424,73
2019.01.29,20:25,1.14241,1.14241,1.14229,1.14235,34
2019.01.29,20:26,1.14237,1.14244,1.14232,1.14242,76
2019.01.29,20:27,1.14243,1.14259,1.14239,1.14258,74
2019.01.29,20:28,1.14257,1.1428,1.14257,1.14278,60
2019.01.29,20:29,1.14277,1.14279,1.14265,1.14268,68
2019.01.29,20:30,1.14268,1.14273,1.14261,1.14265,81
2019.01.29,20:31,1.14266,1.14273,1.14253,1.14273,95
2019.01.29,20:32,1.14273,1.14278,1.14261,1.14264,66
2019.01.29,20:33,1.14264,1.14273,1.14263,1.14268,54
2019.01.29,20:34,1.1427,1.1427,1.14262,1.14266,49
2019.01.29,20:35,1.14268,1.14279,1.14267,1.14279,88
2019.01.29,20:36,1.14278,1.14278,1.14263,1.14266,87
2019.01.29,20:37,1.14264,1.1427,1.14254,1.14259,87
2019.01.29,20:38,1.14259,1.14261,1.1425,1.14257,69
2019.01.29,20:39,1.14257,1.14257,1.1425,1.14254,34
2019.01.29,20:40,1.14255,1.14262,1.14246,1.14257,76
2019.01.29,20:41,1.14258,1.14272,1.14256,1.14267,76
2019.01.29,20:42,1.14267,1.14267,1.14253,1.14258,55
2019.01.29,20:43,1.14257,1.14258,1.14251,1.14253,57
2019.01.29,20:44,1.14257,1.14258,1.14251,1.14258,42
2019.01.29,20:45,1.14259,1.14259,1.14242,1.14242,56
2019.01.29,20:46,1.14243,1.14249,1.14232,1.14236,89
2019.01.29,20:47,1.14237,1.14246,1.14237,1.14246,29
2019.01.29,20:48,1.14246,1.14255,1.1424,1.1424,47
2019.01.29,20:49,1.1424,1.14243,1.14236,1.14237,46
2019.01.29,20:50,1.14237,1.14243,1.14234,1.14234,52
2019.01.29,20:51,1.14235,1.14238,1.14229,1.14232,85
2019.01.29,20:52,1.14231,1.14232,1.14219,1.14222,89
2019.01.29,20:53,1.14223,1.14231,1.14222,1.14228,73
2019.01.29,20:54,1.14229,1.14232,1.14221,1.14222,53
2019.01.29,20:55,1.14224,1.14229,1.14221,1.14226,55
2019.01.29,20:56,1.14227,1.14234,1.14227,1.14231,42
2019.01.29,20:57,1.14232,1.14232,1.14223,1.14228,52
2019.01.29,20:58,1.14229,1.14235,1.14227,1.14229,70
2019.01.29,20:59,1.14228,1.1424,1.14227,1.14236,80
2019.01.29,21:00,1.14235,1.14254,1.14234,1.1425,85
2019.01.29,21:01,1.14248,1.14248,1.14239,1.14241,51
2019.01.29,21:02,1.14242,1.14244,1.14239,1.14243,59
2019.01.29,21:03,1.14242,1.1425,1.14241,1.14248,43
2019.01.29,21:04,1.14247,1.14255,1.14247,1.14252,86
2019.01.29,21:05,1.14252,1.14258,1.1425,1.14257,42
2019.01.29,21:06,1.14257,1.14272,1.14257,1.14269,63
2019.01.29,21:07,1.1427,1.14277,1.1427,1.14276,60
2019.01.29,21:08,1.14275,1.14281,1.1427,1.14279,65
2019.01.29,21:09,1.14278,1.14286,1.14274,1.14274,95
2019.01.29,21:10,1.14274,1.14288,1.14271,1.14279,75
2019.01.29,21:11,1.14278,1.14285,1.14274,1.14278,105
2019.01.29,21:12,1.14279,1.14295,1.14279,1.14289,93
2019.01.29,21:13,1.14292,1.14296,1.14278,1.14282,108
2019.01.29,21:14,1.14282,1.14297,1.1428,1.14295,64
2019.01.29,21:15,1.14296,1.14301,1.14281,1.14284,81
2019.01.29,21:16,1.14283,1.14284,1.14266,1.14268,77
2019.01.29,21:17,1.1427,1.14275,1.14267,1.14267,57
2019.01.29,21:18,1.14268,1.14274,1.14266,1.14273,81
2019.01.29,21:19,1.14272,1.14283,1.1427,1.14273,86
2019.01.29,21:20,1.14272,1.14273,1.14268,1.14271,48
2019.01.29,21:21,1.14272,1.14287,1.14268,1.14273,92
2019.01.29,21:22,1.14273,1.14279,1.14268,1.14272,95
2019.01.29,21:23,1.14273,1.14303,1.14273,1.14297,89
2019.01.29,21:24,1.14297,1.14297,1.14289,1.14294,44
2019.01.29,21:25,1.14293,1.14302,1.14291,1.14297,65
2019.01.29,21:26,1.14297,1.14304,1.14289,1.14298,106
2019.01.29,21:27,1.14298,1.14298,1.14288,1.14293,105
2019.01.29,21:28,1.14292,1.14304,1.14291,1.14293,82
2019.01.29,21:29,1.14294,1.14302,1.14287,1.14295,74
2019.01.29,21:30,1.14293,1.14307,1.14292,1.14295,81
2019.01.29,21:31,1.14296,1.14298,1.14283,1.14284,83
2019.01.29,21:32,1.14283,1.14285,1.14273,1.14277,68
2019.01.29,21:33,1.14278,1.14281,1.14276,1.14281,42
2019.01.29,21:34,1.1428,1.14295,1.14277,1.14293,72
2019.01.29,21:35,1.14293,1.14293,1.14287,1.1429,47
2019.01.29,21:36,1.14289,1.14289,1.14279,1.14281,80
2019.01.29,21:37,1.1428,1.14287,1.14276,1.14286,101
2019.01.29,21:38,1.14291,1.14309,1.14291,1.143,92
2019.01.29,21:39,1.14301,1.14311,1.143,1.14306,103
2019.01.29,21:40,1.14306,1.14306,1.1429,1.14296,85
2019.01.29,21:41,1.14296,1.14314,1.14293,1.14309,98
2019.01.29,21:42,1.14309,1.1431,1.14301,1.14303,87
2019.01.29,21:43,1.14302,1.1431,1.14295,1.14296,84
2019.01.29,21:44,1.14296,1.14306,1.14296,1.143,58
2019.01.29,21:45,1.14299,1.14299,1.14283,1.14288,62
2019.01.29,21:46,1.14288,1.14315,1.14288,1.14315,70
2019.01.29,21:47,1.14315,1.14328,1.14313,1.14324,121
2019.01.29,21:48,1.14323,1.14323,1.14291,1.14303,187
2019.01.29,21:49,1.14302,1.14318,1.14297,1.14315,172
2019.01.29,21:50,1.14315,1.14324,1.14307,1.14324,122
2019.01.29,21:51,1.14324,1.14325,1.14305,1.14316,188
2019.01.29,21:52,1.14316,1.14326,1.14308,1.14325,119
2019.01.29,21:53,1.14327,1.1433,1.14303,1.14308,91
2019.01.29,21:54,1.14307,1.14307,1.14285,1.143,275
2019.01.29,21:55,1.143,1.14304,1.14256,1.14293,327
2019.01.29,21:56,1.14292,1.14346,1.14285,1.14327,310
2019.01.29,21:57,1.14328,1.14329,1.14306,1.14313,264
2019.01.29,21:58,1.14313,1.14313,1.14287,1.14301,182
2019.01.29,21:59,1.14301,1.1431,1.14279,1.14282,206
2019.01.29,22:00,1.14282,1.14282,1.14256,1.14273,184
2019.01.29,22:01,1.14273,1.14292,1.1427,1.14286,209
2019.01.29,22:02,1.14287,1.14291,1.14273,1.14283,165
2019.01.29,22:03,1.14287,1.14287,1.14267,1.1428,204
2019.01.29,22:04,1.14279,1.14312,1.14274,1.14306,251
2019.01.29,22:05,1.14306,1.1433,1.14294,1.14319,199
2019.01.29,22:06,1.14319,1.1433,1.14311,1.14326,123
2019.01.29,22:07,1.14326,1.14345,1.14322,1.14336,131
2019.01.29,22:08,1.14337,1.14343,1.14331,1.1434,120
2019.01.29,22:09,1.1434,1.14347,1.14311,1.14317,142
2019.01.29,22:10,1.14315,1.14324,1.14308,1.14312,152
2019.01.29,22:11,1.14313,1.14328,1.14313,1.14324,101
2019.01.29,22:12,1.14323,1.14327,1.14316,1.1432,125
2019.01.29,22:13,1.14319,1.14335,1.14319,1.14335,187
2019.01.29,22:14,1.14334,1.14337,1.14328,1.14332,94
2019.01.29,22:15,1.14332,1.14332,1.14321,1.14322,111
2019.01.29,22:16,1.14323,1.14327,1.14317,1.14318,106
2019.01.29,22:17,1.14319,1.14339,1.14318,1.14328,114
2019.01.29,22:18,1.14327,1.14333,1.14321,1.14322,83
2019.01.29,22:19,1.14323,1.14324,1.14303,1.14315,109
2019.01.29,22:20,1.14316,1.14323,1.14312,1.14318,122
2019.01.29,22:21,1.14319,1.14323,1.14315,1.14321,84
2019.01.29,22:22,1.1432,1.14332,1.14311,1.14328,216
2019.01.29,22:23,1.14329,1.1436,1.14319,1.14339,323
2019.01.29,22:24,1.14338,1.14339,1.14323,1.14323,185
2019.01.29,22:25,1.14323,1.14344,1.14318,1.14323,329
2019.01.29,22:26,1.14323,1.14332,1.14307,1.14327,202
2019.01.29,22:27,1.14328,1.14332,1.14314,1.14322,141
2019.01.29,22:28,1.14321,1.14329,1.14312,1.14324,111
2019.01.29,22:29,1.14323,1.14328,1.14318,1.14323,90
2019.01.29,22:30,1.1432,1.1432,1.14309,1.14317,101
2019.01.29,22:31,1.14317,1.14322,1.14313,1.14315,85
2019.01.29,22:32,1.14316,1.14319,1.14312,1.14318,58
2019.01.29,22:33,1.14317,1.14331,1.1431,1.14328,172
2019.01.29,22:34,1.14328,1.14345,1.14326,1.14333,117
2019.01.29,22:35,1.14332,1.14339,1.14327,1.14337,77
2019.01.29,22:36,1.14336,1.14339,1.14324,1.14333,76
2019.01.29,22:37,1.14333,1.14341,1.14325,1.14338,74
2019.01.29,22:38,1.14338,1.14349,1.14332,1.14346,71
2019.01.29,22:39,1.14348,1.1436,1.14338,1.14359,142
2019.01.29,22:40,1.1436,1.14404,1.14354,1.1439,332
2019.01.29,22:41,1.14388,1.14389,1.14357,1.14361,211
2019.01.29,22:42,1.14363,1.14363,1.14333,1.14337,235
2019.01.29,22:43,1.14338,1.14362,1.14318,1.14344,295
2019.01.29,22:44,1.14343,1.14343,1.14323,1.1434,155
2019.01.29,22:45,1.14339,1.14345,1.14307,1.14307,198
2019.01.29,22:46,1.14308,1.14334,1.14306,1.14323,220
2019.01.29,22:47,1.14325,1.14329,1.14311,1.14324,135
2019.01.29,22:48,1.14323,1.14327,1.14318,1.14327,53
2019.01.29,22:49,1.14325,1.14343,1.14325,1.14343,101
2019.01.29,22:50,1.14342,1.14359,1.14337,1.14358,118
2019.01.29,22:51,1.14357,1.14359,1.14333,1.14338,115
2019.01.29,22:52,1.14339,1.14342,1.14323,1.14329,80
2019.01.29,22:53,1.14328,1.14346,1.14328,1.14343,93
2019.01.29,22:54,1.14343,1.1435,1.14333,1.14338,57
2019.01.29,22:55,1.14339,1.14349,1.14338,1.14343,39
2019.01.29,22:56,1.14342,1.14353,1.14342,1.14349,88
2019.01.29,22:57,1.14348,1.14365,1.14348,1.14364,161
2019.01.29,22:58,1.14361,1.14364,1.14343,1.14363,119
2019.01.29,22:59,1.1436,1.14363,1.14328,1.14333,101
2019.01.29,23:00,1.14334,1.14344,1.1433,1.14344,53
2019.01.29,23:01,1.14343,1.14345,1.14338,1.14343,61
2019.01.29,23:02,1.14344,1.14344,1.14341,1.14342,25
2019.01.29,23:03,1.14342,1.14344,1.14341,1.14344,36
2019.01.29,23:04,1.14344,1.14344,1.14343,1.14343,9
2019.01.29,23:05,1.14343,1.14343,1.14343,1.14343,3
2019.01.29,23:06,1.14342,1.14344,1.14338,1.14344,32
2019.01.29,23:07,1.14338,1.14339,1.1433,1.14334,38
2019.01.29,23:08,1.14334,1.14345,1.14334,1.14343,25
2019.01.29,23:09,1.14344,1.14356,1.14344,1.14355,33
2019.01.29,23:10,1.14355,1.14356,1.1435,1.14353,31
2019.01.29,23:11,1.14352,1.14353,1.14347,1.14352,31
2019.01.29,23:12,1.14353,1.14354,1.1435,1.14352,18
2019.01.29,23:13,1.14353,1.14355,1.14353,1.14354,13
2019.01.29,23:14,1.14354,1.14356,1.14353,1.14353,21
2019.01.29,23:15,1.14352,1.14357,1.14351,1.14357,17
2019.01.29,23:16,1.14356,1.14357,1.14353,1.14354,11
2019.01.29,23:17,1.14353,1.14354,1.14348,1.14353,35
2019.01.29,23:18,1.14353,1.14356,1.14353,1.14355,19
2019.01.29,23:19,1.14356,1.14356,1.14353,1.14353,19
2019.01.29,23:20,1.14354,1.14355,1.14353,1.14354,14
2019.01.29,23:21,1.14355,1.14361,1.14355,1.14358,23
2019.01.29,23:22,1.14358,1.14363,1.14355,1.14358,35
2019.01.29,23:23,1.14358,1.14358,1.14343,1.14354,28
2019.01.29,23:24,1.14354,1.14354,1.14344,1.14347,27
2019.01.29,23:25,1.14345,1.14346,1.14336,1.1434,35
2019.01.29,23:26,1.1434,1.14344,1.14334,1.14341,22
2019.01.29,23:27,1.14338,1.14342,1.14338,1.14341,13
2019.01.29,23:28,1.14341,1.14347,1.14341,1.14347,14
2019.01.29,23:29,1.14347,1.14348,1.14336,1.14337,46
2019.01.29,23:30,1.14338,1.14346,1.14325,1.14338,89
2019.01.29,23:31,1.14337,1.14343,1.14334,1.14335,43
2019.01.29,23:32,1.14334,1.14343,1.14331,1.14336,44
2019.01.29,23:33,1.14335,1.14338,1.14325,1.14331,39
2019.01.29,23:34,1.14331,1.14333,1.14327,1.14327,28
2019.01.29,23:35,1.14328,1.14336,1.14326,1.14331,50
2019.01.29,23:36,1.1433,1.14336,1.14322,1.1433,67
2019.01.29,23:37,1.14332,1.14332,1.14309,1.14313,68
2019.01.29,23:38,1.14314,1.14319,1.14306,1.14311,62
2019.01.29,23:39,1.14312,1.14316,1.14309,1.14314,52
2019.01.29,23:40,1.14315,1.14318,1.14311,1.14313,38
2019.01.29,23:41,1.14312,1.14314,1.14306,1.14311,46
2019.01.29,23:42,1.14309,1.14311,1.14306,1.14307,38
2019.01.29,23:43,1.14305,1.14309,1.14304,1.14307,25
2019.01.29,23:44,1.14308,1.14309,1.14297,1.14307,46
2019.01.29,23:45,1.14307,1.14309,1.14296,1.14296,27
2019.01.29,23:46,1.14297,1.14301,1.14297,1.14301,17
2019.01.29,23:47,1.14301,1.14307,1.14301,1.14304,25
2019.01.29,23:48,1.14304,1.14308,1.14295,1.14296,42
2019.01.29,23:49,1.14297,1.14302,1.14294,1.14295,36
2019.01.29,23:50,1.14295,1.14299,1.14295,1.14298,30
2019.01.29,23:51,1.14298,1.14306,1.14295,1.14303,34
2019.01.29,23:52,1.14302,1.14312,1.14302,1.14309,28
2019.01.29,23:53,1.1431,1.14318,1.14306,1.14311,33
2019.01.29,23:54,1.14311,1.14335,1.14311,1.14334,34
2019.01.29,23:55,1.14333,1.14336,1.14328,1.1433,28
2019.01.29,23:56,1.1433,1.1433,1.14317,1.14317,24
2019.01.29,23:57,1.14318,1.14324,1.14314,1.14316,42
2019.01.29,23:58,1.14323,1.14323,1.14313,1.14318,47
2019.01.29,23:59,1.14318,1.14348,1.14313,1.14321,90
2019.01.30,00:00,1.1432,1.14324,1.143,1.1431,10
2019.01.30,00:01,1.14302,1.14302,1.14297,1.14297,3
2019.01.30,00:02,1.14298,1.14298,1.14252,1.14262,10
2019.01.30,00:03,1.14271,1.14275,1.14271,1.14275,4
2019.01.30,00:04,1.14275,1.14275,1.14275,1.14275,7
2019.01.30,00:05,1.14275,1.14306,1.14275,1.14302,18
2019.01.30,00:06,1.14314,1.14314,1.14314,1.14314,3
2019.01.30,00:07,1.14314,1.14316,1.14314,1.14314,39
2019.01.30,00:08,1.14314,1.14317,1.1431,1.14316,47
2019.01.30,00:09,1.14317,1.14322,1.14314,1.14322,33
2019.01.30,00:10,1.14322,1.14326,1.14321,1.14324,25
2019.01.30,00:11,1.14322,1.14324,1.14322,1.14323,8
2019.01.30,00:12,1.14322,1.14324,1.14322,1.14324,3
2019.01.30,00:13,1.14323,1.14324,1.14318,1.14319,19
2019.01.30,00:14,1.14319,1.14322,1.14319,1.14322,10
2019.01.30,00:15,1.14323,1.14324,1.1429,1.14318,29
2019.01.30,00:16,1.14316,1.1432,1.14294,1.14294,31
2019.01.30,00:17,1.14295,1.14295,1.14292,1.14295,19
2019.01.30,00:18,1.14294,1.14294,1.1429,1.1429,20
2019.01.30,00:19,1.14295,1.14303,1.14295,1.14303,21
2019.01.30,00:20,1.14303,1.14303,1.14303,1.14303,9
2019.01.30,00:21,1.14311,1.14317,1.14311,1.14316,10
2019.01.30,00:22,1.14315,1.14315,1.14315,1.14315,1
2019.01.30,00:23,1.14316,1.1432,1.14316,1.14318,6
2019.01.30,00:24,1.14319,1.14322,1.14318,1.14321,16
2019.01.30,00:25,1.1432,1.14347,1.14317,1.1434,33
2019.01.30,00:26,1.14339,1.14339,1.14318,1.14318,32
2019.01.30,00:27,1.14318,1.14318,1.14314,1.14314,28
2019.01.30,00:28,1.14314,1.14337,1.14314,1.14337,39
2019.01.30,00:29,1.14337,1.14337,1.14319,1.14319,17
2019.01.30,00:30,1.14319,1.14324,1.14313,1.14324,32
2019.01.30,00:31,1.14322,1.14323,1.14311,1.14316,15
2019.01.30,00:32,1.14317,1.14342,1.14317,1.14333,43
2019.01.30,00:33,1.14333,1.14333,1.14325,1.14332,25
2019.01.30,00:34,1.14334,1.14345,1.14334,1.14344,38
2019.01.30,00:35,1.14345,1.14348,1.14342,1.14348,16
2019.01.30,00:36,1.14347,1.14351,1.14339,1.1434,31
2019.01.30,00:37,1.14339,1.14342,1.14338,1.14341,16
2019.01.30,00:38,1.14342,1.14345,1.14341,1.14343,13
2019.01.30,00:39,1.14344,1.14346,1.14341,1.14341,6
2019.01.30,00:40,1.1434,1.14344,1.1434,1.14342,8
2019.01.30,00:41,1.14345,1.1435,1.14342,1.14345,90
2019.01.30,00:42,1.14347,1.14348,1.1434,1.14341,14
2019.01.30,00:43,1.14342,1.14347,1.14341,1.14344,51
2019.01.30,00:44,1.14344,1.14346,1.14341,1.14343,37
2019.01.30,00:45,1.14343,1.14345,1.14342,1.14343,32
2019.01.30,00:46,1.14341,1.14345,1.1434,1.14342,62
2019.01.30,00:47,1.14343,1.14352,1.1434,1.14344,213
2019.01.30,00:48,1.14342,1.14348,1.14342,1.14344,54
2019.01.30,00:49,1.14344,1.14348,1.14341,1.14347,31
2019.01.30,00:50,1.14347,1.14349,1.14345,1.14347,19
2019.01.30,00:51,1.14347,1.14348,1.14342,1.14346,30
2019.01.30,00:52,1.14346,1.14348,1.14342,1.14346,34
2019.01.30,00:53,1.14345,1.14348,1.14343,1.14348,44
2019.01.30,00:54,1.14347,1.14349,1.14342,1.14343,25
2019.01.30,00:55,1.14343,1.14344,1.14343,1.14344,14
2019.01.30,00:56,1.14342,1.14345,1.14342,1.14343,21
2019.01.30,00:57,1.14343,1.14344,1.14342,1.14343,19
2019.01.30,00:58,1.14343,1.14346,1.14342,1.14345,26
2019.01.30,00:59,1.14344,1.14346,1.14341,1.14346,23
2019.01.30,01:00,1.14345,1.14347,1.14341,1.14346,55
2019.01.30,01:01,1.14346,1.14359,1.14346,1.14354,45
2019.01.30,01:02,1.14354,1.14356,1.14352,1.14352,19
2019.01.30,01:03,1.14353,1.14354,1.14349,1.14349,20
2019.01.30,01:04,1.14348,1.14349,1.14347,1.14347,9
2019.01.30,01:05,1.14348,1.14348,1.14335,1.14335,28
2019.01.30,01:06,1.14336,1.14343,1.14336,1.1434,17
2019.01.30,01:08,1.14335,1.14336,1.14334,1.14335,11
2019.01.30,01:09,1.14335,1.14342,1.14335,1.14339,24
2019.01.30,01:10,1.1434,1.1434,1.14332,1.14334,27
2019.01.30,01:11,1.14335,1.14336,1.14334,1.14336,12
2019.01.30,01:12,1.14337,1.1434,1.14337,1.1434,22
2019.01.30,01:13,1.14341,1.14341,1.14339,1.14339,9
2019.01.30,01:14,1.14339,1.14339,1.14337,1.14338,13
2019.01.30,01:15,1.14337,1.14337,1.14331,1.14334,25
2019.01.30,01:16,1.14333,1.14339,1.14333,1.14338,18
2019.01.30,01:17,1.14339,1.14339,1.14332,1.14332,27
2019.01.30,01:18,1.14332,1.14334,1.14331,1.14333,16
2019.01.30,01:19,1.14336,1.14339,1.14336,1.14337,19
2019.01.30,01:20,1.14337,1.14337,1.14333,1.14333,8
2019.01.30,01:21,1.14333,1.14333,1.14332,1.14332,5
2019.01.30,01:22,1.14333,1.14333,1.14327,1.14328,19
2019.01.30,01:23,1.14327,1.14328,1.14324,1.14325,23
2019.01.30,01:24,1.14324,1.1433,1.14324,1.14328,20
2019.01.30,01:25,1.14328,1.14335,1.14328,1.14334,21
2019.01.30,01:26,1.14333,1.14337,1.14333,1.14333,14
2019.01.30,01:27,1.14333,1.14337,1.1433,1.14337,37
2019.01.30,01:28,1.14336,1.14344,1.14336,1.14339,35
2019.01.30,01:29,1.1434,1.14345,1.14339,1.14344,27
2019.01.30,01:30,1.14344,1.14344,1.14341,1.14343,28
2019.01.30,01:31,1.14344,1.14348,1.14342,1.14342,33
2019.01.30,01:32,1.14343,1.14344,1.1434,1.14342,27
2019.01.30,01:33,1.14343,1.14345,1.14339,1.14343,31
2019.01.30,01:34,1.14342,1.14344,1.14341,1.14342,12
2019.01.30,01:35,1.14343,1.14343,1.14341,1.14343,22
2019.01.30,01:36,1.14344,1.14344,1.14338,1.14341,30
2019.01.30,01:37,1.14342,1.14342,1.14327,1.14328,25
2019.01.30,01:38,1.14327,1.14327,1.14317,1.1432,17
2019.01.30,01:39,1.14319,1.14319,1.14316,1.14317,17
2019.01.30,01:40,1.14317,1.14342,1.14317,1.14342,43
2019.01.30,01:41,1.1434,1.14345,1.1434,1.14345,14
2019.01.30,01:42,1.14344,1.14346,1.14344,1.14346,12
2019.01.30,01:43,1.14345,1.14351,1.14345,1.14351,17
2019.01.30,01:44,1.1435,1.14351,1.14348,1.14348,13
2019.01.30,01:45,1.14348,1.1435,1.14346,1.14348,29
2019.01.30,01:46,1.14348,1.1435,1.14344,1.14344,23
2019.01.30,01:47,1.14343,1.14344,1.14341,1.14341,9
2019.01.30,01:48,1.14341,1.14345,1.1434,1.14345,13
2019.01.30,01:49,1.14346,1.1435,1.14342,1.1435,48
2019.01.30,01:50,1.1435,1.14354,1.1435,1.14353,18
2019.01.30,01:51,1.14353,1.14354,1.14353,1.14353,7
2019.01.30,01:52,1.14353,1.14359,1.14353,1.14357,19
2019.01.30,01:53,1.14357,1.14357,1.14355,1.14356,22
2019.01.30,01:54,1.14356,1.14356,1.14354,1.14354,9
2019.01.30,01:55,1.14354,1.14354,1.14346,1.14349,29
2019.01.30,01:56,1.14348,1.14353,1.14348,1.14348,23
2019.01.30,01:57,1.14349,1.14349,1.14346,1.14346,5
2019.01.30,01:58,1.14346,1.14348,1.14345,1.14348,17
2019.01.30,01:59,1.14348,1.14349,1.14347,1.14347,17
2019.01.30,02:00,1.14347,1.14349,1.14344,1.14345,49
2019.01.30,02:01,1.14346,1.14346,1.14343,1.14346,18
2019.01.30,02:02,1.14345,1.14349,1.14338,1.14338,29
2019.01.30,02:03,1.14338,1.14339,1.14336,1.14337,20
2019.01.30,02:04,1.14337,1.14337,1.14331,1.14334,40
2019.01.30,02:05,1.14334,1.14334,1.14331,1.14332,20
2019.01.30,02:06,1.14332,1.14345,1.14332,1.14338,66
2019.01.30,02:07,1.14338,1.14339,1.14326,1.14328,25
2019.01.30,02:08,1.14328,1.14334,1.14328,1.14334,37
2019.01.30,02:09,1.14334,1.14337,1.14328,1.14334,42
2019.01.30,02:10,1.14334,1.14335,1.14332,1.14333,32
2019.01.30,02:11,1.14335,1.14338,1.1433,1.14334,52
2019.01.30,02:12,1.14333,1.1434,1.14333,1.14339,39
2019.01.30,02:13,1.14338,1.14344,1.14337,1.14339,34
2019.01.30,02:14,1.14339,1.14341,1.14338,1.14339,29
2019.01.30,02:15,1.14338,1.14339,1.14337,1.14338,19
2019.01.30,02:16,1.14338,1.14349,1.14333,1.14349,58
2019.01.30,02:17,1.14349,1.14349,1.14348,1.14349,33
2019.01.30,02:18,1.1435,1.1435,1.14348,1.1435,17
2019.01.30,02:19,1.14349,1.14349,1.14346,1.14349,38
2019.01.30,02:20,1.1435,1.1435,1.14325,1.14326,77
2019.01.30,02:21,1.14327,1.14334,1.14325,1.14326,21
2019.01.30,02:22,1.14325,1.14325,1.14305,1.14308,76
2019.01.30,02:23,1.14308,1.14316,1.14305,1.14315,72
2019.01.30,02:24,1.14315,1.14322,1.14314,1.14319,55
2019.01.30,02:25,1.14323,1.14344,1.14323,1.14338,96
2019.01.30,02:26,1.14337,1.14339,1.14335,1.14338,26
2019.01.30,02:27,1.14338,1.14339,1.14338,1.14339,12
2019.01.30,02:28,1.1434,1.1434,1.14338,1.14338,7
2019.01.30,02:29,1.14339,1.1434,1.14333,1.14334,37
2019.01.30,02:30,1.14334,1.14373,1.14334,1.14364,156
2019.01.30,02:31,1.14364,1.14372,1.14352,1.14353,73
2019.01.30,02:32,1.14352,1.14354,1.14349,1.14354,32
2019.01.30,02:33,1.14354,1.14354,1.14341,1.14343,57
2019.01.30,02:34,1.14344,1.14349,1.14338,1.1434,36
2019.01.30,02:35,1.14341,1.14354,1.14341,1.14349,51
2019.01.30,02:36,1.14349,1.14363,1.14348,1.14358,48
2019.01.30,02:37,1.14359,1.14366,1.14354,1.14356,63
2019.01.30,02:38,1.14356,1.14366,1.14356,1.14364,35
2019.01.30,02:39,1.14364,1.14368,1.14363,1.14368,35
2019.01.30,02:40,1.14368,1.14369,1.14366,1.14369,18
2019.01.30,02:41,1.14369,1.14378,1.14367,1.14373,59
2019.01.30,02:42,1.14374,1.14374,1.1437,1.14371,18
2019.01.30,02:43,1.14369,1.1438,1.14368,1.1438,28
2019.01.30,02:44,1.14379,1.14379,1.14373,1.14378,28
2019.01.30,02:45,1.14378,1.14383,1.14375,1.14379,32
2019.01.30,02:46,1.14378,1.14378,1.14351,1.14357,80
2019.01.30,02:47,1.14357,1.14359,1.14352,1.14353,59
2019.01.30,02:48,1.14353,1.14354,1.14341,1.14342,53
2019.01.30,02:49,1.14341,1.14342,1.14335,1.14337,41
2019.01.30,02:50,1.14337,1.1434,1.14336,1.14336,34
2019.01.30,02:51,1.14335,1.14339,1.14335,1.14339,31
2019.01.30,02:52,1.14338,1.14344,1.14338,1.1434,34
2019.01.30,02:53,1.14341,1.14344,1.14341,1.14343,18
2019.01.30,02:54,1.14342,1.14348,1.14339,1.14342,82
2019.01.30,02:55,1.14341,1.14348,1.14341,1.14343,53
2019.01.30,02:56,1.14343,1.14345,1.14342,1.14342,41
2019.01.30,02:57,1.14341,1.14346,1.1434,1.14346,21
2019.01.30,02:58,1.14346,1.14348,1.14342,1.14348,25
2019.01.30,02:59,1.14349,1.14349,1.14347,1.14347,20
2019.01.30,03:00,1.1435,1.1435,1.14332,1.14338,62
2019.01.30,03:01,1.14339,1.14344,1.14338,1.14343,53
2019.01.30,03:02,1.14343,1.14353,1.14343,1.14345,34
2019.01.30,03:03,1.14343,1.14346,1.1434,1.14346,32
2019.01.30,03:04,1.14346,1.14351,1.14343,1.14348,57
2019.01.30,03:05,1.14348,1.14353,1.14343,1.14344,50
2019.01.30,03:06,1.14344,1.14354,1.14343,1.14352,44
2019.01.30,03:07,1.14351,1.14364,1.14346,1.14363,68
2019.01.30,03:08,1.14362,1.14365,1.1435,1.14354,77
2019.01.30,03:09,1.14354,1.14354,1.14341,1.14346,49
2019.01.30,03:10,1.14347,1.14347,1.14329,1.14331,75
2019.01.30,03:11,1.14331,1.14337,1.14331,1.14336,64
2019.01.30,03:12,1.14337,1.14337,1.14329,1.14331,50
2019.01.30,03:13,1.14331,1.14331,1.14326,1.14326,39
2019.01.30,03:14,1.14329,1.14331,1.14322,1.14326,68
2019.01.30,03:15,1.14327,1.14332,1.14322,1.14322,88
2019.01.30,03:16,1.14323,1.14324,1.14319,1.14321,53
2019.01.30,03:17,1.14321,1.14326,1.1432,1.14322,53
2019.01.30,03:18,1.14322,1.14323,1.14319,1.14321,39
2019.01.30,03:19,1.14323,1.14323,1.1432,1.1432,29
2019.01.30,03:20,1.1432,1.14324,1.14311,1.14311,56
2019.01.30,03:21,1.1431,1.14313,1.14306,1.14311,66
2019.01.30,03:22,1.14311,1.14319,1.14311,1.14316,46
2019.01.30,03:23,1.14317,1.14323,1.14316,1.14321,78
2019.01.30,03:24,1.14321,1.14321,1.14302,1.14302,70
2019.01.30,03:25,1.14303,1.14306,1.14295,1.14296,72
2019.01.30,03:26,1.14297,1.14297,1.14284,1.14285,90
2019.01.30,03:27,1.14285,1.14287,1.1428,1.14282,95
2019.01.30,03:28,1.14282,1.14292,1.14281,1.14286,88
2019.01.30,03:29,1.1429,1.1432,1.1429,1.14319,89
2019.01.30,03:30,1.14321,1.14325,1.14318,1.14324,47
2019.01.30,03:31,1.1432,1.14325,1.14315,1.14325,51
2019.01.30,03:32,1.14325,1.14353,1.14319,1.14352,77
2019.01.30,03:33,1.14352,1.14357,1.14344,1.14347,73
2019.01.30,03:34,1.14346,1.14362,1.14342,1.14358,83
2019.01.30,03:35,1.14359,1.14359,1.14345,1.14346,52
2019.01.30,03:36,1.14346,1.14349,1.14338,1.14348,46
2019.01.30,03:37,1.14351,1.14385,1.1435,1.14379,125
2019.01.30,03:38,1.14378,1.14383,1.14374,1.14377,87
2019.01.30,03:39,1.14378,1.14379,1.1437,1.14376,35
2019.01.30,03:40,1.14376,1.14396,1.14375,1.14392,67
2019.01.30,03:41,1.14392,1.14403,1.14391,1.14398,92
2019.01.30,03:42,1.14397,1.14403,1.1439,1.14392,109
2019.01.30,03:43,1.14391,1.14392,1.14385,1.14386,41
2019.01.30,03:44,1.14387,1.14387,1.1438,1.1438,26
2019.01.30,03:45,1.14381,1.14382,1.14376,1.14382,62
2019.01.30,03:46,1.14384,1.14386,1.14376,1.14376,41
2019.01.30,03:47,1.14377,1.14377,1.14371,1.14375,35
2019.01.30,03:48,1.14373,1.14374,1.1437,1.14372,15
2019.01.30,03:49,1.14371,1.14372,1.14366,1.14366,11
2019.01.30,03:50,1.14366,1.14368,1.14362,1.14363,20
2019.01.30,03:51,1.14363,1.14369,1.14362,1.14366,41
2019.01.30,03:52,1.14365,1.14369,1.14365,1.14366,21
2019.01.30,03:53,1.14366,1.14368,1.14366,1.14366,6
2019.01.30,03:54,1.14367,1.14393,1.14367,1.14392,58
2019.01.30,03:55,1.14393,1.14397,1.14391,1.14392,44
2019.01.30,03:56,1.14393,1.14401,1.14392,1.14394,58
2019.01.30,03:57,1.14393,1.14398,1.14392,1.14398,66
2019.01.30,03:58,1.14397,1.14402,1.14395,1.14402,39
2019.01.30,03:59,1.14402,1.14411,1.14392,1.14392,89
2019.01.30,04:00,1.14388,1.14408,1.14385,1.14408,115
2019.01.30,04:01,1.14407,1.1441,1.14401,1.14401,48
2019.01.30,04:02,1.14402,1.14402,1.14395,1.14398,38
2019.01.30,04:03,1.14398,1.14403,1.14396,1.14402,43
2019.01.30,04:04,1.14402,1.14405,1.14401,1.14402,36
2019.01.30,04:05,1.14404,1.14409,1.14402,1.14406,35
2019.01.30,04:06,1.14407,1.1441,1.14405,1.14408,45
2019.01.30,04:07,1.14408,1.14412,1.14407,1.1441,46
2019.01.30,04:08,1.14408,1.14417,1.14408,1.14415,38
2019.01.30,04:09,1.14416,1.14427,1.14415,1.14423,38
2019.01.30,04:10,1.14422,1.14438,1.1442,1.14433,42
2019.01.30,04:11,1.14433,1.14439,1.14425,1.14426,64
2019.01.30,04:12,1.14427,1.1443,1.14412,1.14415,53
2019.01.30,04:13,1.14414,1.14414,1.14403,1.14408,54
2019.01.30,04:14,1.14408,1.14408,1.14403,1.14403,27
2019.01.30,04:15,1.14403,1.14403,1.14401,1.14401,13
2019.01.30,04:16,1.14401,1.14403,1.14397,1.14397,65
2019.01.30,04:17,1.14396,1.14397,1.14391,1.14391,26
2019.01.30,04:18,1.14392,1.14392,1.14387,1.14387,22
2019.01.30,04:19,1.14387,1.14388,1.14386,1.14388,21
2019.01.30,04:20,1.14387,1.14387,1.14383,1.14384,17
2019.01.30,04:21,1.14385,1.14386,1.14368,1.1437,46
2019.01.30,04:22,1.14371,1.14378,1.14366,1.14371,51
2019.01.30,04:23,1.1437,1.14372,1.14367,1.14371,35
2019.01.30,04:24,1.1437,1.14383,1.14368,1.14383,32
2019.01.30,04:25,1.14384,1.14386,1.14383,1.14386,19
2019.01.30,04:26,1.14386,1.14397,1.14386,1.14397,46
2019.01.30,04:27,1.14397,1.14399,1.14389,1.14389,36
2019.01.30,04:28,1.14389,1.14398,1.14388,1.14388,37
2019.01.30,04:29,1.14388,1.14388,1.14383,1.14383,23
2019.01.30,04:30,1.14383,1.14395,1.14377,1.14393,44
2019.01.30,04:31,1.14394,1.14407,1.14394,1.14402,69
2019.01.30,04:32,1.14403,1.14405,1.14391,1.14392,25
2019.01.30,04:33,1.14392,1.14392,1.14382,1.14383,31
2019.01.30,04:34,1.14383,1.14383,1.14382,1.14383,16
2019.01.30,04:35,1.14382,1.14383,1.14377,1.14378,19
2019.01.30,04:36,1.14378,1.14378,1.14371,1.14372,27
2019.01.30,04:37,1.14373,1.1438,1.14372,1.14376,36
2019.01.30,04:38,1.14374,1.14378,1.14372,1.14374,39
2019.01.30,04:39,1.14373,1.1438,1.14373,1.14378,26
2019.01.30,04:40,1.14379,1.14383,1.14379,1.14382,18
2019.01.30,04:41,1.14383,1.14384,1.14382,1.14383,11
2019.01.30,04:42,1.14382,1.14383,1.14382,1.14383,10
2019.01.30,04:43,1.14382,1.14397,1.14382,1.14397,39
2019.01.30,04:44,1.14398,1.14401,1.14386,1.14386,36
2019.01.30,04:45,1.14387,1.14399,1.14387,1.14397,18
2019.01.30,04:46,1.14396,1.14398,1.14396,1.14397,7
2019.01.30,04:48,1.14398,1.14399,1.14397,1.14398,4
2019.01.30,04:49,1.14397,1.14398,1.14397,1.14398,6
2019.01.30,04:50,1.14398,1.14398,1.14394,1.14394,20
2019.01.30,04:51,1.14393,1.14396,1.14392,1.14393,28
2019.01.30,04:52,1.14392,1.14392,1.14382,1.14387,30
2019.01.30,04:53,1.14386,1.14393,1.14386,1.14387,23
2019.01.30,04:54,1.14388,1.14388,1.14387,1.14387,10
2019.01.30,04:55,1.14387,1.14388,1.14383,1.14384,21
2019.01.30,04:56,1.14384,1.14384,1.1438,1.14383,20
2019.01.30,04:57,1.14382,1.14386,1.14379,1.1438,30
2019.01.30,04:58,1.14378,1.1438,1.14375,1.14375,28
2019.01.30,04:59,1.14376,1.14402,1.14372,1.14396,60
2019.01.30,05:00,1.14396,1.14396,1.14382,1.14386,53
2019.01.30,05:01,1.14386,1.14391,1.14386,1.14388,44
2019.01.30,05:02,1.14387,1.14392,1.14386,1.14391,32
2019.01.30,05:03,1.1439,1.14394,1.14388,1.14394,35
2019.01.30,05:04,1.14396,1.14402,1.14393,1.14402,28
2019.01.30,05:05,1.14402,1.14403,1.14392,1.14397,50
2019.01.30,05:06,1.14398,1.14399,1.14384,1.1439,47
2019.01.30,05:07,1.14391,1.144,1.1439,1.14393,56
2019.01.30,05:08,1.14394,1.14396,1.14393,1.14396,9
2019.01.30,05:09,1.14396,1.14396,1.14388,1.14388,23
2019.01.30,05:10,1.14388,1.14394,1.14388,1.14392,12
2019.01.30,05:11,1.14393,1.14394,1.14388,1.14388,15
2019.01.30,05:12,1.14389,1.1439,1.14384,1.14384,11
2019.01.30,05:13,1.14385,1.14386,1.14377,1.14378,24
2019.01.30,05:14,1.14379,1.14386,1.14378,1.14383,24
2019.01.30,05:15,1.14383,1.14387,1.14375,1.14378,50
2019.01.30,05:16,1.14379,1.14381,1.14372,1.14377,51
2019.01.30,05:17,1.14378,1.1438,1.14377,1.1438,23
2019.01.30,05:18,1.1438,1.14384,1.14379,1.14381,19
2019.01.30,05:19,1.14381,1.14386,1.14381,1.14381,23
2019.01.30,05:20,1.14383,1.14383,1.14374,1.14375,38
2019.01.30,05:21,1.14374,1.14376,1.14372,1.14372,22
2019.01.30,05:22,1.14373,1.14377,1.14372,1.14376,31
2019.01.30,05:23,1.14377,1.14378,1.14372,1.14372,31
2019.01.30,05:24,1.14372,1.14381,1.14371,1.14377,41
2019.01.30,05:25,1.14378,1.14378,1.14372,1.14374,23
2019.01.30,05:26,1.14374,1.14379,1.14373,1.14373,20
2019.01.30,05:27,1.14372,1.14375,1.14371,1.14372,13
2019.01.30,05:28,1.14371,1.1438,1.14371,1.14377,17
2019.01.30,05:29,1.14376,1.14377,1.14373,1.14373,14
2019.01.30,05:30,1.14373,1.14376,1.14372,1.14374,9
2019.01.30,05:31,1.14373,1.14378,1.14372,1.14377,31
2019.01.30,05:32,1.14376,1.1438,1.14374,1.14377,30
2019.01.30,05:33,1.14377,1.14381,1.14376,1.14379,31
2019.01.30,05:34,1.14379,1.14381,1.14376,1.14376,24
2019.01.30,05:35,1.14376,1.1438,1.14376,1.14377,14
2019.01.30,05:36,1.14378,1.14382,1.14378,1.14379,19
2019.01.30,05:37,1.1438,1.14384,1.14374,1.14377,31
2019.01.30,05:38,1.14377,1.14392,1.14376,1.14387,48
2019.01.30,05:39,1.14388,1.14393,1.14385,1.14388,40
2019.01.30,05:40,1.14388,1.14394,1.14387,1.14388,23
2019.01.30,05:41,1.1439,1.14393,1.14389,1.14391,13
2019.01.30,05:42,1.14391,1.14392,1.14381,1.14383,35
2019.01.30,05:43,1.14383,1.14389,1.14372,1.14376,54
2019.01.30,05:44,1.14376,1.14378,1.14371,1.14376,45
2019.01.30,05:45,1.14373,1.14376,1.14372,1.14376,22
2019.01.30,05:46,1.14377,1.14379,1.14377,1.14378,7
2019.01.30,05:47,1.1438,1.14386,1.14379,1.14382,35
2019.01.30,05:48,1.14383,1.14389,1.14382,1.14386,28
2019.01.30,05:49,1.14384,1.14384,1.14377,1.14381,28
2019.01.30,05:50,1.14381,1.14382,1.14376,1.14376,15
2019.01.30,05:51,1.14377,1.14382,1.14376,1.14377,27
2019.01.30,05:52,1.14377,1.14377,1.14376,1.14377,6
2019.01.30,05:53,1.14376,1.14377,1.14372,1.14376,12
2019.01.30,05:54,1.14376,1.14376,1.14373,1.14374,13
2019.01.30,05:55,1.14373,1.14374,1.14372,1.14373,10
2019.01.30,05:56,1.14374,1.14374,1.14367,1.14367,24
2019.01.30,05:57,1.14368,1.14368,1.14365,1.14366,14
2019.01.30,05:58,1.14368,1.14368,1.14364,1.14366,22
2019.01.30,05:59,1.14367,1.14368,1.14361,1.14367,45
2019.01.30,06:00,1.14364,1.14372,1.14362,1.14366,27
2019.01.30,06:01,1.14364,1.14366,1.14358,1.14358,44
2019.01.30,06:02,1.14358,1.14359,1.14355,1.14356,28
2019.01.30,06:03,1.14359,1.14367,1.14359,1.14367,39
2019.01.30,06:04,1.14367,1.14367,1.14357,1.14359,64
2019.01.30,06:05,1.1436,1.14366,1.14357,1.14357,47
2019.01.30,06:06,1.14357,1.14367,1.14353,1.14362,86
2019.01.30,06:07,1.14363,1.14371,1.14359,1.1437,44
2019.01.30,06:08,1.14368,1.14368,1.14364,1.14364,14
2019.01.30,06:09,1.14363,1.14386,1.14363,1.14384,37
2019.01.30,06:10,1.14385,1.14404,1.14385,1.14403,77
2019.01.30,06:11,1.14404,1.14404,1.14397,1.14403,47
2019.01.30,06:12,1.14404,1.14409,1.14403,1.14404,19
2019.01.30,06:13,1.14403,1.14409,1.14403,1.14408,9
2019.01.30,06:14,1.14408,1.14408,1.14404,1.14405,24
2019.01.30,06:15,1.14406,1.14414,1.14406,1.1441,34
2019.01.30,06:16,1.14409,1.14413,1.14409,1.14409,19
2019.01.30,06:17,1.1441,1.14415,1.1441,1.14414,16
2019.01.30,06:18,1.14415,1.14419,1.14415,1.14417,38
2019.01.30,06:19,1.14415,1.14421,1.14411,1.14417,65
2019.01.30,06:20,1.14418,1.14418,1.14413,1.14416,16
2019.01.30,06:21,1.14417,1.14417,1.14411,1.14412,15
2019.01.30,06:22,1.14412,1.14412,1.14411,1.14412,4
2019.01.30,06:23,1.14411,1.14412,1.14407,1.14408,23
2019.01.30,06:24,1.14408,1.1441,1.14405,1.14407,22
2019.01.30,06:25,1.14406,1.14408,1.14406,1.14406,17
2019.01.30,06:26,1.14406,1.14411,1.14406,1.14407,24
2019.01.30,06:27,1.14407,1.1441,1.14404,1.14404,30
2019.01.30,06:28,1.14406,1.14408,1.14405,1.14407,15
2019.01.30,06:29,1.14406,1.1441,1.14406,1.14407,13
2019.01.30,06:30,1.14406,1.14406,1.14406,1.14406,1
2019.01.30,06:31,1.14407,1.14407,1.14404,1.14405,41
2019.01.30,06:32,1.14404,1.14408,1.14403,1.14403,25
2019.01.30,06:33,1.14404,1.14406,1.14404,1.14406,13
2019.01.30,06:34,1.14405,1.14407,1.14404,1.14406,16
2019.01.30,06:35,1.14405,1.14408,1.14404,1.14406,15
2019.01.30,06:36,1.14406,1.14406,1.14403,1.14404,21
2019.01.30,06:37,1.14407,1.14407,1.14402,1.14402,13
2019.01.30,06:38,1.14402,1.14402,1.14399,1.144,12
2019.01.30,06:39,1.14401,1.14405,1.14401,1.14403,20
2019.01.30,06:40,1.14402,1.14404,1.14398,1.14402,40
2019.01.30,06:41,1.14402,1.14407,1.14402,1.14407,8
2019.01.30,06:42,1.14408,1.14408,1.14407,1.14408,3
2019.01.30,06:43,1.14407,1.14409,1.14406,1.14409,13
2019.01.30,06:44,1.14409,1.14411,1.14407,1.1441,13
2019.01.30,06:45,1.14411,1.14411,1.14407,1.14408,7
2019.01.30,06:46,1.14409,1.14411,1.14408,1.14409,21
2019.01.30,06:47,1.14409,1.14409,1.14405,1.14408,13
2019.01.30,06:48,1.14409,1.14411,1.14408,1.14409,15
2019.01.30,06:49,1.14409,1.14414,1.14407,1.14412,34
2019.01.30,06:50,1.14413,1.14413,1.14408,1.14408,21
2019.01.30,06:51,1.14408,1.14412,1.14407,1.14411,20
2019.01.30,06:52,1.14411,1.14412,1.14407,1.14407,15
2019.01.30,06:53,1.14408,1.1441,1.14406,1.14408,22
2019.01.30,06:54,1.14408,1.14408,1.14407,1.14408,11
2019.01.30,06:56,1.14409,1.14409,1.14404,1.14404,24
2019.01.30,06:57,1.14403,1.14404,1.14399,1.14401,30
2019.01.30,06:58,1.14401,1.14404,1.14401,1.14404,18
2019.01.30,06:59,1.14403,1.14406,1.14399,1.14401,21
2019.01.30,07:00,1.144,1.14401,1.14399,1.14399,17
2019.01.30,07:01,1.144,1.144,1.14395,1.14396,18
2019.01.30,07:02,1.14396,1.14398,1.14394,1.14395,38
2019.01.30,07:03,1.14394,1.14395,1.14385,1.14391,37
2019.01.30,07:04,1.14391,1.14398,1.14391,1.14397,17
2019.01.30,07:05,1.14398,1.14398,1.14387,1.14392,33
2019.01.30,07:06,1.14391,1.14391,1.14376,1.14382,50
2019.01.30,07:07,1.14381,1.14388,1.14379,1.14381,57
2019.01.30,07:08,1.1438,1.14382,1.14379,1.14379,15
2019.01.30,07:09,1.1438,1.14383,1.14379,1.1438,36
2019.01.30,07:10,1.14381,1.14384,1.14381,1.14382,17
2019.01.30,07:11,1.14382,1.14384,1.14379,1.14383,21
2019.01.30,07:12,1.14384,1.14384,1.14383,1.14384,3
2019.01.30,07:13,1.14383,1.14387,1.14383,1.14384,20
2019.01.30,07:14,1.14383,1.14389,1.14383,1.14388,27
2019.01.30,07:15,1.14389,1.14392,1.14388,1.14389,14
2019.01.30,07:16,1.14389,1.14393,1.14387,1.14389,32
2019.01.30,07:17,1.14388,1.14391,1.14388,1.14389,14
2019.01.30,07:18,1.14389,1.14389,1.14385,1.14386,18
2019.01.30,07:19,1.14385,1.14387,1.14385,1.14385,16
2019.01.30,07:20,1.14386,1.14391,1.14385,1.14391,15
2019.01.30,07:21,1.1439,1.14391,1.14386,1.14389,26
2019.01.30,07:22,1.14387,1.1439,1.14387,1.14389,19
2019.01.30,07:23,1.14388,1.14392,1.14388,1.14389,20
2019.01.30,07:24,1.14389,1.14393,1.14389,1.14393,10
2019.01.30,07:25,1.14394,1.144,1.14393,1.14399,10
2019.01.30,07:26,1.144,1.14403,1.14397,1.14401,45
2019.01.30,07:27,1.14401,1.14402,1.14397,1.14397,15
2019.01.30,07:28,1.14397,1.14399,1.14392,1.14393,27
2019.01.30,07:29,1.14392,1.14395,1.14392,1.14393,17
2019.01.30,07:30,1.14393,1.14396,1.1439,1.14391,51
2019.01.30,07:31,1.14391,1.144,1.14391,1.14398,29
2019.01.30,07:32,1.14398,1.14399,1.14396,1.14397,7
2019.01.30,07:33,1.14396,1.14398,1.14395,1.14397,14
2019.01.30,07:34,1.14397,1.14412,1.14397,1.14412,38
2019.01.30,07:35,1.14412,1.14417,1.1441,1.14416,41
2019.01.30,07:36,1.14415,1.14424,1.14415,1.14423,30
2019.01.30,07:37,1.14422,1.14423,1.14416,1.14421,36
2019.01.30,07:38,1.14421,1.14423,1.14414,1.14415,43
2019.01.30,07:39,1.14413,1.14414,1.14412,1.14414,17
2019.01.30,07:40,1.14413,1.14418,1.14411,1.14413,29
2019.01.30,07:41,1.14414,1.14416,1.14408,1.14412,34
2019.01.30,07:42,1.14411,1.14412,1.14407,1.14412,24
2019.01.30,07:43,1.14413,1.14413,1.1441,1.14412,28
2019.01.30,07:44,1.14411,1.1442,1.14411,1.14417,29
2019.01.30,07:45,1.14416,1.14418,1.14413,1.14414,35
2019.01.30,07:46,1.14413,1.14421,1.14411,1.14419,41
2019.01.30,07:47,1.1442,1.14432,1.14419,1.1443,54
2019.01.30,07:48,1.1443,1.1443,1.14417,1.14423,64
2019.01.30,07:49,1.14422,1.14423,1.14418,1.14418,23
2019.01.30,07:50,1.14418,1.1442,1.14416,1.14418,25
2019.01.30,07:51,1.14421,1.14421,1.14416,1.14419,22
2019.01.30,07:52,1.14418,1.14422,1.14414,1.14414,39
2019.01.30,07:53,1.14413,1.1442,1.14409,1.1442,45
2019.01.30,07:54,1.14421,1.14432,1.14421,1.14429,42
2019.01.30,07:55,1.1443,1.14441,1.1443,1.14441,39
2019.01.30,07:56,1.14441,1.14441,1.14438,1.14438,24
2019.01.30,07:57,1.14438,1.14445,1.14438,1.14444,48
2019.01.30,07:58,1.14445,1.14456,1.14445,1.14448,69
2019.01.30,07:59,1.14447,1.14453,1.14444,1.14447,48
2019.01.30,08:00,1.14447,1.14449,1.14444,1.14449,49
2019.01.30,08:01,1.14448,1.14454,1.14445,1.14445,34
2019.01.30,08:02,1.14446,1.14449,1.14444,1.14448,36
2019.01.30,08:03,1.14447,1.14449,1.14441,1.14444,49
2019.01.30,08:04,1.14443,1.14448,1.14438,1.14441,45
2019.01.30,08:05,1.14441,1.14443,1.14437,1.14439,66
2019.01.30,08:06,1.14438,1.14441,1.14438,1.14438,18
2019.01.30,08:07,1.14436,1.14438,1.14434,1.14435,45
2019.01.30,08:08,1.14436,1.14442,1.14432,1.14442,48
2019.01.30,08:09,1.14443,1.14443,1.14431,1.14433,32
2019.01.30,08:10,1.14433,1.14437,1.14428,1.14435,51
2019.01.30,08:11,1.14435,1.14442,1.14434,1.14441,36
2019.01.30,08:12,1.1444,1.14441,1.14435,1.14441,37
2019.01.30,08:13,1.14441,1.14441,1.14435,1.1444,34
2019.01.30,08:14,1.14441,1.14441,1.14437,1.14437,14
2019.01.30,08:15,1.14436,1.14436,1.14426,1.14427,49
2019.01.30,08:16,1.14427,1.14447,1.14425,1.14447,37
2019.01.30,08:17,1.14446,1.14451,1.14444,1.14444,49
2019.01.30,08:18,1.14444,1.1445,1.14435,1.14437,57
2019.01.30,08:19,1.14439,1.14442,1.14438,1.14442,24
2019.01.30,08:20,1.14441,1.14444,1.14435,1.14436,37
2019.01.30,08:21,1.14437,1.14441,1.14435,1.14438,35
2019.01.30,08:22,1.14438,1.14441,1.14425,1.14425,47
2019.01.30,08:23,1.14425,1.14429,1.14419,1.1442,68
2019.01.30,08:24,1.14419,1.14425,1.14411,1.14414,54
2019.01.30,08:25,1.14414,1.14418,1.14406,1.14416,45
2019.01.30,08:26,1.14416,1.14416,1.14415,1.14416,7
2019.01.30,08:27,1.14416,1.14429,1.14416,1.14429,26
2019.01.30,08:28,1.1443,1.14431,1.14415,1.14415,33
2019.01.30,08:29,1.14416,1.1442,1.14411,1.14419,60
2019.01.30,08:30,1.14418,1.14421,1.14413,1.14418,58
2019.01.30,08:31,1.14419,1.14422,1.14405,1.14405,54
2019.01.30,08:32,1.14406,1.14421,1.14406,1.14419,66
2019.01.30,08:33,1.14419,1.14426,1.14415,1.14416,61
2019.01.30,08:34,1.14415,1.14424,1.14414,1.14416,58
2019.01.30,08:35,1.14416,1.14421,1.14416,1.14421,6
2019.01.30,08:36,1.14421,1.14429,1.14417,1.14424,55
2019.01.30,08:37,1.14425,1.1443,1.14424,1.14429,27
2019.01.30,08:38,1.1443,1.14431,1.14428,1.14429,16
2019.01.30,08:39,1.14428,1.14443,1.14428,1.14442,39
2019.01.30,08:40,1.14441,1.14458,1.14441,1.14458,55
2019.01.30,08:41,1.14457,1.14458,1.14448,1.1445,58
2019.01.30,08:42,1.1445,1.14452,1.14448,1.1445,32
2019.01.30,08:43,1.1445,1.14454,1.14448,1.14454,36
2019.01.30,08:44,1.14456,1.14466,1.14456,1.14463,60
2019.01.30,08:45,1.14462,1.14478,1.14461,1.14467,75
2019.01.30,08:46,1.14467,1.14471,1.14461,1.14462,36
2019.01.30,08:47,1.14463,1.14472,1.14463,1.14472,43
2019.01.30,08:48,1.1447,1.14482,1.1447,1.14478,69
2019.01.30,08:49,1.14477,1.14487,1.14476,1.14481,48
2019.01.30,08:50,1.14482,1.14485,1.14481,1.14481,35
2019.01.30,08:51,1.14481,1.14498,1.14481,1.14495,85
2019.01.30,08:52,1.14495,1.14497,1.14486,1.14491,60
2019.01.30,08:53,1.14491,1.14494,1.14491,1.14492,22
2019.01.30,08:54,1.14493,1.14493,1.14486,1.14487,46
2019.01.30,08:55,1.14487,1.14488,1.1446,1.14463,86
2019.01.30,08:56,1.14462,1.14466,1.14434,1.14441,155
2019.01.30,08:57,1.14442,1.14443,1.14414,1.14414,148
2019.01.30,08:58,1.14413,1.14417,1.14364,1.14367,232
2019.01.30,08:59,1.14368,1.14371,1.14331,1.14352,276
2019.01.30,09:00,1.14351,1.14353,1.14326,1.14327,168
2019.01.30,09:01,1.14326,1.14358,1.14326,1.14327,173
2019.01.30,09:02,1.1433,1.14352,1.14326,1.14334,135
2019.01.30,09:03,1.14332,1.14332,1.14308,1.14317,118
2019.01.30,09:04,1.14318,1.14322,1.14313,1.14318,87
2019.01.30,09:05,1.14318,1.14321,1.14318,1.14319,56
2019.01.30,09:06,1.14319,1.14319,1.14276,1.14286,141
2019.01.30,09:07,1.14287,1.14287,1.14274,1.1428,83
2019.01.30,09:08,1.14282,1.14301,1.14277,1.14297,108
2019.01.30,09:09,1.14297,1.14314,1.14291,1.14296,123
2019.01.30,09:10,1.14296,1.14319,1.14292,1.14301,126
2019.01.30,09:11,1.14301,1.14333,1.14295,1.14299,139
2019.01.30,09:12,1.14299,1.14321,1.14292,1.14311,111
2019.01.30,09:13,1.14312,1.14316,1.14301,1.14304,89
2019.01.30,09:14,1.14305,1.14313,1.1429,1.14299,74
2019.01.30,09:15,1.14299,1.14308,1.14286,1.14306,128
2019.01.30,09:16,1.14305,1.14322,1.14305,1.14314,103
2019.01.30,09:17,1.14315,1.14324,1.14313,1.14322,55
2019.01.30,09:18,1.14323,1.14325,1.14313,1.14314,50
2019.01.30,09:19,1.14314,1.14333,1.14308,1.14328,99
2019.01.30,09:20,1.14327,1.14381,1.14324,1.14359,208
2019.01.30,09:21,1.14359,1.1437,1.14352,1.14365,203
2019.01.30,09:22,1.14363,1.14367,1.14348,1.1436,89
2019.01.30,09:23,1.14361,1.14379,1.14351,1.14378,122
2019.01.30,09:24,1.14379,1.1438,1.1436,1.14366,101
2019.01.30,09:25,1.14365,1.14369,1.14353,1.14358,69
2019.01.30,09:26,1.14358,1.14371,1.1435,1.14357,101
2019.01.30,09:27,1.14359,1.14366,1.14353,1.14354,78
2019.01.30,09:28,1.14356,1.14356,1.14328,1.14332,92
2019.01.30,09:29,1.14333,1.14352,1.14326,1.14333,129
2019.01.30,09:30,1.14332,1.14334,1.14324,1.14332,104
2019.01.30,09:31,1.14333,1.14345,1.14331,1.14333,95
2019.01.30,09:32,1.14332,1.14338,1.14325,1.14327,105
2019.01.30,09:33,1.14325,1.14337,1.14317,1.14329,117
2019.01.30,09:34,1.14331,1.14331,1.14308,1.14309,77
2019.01.30,09:35,1.14308,1.14325,1.14308,1.14315,87
2019.01.30,09:36,1.14316,1.14324,1.14316,1.14324,55
2019.01.30,09:37,1.14326,1.14337,1.14323,1.14324,81
2019.01.30,09:38,1.14324,1.14336,1.14324,1.14334,78
2019.01.30,09:39,1.14333,1.14341,1.14331,1.14339,66
2019.01.30,09:40,1.14338,1.14347,1.14338,1.14344,58
2019.01.30,09:41,1.14344,1.14359,1.14338,1.14348,111
2019.01.30,09:42,1.14349,1.1437,1.14338,1.14369,82
2019.01.30,09:43,1.14367,1.14367,1.14335,1.14345,118
2019.01.30,09:44,1.14346,1.14365,1.14335,1.14338,139
2019.01.30,09:45,1.14338,1.14357,1.14337,1.14354,130
2019.01.30,09:46,1.14354,1.14355,1.14337,1.14342,150
2019.01.30,09:47,1.14342,1.14357,1.14342,1.14354,92
2019.01.30,09:48,1.14354,1.14357,1.14347,1.14349,91
2019.01.30,09:49,1.14348,1.14352,1.14341,1.14352,85
2019.01.30,09:50,1.14352,1.14358,1.14343,1.14353,98
2019.01.30,09:51,1.14353,1.14371,1.14353,1.14367,93
2019.01.30,09:52,1.14367,1.14369,1.14331,1.14346,114
2019.01.30,09:53,1.14346,1.14361,1.14341,1.14345,145
2019.01.30,09:54,1.14344,1.14353,1.14341,1.14351,105
2019.01.30,09:55,1.14353,1.14353,1.14327,1.14335,108
2019.01.30,09:56,1.14336,1.14351,1.14335,1.1434,101
2019.01.30,09:57,1.1434,1.14353,1.14337,1.14341,131
2019.01.30,09:58,1.14338,1.1434,1.14306,1.14306,134
2019.01.30,09:59,1.14307,1.14312,1.14299,1.14312,143
2019.01.30,10:00,1.14314,1.14342,1.14314,1.14321,146
2019.01.30,10:01,1.14318,1.14318,1.14281,1.14281,161
2019.01.30,10:02,1.14278,1.14291,1.1426,1.14262,192
2019.01.30,10:03,1.14262,1.14268,1.14242,1.14246,166
2019.01.30,10:04,1.14248,1.14268,1.14247,1.14268,81
2019.01.30,10:05,1.14268,1.14281,1.14265,1.14275,118
2019.01.30,10:06,1.14274,1.14274,1.14242,1.14265,155
2019.01.30,10:07,1.14267,1.14285,1.14265,1.14283,132
2019.01.30,10:08,1.14287,1.1431,1.14286,1.1431,165
2019.01.30,10:09,1.1431,1.14321,1.14293,1.14301,122
2019.01.30,10:10,1.14301,1.14321,1.14294,1.14316,138
2019.01.30,10:11,1.14317,1.14324,1.14315,1.14321,117
2019.01.30,10:12,1.1432,1.14321,1.14288,1.14294,120
2019.01.30,10:13,1.14295,1.14314,1.14289,1.1431,167
2019.01.30,10:14,1.14311,1.14317,1.14299,1.14308,128
2019.01.30,10:15,1.1431,1.14311,1.14275,1.14289,107
2019.01.30,10:16,1.14288,1.14312,1.14288,1.14309,95
2019.01.30,10:17,1.14309,1.14315,1.14294,1.14303,98
2019.01.30,10:18,1.14304,1.1431,1.14289,1.1429,138
2019.01.30,10:19,1.1429,1.14317,1.1429,1.14314,136
2019.01.30,10:20,1.14314,1.14325,1.14313,1.14324,132
2019.01.30,10:21,1.14325,1.14338,1.14316,1.14327,113
2019.01.30,10:22,1.14327,1.14337,1.14324,1.14333,94
2019.01.30,10:23,1.14333,1.14347,1.14331,1.14344,108
2019.01.30,10:24,1.14344,1.14348,1.14341,1.14343,68
2019.01.30,10:25,1.14347,1.14356,1.14344,1.14353,126
2019.01.30,10:26,1.14352,1.1438,1.14352,1.14378,128
2019.01.30,10:27,1.14377,1.14383,1.1436,1.14383,122
2019.01.30,10:28,1.14383,1.14402,1.14379,1.14399,158
2019.01.30,10:29,1.14401,1.14413,1.14388,1.14396,168
2019.01.30,10:30,1.14399,1.14408,1.14395,1.14403,173
2019.01.30,10:31,1.14403,1.1441,1.14386,1.14393,147
2019.01.30,10:32,1.14392,1.14396,1.14372,1.14392,164
2019.01.30,10:33,1.14392,1.14397,1.14381,1.14388,125
2019.01.30,10:34,1.14391,1.14397,1.14386,1.14391,134
2019.01.30,10:35,1.14392,1.14396,1.14376,1.14377,111
2019.01.30,10:36,1.14376,1.14381,1.14365,1.14371,82
2019.01.30,10:37,1.14372,1.14388,1.14371,1.14383,125
2019.01.30,10:38,1.14384,1.1439,1.14375,1.14382,108
2019.01.30,10:39,1.14382,1.14382,1.14365,1.14372,122
2019.01.30,10:40,1.14372,1.14379,1.1436,1.14377,124
2019.01.30,10:41,1.14378,1.14383,1.14368,1.14375,138
2019.01.30,10:42,1.14376,1.14378,1.14365,1.14367,107
2019.01.30,10:43,1.14367,1.14372,1.14352,1.14355,154
2019.01.30,10:44,1.14354,1.14358,1.14345,1.14356,82
2019.01.30,10:45,1.14356,1.14359,1.14346,1.14347,95
2019.01.30,10:46,1.14348,1.14358,1.14347,1.14347,106
2019.01.30,10:47,1.14347,1.14351,1.14335,1.14337,90
2019.01.30,10:48,1.14336,1.14338,1.14318,1.14318,109
2019.01.30,10:49,1.14317,1.14324,1.14308,1.14311,113
2019.01.30,10:50,1.14312,1.14323,1.14308,1.14309,103
2019.01.30,10:51,1.14309,1.14313,1.14292,1.14298,150
2019.01.30,10:52,1.14299,1.14307,1.14292,1.14298,121
2019.01.30,10:53,1.143,1.14302,1.14282,1.14283,119
2019.01.30,10:54,1.14282,1.1431,1.14272,1.1431,109
2019.01.30,10:55,1.14309,1.14313,1.14299,1.14312,78
2019.01.30,10:56,1.14314,1.1432,1.14309,1.14319,80
2019.01.30,10:57,1.14321,1.14332,1.14319,1.1433,80
2019.01.30,10:58,1.14329,1.14339,1.14324,1.14333,108
2019.01.30,10:59,1.14333,1.14336,1.14307,1.14321,173
2019.01.30,11:00,1.1432,1.14323,1.14308,1.14312,110
2019.01.30,11:01,1.14312,1.14339,1.14311,1.14323,120
2019.01.30,11:02,1.14323,1.14328,1.14317,1.14323,85
2019.01.30,11:03,1.14323,1.14323,1.14309,1.14314,88
2019.01.30,11:04,1.14314,1.14323,1.14312,1.14322,76
2019.01.30,11:05,1.14321,1.14342,1.14318,1.14338,107
2019.01.30,11:06,1.14338,1.14352,1.14334,1.14334,118
2019.01.30,11:07,1.14335,1.14343,1.14323,1.14323,130
2019.01.30,11:08,1.14324,1.14338,1.1432,1.14334,101
2019.01.30,11:09,1.14334,1.1435,1.14332,1.14345,88
2019.01.30,11:10,1.14345,1.14345,1.143,1.14304,175
2019.01.30,11:11,1.14304,1.14308,1.14293,1.14308,126
2019.01.30,11:12,1.14307,1.14308,1.14295,1.14298,110
2019.01.30,11:13,1.14298,1.14306,1.14297,1.14302,102
2019.01.30,11:14,1.14305,1.14305,1.14285,1.14287,85
2019.01.30,11:15,1.14287,1.14303,1.14284,1.14285,97
2019.01.30,11:16,1.14286,1.14291,1.14276,1.14288,148
2019.01.30,11:17,1.14289,1.14292,1.14274,1.14277,119
2019.01.30,11:18,1.14277,1.14296,1.14277,1.14288,101
2019.01.30,11:19,1.14289,1.14299,1.14287,1.14293,89
2019.01.30,11:20,1.14294,1.14313,1.14293,1.14307,70
2019.01.30,11:21,1.14308,1.1431,1.14303,1.14308,46
2019.01.30,11:22,1.14308,1.14311,1.14304,1.14305,48
2019.01.30,11:23,1.14305,1.14313,1.14301,1.14304,72
2019.01.30,11:24,1.14304,1.14305,1.14298,1.14304,44
2019.01.30,11:25,1.14304,1.14309,1.143,1.14308,63
2019.01.30,11:26,1.14307,1.14309,1.14282,1.14284,132
2019.01.30,11:27,1.14283,1.14288,1.14282,1.14286,63
2019.01.30,11:28,1.14284,1.14297,1.14284,1.14293,53
2019.01.30,11:29,1.14294,1.14301,1.14292,1.14296,74
2019.01.30,11:30,1.14296,1.14304,1.14294,1.14303,35
2019.01.30,11:31,1.14304,1.14306,1.14301,1.14304,22
2019.01.30,11:32,1.14304,1.14304,1.14288,1.14301,68
2019.01.30,11:33,1.14301,1.14307,1.14277,1.14287,123
2019.01.30,11:34,1.14289,1.14303,1.14265,1.14274,131
2019.01.30,11:35,1.14274,1.143,1.14274,1.14286,105
2019.01.30,11:36,1.14286,1.14306,1.14283,1.14295,90
2019.01.30,11:37,1.14297,1.14309,1.14294,1.14304,59
2019.01.30,11:38,1.14304,1.14309,1.14297,1.14308,71
2019.01.30,11:39,1.14309,1.14314,1.14307,1.14309,56
2019.01.30,11:40,1.14311,1.14313,1.14304,1.14312,63
2019.01.30,11:41,1.14312,1.14313,1.14301,1.14303,47
2019.01.30,11:42,1.14302,1.14312,1.14296,1.14308,99
2019.01.30,11:43,1.14304,1.14316,1.14297,1.14315,59
2019.01.30,11:44,1.14316,1.14322,1.14313,1.14318,67
2019.01.30,11:45,1.14317,1.14328,1.14312,1.14324,63
2019.01.30,11:46,1.14325,1.14344,1.14324,1.14343,55
2019.01.30,11:47,1.14343,1.14347,1.14338,1.14347,56
2019.01.30,11:48,1.14346,1.14346,1.14332,1.14332,71
2019.01.30,11:49,1.14332,1.14337,1.1433,1.1433,57
2019.01.30,11:50,1.14329,1.14336,1.1432,1.14321,114
2019.01.30,11:51,1.1432,1.14321,1.14303,1.14309,70
2019.01.30,11:52,1.14308,1.14325,1.14308,1.14319,72
2019.01.30,11:53,1.14319,1.14328,1.14312,1.14319,60
2019.01.30,11:54,1.14318,1.14325,1.14317,1.14317,54
2019.01.30,11:55,1.14319,1.14319,1.14307,1.14309,54
2019.01.30,11:56,1.14308,1.14309,1.14294,1.14299,51
2019.01.30,11:57,1.14299,1.14308,1.14299,1.14306,28
2019.01.30,11:58,1.14307,1.1432,1.14305,1.14307,61
2019.01.30,11:59,1.14308,1.14317,1.14298,1.14302,66
2019.01.30,12:00,1.14301,1.14318,1.14298,1.14318,68
2019.01.30,12:01,1.14318,1.14318,1.14312,1.14312,26
2019.01.30,12:02,1.14312,1.1433,1.14307,1.1433,96
2019.01.30,12:03,1.1433,1.14338,1.14322,1.14332,66
2019.01.30,12:04,1.14332,1.14337,1.14327,1.14336,62
2019.01.30,12:05,1.14337,1.14343,1.14336,1.14338,62
2019.01.30,12:06,1.14337,1.14339,1.14332,1.14339,48
2019.01.30,12:07,1.1434,1.1434,1.14317,1.14323,62
2019.01.30,12:08,1.14323,1.14325,1.14318,1.14323,43
2019.01.30,12:09,1.14323,1.14323,1.14313,1.14319,49
2019.01.30,12:10,1.1432,1.14331,1.14318,1.14325,114
2019.01.30,12:11,1.14326,1.14329,1.14299,1.14309,85
2019.01.30,12:12,1.14308,1.14309,1.14303,1.14303,49
2019.01.30,12:13,1.14304,1.14305,1.14299,1.14303,50
2019.01.30,12:14,1.14302,1.14304,1.14288,1.14294,61
2019.01.30,12:15,1.14294,1.14294,1.14274,1.14287,77
2019.01.30,12:16,1.14288,1.14294,1.14283,1.14286,51
2019.01.30,12:17,1.14286,1.14301,1.14285,1.14299,34
2019.01.30,12:18,1.14298,1.14301,1.14298,1.14298,32
2019.01.30,12:19,1.14299,1.14303,1.14293,1.14303,50
2019.01.30,12:20,1.14303,1.14317,1.14297,1.14317,81
2019.01.30,12:21,1.14316,1.14316,1.14309,1.14309,49
2019.01.30,12:22,1.14311,1.14319,1.14295,1.14298,78
2019.01.30,12:23,1.14298,1.14299,1.14292,1.14292,42
2019.01.30,12:24,1.14292,1.143,1.14288,1.14298,49
2019.01.30,12:25,1.14298,1.14304,1.14298,1.14304,33
2019.01.30,12:26,1.14303,1.14312,1.143,1.1431,66
2019.01.30,12:27,1.1431,1.14313,1.14305,1.14309,53
2019.01.30,12:28,1.14309,1.14309,1.14302,1.14304,53
2019.01.30,12:29,1.14304,1.14313,1.14295,1.14311,59
2019.01.30,12:30,1.14312,1.14313,1.14308,1.14312,54
2019.01.30,12:31,1.14312,1.14323,1.14308,1.14312,77
2019.01.30,12:32,1.14314,1.14318,1.14312,1.14313,42
2019.01.30,12:33,1.14314,1.1432,1.1431,1.14318,67
2019.01.30,12:34,1.14319,1.14324,1.14317,1.14324,44
2019.01.30,12:35,1.14324,1.14324,1.14323,1.14323,9
2019.01.30,12:36,1.14323,1.14324,1.1432,1.14324,46
2019.01.30,12:37,1.14324,1.14338,1.14324,1.14338,24
2019.01.30,12:38,1.14338,1.14338,1.14328,1.14328,30
2019.01.30,12:39,1.14328,1.14329,1.14322,1.14324,45
2019.01.30,12:40,1.14324,1.1434,1.14323,1.14339,58
2019.01.30,12:41,1.14339,1.14342,1.14332,1.14332,19
2019.01.30,12:42,1.14331,1.14331,1.14313,1.14324,53
2019.01.30,12:43,1.14325,1.1433,1.14317,1.14318,37
2019.01.30,12:44,1.14318,1.14334,1.14318,1.14332,47
2019.01.30,12:45,1.14333,1.14342,1.14329,1.14335,83
2019.01.30,12:46,1.14335,1.14336,1.14327,1.14331,60
2019.01.30,12:47,1.14331,1.14331,1.14322,1.14327,62
2019.01.30,12:48,1.14327,1.14333,1.14317,1.14322,96
2019.01.30,12:49,1.14322,1.14338,1.14321,1.14331,49
2019.01.30,12:50,1.14331,1.14332,1.14321,1.14327,94
2019.01.30,12:51,1.14326,1.14326,1.14316,1.14316,51
2019.01.30,12:52,1.14318,1.1432,1.14312,1.14312,59
2019.01.30,12:53,1.14314,1.14317,1.1431,1.14312,69
2019.01.30,12:54,1.14311,1.14318,1.14311,1.14312,55
2019.01.30,12:55,1.14313,1.14313,1.14291,1.14295,63
2019.01.30,12:56,1.14294,1.14297,1.14285,1.1429,59
2019.01.30,12:57,1.14289,1.14294,1.14279,1.14294,66
2019.01.30,12:58,1.14293,1.14294,1.14279,1.14286,76
2019.01.30,12:59,1.14287,1.143,1.14285,1.1429,87
2019.01.30,13:00,1.1429,1.14302,1.14256,1.14259,142
2019.01.30,13:01,1.14257,1.14275,1.14255,1.14268,114
2019.01.30,13:02,1.14267,1.14269,1.14257,1.14262,90
2019.01.30,13:03,1.14261,1.14262,1.14252,1.14256,60
2019.01.30,13:04,1.14255,1.14255,1.14248,1.1425,64
2019.01.30,13:05,1.14251,1.14255,1.14248,1.14253,75
2019.01.30,13:06,1.14252,1.14256,1.14242,1.14248,82
2019.01.30,13:07,1.14249,1.14263,1.14248,1.14258,83
2019.01.30,13:08,1.14262,1.14265,1.14251,1.14256,72
2019.01.30,13:09,1.14257,1.14257,1.1423,1.14237,58
2019.01.30,13:10,1.14239,1.14245,1.14233,1.14233,74
2019.01.30,13:11,1.14231,1.14231,1.14219,1.14223,72
2019.01.30,13:12,1.14223,1.14244,1.14223,1.14243,65
2019.01.30,13:13,1.14244,1.14247,1.1424,1.14245,43
2019.01.30,13:14,1.14245,1.14248,1.1424,1.14244,35
2019.01.30,13:15,1.14243,1.1425,1.14243,1.14249,45
2019.01.30,13:16,1.1425,1.14264,1.14249,1.14264,83
2019.01.30,13:17,1.14263,1.14263,1.14255,1.1426,75
2019.01.30,13:18,1.14259,1.14265,1.14254,1.14264,51
2019.01.30,13:19,1.14263,1.14276,1.14263,1.14274,40
2019.01.30,13:20,1.14274,1.14284,1.14266,1.1428,80
2019.01.30,13:21,1.14279,1.1429,1.14276,1.14284,87
2019.01.30,13:22,1.14285,1.14289,1.14282,1.14284,46
2019.01.30,13:23,1.14284,1.14287,1.14283,1.14284,19
2019.01.30,13:24,1.14285,1.14292,1.14283,1.14286,41
2019.01.30,13:25,1.14285,1.14286,1.14265,1.14273,64
2019.01.30,13:26,1.14274,1.14281,1.14269,1.14276,52
2019.01.30,13:27,1.14276,1.1428,1.14271,1.14274,71
2019.01.30,13:28,1.14275,1.14291,1.14275,1.14282,64
2019.01.30,13:29,1.14283,1.14288,1.14282,1.14287,58
2019.01.30,13:30,1.14291,1.14291,1.14287,1.14288,17
2019.01.30,13:31,1.14288,1.14296,1.14288,1.1429,34
2019.01.30,13:32,1.14289,1.14291,1.14285,1.14289,31
2019.01.30,13:33,1.14291,1.14309,1.14291,1.14308,52
2019.01.30,13:34,1.14308,1.14314,1.14305,1.14305,43
2019.01.30,13:35,1.14304,1.14305,1.14294,1.14294,21
2019.01.30,13:36,1.14294,1.143,1.14294,1.14295,60
2019.01.30,13:37,1.14297,1.14298,1.14293,1.14294,40
2019.01.30,13:38,1.14295,1.14301,1.14294,1.14295,53
2019.01.30,13:39,1.14293,1.14294,1.14284,1.14284,48
2019.01.30,13:40,1.14283,1.14284,1.14283,1.14283,15
2019.01.30,13:41,1.14283,1.14283,1.14273,1.14273,50
2019.01.30,13:42,1.14274,1.14279,1.14273,1.14279,58
2019.01.30,13:43,1.14279,1.14303,1.14278,1.14301,65
2019.01.30,13:44,1.14301,1.14304,1.14295,1.14295,64
2019.01.30,13:45,1.14294,1.14299,1.14282,1.14289,66
2019.01.30,13:46,1.14291,1.14298,1.14283,1.14292,92
2019.01.30,13:47,1.14293,1.14318,1.1429,1.14318,89
2019.01.30,13:48,1.14317,1.14331,1.14312,1.14329,82
2019.01.30,13:49,1.1433,1.14332,1.14315,1.14325,59
2019.01.30,13:50,1.14324,1.14334,1.1432,1.14331,74
2019.01.30,13:51,1.14332,1.14332,1.14318,1.14319,90
2019.01.30,13:52,1.14318,1.14324,1.14304,1.14304,63
2019.01.30,13:53,1.14307,1.14355,1.14307,1.14353,78
2019.01.30,13:54,1.14352,1.14355,1.14327,1.14327,113
2019.01.30,13:55,1.1433,1.14332,1.14314,1.14314,73
2019.01.30,13:56,1.14314,1.14333,1.14308,1.14326,92
2019.01.30,13:57,1.14326,1.14334,1.14323,1.14333,68
2019.01.30,13:58,1.14334,1.14345,1.14331,1.14341,70
2019.01.30,13:59,1.14341,1.14344,1.14324,1.14335,112
2019.01.30,14:00,1.14335,1.14348,1.14333,1.14339,71
2019.01.30,14:01,1.14339,1.14354,1.14329,1.14334,84
2019.01.30,14:02,1.14333,1.14353,1.14325,1.14348,84
2019.01.30,14:03,1.14348,1.14355,1.14342,1.14343,49
2019.01.30,14:04,1.14343,1.14355,1.14334,1.14354,73
2019.01.30,14:05,1.14356,1.14357,1.14347,1.1435,70
2019.01.30,14:06,1.1435,1.14358,1.1435,1.14354,53
2019.01.30,14:07,1.14354,1.14372,1.14353,1.14369,65
2019.01.30,14:08,1.14369,1.14384,1.14366,1.14383,60
2019.01.30,14:09,1.14384,1.1439,1.14369,1.14374,77
2019.01.30,14:10,1.14375,1.14375,1.14358,1.14372,106
2019.01.30,14:11,1.14372,1.14377,1.14368,1.1437,82
2019.01.30,14:12,1.14369,1.14394,1.14368,1.1439,136
2019.01.30,14:13,1.14391,1.14391,1.14383,1.14388,53
2019.01.30,14:14,1.14387,1.14398,1.14383,1.14396,54
2019.01.30,14:15,1.14396,1.144,1.14383,1.14388,77
2019.01.30,14:16,1.14388,1.14397,1.14384,1.14393,76
2019.01.30,14:17,1.14393,1.1441,1.14388,1.14401,90
2019.01.30,14:18,1.14401,1.14405,1.14393,1.14396,59
2019.01.30,14:19,1.14396,1.14397,1.14384,1.14393,73
2019.01.30,14:20,1.14395,1.14396,1.14379,1.14383,77
2019.01.30,14:21,1.14383,1.14393,1.14379,1.14387,64
2019.01.30,14:22,1.14387,1.14389,1.14377,1.1438,83
2019.01.30,14:23,1.1438,1.14385,1.14371,1.14383,70
2019.01.30,14:24,1.14385,1.14387,1.14378,1.14387,44
2019.01.30,14:25,1.14386,1.14401,1.14372,1.14397,88
2019.01.30,14:26,1.14397,1.14399,1.14391,1.14391,60
2019.01.30,14:27,1.14392,1.14398,1.14391,1.14392,61
2019.01.30,14:28,1.14392,1.14397,1.14383,1.14386,59
2019.01.30,14:29,1.14385,1.14397,1.14382,1.14394,57
2019.01.30,14:30,1.14393,1.14396,1.1438,1.1438,79
2019.01.30,14:31,1.14381,1.14384,1.14372,1.14372,54
2019.01.30,14:32,1.14376,1.14378,1.1437,1.14378,60
2019.01.30,14:33,1.14378,1.14378,1.14374,1.14375,26
2019.01.30,14:34,1.14376,1.14376,1.14357,1.14362,43
2019.01.30,14:35,1.14363,1.14363,1.14354,1.14354,49
2019.01.30,14:36,1.14355,1.14356,1.14341,1.14342,65
2019.01.30,14:37,1.14343,1.14358,1.14342,1.14357,61
2019.01.30,14:38,1.14358,1.14361,1.14352,1.14352,28
2019.01.30,14:39,1.14351,1.14359,1.14351,1.14358,27
2019.01.30,14:40,1.14357,1.14366,1.14351,1.14361,69
2019.01.30,14:41,1.14364,1.14381,1.14362,1.14367,71
2019.01.30,14:42,1.14368,1.1437,1.14348,1.14363,86
2019.01.30,14:43,1.14365,1.14366,1.14356,1.1436,45
2019.01.30,14:44,1.1436,1.14374,1.1436,1.14372,58
2019.01.30,14:45,1.14372,1.14383,1.14355,1.14381,87
2019.01.30,14:46,1.1438,1.14385,1.14361,1.14368,119
2019.01.30,14:47,1.14367,1.14367,1.14346,1.14347,70
2019.01.30,14:48,1.1435,1.14366,1.14347,1.14362,107
2019.01.30,14:49,1.14363,1.14375,1.14362,1.14362,60
2019.01.30,14:50,1.14366,1.14372,1.14356,1.14357,62
2019.01.30,14:51,1.14357,1.1436,1.14355,1.14357,41
2019.01.30,14:52,1.14357,1.14378,1.14355,1.14371,67
2019.01.30,14:53,1.1437,1.1437,1.14351,1.14353,92
2019.01.30,14:54,1.14353,1.14353,1.14339,1.14344,84
2019.01.30,14:55,1.14343,1.14351,1.14337,1.14346,122
2019.01.30,14:56,1.14344,1.14351,1.14342,1.14345,102
2019.01.30,14:57,1.14346,1.14355,1.14337,1.14341,133
2019.01.30,14:58,1.14343,1.14344,1.14321,1.14325,139
2019.01.30,14:59,1.14323,1.14325,1.14301,1.14307,172
2019.01.30,15:00,1.14307,1.14316,1.14286,1.14289,131
2019.01.30,15:01,1.14288,1.14295,1.14265,1.14287,216
2019.01.30,15:02,1.14287,1.14309,1.14282,1.14303,122
2019.01.30,15:03,1.14299,1.143,1.14282,1.1429,109
2019.01.30,15:04,1.14289,1.14306,1.14277,1.14282,126
2019.01.30,15:05,1.14281,1.14289,1.14281,1.14284,82
2019.01.30,15:06,1.14283,1.14285,1.1427,1.14282,87
2019.01.30,15:07,1.14281,1.14284,1.14276,1.14283,59
2019.01.30,15:08,1.14283,1.14289,1.14281,1.14286,89
2019.01.30,15:09,1.14286,1.14289,1.14276,1.14278,112
2019.01.30,15:10,1.14277,1.14311,1.14277,1.1431,106
2019.01.30,15:11,1.1431,1.14317,1.14306,1.14312,104
2019.01.30,15:12,1.14312,1.14314,1.14297,1.14303,70
2019.01.30,15:13,1.14302,1.14308,1.14296,1.14299,45
2019.01.30,15:14,1.14302,1.14308,1.14278,1.14287,145
2019.01.30,15:15,1.14282,1.14291,1.14251,1.1429,231
2019.01.30,15:16,1.14291,1.14292,1.14273,1.14286,123
2019.01.30,15:17,1.14284,1.14313,1.14281,1.14305,135
2019.01.30,15:18,1.14306,1.14321,1.14303,1.14314,125
2019.01.30,15:19,1.14312,1.1432,1.14294,1.14298,138
2019.01.30,15:20,1.14297,1.14311,1.14284,1.14297,184
2019.01.30,15:21,1.14296,1.14296,1.14262,1.1427,143
2019.01.30,15:22,1.14267,1.14279,1.14261,1.1427,104
2019.01.30,15:23,1.14271,1.14273,1.14227,1.14241,159
2019.01.30,15:24,1.14241,1.14246,1.14223,1.14234,207
2019.01.30,15:25,1.14233,1.14237,1.14218,1.14225,122
2019.01.30,15:26,1.14226,1.14239,1.14219,1.14239,84
2019.01.30,15:27,1.14238,1.14249,1.1423,1.14245,77
2019.01.30,15:28,1.14246,1.14265,1.14243,1.14258,77
2019.01.30,15:29,1.14259,1.14262,1.14244,1.14245,94
2019.01.30,15:30,1.14245,1.14261,1.14239,1.14253,99
2019.01.30,15:31,1.14252,1.14269,1.14252,1.14265,94
2019.01.30,15:32,1.14266,1.14277,1.14266,1.14273,69
2019.01.30,15:33,1.14275,1.14297,1.14275,1.14294,90
2019.01.30,15:34,1.14293,1.14315,1.14292,1.14292,139
2019.01.30,15:35,1.14293,1.14305,1.14292,1.143,194
2019.01.30,15:36,1.14301,1.14307,1.14298,1.14306,92
2019.01.30,15:37,1.14305,1.14317,1.14302,1.14315,133
2019.01.30,15:38,1.14315,1.14322,1.14307,1.14322,130
2019.01.30,15:39,1.14321,1.14323,1.14316,1.14319,141
2019.01.30,15:40,1.14318,1.14321,1.14292,1.14301,70
2019.01.30,15:41,1.14303,1.14313,1.143,1.14313,100
2019.01.30,15:42,1.14313,1.14319,1.14311,1.14317,126
2019.01.30,15:43,1.14318,1.14323,1.14302,1.14304,155
2019.01.30,15:44,1.14306,1.14313,1.14296,1.143,175
2019.01.30,15:45,1.14299,1.14322,1.14299,1.14309,124
2019.01.30,15:46,1.14311,1.14311,1.14282,1.14283,91
2019.01.30,15:47,1.14282,1.14292,1.14282,1.14288,113
2019.01.30,15:48,1.14289,1.14303,1.1428,1.14286,101
2019.01.30,15:49,1.14287,1.14292,1.14277,1.14289,81
2019.01.30,15:50,1.14291,1.14302,1.14283,1.14289,110
2019.01.30,15:51,1.14289,1.14293,1.14281,1.14284,104
2019.01.30,15:52,1.14285,1.14297,1.14246,1.14248,189
2019.01.30,15:53,1.14248,1.14268,1.14248,1.14267,151
2019.01.30,15:54,1.14267,1.14269,1.14247,1.14248,118
2019.01.30,15:55,1.14247,1.14262,1.14244,1.14258,97
2019.01.30,15:56,1.14258,1.14264,1.14257,1.14264,74
2019.01.30,15:57,1.14263,1.14275,1.14262,1.1427,91
2019.01.30,15:58,1.14269,1.14276,1.14265,1.14265,143
2019.01.30,15:59,1.14265,1.14266,1.14253,1.14258,148
2019.01.30,16:00,1.14259,1.14262,1.14244,1.14257,114
2019.01.30,16:01,1.14257,1.1426,1.14211,1.14214,196
2019.01.30,16:02,1.14213,1.14225,1.1419,1.14217,165
2019.01.30,16:03,1.14217,1.14217,1.14198,1.14209,155
2019.01.30,16:04,1.14205,1.14208,1.14191,1.142,171
2019.01.30,16:05,1.14199,1.14205,1.14198,1.14199,112
2019.01.30,16:06,1.14201,1.14206,1.14179,1.14183,148
2019.01.30,16:07,1.14183,1.14202,1.14181,1.14194,142
2019.01.30,16:08,1.14194,1.14201,1.14188,1.14192,141
2019.01.30,16:09,1.14192,1.14192,1.14091,1.14099,282
2019.01.30,16:10,1.14098,1.14127,1.1408,1.14111,268
2019.01.30,16:11,1.14114,1.14125,1.14099,1.14113,152
2019.01.30,16:12,1.14114,1.14116,1.1408,1.1408,151
2019.01.30,16:13,1.14077,1.14096,1.14061,1.14092,188
2019.01.30,16:14,1.14094,1.14095,1.14084,1.14091,111
2019.01.30,16:15,1.14091,1.1411,1.14081,1.14101,158
2019.01.30,16:16,1.141,1.14126,1.14093,1.14126,156
2019.01.30,16:17,1.14125,1.14139,1.14121,1.14122,125
2019.01.30,16:18,1.14122,1.14135,1.14104,1.14131,152
2019.01.30,16:19,1.14131,1.14132,1.14116,1.1412,144
2019.01.30,16:20,1.14123,1.14127,1.14118,1.14126,81
2019.01.30,16:21,1.14127,1.14145,1.14121,1.14134,114
2019.01.30,16:22,1.14135,1.14137,1.14119,1.14128,100
2019.01.30,16:23,1.14128,1.14146,1.14126,1.14135,118
2019.01.30,16:24,1.14136,1.14139,1.14116,1.14125,80
2019.01.30,16:25,1.14124,1.14125,1.14115,1.14124,80
2019.01.30,16:26,1.14124,1.14125,1.14096,1.14097,113
2019.01.30,16:27,1.14096,1.14097,1.14079,1.14091,131
2019.01.30,16:28,1.14094,1.14103,1.1409,1.14098,114
2019.01.30,16:29,1.14098,1.14122,1.14096,1.1411,99
2019.01.30,16:30,1.14111,1.14119,1.14101,1.14104,106
2019.01.30,16:31,1.14105,1.14116,1.14101,1.14116,64
2019.01.30,16:32,1.14115,1.14117,1.14101,1.14113,116
2019.01.30,16:33,1.14113,1.14116,1.141,1.14106,101
2019.01.30,16:34,1.14106,1.14106,1.14087,1.14092,98
2019.01.30,16:35,1.14093,1.1411,1.14093,1.1411,125
2019.01.30,16:36,1.14109,1.1411,1.14101,1.14109,83
2019.01.30,16:37,1.14108,1.14119,1.14105,1.14113,115
2019.01.30,16:38,1.14114,1.14116,1.1411,1.14112,47
2019.01.30,16:39,1.14113,1.14113,1.1409,1.1411,104
2019.01.30,16:40,1.1411,1.14126,1.14103,1.14126,89
2019.01.30,16:41,1.14125,1.14125,1.14117,1.14121,74
2019.01.30,16:42,1.14122,1.14132,1.1412,1.14125,68
2019.01.30,16:43,1.14125,1.14132,1.14124,1.1413,81
2019.01.30,16:44,1.14129,1.14141,1.14123,1.1414,108
2019.01.30,16:45,1.1414,1.14141,1.14124,1.14139,90
2019.01.30,16:46,1.14137,1.14152,1.14135,1.14146,76
2019.01.30,16:47,1.14146,1.14149,1.14135,1.14142,64
2019.01.30,16:48,1.14141,1.14141,1.14127,1.14129,56
2019.01.30,16:49,1.14129,1.14139,1.14118,1.14138,65
2019.01.30,16:50,1.14139,1.1415,1.14126,1.14148,68
2019.01.30,16:51,1.14146,1.14161,1.14115,1.14116,168
2019.01.30,16:52,1.14117,1.14118,1.14075,1.14083,153
2019.01.30,16:53,1.14085,1.1412,1.14085,1.14116,117
2019.01.30,16:54,1.14116,1.1412,1.14099,1.14111,97
2019.01.30,16:55,1.14112,1.14128,1.14108,1.14128,88
2019.01.30,16:56,1.14132,1.14145,1.14122,1.14143,91
2019.01.30,16:57,1.14144,1.14145,1.14132,1.14135,94
2019.01.30,16:58,1.14134,1.14134,1.14115,1.14123,69
2019.01.30,16:59,1.14124,1.1414,1.14124,1.14139,67
2019.01.30,17:00,1.14138,1.14146,1.14132,1.14138,110
2019.01.30,17:01,1.14142,1.14169,1.14142,1.1416,105
2019.01.30,17:02,1.14158,1.14166,1.14156,1.14161,95
2019.01.30,17:03,1.1416,1.14165,1.14147,1.14147,91
2019.01.30,17:04,1.14148,1.14154,1.14128,1.14152,121
2019.01.30,17:05,1.14152,1.14152,1.14121,1.14125,116
2019.01.30,17:06,1.14128,1.14146,1.14126,1.14136,85
2019.01.30,17:07,1.14135,1.14136,1.14124,1.14131,48
2019.01.30,17:08,1.14131,1.14144,1.1413,1.14142,70
2019.01.30,17:09,1.14143,1.14175,1.14143,1.14168,138
2019.01.30,17:10,1.14168,1.1417,1.14159,1.14165,87
2019.01.30,17:11,1.14164,1.14164,1.14148,1.14158,107
2019.01.30,17:12,1.14158,1.14169,1.14149,1.14149,74
2019.01.30,17:13,1.14148,1.14166,1.14145,1.1416,93
2019.01.30,17:14,1.14161,1.14168,1.14153,1.14163,96
2019.01.30,17:15,1.14163,1.14164,1.14142,1.14144,117
2019.01.30,17:16,1.14144,1.14144,1.14134,1.14138,54
2019.01.30,17:17,1.14138,1.14141,1.14134,1.14138,61
2019.01.30,17:18,1.14138,1.14142,1.14124,1.1413,75
2019.01.30,17:19,1.14128,1.14129,1.14115,1.14124,85
2019.01.30,17:20,1.14124,1.14131,1.14123,1.14129,48
2019.01.30,17:21,1.1413,1.14136,1.14124,1.14135,70
2019.01.30,17:22,1.14135,1.14142,1.14135,1.1414,62
2019.01.30,17:23,1.1414,1.14149,1.14134,1.14149,61
2019.01.30,17:24,1.14148,1.14148,1.14134,1.14139,59
2019.01.30,17:25,1.1414,1.1415,1.14139,1.14149,54
2019.01.30,17:26,1.1415,1.14151,1.14139,1.14144,87
2019.01.30,17:27,1.14144,1.1415,1.14142,1.1415,66
2019.01.30,17:28,1.1415,1.14166,1.1415,1.1416,58
2019.01.30,17:29,1.1416,1.14174,1.14145,1.14151,121
2019.01.30,17:30,1.14149,1.14159,1.1414,1.14151,121
2019.01.30,17:31,1.14151,1.14174,1.14151,1.1417,98
2019.01.30,17:32,1.14171,1.1418,1.14168,1.14176,80
2019.01.30,17:33,1.14175,1.14196,1.14171,1.14196,97
2019.01.30,17:34,1.14197,1.14218,1.14194,1.14197,137
2019.01.30,17:35,1.14194,1.14203,1.1419,1.14201,97
2019.01.30,17:36,1.14198,1.14202,1.14192,1.14194,68
2019.01.30,17:37,1.14194,1.14197,1.14184,1.14186,77
2019.01.30,17:38,1.14188,1.14195,1.1418,1.14183,87
2019.01.30,17:39,1.14184,1.14206,1.14181,1.14199,81
2019.01.30,17:40,1.14199,1.14214,1.14197,1.14205,71
2019.01.30,17:41,1.14204,1.14206,1.14189,1.14196,87
2019.01.30,17:42,1.14196,1.14202,1.14192,1.14198,87
2019.01.30,17:43,1.14199,1.14199,1.14184,1.14198,60
2019.01.30,17:44,1.142,1.14205,1.14191,1.14195,118
2019.01.30,17:45,1.14196,1.14239,1.14196,1.14234,99
2019.01.30,17:46,1.14236,1.1424,1.14223,1.14225,125
2019.01.30,17:47,1.14224,1.14249,1.14221,1.14235,127
2019.01.30,17:48,1.14235,1.14235,1.14204,1.14222,139
2019.01.30,17:49,1.14223,1.14227,1.14217,1.14227,86
2019.01.30,17:50,1.14227,1.14227,1.14209,1.14218,99
2019.01.30,17:51,1.14218,1.14241,1.14217,1.14239,114
2019.01.30,17:52,1.14238,1.14264,1.14234,1.14255,133
2019.01.30,17:53,1.14255,1.14259,1.14222,1.14229,157
2019.01.30,17:54,1.14228,1.14244,1.1422,1.14236,111
2019.01.30,17:55,1.14236,1.1425,1.14227,1.14246,134
2019.01.30,17:56,1.14248,1.14263,1.14248,1.14261,109
2019.01.30,17:57,1.14262,1.14262,1.14247,1.14253,99
2019.01.30,17:58,1.14252,1.14267,1.1425,1.14261,144
2019.01.30,17:59,1.14262,1.14266,1.14241,1.14248,187
2019.01.30,18:00,1.14247,1.14256,1.14241,1.14243,167
2019.01.30,18:01,1.14242,1.14254,1.14227,1.14232,154
2019.01.30,18:02,1.14234,1.14235,1.14217,1.14229,120
2019.01.30,18:03,1.14228,1.14237,1.14206,1.14215,135
2019.01.30,18:04,1.14214,1.14229,1.14214,1.14224,95
2019.01.30,18:05,1.14224,1.14229,1.14217,1.14221,92
2019.01.30,18:06,1.14222,1.14222,1.14212,1.14216,97
2019.01.30,18:07,1.14216,1.14218,1.14207,1.14213,74
2019.01.30,18:08,1.14211,1.14228,1.1421,1.14226,72
2019.01.30,18:09,1.14227,1.14239,1.14209,1.14213,91
2019.01.30,18:10,1.14212,1.14225,1.14209,1.14221,93
2019.01.30,18:11,1.14219,1.14229,1.14212,1.14223,97
2019.01.30,18:12,1.14224,1.1423,1.14221,1.14229,73
2019.01.30,18:13,1.14229,1.14245,1.14229,1.14238,78
2019.01.30,18:14,1.14237,1.14248,1.14231,1.14231,98
2019.01.30,18:15,1.14233,1.14237,1.14231,1.14236,89
2019.01.30,18:16,1.14236,1.14247,1.14236,1.14241,68
2019.01.30,18:17,1.14241,1.14244,1.14235,1.1424,56
2019.01.30,18:18,1.1424,1.1424,1.14217,1.14221,102
2019.01.30,18:19,1.14221,1.14233,1.14219,1.14229,75
2019.01.30,18:20,1.1423,1.14232,1.14222,1.14227,76
2019.01.30,18:21,1.14227,1.14233,1.14221,1.14224,75
2019.01.30,18:22,1.14223,1.14223,1.14211,1.14211,48
2019.01.30,18:23,1.14211,1.14216,1.14203,1.14204,73
2019.01.30,18:24,1.14204,1.14208,1.14186,1.1419,81
2019.01.30,18:25,1.14192,1.14195,1.14168,1.14168,127
2019.01.30,18:26,1.1417,1.14187,1.14159,1.14187,97
2019.01.30,18:27,1.1419,1.14211,1.1419,1.14201,67
2019.01.30,18:28,1.14201,1.14215,1.142,1.14213,73
2019.01.30,18:29,1.14213,1.14216,1.14205,1.14206,86
2019.01.30,18:30,1.14205,1.14227,1.14205,1.14227,111
2019.01.30,18:31,1.14227,1.14228,1.14219,1.14219,79
2019.01.30,18:32,1.1422,1.14224,1.14219,1.14221,61
2019.01.30,18:33,1.14221,1.14233,1.1422,1.14233,71
2019.01.30,18:34,1.14232,1.14241,1.14229,1.14237,109
2019.01.30,18:35,1.14238,1.14246,1.14234,1.14235,95
2019.01.30,18:36,1.14233,1.14235,1.14226,1.14229,75
2019.01.30,18:37,1.14227,1.14233,1.14223,1.14231,80
2019.01.30,18:38,1.14232,1.14235,1.14224,1.1423,86
2019.01.30,18:39,1.14229,1.14229,1.14213,1.14213,66
2019.01.30,18:40,1.14212,1.14216,1.14199,1.14204,60
2019.01.30,18:41,1.14203,1.14204,1.14194,1.14199,77
2019.01.30,18:42,1.14201,1.14212,1.142,1.14212,66
2019.01.30,18:43,1.14212,1.14215,1.14208,1.14211,64
2019.01.30,18:44,1.14212,1.14221,1.14212,1.14218,62
2019.01.30,18:45,1.14219,1.14219,1.14193,1.14193,72
2019.01.30,18:46,1.14194,1.14199,1.14186,1.14197,79
2019.01.30,18:47,1.14198,1.142,1.14192,1.14194,62
2019.01.30,18:48,1.14196,1.14198,1.14187,1.14196,70
2019.01.30,18:49,1.14197,1.14201,1.14187,1.14189,75
2019.01.30,18:50,1.14188,1.1419,1.14161,1.14166,101
2019.01.30,18:51,1.14166,1.1417,1.14155,1.14157,87
2019.01.30,18:52,1.14157,1.14167,1.14156,1.14167,52
2019.01.30,18:53,1.14171,1.14182,1.14164,1.14166,99
2019.01.30,18:54,1.14166,1.14167,1.14152,1.14167,70
2019.01.30,18:55,1.14167,1.14175,1.14161,1.14172,101
2019.01.30,18:56,1.14173,1.14178,1.14165,1.14176,87
2019.01.30,18:57,1.14175,1.14178,1.14172,1.14175,55
2019.01.30,18:58,1.14177,1.14177,1.14156,1.14164,84
2019.01.30,18:59,1.14164,1.14181,1.14162,1.14176,77
2019.01.30,19:00,1.14175,1.14187,1.14172,1.14172,111
2019.01.30,19:01,1.14171,1.14176,1.14163,1.14167,69
2019.01.30,19:02,1.1417,1.14176,1.14163,1.14167,80
2019.01.30,19:03,1.14167,1.14167,1.1416,1.14164,73
2019.01.30,19:04,1.14164,1.14166,1.14131,1.14132,115
2019.01.30,19:05,1.14133,1.14157,1.14133,1.14147,80
2019.01.30,19:06,1.14147,1.14167,1.14146,1.14167,46
2019.01.30,19:07,1.1417,1.14178,1.14163,1.14173,51
2019.01.30,19:08,1.14174,1.14181,1.14174,1.14181,17
2019.01.30,19:09,1.14181,1.14191,1.14181,1.14187,48
2019.01.30,19:10,1.14187,1.14192,1.14186,1.14186,47
2019.01.30,19:11,1.14186,1.14202,1.14186,1.14193,62
2019.01.30,19:12,1.14192,1.14195,1.1418,1.14183,56
2019.01.30,19:13,1.14181,1.14189,1.14181,1.14188,50
2019.01.30,19:14,1.14187,1.14187,1.14173,1.14178,51
2019.01.30,19:15,1.14179,1.14183,1.14173,1.14178,48
2019.01.30,19:16,1.14176,1.14176,1.14166,1.14174,34
2019.01.30,19:17,1.14173,1.14174,1.14162,1.14162,34
2019.01.30,19:18,1.14163,1.14174,1.14159,1.14159,44
2019.01.30,19:19,1.14159,1.14168,1.14153,1.1416,72
2019.01.30,19:20,1.1416,1.14162,1.14153,1.14161,52
2019.01.30,19:21,1.14162,1.14166,1.14152,1.14154,44
2019.01.30,19:22,1.14156,1.14169,1.14156,1.14167,58
2019.01.30,19:23,1.14168,1.14175,1.14154,1.14155,74
2019.01.30,19:24,1.14156,1.14162,1.14151,1.14158,56
2019.01.30,19:25,1.14158,1.14163,1.14158,1.14159,34
2019.01.30,19:26,1.1416,1.14174,1.1416,1.14171,58
2019.01.30,19:27,1.14172,1.14187,1.14172,1.14184,37
2019.01.30,19:28,1.14187,1.14197,1.14184,1.14193,94
2019.01.30,19:29,1.14192,1.14192,1.14183,1.14189,49
2019.01.30,19:30,1.1419,1.14199,1.1419,1.14191,61
2019.01.30,19:31,1.14191,1.142,1.14187,1.14198,47
2019.01.30,19:32,1.14199,1.142,1.14196,1.14199,36
2019.01.30,19:33,1.14199,1.14199,1.14195,1.14198,23
2019.01.30,19:34,1.14199,1.14199,1.14192,1.14193,24
2019.01.30,19:35,1.14193,1.14203,1.14193,1.14203,45
2019.01.30,19:36,1.14204,1.14208,1.14199,1.14205,45
2019.01.30,19:37,1.14205,1.14209,1.142,1.14203,48
2019.01.30,19:38,1.14202,1.14202,1.14194,1.14197,56
2019.01.30,19:39,1.14198,1.14205,1.14197,1.14203,46
2019.01.30,19:40,1.14201,1.14201,1.14195,1.14198,58
2019.01.30,19:41,1.14199,1.14208,1.14198,1.14208,44
2019.01.30,19:42,1.14207,1.14214,1.14206,1.14211,47
2019.01.30,19:43,1.14212,1.1422,1.14211,1.14219,39
2019.01.30,19:44,1.1422,1.14224,1.14218,1.14219,44
2019.01.30,19:45,1.1422,1.1422,1.14216,1.14218,37
2019.01.30,19:46,1.14222,1.14231,1.14218,1.14226,63
2019.01.30,19:47,1.14226,1.14232,1.14225,1.1423,47
2019.01.30,19:48,1.14231,1.14231,1.14223,1.14223,18
2019.01.30,19:49,1.14224,1.14224,1.14215,1.14218,23
2019.01.30,19:50,1.14219,1.14225,1.14217,1.14223,22
2019.01.30,19:51,1.14222,1.14222,1.14212,1.14213,34
2019.01.30,19:52,1.14214,1.14214,1.14209,1.14212,36
2019.01.30,19:53,1.14213,1.14215,1.14209,1.14209,32
2019.01.30,19:54,1.1421,1.14211,1.14205,1.14208,32
2019.01.30,19:55,1.14208,1.14212,1.14207,1.14209,24
2019.01.30,19:56,1.14209,1.14212,1.142,1.14204,68
2019.01.30,19:57,1.14204,1.14205,1.14197,1.14199,51
2019.01.30,19:58,1.142,1.142,1.14189,1.1419,72
2019.01.30,19:59,1.14188,1.14197,1.14182,1.14191,76
2019.01.30,20:00,1.14191,1.14191,1.14173,1.14173,95
2019.01.30,20:01,1.14171,1.14171,1.14157,1.14161,97
2019.01.30,20:02,1.14161,1.14171,1.14158,1.1417,73
2019.01.30,20:03,1.14169,1.14171,1.14164,1.14168,42
2019.01.30,20:04,1.14168,1.14175,1.14167,1.14174,29
2019.01.30,20:05,1.14174,1.14181,1.14174,1.14178,35
2019.01.30,20:06,1.14178,1.1418,1.14177,1.14179,17
2019.01.30,20:07,1.14179,1.14185,1.14179,1.14179,33
2019.01.30,20:08,1.14179,1.1419,1.14179,1.1419,15
2019.01.30,20:09,1.14189,1.14199,1.14184,1.14199,31
2019.01.30,20:10,1.14198,1.14199,1.1419,1.14199,58
2019.01.30,20:11,1.14198,1.14205,1.14197,1.14202,63
2019.01.30,20:12,1.14202,1.14205,1.14198,1.14199,36
2019.01.30,20:13,1.14199,1.14202,1.14185,1.14192,48
2019.01.30,20:14,1.1419,1.1419,1.14178,1.14183,60
2019.01.30,20:15,1.14184,1.1419,1.14176,1.14178,45
2019.01.30,20:16,1.14178,1.14182,1.14174,1.14178,44
2019.01.30,20:17,1.1418,1.14206,1.1418,1.14203,99
2019.01.30,20:18,1.14204,1.14216,1.14203,1.14213,67
2019.01.30,20:19,1.14211,1.14211,1.14194,1.14195,56
2019.01.30,20:20,1.14194,1.14206,1.14194,1.142,52
2019.01.30,20:21,1.14201,1.14217,1.14197,1.14217,65
2019.01.30,20:22,1.14214,1.1423,1.14213,1.14226,63
2019.01.30,20:23,1.14226,1.14226,1.14217,1.14223,60
2019.01.30,20:24,1.14223,1.14229,1.14221,1.14226,55
2019.01.30,20:25,1.14226,1.14231,1.14226,1.14228,38
2019.01.30,20:26,1.14229,1.14232,1.14218,1.14232,60
2019.01.30,20:27,1.1423,1.1423,1.14215,1.14224,49
2019.01.30,20:28,1.14223,1.14239,1.14223,1.1423,67
2019.01.30,20:29,1.1423,1.14244,1.14228,1.14239,58
2019.01.30,20:30,1.14238,1.14241,1.14236,1.14239,37
2019.01.30,20:31,1.14239,1.14242,1.14234,1.14241,37
2019.01.30,20:32,1.14241,1.14245,1.14239,1.14244,23
2019.01.30,20:33,1.14245,1.14248,1.14243,1.14244,46
2019.01.30,20:34,1.14244,1.14246,1.14241,1.14243,51
2019.01.30,20:35,1.14244,1.14244,1.1423,1.1423,85
2019.01.30,20:36,1.14229,1.14229,1.14213,1.14214,64
2019.01.30,20:37,1.14215,1.14221,1.14212,1.14214,33
2019.01.30,20:38,1.14213,1.14216,1.14207,1.14209,60
2019.01.30,20:39,1.14208,1.14218,1.14207,1.14217,43
2019.01.30,20:40,1.14216,1.14225,1.14213,1.14213,63
2019.01.30,20:41,1.14213,1.14219,1.14206,1.14214,49
2019.01.30,20:42,1.14218,1.14223,1.14215,1.14218,59
2019.01.30,20:43,1.14218,1.14228,1.14208,1.1421,88
2019.01.30,20:44,1.14207,1.14208,1.14191,1.14191,64
2019.01.30,20:45,1.14191,1.14191,1.14177,1.14181,74
2019.01.30,20:46,1.14183,1.14193,1.14182,1.14188,56
2019.01.30,20:47,1.14187,1.14189,1.14183,1.14188,32
2019.01.30,20:48,1.14189,1.14194,1.14188,1.14189,38
2019.01.30,20:49,1.14189,1.14194,1.14176,1.14177,36
2019.01.30,20:50,1.14178,1.14186,1.14178,1.14183,46
2019.01.30,20:51,1.14182,1.14188,1.1418,1.14183,58
2019.01.30,20:52,1.14185,1.14192,1.14178,1.14183,73
2019.01.30,20:53,1.14183,1.14185,1.14147,1.14152,77
2019.01.30,20:54,1.1415,1.14165,1.14149,1.14159,90
2019.01.30,20:55,1.14159,1.14174,1.14159,1.14166,87
2019.01.30,20:56,1.14167,1.14173,1.14166,1.14167,24
2019.01.30,20:57,1.14168,1.14172,1.14148,1.14149,52
2019.01.30,20:58,1.14149,1.1416,1.14137,1.1415,101
2019.01.30,20:59,1.14148,1.14189,1.14148,1.14178,119
2019.01.30,21:00,1.14182,1.14616,1.1417,1.14572,523
2019.01.30,21:01,1.14569,1.14605,1.14501,1.14526,440
2019.01.30,21:02,1.14533,1.14626,1.14485,1.14594,417
2019.01.30,21:03,1.14594,1.14686,1.14594,1.14656,390
2019.01.30,21:04,1.14655,1.14711,1.14629,1.14681,386
2019.01.30,21:05,1.14685,1.14708,1.14658,1.14704,364
2019.01.30,21:06,1.14704,1.14712,1.1467,1.14675,286
2019.01.30,21:07,1.14677,1.14677,1.14641,1.14661,230
2019.01.30,21:08,1.14664,1.14693,1.14649,1.14651,215
2019.01.30,21:09,1.14647,1.14664,1.14605,1.14625,244
2019.01.30,21:10,1.14625,1.14702,1.1462,1.14701,290
2019.01.30,21:11,1.14698,1.14738,1.14698,1.14713,256
2019.01.30,21:12,1.14711,1.14722,1.14685,1.147,219
2019.01.30,21:13,1.14699,1.14724,1.1467,1.14711,230
2019.01.30,21:14,1.14712,1.14735,1.14684,1.147,216
2019.01.30,21:15,1.14704,1.14748,1.14702,1.14746,250
2019.01.30,21:16,1.14743,1.1475,1.14708,1.1471,208
2019.01.30,21:17,1.14711,1.14755,1.14691,1.14747,263
2019.01.30,21:18,1.14746,1.14753,1.14707,1.14725,226
2019.01.30,21:19,1.14726,1.14763,1.14721,1.1476,202
2019.01.30,21:20,1.14759,1.14768,1.14726,1.14742,208
2019.01.30,21:21,1.1474,1.14792,1.14738,1.14764,212
2019.01.30,21:22,1.14766,1.14793,1.14751,1.1479,177
2019.01.30,21:23,1.14792,1.148,1.14784,1.14789,183
2019.01.30,21:24,1.14789,1.14793,1.14764,1.14765,202
2019.01.30,21:25,1.14766,1.14784,1.14764,1.14776,124
2019.01.30,21:26,1.14776,1.14789,1.14756,1.14757,148
2019.01.30,21:27,1.14756,1.14766,1.14743,1.14745,164
2019.01.30,21:28,1.14745,1.14752,1.14721,1.14726,195
2019.01.30,21:29,1.14727,1.14737,1.14698,1.14708,200
2019.01.30,21:30,1.14711,1.14738,1.14711,1.14717,155
2019.01.30,21:31,1.14719,1.14807,1.14719,1.14779,244
2019.01.30,21:32,1.1478,1.14824,1.14779,1.14824,181
2019.01.30,21:33,1.14822,1.14847,1.14799,1.14844,218
2019.01.30,21:34,1.14843,1.14854,1.14833,1.14837,233
2019.01.30,21:35,1.14851,1.14894,1.14851,1.14879,265
2019.01.30,21:36,1.14877,1.14904,1.14855,1.14858,209
2019.01.30,21:37,1.14856,1.14932,1.14856,1.14931,256
2019.01.30,21:38,1.14932,1.14941,1.14905,1.14919,213
2019.01.30,21:39,1.14919,1.14938,1.14902,1.14924,195
2019.01.30,21:40,1.14924,1.14947,1.14909,1.14926,199
2019.01.30,21:41,1.14925,1.14927,1.14894,1.14905,188
2019.01.30,21:42,1.14905,1.14939,1.14902,1.14937,164
2019.01.30,21:43,1.14935,1.14965,1.14933,1.14965,204
2019.01.30,21:44,1.14964,1.14992,1.14956,1.14988,200
2019.01.30,21:45,1.14989,1.14994,1.14954,1.14988,228
2019.01.30,21:46,1.14988,1.14992,1.14973,1.14975,151
2019.01.30,21:47,1.14974,1.15002,1.14968,1.14994,212
2019.01.30,21:48,1.14995,1.15016,1.14985,1.14986,180
2019.01.30,21:49,1.14987,1.14989,1.14927,1.14937,194
2019.01.30,21:50,1.1494,1.14949,1.14868,1.14868,319
2019.01.30,21:51,1.14866,1.14879,1.1484,1.14868,267
2019.01.30,21:52,1.14866,1.14866,1.14812,1.14822,261
2019.01.30,21:53,1.14823,1.14869,1.14823,1.14862,153
2019.01.30,21:54,1.14863,1.14888,1.14863,1.14881,162
2019.01.30,21:55,1.14883,1.14898,1.14876,1.14887,154
2019.01.30,21:56,1.14888,1.14923,1.14887,1.14918,183
2019.01.30,21:57,1.14917,1.14918,1.14826,1.14839,198
2019.01.30,21:58,1.14838,1.1488,1.14836,1.14879,226
2019.01.30,21:59,1.1488,1.14931,1.14875,1.14927,222
2019.01.30,22:00,1.14929,1.14944,1.14904,1.14906,245
2019.01.30,22:01,1.14907,1.14927,1.14895,1.14912,208
2019.01.30,22:02,1.14916,1.14933,1.14914,1.14919,153
2019.01.30,22:03,1.14918,1.14927,1.14894,1.14894,165
2019.01.30,22:04,1.14894,1.14896,1.14865,1.1488,182
2019.01.30,22:05,1.1488,1.14884,1.14846,1.14876,180
2019.01.30,22:06,1.14875,1.14879,1.14849,1.14863,164
2019.01.30,22:07,1.14863,1.14899,1.14854,1.14898,157
2019.01.30,22:08,1.14899,1.14906,1.14883,1.14886,161
2019.01.30,22:09,1.14885,1.14885,1.14842,1.14844,176
2019.01.30,22:10,1.14844,1.14847,1.14824,1.14829,173
2019.01.30,22:11,1.14831,1.14835,1.14776,1.14788,231
2019.01.30,22:12,1.14787,1.14807,1.14781,1.14795,223
2019.01.30,22:13,1.14792,1.14822,1.14787,1.148,181
2019.01.30,22:14,1.148,1.14806,1.14791,1.14791,137
2019.01.30,22:15,1.1479,1.14805,1.14787,1.14794,92
2019.01.30,22:16,1.14796,1.14824,1.14795,1.14823,96
2019.01.30,22:17,1.14823,1.14854,1.14816,1.14846,130
2019.01.30,22:18,1.14847,1.14848,1.14823,1.1483,105
2019.01.30,22:19,1.14829,1.14829,1.14806,1.14809,131
2019.01.30,22:20,1.14809,1.14818,1.14801,1.14817,100
2019.01.30,22:21,1.14818,1.1484,1.14817,1.14838,88
2019.01.30,22:22,1.14838,1.14843,1.14829,1.14829,99
2019.01.30,22:23,1.14831,1.14851,1.14829,1.1485,92
2019.01.30,22:24,1.14851,1.14856,1.14843,1.14853,110
2019.01.30,22:25,1.14852,1.14863,1.1484,1.14849,97
2019.01.30,22:26,1.14847,1.14847,1.14828,1.1483,93
2019.01.30,22:27,1.14831,1.14851,1.14828,1.14847,104
2019.01.30,22:28,1.14846,1.1485,1.14834,1.14838,107
2019.01.30,22:29,1.14839,1.14851,1.14836,1.14845,87
2019.01.30,22:30,1.14844,1.14846,1.14827,1.14833,72
2019.01.30,22:31,1.14835,1.14843,1.1483,1.14842,59
2019.01.30,22:32,1.14843,1.14856,1.14843,1.14853,58
2019.01.30,22:33,1.14852,1.14852,1.1483,1.14831,83
2019.01.30,22:34,1.14832,1.14849,1.1483,1.14831,92
2019.01.30,22:35,1.14831,1.14844,1.1482,1.1484,98
2019.01.30,22:36,1.14839,1.14851,1.14839,1.14842,93
2019.01.30,22:37,1.14841,1.14848,1.14835,1.14842,87
2019.01.30,22:38,1.14844,1.14861,1.14844,1.14859,63
2019.01.30,22:39,1.14858,1.14864,1.14849,1.14857,119
2019.01.30,22:40,1.14856,1.14884,1.14854,1.14866,159
2019.01.30,22:41,1.14867,1.14873,1.14851,1.14857,111
2019.01.30,22:42,1.14857,1.14864,1.14847,1.14864,76
2019.01.30,22:43,1.1486,1.14864,1.14835,1.14839,109
2019.01.30,22:44,1.14839,1.14845,1.14836,1.14838,89
2019.01.30,22:45,1.14839,1.14841,1.14805,1.1481,115
2019.01.30,22:46,1.1481,1.1483,1.14806,1.1482,95
2019.01.30,22:47,1.14822,1.14826,1.1481,1.14811,62
2019.01.30,22:48,1.1481,1.14815,1.14796,1.1481,83
2019.01.30,22:49,1.1481,1.14823,1.14808,1.14818,76
2019.01.30,22:50,1.14818,1.14819,1.148,1.14802,76
2019.01.30,22:51,1.14805,1.14814,1.148,1.14814,59
2019.01.30,22:52,1.14814,1.14822,1.14805,1.14806,70
2019.01.30,22:53,1.14808,1.14809,1.1479,1.14791,100
2019.01.30,22:54,1.1479,1.14798,1.14764,1.14765,128
2019.01.30,22:55,1.14766,1.1477,1.14764,1.14765,80
2019.01.30,22:56,1.14767,1.14778,1.14762,1.14776,82
2019.01.30,22:57,1.14777,1.14799,1.14774,1.14791,135
2019.01.30,22:58,1.14791,1.14805,1.14791,1.14797,107
2019.01.30,22:59,1.14798,1.14815,1.14797,1.14805,105
2019.01.30,23:00,1.14805,1.14807,1.14771,1.14792,109
2019.01.30,23:01,1.14793,1.14794,1.14785,1.14787,49
2019.01.30,23:02,1.14787,1.14795,1.14787,1.14791,49
2019.01.30,23:03,1.1479,1.14794,1.14789,1.14792,32
2019.01.30,23:04,1.14792,1.14793,1.14787,1.14788,25
2019.01.30,23:05,1.14787,1.14788,1.14767,1.14769,95
2019.01.30,23:06,1.14768,1.14772,1.14764,1.14768,64
2019.01.30,23:07,1.14769,1.1477,1.14759,1.14761,63
2019.01.30,23:08,1.14759,1.14772,1.14755,1.14768,87
2019.01.30,23:09,1.14767,1.14773,1.1476,1.14771,72
2019.01.30,23:10,1.14772,1.14772,1.14769,1.1477,16
2019.01.30,23:11,1.14771,1.14775,1.14763,1.14772,42
2019.01.30,23:12,1.1477,1.14776,1.14768,1.14775,56
2019.01.30,23:13,1.14775,1.14775,1.14769,1.14773,27
2019.01.30,23:14,1.14772,1.1478,1.14772,1.14778,34
2019.01.30,23:15,1.14778,1.14781,1.14769,1.14769,60
2019.01.30,23:16,1.14769,1.14776,1.14769,1.14773,25
2019.01.30,23:17,1.14773,1.14773,1.14758,1.14763,29
2019.01.30,23:18,1.14763,1.14773,1.14762,1.1477,25
2019.01.30,23:19,1.14771,1.14774,1.14768,1.14773,19
2019.01.30,23:20,1.14773,1.14792,1.14773,1.14792,27
2019.01.30,23:21,1.14791,1.14811,1.14791,1.14808,37
2019.01.30,23:22,1.14809,1.14819,1.14803,1.14803,41
2019.01.30,23:23,1.14802,1.14817,1.14802,1.14817,22
2019.01.30,23:24,1.14816,1.14821,1.14815,1.1482,24
2019.01.30,23:25,1.1482,1.1483,1.14819,1.14823,32
2019.01.30,23:26,1.14823,1.14828,1.14812,1.14812,42
2019.01.30,23:27,1.14813,1.14813,1.14804,1.14804,14
2019.01.30,23:28,1.14803,1.14806,1.14803,1.14804,9
2019.01.30,23:29,1.14803,1.1481,1.14803,1.1481,22
2019.01.30,23:30,1.14808,1.14808,1.14802,1.14803,42
2019.01.30,23:31,1.14803,1.14803,1.14786,1.14788,31
2019.01.30,23:32,1.14789,1.14792,1.14777,1.14777,39
2019.01.30,23:33,1.14777,1.14788,1.14775,1.14788,50
2019.01.30,23:34,1.14787,1.14788,1.14782,1.14783,26
2019.01.30,23:35,1.14783,1.14783,1.14772,1.14772,27
2019.01.30,23:36,1.14772,1.14783,1.14767,1.14777,48
2019.01.30,23:37,1.14778,1.1478,1.14768,1.14777,48
2019.01.30,23:38,1.14776,1.14776,1.14766,1.14768,34
2019.01.30,23:39,1.14768,1.14774,1.14768,1.14773,16
2019.01.30,23:40,1.14774,1.14794,1.14774,1.14792,36
2019.01.30,23:41,1.1479,1.1479,1.14777,1.1478,28
2019.01.30,23:42,1.14781,1.1479,1.14781,1.1479,26
2019.01.30,23:43,1.14789,1.14789,1.14786,1.14786,18
2019.01.30,23:44,1.14787,1.14793,1.14787,1.14792,28
2019.01.30,23:45,1.14792,1.14794,1.14783,1.1479,40
2019.01.30,23:46,1.14791,1.14793,1.14786,1.14786,21
2019.01.30,23:47,1.14789,1.14791,1.14784,1.1479,37
2019.01.30,23:48,1.14789,1.14823,1.14789,1.14807,82
2019.01.30,23:49,1.14807,1.14813,1.14807,1.14813,61
2019.01.30,23:50,1.14811,1.14812,1.14801,1.14802,60
2019.01.30,23:51,1.14802,1.14809,1.14801,1.14803,38
2019.01.30,23:52,1.14802,1.14802,1.14781,1.14781,40
2019.01.30,23:53,1.14783,1.14793,1.14783,1.14792,37
2019.01.30,23:54,1.14793,1.14801,1.14793,1.14801,14
2019.01.30,23:55,1.148,1.14801,1.14796,1.148,21
2019.01.30,23:56,1.148,1.148,1.14795,1.14797,20
2019.01.30,23:57,1.14797,1.14808,1.14792,1.14802,54
2019.01.30,23:58,1.14802,1.14802,1.14792,1.14795,26
2019.01.30,23:59,1.14792,1.14801,1.14787,1.14787,29
2019.01.31,00:00,1.14788,1.1479,1.14786,1.14789,11
2019.01.31,00:01,1.14788,1.14788,1.14786,1.14786,5
2019.01.31,00:02,1.14782,1.14789,1.14777,1.14789,21
2019.01.31,00:03,1.14791,1.14792,1.14791,1.14792,10
2019.01.31,00:04,1.14792,1.14792,1.14786,1.1479,19
2019.01.31,00:05,1.1479,1.1479,1.14787,1.14787,27
2019.01.31,00:06,1.14786,1.14793,1.14786,1.14789,43
2019.01.31,00:07,1.1479,1.14793,1.14788,1.14792,59
2019.01.31,00:08,1.14794,1.14798,1.14792,1.14794,23
2019.01.31,00:09,1.14795,1.14795,1.14794,1.14795,27
2019.01.31,00:10,1.14794,1.14796,1.14794,1.14794,21
2019.01.31,00:11,1.14795,1.14796,1.14794,1.14794,14
2019.01.31,00:12,1.14795,1.1483,1.14794,1.14816,60
2019.01.31,00:13,1.14826,1.14833,1.14813,1.14813,65
2019.01.31,00:14,1.14813,1.1483,1.14813,1.1483,74
2019.01.31,00:15,1.14826,1.14832,1.14817,1.14824,46
2019.01.31,00:16,1.14824,1.14836,1.14824,1.14835,23
2019.01.31,00:17,1.14834,1.14834,1.14826,1.14826,17
2019.01.31,00:18,1.14827,1.14831,1.14821,1.14822,22
2019.01.31,00:19,1.14822,1.14831,1.14822,1.14831,22
2019.01.31,00:20,1.14831,1.14837,1.14823,1.14823,32
2019.01.31,00:21,1.14828,1.14838,1.14828,1.14832,25
2019.01.31,00:22,1.14832,1.14832,1.14832,1.14832,11
2019.01.31,00:23,1.14832,1.14835,1.14832,1.14834,20
2019.01.31,00:24,1.14834,1.14841,1.14833,1.14839,60
2019.01.31,00:25,1.14838,1.14848,1.14838,1.14847,48
2019.01.31,00:26,1.14851,1.14851,1.14841,1.14841,47
2019.01.31,00:27,1.14842,1.14852,1.14837,1.14843,47
2019.01.31,00:28,1.14844,1.14856,1.14841,1.14841,51
2019.01.31,00:29,1.14842,1.14852,1.14841,1.14852,23
2019.01.31,00:30,1.14849,1.14849,1.14837,1.14841,48
2019.01.31,00:31,1.14842,1.14845,1.14836,1.14843,24
2019.01.31,00:32,1.14844,1.14844,1.14842,1.14844,18
2019.01.31,00:33,1.14842,1.14843,1.14838,1.14841,30
2019.01.31,00:34,1.14842,1.14843,1.14841,1.14842,17
2019.01.31,00:35,1.14842,1.14843,1.14837,1.14842,39
2019.01.31,00:36,1.14841,1.14843,1.14837,1.14839,26
2019.01.31,00:37,1.14839,1.14841,1.14836,1.14836,16
2019.01.31,00:38,1.14836,1.1484,1.14836,1.14839,11
2019.01.31,00:39,1.14838,1.1484,1.14837,1.14838,18
2019.01.31,00:40,1.14839,1.1484,1.14824,1.14824,26
2019.01.31,00:41,1.14825,1.14832,1.14821,1.14822,33
2019.01.31,00:42,1.14822,1.14823,1.14812,1.14816,24
2019.01.31,00:43,1.14818,1.1482,1.14816,1.1482,20
2019.01.31,00:44,1.14823,1.14823,1.14812,1.14818,29
2019.01.31,00:45,1.14819,1.14819,1.14815,1.14815,16
2019.01.31,00:46,1.14816,1.14822,1.14806,1.14821,35
2019.01.31,00:47,1.14823,1.14826,1.14823,1.14824,12
2019.01.31,00:48,1.14822,1.14822,1.14807,1.14808,17
2019.01.31,00:49,1.14806,1.14809,1.14804,1.14805,22
2019.01.31,00:50,1.14804,1.1481,1.14804,1.14806,23
2019.01.31,00:51,1.14805,1.14808,1.14805,1.14807,4
2019.01.31,00:52,1.14809,1.14811,1.14807,1.14811,13
2019.01.31,00:53,1.1481,1.14814,1.14808,1.14808,11
2019.01.31,00:54,1.14805,1.14812,1.14803,1.14809,16
2019.01.31,00:55,1.1481,1.1481,1.14807,1.14808,8
2019.01.31,00:56,1.14806,1.14808,1.14806,1.14807,3
2019.01.31,00:58,1.14805,1.14805,1.14805,1.14805,1
2019.01.31,00:59,1.14804,1.14809,1.14804,1.14807,14
2019.01.31,01:00,1.14806,1.14821,1.14806,1.14816,113
2019.01.31,01:01,1.14822,1.14831,1.14821,1.14827,27
2019.01.31,01:02,1.14826,1.14826,1.14822,1.14823,16
2019.01.31,01:03,1.14823,1.14823,1.14823,1.14823,3
2019.01.31,01:04,1.14825,1.14839,1.14825,1.14838,23
2019.01.31,01:05,1.14839,1.1484,1.14837,1.14838,28
2019.01.31,01:06,1.14838,1.14839,1.14837,1.14838,11
2019.01.31,01:07,1.14838,1.14839,1.14838,1.14839,8
2019.01.31,01:08,1.14838,1.14843,1.14837,1.14838,29
2019.01.31,01:09,1.14838,1.14841,1.14838,1.14838,6
2019.01.31,01:10,1.14838,1.14844,1.14837,1.14843,28
2019.01.31,01:11,1.14842,1.14845,1.14842,1.14845,16
2019.01.31,01:12,1.14844,1.14844,1.14843,1.14844,6
2019.01.31,01:13,1.14843,1.14849,1.14843,1.14845,27
2019.01.31,01:14,1.14844,1.14852,1.14844,1.14852,21
2019.01.31,01:15,1.14854,1.14864,1.14853,1.14854,29
2019.01.31,01:16,1.14853,1.14853,1.14842,1.14848,40
2019.01.31,01:17,1.14847,1.14853,1.14847,1.14847,27
2019.01.31,01:18,1.14847,1.1485,1.14847,1.14849,23
2019.01.31,01:19,1.14849,1.14855,1.14848,1.14853,35
2019.01.31,01:20,1.14853,1.14854,1.14849,1.14851,50
2019.01.31,01:21,1.14851,1.14854,1.1485,1.14852,79
2019.01.31,01:22,1.14853,1.14862,1.14853,1.14862,20
2019.01.31,01:23,1.14862,1.14864,1.1486,1.1486,40
2019.01.31,01:24,1.14861,1.14862,1.14859,1.14862,8
2019.01.31,01:25,1.14862,1.14862,1.1486,1.1486,10
2019.01.31,01:26,1.1486,1.1486,1.14854,1.14854,13
2019.01.31,01:27,1.14855,1.1486,1.14854,1.14856,30
2019.01.31,01:28,1.14855,1.14862,1.14854,1.14856,26
2019.01.31,01:29,1.14855,1.14859,1.14855,1.14859,13
2019.01.31,01:30,1.1486,1.1486,1.14858,1.14858,27
2019.01.31,01:31,1.14857,1.14859,1.14857,1.14858,12
2019.01.31,01:32,1.14859,1.14867,1.14859,1.14866,28
2019.01.31,01:33,1.14866,1.14868,1.14864,1.14864,21
2019.01.31,01:34,1.14863,1.14863,1.14859,1.14862,20
2019.01.31,01:35,1.14861,1.14862,1.1486,1.14862,10
2019.01.31,01:36,1.14862,1.14871,1.14862,1.14869,22
2019.01.31,01:37,1.14869,1.14871,1.14869,1.1487,18
2019.01.31,01:38,1.1487,1.14876,1.1487,1.14874,28
2019.01.31,01:39,1.14875,1.14888,1.14874,1.14885,45
2019.01.31,01:40,1.14884,1.14893,1.14884,1.14886,49
2019.01.31,01:41,1.14885,1.14887,1.14884,1.14885,12
2019.01.31,01:42,1.14886,1.14891,1.14884,1.14885,38
2019.01.31,01:43,1.14885,1.14891,1.14881,1.14881,30
2019.01.31,01:44,1.14881,1.14881,1.14877,1.14879,20
2019.01.31,01:45,1.14878,1.14878,1.14871,1.14874,32
2019.01.31,01:46,1.14873,1.14875,1.14871,1.14874,26
2019.01.31,01:47,1.14874,1.14887,1.14871,1.14882,41
2019.01.31,01:48,1.14881,1.14882,1.1488,1.1488,17
2019.01.31,01:49,1.1488,1.1488,1.14876,1.14878,23
2019.01.31,01:50,1.14879,1.14884,1.14876,1.14881,21
2019.01.31,01:51,1.14882,1.14882,1.14878,1.14878,10
2019.01.31,01:52,1.14877,1.14881,1.1487,1.1487,33
2019.01.31,01:53,1.14869,1.14869,1.1485,1.1485,33
2019.01.31,01:54,1.14849,1.1485,1.14846,1.14848,24
2019.01.31,01:55,1.14847,1.14847,1.1484,1.1484,17
2019.01.31,01:56,1.1484,1.14851,1.14834,1.14851,34
2019.01.31,01:57,1.14851,1.14854,1.14851,1.14854,11
2019.01.31,01:58,1.14853,1.14853,1.14851,1.14851,20
2019.01.31,01:59,1.14851,1.14852,1.1485,1.14852,9
2019.01.31,02:00,1.14852,1.14852,1.14842,1.14851,59
2019.01.31,02:01,1.1485,1.1486,1.1485,1.1486,34
2019.01.31,02:02,1.14861,1.14887,1.14861,1.14885,59
2019.01.31,02:03,1.14886,1.14902,1.14884,1.14893,110
2019.01.31,02:04,1.14893,1.14896,1.1489,1.14895,54
2019.01.31,02:05,1.14896,1.14912,1.14896,1.1491,72
2019.01.31,02:06,1.14909,1.1492,1.14908,1.14916,41
2019.01.31,02:07,1.14916,1.14917,1.14905,1.14917,70
2019.01.31,02:08,1.14916,1.14931,1.14916,1.14929,48
2019.01.31,02:09,1.14928,1.14947,1.14926,1.14944,63
2019.01.31,02:10,1.14945,1.14957,1.14933,1.1494,120
2019.01.31,02:11,1.14939,1.14941,1.14933,1.14933,44
2019.01.31,02:12,1.14932,1.14933,1.14923,1.14924,51
2019.01.31,02:13,1.14924,1.14924,1.14906,1.14906,36
2019.01.31,02:14,1.14907,1.14928,1.14898,1.14925,61
2019.01.31,02:15,1.14923,1.14923,1.1491,1.14915,59
2019.01.31,02:16,1.14913,1.14913,1.14904,1.14908,51
2019.01.31,02:17,1.14907,1.14909,1.14894,1.14904,46
2019.01.31,02:18,1.14904,1.14904,1.1489,1.14898,46
2019.01.31,02:19,1.14898,1.14909,1.14898,1.14909,30
2019.01.31,02:20,1.1491,1.1494,1.14908,1.14937,104
2019.01.31,02:21,1.14937,1.14938,1.14931,1.14937,66
2019.01.31,02:22,1.14936,1.14947,1.14933,1.14941,56
2019.01.31,02:23,1.14941,1.14943,1.14932,1.14936,66
2019.01.31,02:24,1.14936,1.14942,1.14932,1.14934,55
2019.01.31,02:25,1.14935,1.14937,1.14933,1.14936,51
2019.01.31,02:26,1.14936,1.14938,1.14925,1.14925,49
2019.01.31,02:27,1.14926,1.14929,1.14925,1.14925,28
2019.01.31,02:28,1.14926,1.14932,1.1492,1.14931,38
2019.01.31,02:29,1.14932,1.14936,1.14929,1.1493,39
2019.01.31,02:30,1.14932,1.14936,1.1493,1.14932,70
2019.01.31,02:31,1.14933,1.14942,1.14933,1.14935,65
2019.01.31,02:32,1.14936,1.14939,1.14926,1.14932,75
2019.01.31,02:33,1.14931,1.14932,1.1492,1.1492,33
2019.01.31,02:34,1.1492,1.14922,1.14914,1.14921,58
2019.01.31,02:35,1.14922,1.14922,1.14906,1.14907,60
2019.01.31,02:36,1.14906,1.14912,1.14906,1.14906,36
2019.01.31,02:37,1.14906,1.14916,1.14905,1.14908,46
2019.01.31,02:38,1.14909,1.14909,1.149,1.14904,33
2019.01.31,02:39,1.14903,1.14904,1.149,1.14903,32
2019.01.31,02:40,1.14905,1.14905,1.14899,1.14902,40
2019.01.31,02:41,1.14902,1.14902,1.14895,1.14896,41
2019.01.31,02:42,1.14897,1.14897,1.1489,1.14891,36
2019.01.31,02:43,1.14892,1.14892,1.1488,1.1488,50
2019.01.31,02:44,1.14881,1.14881,1.14875,1.1488,50
2019.01.31,02:45,1.1488,1.14881,1.1488,1.1488,25
2019.01.31,02:46,1.14881,1.14881,1.14871,1.14874,55
2019.01.31,02:47,1.14874,1.14876,1.1487,1.14875,36
2019.01.31,02:48,1.14875,1.14875,1.14866,1.1487,51
2019.01.31,02:49,1.1487,1.14876,1.14869,1.14875,26
2019.01.31,02:50,1.14875,1.14902,1.14875,1.149,89
2019.01.31,02:51,1.149,1.14902,1.14895,1.14895,45
2019.01.31,02:52,1.14894,1.14904,1.14894,1.14902,78
2019.01.31,02:53,1.14901,1.14904,1.14892,1.14893,65
2019.01.31,02:54,1.14891,1.14893,1.14874,1.14876,113
2019.01.31,02:55,1.14875,1.14894,1.14873,1.14893,91
2019.01.31,02:56,1.14894,1.14894,1.14888,1.1489,42
2019.01.31,02:57,1.1489,1.1489,1.14875,1.14876,45
2019.01.31,02:58,1.14876,1.14877,1.14874,1.14874,27
2019.01.31,02:59,1.14874,1.1488,1.14871,1.14877,61
2019.01.31,03:00,1.14878,1.14905,1.14873,1.14905,122
2019.01.31,03:01,1.14904,1.14907,1.14902,1.14905,62
2019.01.31,03:02,1.14906,1.14906,1.14883,1.14883,67
2019.01.31,03:03,1.14882,1.14891,1.14874,1.14887,97
2019.01.31,03:04,1.14887,1.14901,1.14883,1.14899,68
2019.01.31,03:05,1.149,1.14905,1.14899,1.14905,25
2019.01.31,03:06,1.14905,1.14913,1.14905,1.14911,33
2019.01.31,03:07,1.14912,1.14916,1.14912,1.14915,39
2019.01.31,03:08,1.14914,1.14926,1.14913,1.14923,58
2019.01.31,03:09,1.14922,1.14927,1.14922,1.14924,48
2019.01.31,03:10,1.14924,1.14928,1.14922,1.14926,48
2019.01.31,03:11,1.14926,1.14936,1.14926,1.14936,35
2019.01.31,03:12,1.14936,1.14936,1.14924,1.14925,61
2019.01.31,03:13,1.14926,1.14932,1.14925,1.14931,29
2019.01.31,03:14,1.14931,1.14931,1.14925,1.14927,30
2019.01.31,03:15,1.14929,1.14932,1.1492,1.14931,75
2019.01.31,03:16,1.14932,1.14936,1.1493,1.14932,39
2019.01.31,03:17,1.14933,1.14937,1.14926,1.14926,55
2019.01.31,03:18,1.14925,1.14929,1.14918,1.1492,44
2019.01.31,03:19,1.14921,1.14933,1.14918,1.14933,40
2019.01.31,03:20,1.14932,1.14932,1.14926,1.14927,46
2019.01.31,03:21,1.14928,1.14932,1.14928,1.1493,32
2019.01.31,03:22,1.1493,1.14931,1.14925,1.14931,20
2019.01.31,03:23,1.14932,1.14933,1.14926,1.14933,38
2019.01.31,03:24,1.14933,1.14937,1.14932,1.14936,26
2019.01.31,03:25,1.14934,1.14934,1.14931,1.14931,17
2019.01.31,03:26,1.14931,1.14932,1.1493,1.14932,15
2019.01.31,03:27,1.14932,1.14932,1.14926,1.14932,20
2019.01.31,03:28,1.14931,1.14932,1.14931,1.14931,9
2019.01.31,03:29,1.1493,1.14932,1.14919,1.14921,62
2019.01.31,03:30,1.14922,1.14936,1.14914,1.14936,62
2019.01.31,03:31,1.14935,1.14936,1.14924,1.14924,41
2019.01.31,03:32,1.14924,1.14924,1.1491,1.1491,57
2019.01.31,03:33,1.14909,1.1491,1.14904,1.14905,46
2019.01.31,03:34,1.14904,1.1491,1.14904,1.14909,47
2019.01.31,03:35,1.14907,1.14922,1.14906,1.14918,52
2019.01.31,03:36,1.14918,1.14931,1.14918,1.1493,47
2019.01.31,03:37,1.14931,1.14931,1.14922,1.14925,47
2019.01.31,03:38,1.14924,1.14928,1.14924,1.14926,27
2019.01.31,03:39,1.14926,1.14941,1.14926,1.14938,42
2019.01.31,03:40,1.14937,1.14941,1.14932,1.14937,62
2019.01.31,03:41,1.14936,1.14939,1.14933,1.14933,47
2019.01.31,03:42,1.14934,1.14936,1.1493,1.1493,52
2019.01.31,03:43,1.14931,1.14945,1.1493,1.14934,51
2019.01.31,03:44,1.14934,1.14935,1.14929,1.14934,24
2019.01.31,03:45,1.14933,1.14939,1.14932,1.14939,28
2019.01.31,03:46,1.1494,1.1494,1.14934,1.14935,10
2019.01.31,03:47,1.14934,1.14935,1.14934,1.14934,10
2019.01.31,03:48,1.14934,1.14936,1.14927,1.14936,27
2019.01.31,03:49,1.14936,1.14937,1.14929,1.14929,18
2019.01.31,03:50,1.1493,1.1493,1.14929,1.1493,17
2019.01.31,03:51,1.1493,1.1493,1.14924,1.14925,22
2019.01.31,03:52,1.14927,1.14941,1.14927,1.14941,14
2019.01.31,03:53,1.1494,1.14941,1.1493,1.14941,38
2019.01.31,03:54,1.1494,1.14944,1.14934,1.14935,23
2019.01.31,03:55,1.14936,1.1494,1.14925,1.1493,58
2019.01.31,03:56,1.14931,1.14937,1.14929,1.14931,44
2019.01.31,03:57,1.1493,1.14935,1.14925,1.14925,17
2019.01.31,03:58,1.14926,1.14926,1.14919,1.1492,20
2019.01.31,03:59,1.14923,1.14935,1.14923,1.14933,30
2019.01.31,04:00,1.14932,1.14935,1.14923,1.14923,45
2019.01.31,04:01,1.14924,1.14929,1.14924,1.14925,46
2019.01.31,04:02,1.14925,1.14925,1.14919,1.14922,14
2019.01.31,04:03,1.14921,1.14925,1.14917,1.14925,26
2019.01.31,04:04,1.14924,1.14926,1.1492,1.14926,27
2019.01.31,04:05,1.14925,1.14931,1.14925,1.1493,44
2019.01.31,04:06,1.14928,1.14936,1.14927,1.14931,39
2019.01.31,04:07,1.14932,1.14936,1.14932,1.14936,19
2019.01.31,04:08,1.14937,1.14943,1.14936,1.14941,9
2019.01.31,04:09,1.14942,1.14948,1.14942,1.14947,34
2019.01.31,04:10,1.14945,1.14945,1.14934,1.14936,40
2019.01.31,04:11,1.14936,1.1495,1.14936,1.1495,38
2019.01.31,04:12,1.14949,1.14951,1.14942,1.14944,51
2019.01.31,04:13,1.14944,1.14955,1.14944,1.14955,45
2019.01.31,04:14,1.14955,1.14956,1.14946,1.14954,60
2019.01.31,04:15,1.14953,1.14957,1.14949,1.14953,70
2019.01.31,04:16,1.14953,1.14959,1.14953,1.14959,17
2019.01.31,04:17,1.1496,1.14965,1.14957,1.14958,34
2019.01.31,04:18,1.1496,1.14962,1.14957,1.14957,19
2019.01.31,04:19,1.14957,1.14958,1.14952,1.14952,24
2019.01.31,04:20,1.14952,1.14956,1.14947,1.14956,25
2019.01.31,04:21,1.14955,1.14955,1.14942,1.14947,45
2019.01.31,04:22,1.14947,1.14949,1.14942,1.14942,44
2019.01.31,04:23,1.14941,1.14949,1.14941,1.14947,21
2019.01.31,04:24,1.14946,1.14947,1.14939,1.1494,25
2019.01.31,04:25,1.14941,1.14947,1.14941,1.14946,38
2019.01.31,04:26,1.14948,1.14953,1.14947,1.14953,20
2019.01.31,04:27,1.14953,1.14957,1.14952,1.14952,24
2019.01.31,04:28,1.14952,1.14953,1.14947,1.14948,19
2019.01.31,04:29,1.14948,1.14953,1.14948,1.14952,16
2019.01.31,04:30,1.14952,1.14954,1.14952,1.14953,10
2019.01.31,04:31,1.14952,1.14952,1.14947,1.14947,20
2019.01.31,04:32,1.14948,1.14948,1.14947,1.14947,9
2019.01.31,04:33,1.14948,1.1495,1.14946,1.14947,24
2019.01.31,04:34,1.14948,1.14948,1.14941,1.14943,31
2019.01.31,04:35,1.14943,1.1495,1.14943,1.14947,19
2019.01.31,04:36,1.14947,1.14947,1.1493,1.14933,42
2019.01.31,04:37,1.14932,1.14934,1.14924,1.14928,76
2019.01.31,04:38,1.14927,1.14936,1.14927,1.14932,33
2019.01.31,04:39,1.14931,1.14934,1.14927,1.14932,43
2019.01.31,04:40,1.14934,1.1494,1.14932,1.1494,30
2019.01.31,04:41,1.14941,1.14948,1.1494,1.14947,35
2019.01.31,04:42,1.14946,1.14953,1.14945,1.14953,31
2019.01.31,04:43,1.14952,1.14957,1.14947,1.14947,40
2019.01.31,04:44,1.14945,1.14952,1.14944,1.14952,41
2019.01.31,04:45,1.14951,1.14955,1.14945,1.14946,31
2019.01.31,04:46,1.14946,1.14955,1.14946,1.14951,25
2019.01.31,04:47,1.14951,1.14957,1.1495,1.14956,33
2019.01.31,04:48,1.14956,1.14975,1.14956,1.14972,80
2019.01.31,04:49,1.14975,1.14986,1.14974,1.14982,58
2019.01.31,04:50,1.14981,1.15003,1.14981,1.15003,66
2019.01.31,04:51,1.15002,1.15024,1.15002,1.15012,101
2019.01.31,04:52,1.15012,1.15022,1.15012,1.15022,65
2019.01.31,04:53,1.15021,1.15027,1.15017,1.15025,65
2019.01.31,04:54,1.15025,1.15047,1.15024,1.15038,75
2019.01.31,04:55,1.15036,1.15041,1.15023,1.15023,67
2019.01.31,04:56,1.15022,1.15038,1.15022,1.15033,46
2019.01.31,04:57,1.15034,1.15034,1.15023,1.15032,46
2019.01.31,04:58,1.15031,1.15035,1.15023,1.15032,76
2019.01.31,04:59,1.15034,1.15036,1.1503,1.15034,42
2019.01.31,05:00,1.15033,1.15052,1.15029,1.15047,69
2019.01.31,05:01,1.15049,1.15054,1.15049,1.15054,47
2019.01.31,05:02,1.15053,1.15053,1.15041,1.15042,54
2019.01.31,05:03,1.15042,1.15045,1.15027,1.15027,34
2019.01.31,05:04,1.15026,1.15027,1.15017,1.15023,46
2019.01.31,05:05,1.15023,1.15026,1.15021,1.15021,12
2019.01.31,05:06,1.15021,1.15028,1.15011,1.15028,37
2019.01.31,05:07,1.15028,1.15028,1.15026,1.15026,25
2019.01.31,05:08,1.15026,1.15034,1.15026,1.15034,22
2019.01.31,05:09,1.15034,1.15045,1.15034,1.15038,55
2019.01.31,05:10,1.15036,1.15065,1.15036,1.15065,78
2019.01.31,05:11,1.15066,1.15078,1.15056,1.15057,105
2019.01.31,05:12,1.15056,1.15056,1.15048,1.15053,44
2019.01.31,05:13,1.15053,1.15064,1.15052,1.15064,43
2019.01.31,05:14,1.15063,1.15065,1.15055,1.15058,38
2019.01.31,05:15,1.15058,1.15059,1.1505,1.1505,49
2019.01.31,05:16,1.1505,1.1505,1.15047,1.15049,23
2019.01.31,05:17,1.15049,1.1505,1.15043,1.15043,21
2019.01.31,05:18,1.15041,1.15046,1.1504,1.15041,43
2019.01.31,05:19,1.1504,1.1504,1.15034,1.15039,28
2019.01.31,05:20,1.15038,1.15039,1.15034,1.15036,22
2019.01.31,05:21,1.15036,1.15036,1.15031,1.15034,20
2019.01.31,05:22,1.15033,1.15034,1.1503,1.15032,27
2019.01.31,05:23,1.15032,1.15034,1.15031,1.15032,21
2019.01.31,05:24,1.15033,1.15039,1.15033,1.15034,25
2019.01.31,05:25,1.15034,1.15034,1.15028,1.15031,14
2019.01.31,05:26,1.1503,1.15034,1.15023,1.15023,37
2019.01.31,05:27,1.15023,1.15024,1.15021,1.15022,18
2019.01.31,05:28,1.15023,1.15033,1.15023,1.15033,29
2019.01.31,05:29,1.15032,1.15043,1.15032,1.15043,28
2019.01.31,05:30,1.15045,1.15054,1.15043,1.15053,44
2019.01.31,05:31,1.15053,1.15054,1.15046,1.15053,47
2019.01.31,05:32,1.15054,1.15059,1.1505,1.15058,19
2019.01.31,05:33,1.15056,1.15058,1.1505,1.1505,28
2019.01.31,05:34,1.15051,1.15054,1.15048,1.15049,38
2019.01.31,05:35,1.15048,1.15049,1.15047,1.15048,25
2019.01.31,05:36,1.15048,1.15049,1.15045,1.15049,29
2019.01.31,05:37,1.15049,1.15054,1.15048,1.15051,17
2019.01.31,05:38,1.1505,1.15051,1.15047,1.15048,16
2019.01.31,05:39,1.15049,1.15052,1.15045,1.1505,25
2019.01.31,05:40,1.1505,1.15054,1.15046,1.15046,41
2019.01.31,05:41,1.15047,1.15049,1.15045,1.15049,21
2019.01.31,05:42,1.15049,1.15049,1.15037,1.15039,35
2019.01.31,05:43,1.15041,1.15043,1.15035,1.15037,28
2019.01.31,05:44,1.15036,1.15036,1.15024,1.15027,59
2019.01.31,05:45,1.15027,1.15029,1.15019,1.1502,46
2019.01.31,05:46,1.15019,1.15019,1.15016,1.15018,25
2019.01.31,05:47,1.15018,1.15018,1.15016,1.15017,11
2019.01.31,05:48,1.15017,1.15018,1.15016,1.15016,15
2019.01.31,05:49,1.15017,1.15017,1.15016,1.15016,5
2019.01.31,05:50,1.15017,1.15019,1.15016,1.15016,16
2019.01.31,05:51,1.15016,1.15016,1.15015,1.15016,4
2019.01.31,05:52,1.15018,1.15019,1.15016,1.15017,21
2019.01.31,05:53,1.15018,1.15022,1.15017,1.15021,20
2019.01.31,05:54,1.15022,1.15024,1.15021,1.15024,15
2019.01.31,05:55,1.15021,1.15021,1.15021,1.15021,1
2019.01.31,05:56,1.15021,1.15023,1.15021,1.15023,15
2019.01.31,05:57,1.15023,1.15023,1.15013,1.15014,27
2019.01.31,05:58,1.15014,1.15014,1.15011,1.15012,32
2019.01.31,05:59,1.15011,1.15016,1.1501,1.15016,33
2019.01.31,06:00,1.15017,1.15018,1.15012,1.15017,45
2019.01.31,06:01,1.15018,1.1502,1.15015,1.15018,21
2019.01.31,06:02,1.1502,1.1502,1.15014,1.15019,28
2019.01.31,06:03,1.15018,1.15018,1.15007,1.15011,31
2019.01.31,06:04,1.15011,1.15022,1.15011,1.15021,31
2019.01.31,06:05,1.15021,1.15022,1.15016,1.15017,12
2019.01.31,06:06,1.15017,1.15018,1.15016,1.15017,8
2019.01.31,06:07,1.15017,1.15018,1.15017,1.15018,10
2019.01.31,06:08,1.15019,1.1502,1.15016,1.15017,9
2019.01.31,06:09,1.15016,1.15018,1.15011,1.15017,33
2019.01.31,06:10,1.15018,1.15023,1.15016,1.15022,45
2019.01.31,06:11,1.15023,1.15023,1.15021,1.15021,17
2019.01.31,06:12,1.15022,1.15022,1.15018,1.15018,24
2019.01.31,06:13,1.15018,1.15018,1.15012,1.15016,28
2019.01.31,06:14,1.15016,1.15025,1.15016,1.15023,26
2019.01.31,06:15,1.15024,1.15024,1.15021,1.15023,21
2019.01.31,06:16,1.15022,1.15024,1.15021,1.15022,12
2019.01.31,06:17,1.15023,1.15023,1.15023,1.15023,1
2019.01.31,06:18,1.15023,1.1503,1.15022,1.1503,24
2019.01.31,06:19,1.1503,1.15033,1.15027,1.15032,26
2019.01.31,06:20,1.15032,1.15034,1.15032,1.15034,5
2019.01.31,06:21,1.15032,1.15035,1.15032,1.15034,12
2019.01.31,06:22,1.15034,1.15035,1.15031,1.15033,16
2019.01.31,06:23,1.15032,1.15032,1.15023,1.15027,30
2019.01.31,06:24,1.15028,1.15037,1.15026,1.15035,41
2019.01.31,06:25,1.15035,1.15042,1.15033,1.15039,55
2019.01.31,06:26,1.15041,1.15042,1.15034,1.15038,24
2019.01.31,06:27,1.15038,1.1504,1.15037,1.15039,17
2019.01.31,06:28,1.15039,1.15042,1.15039,1.1504,31
2019.01.31,06:29,1.15039,1.15039,1.15034,1.15039,10
2019.01.31,06:30,1.1504,1.15042,1.15032,1.15032,29
2019.01.31,06:31,1.15034,1.15034,1.15032,1.15034,27
2019.01.31,06:32,1.15033,1.15037,1.15033,1.15037,16
2019.01.31,06:33,1.15037,1.15047,1.15036,1.15046,20
2019.01.31,06:34,1.15047,1.15049,1.15046,1.15049,17
2019.01.31,06:35,1.15049,1.1506,1.15049,1.15059,40
2019.01.31,06:36,1.15059,1.15061,1.15051,1.15055,58
2019.01.31,06:37,1.15055,1.15055,1.15043,1.15046,34
2019.01.31,06:38,1.15046,1.15046,1.15036,1.15036,39
2019.01.31,06:39,1.15034,1.15037,1.15026,1.15037,39
2019.01.31,06:40,1.15036,1.15037,1.15031,1.15031,27
2019.01.31,06:41,1.15031,1.15036,1.15031,1.15034,20
2019.01.31,06:42,1.15033,1.15037,1.15033,1.15036,12
2019.01.31,06:43,1.15036,1.15036,1.15031,1.15034,26
2019.01.31,06:44,1.15033,1.15034,1.15032,1.15034,15
2019.01.31,06:45,1.15034,1.15038,1.15032,1.15032,24
2019.01.31,06:46,1.15033,1.15034,1.15032,1.15033,7
2019.01.31,06:47,1.15032,1.15033,1.15026,1.15028,22
2019.01.31,06:48,1.15026,1.15028,1.15025,1.15026,14
2019.01.31,06:49,1.15027,1.15028,1.15025,1.15026,12
2019.01.31,06:50,1.15028,1.15029,1.15025,1.15028,22
2019.01.31,06:51,1.15029,1.15033,1.15026,1.15032,32
2019.01.31,06:52,1.15033,1.15043,1.15032,1.15042,18
2019.01.31,06:53,1.15044,1.15048,1.15043,1.15044,24
2019.01.31,06:54,1.15043,1.15044,1.15041,1.15043,13
2019.01.31,06:55,1.15042,1.15043,1.15037,1.15037,20
2019.01.31,06:56,1.15038,1.15039,1.15038,1.15038,12
2019.01.31,06:57,1.15038,1.15039,1.15032,1.15033,18
2019.01.31,06:58,1.15031,1.15033,1.15027,1.15028,44
2019.01.31,06:59,1.15028,1.15028,1.15022,1.15027,41
2019.01.31,07:00,1.15027,1.15027,1.15021,1.15027,37
2019.01.31,07:01,1.15026,1.15034,1.15026,1.15031,28
2019.01.31,07:02,1.15031,1.15031,1.15026,1.15031,19
2019.01.31,07:03,1.15032,1.15032,1.15026,1.15026,24
2019.01.31,07:04,1.15027,1.15029,1.15022,1.15026,15
2019.01.31,07:05,1.15026,1.15029,1.15026,1.15029,9
2019.01.31,07:06,1.15029,1.15033,1.15028,1.15033,24
2019.01.31,07:07,1.15032,1.15042,1.15032,1.15037,23
2019.01.31,07:08,1.15038,1.15039,1.15036,1.15036,10
2019.01.31,07:09,1.15037,1.15038,1.15036,1.15037,13
2019.01.31,07:10,1.15036,1.15043,1.15035,1.15043,12
2019.01.31,07:11,1.15043,1.15047,1.15043,1.15043,10
2019.01.31,07:12,1.15043,1.15047,1.15042,1.15046,23
2019.01.31,07:13,1.15045,1.15045,1.15042,1.15042,8
2019.01.31,07:14,1.15043,1.15043,1.15042,1.15042,6
2019.01.31,07:15,1.15042,1.15043,1.15035,1.15042,20
2019.01.31,07:16,1.15041,1.15042,1.15037,1.15042,17
2019.01.31,07:17,1.15042,1.15043,1.15041,1.15042,15
2019.01.31,07:18,1.15042,1.15047,1.15042,1.15046,18
2019.01.31,07:19,1.15046,1.15047,1.15041,1.15043,18
2019.01.31,07:20,1.15046,1.15048,1.15043,1.15044,32
2019.01.31,07:21,1.15043,1.15043,1.15039,1.15043,17
2019.01.31,07:22,1.15042,1.15043,1.15037,1.15041,18
2019.01.31,07:23,1.15041,1.15043,1.15041,1.15043,4
2019.01.31,07:24,1.15042,1.15043,1.15036,1.15036,27
2019.01.31,07:25,1.15036,1.15039,1.15036,1.15036,25
2019.01.31,07:26,1.15034,1.1504,1.15031,1.1504,25
2019.01.31,07:27,1.15039,1.15044,1.15037,1.15038,32
2019.01.31,07:28,1.15039,1.15053,1.15037,1.15046,49
2019.01.31,07:29,1.15046,1.15048,1.15035,1.15036,49
2019.01.31,07:30,1.15035,1.15036,1.15021,1.15022,46
2019.01.31,07:31,1.15023,1.1503,1.15023,1.15027,42
2019.01.31,07:32,1.15027,1.15037,1.15026,1.15031,29
2019.01.31,07:33,1.15031,1.15031,1.15023,1.15029,34
2019.01.31,07:34,1.15029,1.15029,1.15025,1.15026,9
2019.01.31,07:35,1.15027,1.15044,1.15026,1.15044,30
2019.01.31,07:36,1.15042,1.15049,1.15042,1.15049,17
2019.01.31,07:37,1.15051,1.15054,1.15045,1.15046,23
2019.01.31,07:38,1.15046,1.15054,1.15046,1.15046,37
2019.01.31,07:39,1.15046,1.15046,1.15039,1.15045,31
2019.01.31,07:40,1.15045,1.15047,1.15041,1.15046,29
2019.01.31,07:41,1.15046,1.15049,1.15045,1.15047,25
2019.01.31,07:42,1.15049,1.15077,1.15049,1.15074,70
2019.01.31,07:43,1.15074,1.15086,1.15074,1.15083,64
2019.01.31,07:44,1.15084,1.15084,1.1508,1.15081,49
2019.01.31,07:45,1.15082,1.15082,1.15072,1.15072,32
2019.01.31,07:46,1.15072,1.15072,1.15066,1.15067,14
2019.01.31,07:47,1.15068,1.15074,1.15067,1.15073,25
2019.01.31,07:48,1.15072,1.15074,1.15067,1.15068,28
2019.01.31,07:49,1.15068,1.15069,1.15066,1.15069,16
2019.01.31,07:50,1.15068,1.1507,1.15062,1.15062,28
2019.01.31,07:51,1.15064,1.15064,1.15054,1.15054,23
2019.01.31,07:52,1.15053,1.15055,1.15043,1.15048,48
2019.01.31,07:53,1.15047,1.15047,1.1504,1.1504,27
2019.01.31,07:54,1.1504,1.1504,1.15031,1.15031,20
2019.01.31,07:55,1.15032,1.15035,1.15027,1.15031,33
2019.01.31,07:56,1.15032,1.15041,1.15032,1.15037,29
2019.01.31,07:57,1.15036,1.15037,1.15031,1.15032,34
2019.01.31,07:58,1.15032,1.15038,1.15031,1.15036,59
2019.01.31,07:59,1.15036,1.15049,1.15036,1.15049,49
2019.01.31,08:00,1.15048,1.15049,1.15032,1.15047,71
2019.01.31,08:01,1.15048,1.15054,1.15047,1.15053,43
2019.01.31,08:02,1.15054,1.15058,1.15033,1.15037,57
2019.01.31,08:03,1.15036,1.15036,1.1503,1.15033,38
2019.01.31,08:04,1.15033,1.15037,1.15031,1.15033,41
2019.01.31,08:05,1.15032,1.15033,1.15027,1.15031,62
2019.01.31,08:06,1.1503,1.1503,1.15027,1.15029,12
2019.01.31,08:07,1.15026,1.15026,1.15016,1.15023,27
2019.01.31,08:08,1.15021,1.15026,1.15021,1.15026,31
2019.01.31,08:09,1.15026,1.15026,1.15016,1.15018,28
2019.01.31,08:10,1.1502,1.15021,1.14997,1.15004,87
2019.01.31,08:11,1.15004,1.15006,1.14996,1.14996,47
2019.01.31,08:12,1.14995,1.14999,1.14993,1.14996,40
2019.01.31,08:13,1.14994,1.14996,1.1499,1.14992,26
2019.01.31,08:14,1.14991,1.14995,1.14983,1.14995,79
2019.01.31,08:15,1.14995,1.15009,1.14995,1.15004,49
2019.01.31,08:16,1.15005,1.15016,1.15005,1.15006,33
2019.01.31,08:17,1.15006,1.15013,1.15006,1.15006,22
2019.01.31,08:18,1.15006,1.1502,1.15005,1.15019,27
2019.01.31,08:19,1.1502,1.15032,1.1502,1.1503,29
2019.01.31,08:20,1.15031,1.15031,1.15016,1.15016,55
2019.01.31,08:21,1.15016,1.15023,1.15016,1.1502,34
2019.01.31,08:22,1.15021,1.15032,1.1502,1.15031,36
2019.01.31,08:23,1.15033,1.15036,1.15031,1.15036,27
2019.01.31,08:24,1.15036,1.15037,1.15024,1.15025,26
2019.01.31,08:25,1.15025,1.1504,1.15025,1.15035,41
2019.01.31,08:26,1.15034,1.15035,1.1502,1.15026,36
2019.01.31,08:27,1.15026,1.15032,1.14981,1.14984,103
2019.01.31,08:28,1.14987,1.14988,1.14972,1.14975,72
2019.01.31,08:29,1.14976,1.14982,1.14974,1.14975,31
2019.01.31,08:30,1.14972,1.14991,1.14972,1.14986,77
2019.01.31,08:31,1.14988,1.14999,1.14988,1.14989,25
2019.01.31,08:32,1.1499,1.14993,1.14976,1.14976,38
2019.01.31,08:33,1.14976,1.14979,1.14974,1.14974,24
2019.01.31,08:34,1.14976,1.14982,1.14975,1.14981,24
2019.01.31,08:35,1.14983,1.14984,1.14981,1.14982,14
2019.01.31,08:36,1.1498,1.14981,1.14974,1.1498,45
2019.01.31,08:37,1.1498,1.15001,1.14979,1.14997,62
2019.01.31,08:38,1.14998,1.15018,1.14997,1.15018,44
2019.01.31,08:39,1.15018,1.15018,1.14998,1.15003,48
2019.01.31,08:40,1.15003,1.15003,1.14993,1.14996,25
2019.01.31,08:41,1.14995,1.15002,1.14994,1.15001,18
2019.01.31,08:42,1.14999,1.14999,1.14984,1.14984,26
2019.01.31,08:43,1.14985,1.14987,1.14982,1.14987,9
2019.01.31,08:44,1.14989,1.14989,1.14983,1.14983,22
2019.01.31,08:45,1.14982,1.14988,1.14982,1.14987,28
2019.01.31,08:46,1.14987,1.14989,1.14982,1.14985,33
2019.01.31,08:47,1.14985,1.14993,1.14984,1.14992,16
2019.01.31,08:48,1.14992,1.15001,1.14992,1.14997,36
2019.01.31,08:49,1.14998,1.15002,1.14997,1.15002,20
2019.01.31,08:50,1.15003,1.15011,1.15003,1.15007,30
2019.01.31,08:51,1.15007,1.15007,1.14994,1.14994,35
2019.01.31,08:52,1.14993,1.14997,1.14987,1.14988,60
2019.01.31,08:53,1.14988,1.14989,1.14976,1.1498,41
2019.01.31,08:54,1.1498,1.15002,1.14972,1.15001,68
2019.01.31,08:55,1.15002,1.15002,1.14993,1.14998,43
2019.01.31,08:56,1.14997,1.15,1.14994,1.14998,28
2019.01.31,08:57,1.14997,1.15013,1.14997,1.1501,58
2019.01.31,08:58,1.15009,1.15012,1.15005,1.15009,44
2019.01.31,08:59,1.1501,1.15012,1.15001,1.15002,63
2019.01.31,09:00,1.15001,1.1501,1.1495,1.14958,122
2019.01.31,09:01,1.14958,1.1498,1.14957,1.14978,97
2019.01.31,09:02,1.14978,1.14991,1.14978,1.14986,94
2019.01.31,09:03,1.14987,1.15002,1.14987,1.14999,77
2019.01.31,09:04,1.15,1.15002,1.14991,1.15002,56
2019.01.31,09:05,1.15,1.15046,1.15,1.15046,124
2019.01.31,09:06,1.15045,1.15048,1.15021,1.15029,112
2019.01.31,09:07,1.1503,1.15042,1.15026,1.15028,69
2019.01.31,09:08,1.15028,1.15029,1.15021,1.15022,28
2019.01.31,09:09,1.15022,1.15022,1.15015,1.15015,46
2019.01.31,09:10,1.15013,1.15023,1.15001,1.15004,62
2019.01.31,09:11,1.15004,1.15004,1.14983,1.14985,121
2019.01.31,09:12,1.14987,1.14991,1.14972,1.14973,86
2019.01.31,09:13,1.14972,1.14975,1.14952,1.14968,119
2019.01.31,09:14,1.14969,1.14975,1.14961,1.14971,67
2019.01.31,09:15,1.14971,1.14988,1.14961,1.14978,95
2019.01.31,09:16,1.14979,1.14994,1.14978,1.14989,64
2019.01.31,09:17,1.1499,1.15019,1.1499,1.14997,82
2019.01.31,09:18,1.14999,1.15017,1.14991,1.14996,139
2019.01.31,09:19,1.14996,1.15028,1.14994,1.15019,131
2019.01.31,09:20,1.15019,1.15059,1.15019,1.15048,128
2019.01.31,09:21,1.15049,1.1505,1.15033,1.15038,97
2019.01.31,09:22,1.15034,1.15046,1.15033,1.15039,74
2019.01.31,09:23,1.15039,1.15048,1.15032,1.15039,96
2019.01.31,09:24,1.15041,1.15056,1.15041,1.15043,96
2019.01.31,09:25,1.15044,1.15057,1.15043,1.15056,74
2019.01.31,09:26,1.15056,1.15078,1.15056,1.15071,120
2019.01.31,09:27,1.15071,1.15084,1.15068,1.15081,124
2019.01.31,09:28,1.15083,1.15124,1.15081,1.15102,210
2019.01.31,09:29,1.15099,1.15141,1.15098,1.15131,151
2019.01.31,09:30,1.1513,1.15138,1.1512,1.15126,171
2019.01.31,09:31,1.15129,1.15136,1.15119,1.15123,108
2019.01.31,09:32,1.15124,1.15124,1.15108,1.15111,104
2019.01.31,09:33,1.15112,1.15112,1.15099,1.15101,98
2019.01.31,09:34,1.15101,1.15104,1.15095,1.15098,89
2019.01.31,09:35,1.15098,1.15102,1.15093,1.15095,67
2019.01.31,09:36,1.15096,1.15104,1.15088,1.15089,72
2019.01.31,09:37,1.1509,1.15092,1.15075,1.15079,141
2019.01.31,09:38,1.15079,1.15097,1.15073,1.15095,93
2019.01.31,09:39,1.15095,1.15108,1.15093,1.15105,124
2019.01.31,09:40,1.15105,1.15105,1.15085,1.15102,116
2019.01.31,09:41,1.15101,1.15101,1.15091,1.15091,106
2019.01.31,09:42,1.15092,1.15106,1.15076,1.1508,130
2019.01.31,09:43,1.1508,1.15116,1.1508,1.15116,142
2019.01.31,09:44,1.15115,1.15115,1.15097,1.15097,141
2019.01.31,09:45,1.15097,1.15119,1.15088,1.15116,130
2019.01.31,09:46,1.15116,1.15117,1.15106,1.1511,131
2019.01.31,09:47,1.1511,1.15127,1.15109,1.1511,113
2019.01.31,09:48,1.15111,1.15123,1.1511,1.15116,119
2019.01.31,09:49,1.15117,1.15125,1.15109,1.15117,96
2019.01.31,09:50,1.15114,1.15114,1.151,1.15101,97
2019.01.31,09:51,1.15102,1.15105,1.15067,1.15068,136
2019.01.31,09:52,1.15069,1.15086,1.15063,1.15068,114
2019.01.31,09:53,1.15069,1.15077,1.15045,1.15048,147
2019.01.31,09:54,1.1505,1.15055,1.15037,1.15041,177
2019.01.31,09:55,1.15044,1.15044,1.15032,1.15035,131
2019.01.31,09:56,1.15035,1.15039,1.15024,1.15027,117
2019.01.31,09:57,1.15027,1.15027,1.14996,1.15007,213
2019.01.31,09:58,1.15007,1.15011,1.14974,1.14979,170
2019.01.31,09:59,1.14977,1.14995,1.14959,1.14967,232
2019.01.31,10:00,1.14968,1.15006,1.14925,1.14925,288
2019.01.31,10:01,1.14928,1.14946,1.14857,1.14872,337
2019.01.31,10:02,1.14871,1.14918,1.14869,1.14914,218
2019.01.31,10:03,1.14914,1.14938,1.14892,1.14937,201
2019.01.31,10:04,1.14937,1.14956,1.14933,1.14951,126
2019.01.31,10:05,1.14951,1.14972,1.14946,1.14967,172
2019.01.31,10:06,1.14966,1.14996,1.1496,1.14988,205
2019.01.31,10:07,1.14987,1.14997,1.14986,1.14991,112
2019.01.31,10:08,1.14992,1.15007,1.14982,1.14999,168
2019.01.31,10:09,1.14998,1.15025,1.14996,1.15022,152
2019.01.31,10:10,1.15022,1.15037,1.15015,1.15029,205
2019.01.31,10:11,1.15029,1.15048,1.15026,1.15039,167
2019.01.31,10:12,1.1504,1.15049,1.15035,1.15037,145
2019.01.31,10:13,1.15037,1.15043,1.15028,1.1503,123
2019.01.31,10:14,1.15031,1.15045,1.1503,1.15044,89
2019.01.31,10:15,1.15044,1.15045,1.15041,1.15043,48
2019.01.31,10:16,1.15044,1.15054,1.15042,1.15053,63
2019.01.31,10:17,1.15053,1.15059,1.15032,1.15045,121
2019.01.31,10:18,1.15047,1.1507,1.15047,1.15061,122
2019.01.31,10:19,1.15061,1.15068,1.1506,1.15063,110
2019.01.31,10:20,1.15064,1.15074,1.15063,1.15072,67
2019.01.31,10:21,1.15073,1.15086,1.1507,1.1507,94
2019.01.31,10:22,1.15069,1.15072,1.15056,1.15057,88
2019.01.31,10:23,1.15058,1.1506,1.15043,1.15054,102
2019.01.31,10:24,1.15055,1.15058,1.15047,1.15049,64
2019.01.31,10:25,1.15048,1.15064,1.15048,1.15062,74
2019.01.31,10:26,1.15063,1.15072,1.15034,1.15039,136
2019.01.31,10:27,1.1504,1.15051,1.15032,1.15047,89
2019.01.31,10:28,1.15047,1.15047,1.15031,1.15033,123
2019.01.31,10:29,1.15032,1.15052,1.15032,1.15042,124
2019.01.31,10:30,1.15043,1.15043,1.15022,1.15033,148
2019.01.31,10:31,1.15033,1.15051,1.15032,1.15043,132
2019.01.31,10:32,1.15042,1.15042,1.15023,1.15027,68
2019.01.31,10:33,1.15028,1.15028,1.15013,1.15015,65
2019.01.31,10:34,1.15015,1.15029,1.15007,1.15008,133
2019.01.31,10:35,1.15008,1.15008,1.14987,1.14987,166
2019.01.31,10:36,1.14987,1.14989,1.14963,1.14976,133
2019.01.31,10:37,1.14976,1.14978,1.14963,1.14965,109
2019.01.31,10:38,1.14966,1.14973,1.14957,1.14963,118
2019.01.31,10:39,1.14963,1.14971,1.14952,1.14957,148
2019.01.31,10:40,1.14958,1.14964,1.14953,1.14956,108
2019.01.31,10:41,1.14957,1.14993,1.14956,1.14979,137
2019.01.31,10:42,1.14978,1.14982,1.14967,1.14976,107
2019.01.31,10:43,1.14975,1.14982,1.14973,1.14976,65
2019.01.31,10:44,1.14977,1.14978,1.14953,1.14957,111
2019.01.31,10:45,1.14957,1.14959,1.1495,1.14954,74
2019.01.31,10:46,1.14954,1.14963,1.14917,1.14922,113
2019.01.31,10:47,1.14921,1.14961,1.14921,1.14958,154
2019.01.31,10:48,1.14958,1.14958,1.1494,1.14942,77
2019.01.31,10:49,1.14945,1.14952,1.14941,1.14946,81
2019.01.31,10:50,1.14947,1.14948,1.1493,1.14938,109
2019.01.31,10:51,1.14938,1.14947,1.14934,1.14943,58
2019.01.31,10:52,1.14943,1.14952,1.14943,1.14947,42
2019.01.31,10:53,1.14946,1.14951,1.14943,1.14944,50
2019.01.31,10:54,1.14944,1.1495,1.14932,1.14938,58
2019.01.31,10:55,1.14938,1.14939,1.14921,1.14924,60
2019.01.31,10:56,1.14925,1.14928,1.14915,1.14921,65
2019.01.31,10:57,1.14922,1.14927,1.14913,1.14914,68
2019.01.31,10:58,1.1491,1.14924,1.14903,1.14922,192
2019.01.31,10:59,1.14921,1.14929,1.14912,1.14916,144
2019.01.31,11:00,1.14915,1.14918,1.14894,1.14895,171
2019.01.31,11:01,1.14894,1.14904,1.14882,1.14902,161
2019.01.31,11:02,1.14903,1.14937,1.14903,1.14931,141
2019.01.31,11:03,1.14931,1.14938,1.14913,1.14917,144
2019.01.31,11:04,1.14918,1.14918,1.14892,1.14901,173
2019.01.31,11:05,1.149,1.14914,1.14899,1.14913,99
2019.01.31,11:06,1.14913,1.14913,1.14901,1.14908,87
2019.01.31,11:07,1.14908,1.14914,1.14895,1.14906,106
2019.01.31,11:08,1.14906,1.14914,1.14901,1.14901,116
2019.01.31,11:09,1.14901,1.14902,1.14887,1.14887,83
2019.01.31,11:10,1.14888,1.14889,1.14876,1.14882,110
2019.01.31,11:11,1.14882,1.14885,1.14863,1.14872,103
2019.01.31,11:12,1.14873,1.14902,1.14871,1.14898,114
2019.01.31,11:13,1.14897,1.14901,1.14891,1.149,98
2019.01.31,11:14,1.14899,1.14906,1.14894,1.14896,96
2019.01.31,11:15,1.14896,1.14896,1.14881,1.14881,112
2019.01.31,11:16,1.14882,1.14889,1.14879,1.14889,81
2019.01.31,11:17,1.14891,1.14909,1.14875,1.14876,149
2019.01.31,11:18,1.14873,1.14888,1.14872,1.14883,84
2019.01.31,11:19,1.14884,1.14885,1.14875,1.1488,71
2019.01.31,11:20,1.14882,1.14884,1.14855,1.14882,134
2019.01.31,11:21,1.14881,1.14888,1.14861,1.14863,147
2019.01.31,11:22,1.14863,1.14896,1.14863,1.14891,160
2019.01.31,11:23,1.14892,1.14912,1.14891,1.14908,159
2019.01.31,11:24,1.14909,1.14915,1.14902,1.14912,117
2019.01.31,11:25,1.14911,1.14929,1.14907,1.14921,149
2019.01.31,11:26,1.14922,1.14925,1.14911,1.14918,114
2019.01.31,11:27,1.14918,1.14918,1.14911,1.14911,93
2019.01.31,11:28,1.14906,1.14914,1.14902,1.14911,149
2019.01.31,11:29,1.14911,1.14925,1.14905,1.14905,127
2019.01.31,11:30,1.14906,1.14918,1.14885,1.14902,212
2019.01.31,11:31,1.14903,1.14909,1.14876,1.14883,193
2019.01.31,11:32,1.14883,1.14894,1.14872,1.14872,142
2019.01.31,11:33,1.14872,1.14882,1.14862,1.14881,106
2019.01.31,11:34,1.1488,1.14881,1.14869,1.14871,112
2019.01.31,11:35,1.14871,1.14878,1.14869,1.14872,124
2019.01.31,11:36,1.14873,1.14882,1.14868,1.14878,117
2019.01.31,11:37,1.14879,1.14894,1.14876,1.14887,176
2019.01.31,11:38,1.14887,1.14895,1.14881,1.14895,132
2019.01.31,11:39,1.14894,1.14903,1.14894,1.14903,107
2019.01.31,11:40,1.14903,1.14929,1.14903,1.14918,170
2019.01.31,11:41,1.14918,1.14921,1.14904,1.14912,156
2019.01.31,11:42,1.14911,1.14938,1.14901,1.14933,156
2019.01.31,11:43,1.14933,1.14934,1.14922,1.14922,94
2019.01.31,11:44,1.14922,1.14927,1.14902,1.14913,130
2019.01.31,11:45,1.14912,1.14924,1.14905,1.14921,113
2019.01.31,11:46,1.14922,1.14923,1.14915,1.14917,49
2019.01.31,11:47,1.14917,1.14924,1.14902,1.14903,139
2019.01.31,11:48,1.14902,1.14922,1.14897,1.14908,97
2019.01.31,11:49,1.14911,1.14915,1.14899,1.14901,85
2019.01.31,11:50,1.149,1.14904,1.14896,1.14902,79
2019.01.31,11:51,1.14901,1.14903,1.14891,1.14894,86
2019.01.31,11:52,1.14895,1.14904,1.14892,1.14899,87
2019.01.31,11:53,1.14901,1.14922,1.149,1.14921,78
2019.01.31,11:54,1.1492,1.1492,1.14892,1.14899,145
2019.01.31,11:55,1.14899,1.14917,1.14898,1.14916,105
2019.01.31,11:56,1.14916,1.14916,1.1491,1.14912,62
2019.01.31,11:57,1.14912,1.14913,1.14882,1.14882,81
2019.01.31,11:58,1.14883,1.14892,1.14863,1.14866,115
2019.01.31,11:59,1.14867,1.14876,1.14832,1.14841,212
2019.01.31,12:00,1.14843,1.14868,1.14815,1.14819,202
2019.01.31,12:01,1.14817,1.14835,1.14788,1.14794,134
2019.01.31,12:02,1.14795,1.1481,1.14774,1.14797,203
2019.01.31,12:03,1.14797,1.14806,1.14783,1.14789,136
2019.01.31,12:04,1.14789,1.14792,1.14777,1.14777,92
2019.01.31,12:05,1.14776,1.14805,1.14774,1.14803,136
2019.01.31,12:06,1.14802,1.14824,1.14799,1.14824,108
2019.01.31,12:07,1.14824,1.14847,1.14824,1.14845,125
2019.01.31,12:08,1.14845,1.14849,1.14806,1.14808,105
2019.01.31,12:09,1.14808,1.14821,1.14807,1.14808,79
2019.01.31,12:10,1.1481,1.14829,1.14807,1.14825,128
2019.01.31,12:11,1.14824,1.14841,1.14816,1.14821,172
2019.01.31,12:12,1.14822,1.14842,1.14814,1.1484,159
2019.01.31,12:13,1.14841,1.14852,1.14831,1.14844,105
2019.01.31,12:14,1.14844,1.14855,1.14844,1.14849,118
2019.01.31,12:15,1.1485,1.14861,1.14848,1.14849,105
2019.01.31,12:16,1.1485,1.14855,1.14846,1.14854,103
2019.01.31,12:17,1.14855,1.14855,1.14842,1.14847,77
2019.01.31,12:18,1.14848,1.14855,1.14848,1.1485,42
2019.01.31,12:19,1.14851,1.14855,1.1484,1.1484,122
2019.01.31,12:20,1.1484,1.14847,1.14839,1.1484,103
2019.01.31,12:21,1.14842,1.14845,1.14838,1.14844,39
2019.01.31,12:22,1.14843,1.14858,1.14842,1.14856,56
2019.01.31,12:23,1.14856,1.14856,1.14829,1.14835,82
2019.01.31,12:24,1.14835,1.14835,1.14805,1.14806,120
2019.01.31,12:25,1.14806,1.1481,1.14798,1.14806,106
2019.01.31,12:26,1.14805,1.14816,1.1479,1.14791,106
2019.01.31,12:27,1.14791,1.14801,1.14783,1.14786,107
2019.01.31,12:28,1.14785,1.14798,1.14785,1.14796,87
2019.01.31,12:29,1.14795,1.14812,1.14786,1.148,118
2019.01.31,12:30,1.14801,1.14806,1.14783,1.14787,117
2019.01.31,12:31,1.14787,1.14788,1.14758,1.14758,107
2019.01.31,12:32,1.14759,1.14775,1.14754,1.14769,151
2019.01.31,12:33,1.1477,1.14775,1.14753,1.14759,115
2019.01.31,12:34,1.14758,1.14758,1.1472,1.14745,161
2019.01.31,12:35,1.14748,1.14779,1.14746,1.14769,194
2019.01.31,12:36,1.1477,1.14782,1.14762,1.14779,126
2019.01.31,12:37,1.1478,1.1478,1.14757,1.14766,92
2019.01.31,12:38,1.14767,1.14783,1.14761,1.1478,141
2019.01.31,12:39,1.14778,1.14786,1.1476,1.14762,131
2019.01.31,12:40,1.14764,1.14769,1.14756,1.14756,92
2019.01.31,12:41,1.14752,1.14771,1.14751,1.14762,129
2019.01.31,12:42,1.14763,1.14771,1.14762,1.14766,107
2019.01.31,12:43,1.14766,1.14774,1.14733,1.14733,130
2019.01.31,12:44,1.14734,1.14737,1.14715,1.14717,166
2019.01.31,12:45,1.14717,1.14736,1.14717,1.14719,220
2019.01.31,12:46,1.14718,1.14729,1.14717,1.14726,91
2019.01.31,12:47,1.14724,1.14734,1.14717,1.14726,104
2019.01.31,12:48,1.14726,1.1473,1.14719,1.14726,115
2019.01.31,12:49,1.14726,1.14727,1.14718,1.14726,81
2019.01.31,12:50,1.14727,1.14736,1.14723,1.14731,98
2019.01.31,12:51,1.14732,1.14735,1.14718,1.14723,100
2019.01.31,12:52,1.14722,1.14736,1.14721,1.14734,118
2019.01.31,12:53,1.14732,1.14736,1.14725,1.14732,103
2019.01.31,12:54,1.14733,1.14739,1.14728,1.14736,88
2019.01.31,12:55,1.14737,1.14748,1.14736,1.14745,79
2019.01.31,12:56,1.14745,1.14762,1.14743,1.14756,140
2019.01.31,12:57,1.14757,1.14772,1.14752,1.14763,121
2019.01.31,12:58,1.14763,1.14763,1.1475,1.14756,91
2019.01.31,12:59,1.14757,1.14768,1.14757,1.14765,93
2019.01.31,13:00,1.14764,1.14786,1.14762,1.14777,161
2019.01.31,13:01,1.14777,1.14778,1.14761,1.14762,89
2019.01.31,13:02,1.14762,1.14768,1.14756,1.14767,119
2019.01.31,13:03,1.14768,1.14775,1.1476,1.14773,105
2019.01.31,13:04,1.14775,1.14785,1.14775,1.14781,101
2019.01.31,13:05,1.14784,1.14788,1.14774,1.14782,120
2019.01.31,13:06,1.14783,1.14796,1.14781,1.14794,106
2019.01.31,13:07,1.14795,1.14795,1.14783,1.14785,55
2019.01.31,13:08,1.14785,1.14796,1.14782,1.14795,66
2019.01.31,13:09,1.14795,1.148,1.14792,1.14796,76
2019.01.31,13:10,1.14795,1.14808,1.14792,1.14806,138
2019.01.31,13:11,1.14807,1.14818,1.14805,1.14817,86
2019.01.31,13:12,1.14816,1.14817,1.14808,1.14816,88
2019.01.31,13:13,1.14815,1.1483,1.14815,1.14827,85
2019.01.31,13:14,1.14826,1.14827,1.14809,1.14812,74
2019.01.31,13:15,1.14812,1.14821,1.14811,1.14818,47
2019.01.31,13:16,1.14817,1.14837,1.14815,1.14833,124
2019.01.31,13:17,1.14832,1.14836,1.14823,1.14834,112
2019.01.31,13:18,1.14835,1.14838,1.14824,1.14829,74
2019.01.31,13:19,1.14832,1.14834,1.14819,1.14825,111
2019.01.31,13:20,1.14827,1.14836,1.14822,1.14835,86
2019.01.31,13:21,1.14836,1.14837,1.1483,1.14831,72
2019.01.31,13:22,1.14831,1.14835,1.14821,1.14824,44
2019.01.31,13:23,1.14825,1.14832,1.14807,1.14807,97
2019.01.31,13:24,1.14809,1.14813,1.14795,1.14809,111
2019.01.31,13:25,1.14808,1.14816,1.14799,1.14815,170
2019.01.31,13:26,1.14814,1.14832,1.14813,1.14827,97
2019.01.31,13:27,1.14825,1.14827,1.14814,1.14826,89
2019.01.31,13:28,1.14825,1.14827,1.14816,1.14822,105
2019.01.31,13:29,1.14824,1.14832,1.14822,1.14826,126
2019.01.31,13:30,1.14826,1.14827,1.14817,1.14824,133
2019.01.31,13:31,1.14827,1.14836,1.14824,1.14836,89
2019.01.31,13:32,1.14837,1.14839,1.14831,1.14836,85
2019.01.31,13:33,1.14835,1.14843,1.1483,1.14841,60
2019.01.31,13:34,1.14838,1.14846,1.14831,1.14842,84
2019.01.31,13:35,1.14844,1.14847,1.14842,1.14847,67
2019.01.31,13:36,1.14846,1.14852,1.14842,1.14851,75
2019.01.31,13:37,1.1485,1.14856,1.14845,1.14848,80
2019.01.31,13:38,1.14848,1.14859,1.14845,1.14848,112
2019.01.31,13:39,1.14848,1.1485,1.1484,1.14847,73
2019.01.31,13:40,1.14847,1.14875,1.14847,1.14862,129
2019.01.31,13:41,1.1486,1.1486,1.1485,1.14852,98
2019.01.31,13:42,1.14853,1.14867,1.14852,1.14863,79
2019.01.31,13:43,1.14864,1.14874,1.14856,1.14872,101
2019.01.31,13:44,1.14871,1.14877,1.14852,1.14857,93
2019.01.31,13:45,1.14857,1.14864,1.14851,1.14863,92
2019.01.31,13:46,1.14863,1.14873,1.14859,1.14867,72
2019.01.31,13:47,1.14867,1.14877,1.14867,1.14873,79
2019.01.31,13:48,1.14874,1.14876,1.14863,1.14867,69
2019.01.31,13:49,1.14867,1.14881,1.14867,1.14871,49
2019.01.31,13:50,1.14872,1.14876,1.14871,1.14873,59
2019.01.31,13:51,1.14872,1.14882,1.14872,1.14877,77
2019.01.31,13:52,1.14877,1.14888,1.14871,1.14876,99
2019.01.31,13:53,1.14877,1.1488,1.1487,1.1488,98
2019.01.31,13:54,1.14878,1.14881,1.14872,1.14877,83
2019.01.31,13:55,1.14878,1.14891,1.14874,1.14874,88
2019.01.31,13:56,1.14875,1.14892,1.14874,1.14888,105
2019.01.31,13:57,1.14888,1.14895,1.14883,1.14883,99
2019.01.31,13:58,1.14881,1.14885,1.14877,1.14877,63
2019.01.31,13:59,1.14878,1.14886,1.14871,1.14871,66
2019.01.31,14:00,1.14873,1.14876,1.14858,1.14865,120
2019.01.31,14:01,1.14864,1.14868,1.1486,1.14866,88
2019.01.31,14:02,1.14867,1.14871,1.14866,1.14869,68
2019.01.31,14:03,1.14868,1.14868,1.14861,1.14861,96
2019.01.31,14:04,1.14861,1.14867,1.14857,1.14866,71
2019.01.31,14:05,1.14866,1.1487,1.14861,1.14868,86
2019.01.31,14:06,1.14869,1.14873,1.14864,1.14866,52
2019.01.31,14:07,1.14867,1.14872,1.14855,1.14871,86
2019.01.31,14:08,1.14872,1.14884,1.14867,1.14875,79
2019.01.31,14:09,1.14876,1.14876,1.14855,1.14861,87
2019.01.31,14:10,1.14861,1.14865,1.14857,1.14865,75
2019.01.31,14:11,1.14866,1.14867,1.14853,1.14854,89
2019.01.31,14:12,1.14851,1.14862,1.14848,1.14861,134
2019.01.31,14:13,1.14862,1.14875,1.1485,1.14852,85
2019.01.31,14:14,1.14851,1.14882,1.14848,1.14882,116
2019.01.31,14:15,1.14882,1.14882,1.14864,1.14874,70
2019.01.31,14:16,1.14875,1.14885,1.14871,1.14885,105
2019.01.31,14:17,1.14885,1.14888,1.1488,1.14887,76
2019.01.31,14:18,1.14886,1.14889,1.1488,1.14885,58
2019.01.31,14:19,1.14885,1.14885,1.14874,1.14878,61
2019.01.31,14:20,1.14877,1.14893,1.14877,1.14889,119
2019.01.31,14:21,1.1489,1.14921,1.14889,1.1492,137
2019.01.31,14:22,1.14919,1.14936,1.14912,1.14931,137
2019.01.31,14:23,1.14931,1.14933,1.14922,1.14925,111
2019.01.31,14:24,1.14924,1.14932,1.14923,1.14929,79
2019.01.31,14:25,1.14929,1.14929,1.14921,1.14926,84
2019.01.31,14:26,1.14926,1.14933,1.1492,1.14931,51
2019.01.31,14:27,1.14932,1.14942,1.14927,1.14942,97
2019.01.31,14:28,1.14941,1.14943,1.14932,1.14942,66
2019.01.31,14:29,1.14941,1.14943,1.1492,1.14921,111
2019.01.31,14:30,1.14922,1.14929,1.14921,1.14927,58
2019.01.31,14:31,1.14928,1.14928,1.14908,1.14916,102
2019.01.31,14:32,1.14916,1.1493,1.14916,1.14922,78
2019.01.31,14:33,1.14922,1.14929,1.14919,1.14928,68
2019.01.31,14:34,1.14928,1.14947,1.14927,1.1494,88
2019.01.31,14:35,1.14938,1.1495,1.14938,1.14946,86
2019.01.31,14:36,1.14946,1.14948,1.14941,1.14941,88
2019.01.31,14:37,1.14941,1.14943,1.14936,1.14942,70
2019.01.31,14:38,1.14943,1.14949,1.14937,1.14937,86
2019.01.31,14:39,1.14937,1.14937,1.1492,1.14927,80
2019.01.31,14:40,1.14927,1.14936,1.14925,1.14935,51
2019.01.31,14:41,1.14935,1.14949,1.14931,1.14946,69
2019.01.31,14:42,1.14948,1.14948,1.14933,1.14942,89
2019.01.31,14:43,1.14941,1.14946,1.14935,1.14946,77
2019.01.31,14:44,1.14945,1.14949,1.14944,1.14946,65
2019.01.31,14:45,1.14946,1.14947,1.1492,1.14932,94
2019.01.31,14:46,1.14931,1.14937,1.14923,1.14932,79
2019.01.31,14:47,1.14932,1.14942,1.14932,1.14932,51
2019.01.31,14:48,1.14932,1.14958,1.14926,1.14956,119
2019.01.31,14:49,1.14957,1.14957,1.14931,1.14942,100
2019.01.31,14:50,1.14941,1.14943,1.14932,1.14932,75
2019.01.31,14:51,1.14932,1.14932,1.14907,1.14921,131
2019.01.31,14:52,1.14921,1.14941,1.14921,1.1494,91
2019.01.31,14:53,1.14939,1.1494,1.1493,1.14932,80
2019.01.31,14:54,1.14931,1.14941,1.1492,1.1492,128
2019.01.31,14:55,1.14919,1.14922,1.14903,1.14912,99
2019.01.31,14:56,1.14912,1.14918,1.14885,1.14888,116
2019.01.31,14:57,1.14887,1.14899,1.14871,1.14874,144
2019.01.31,14:58,1.14874,1.14909,1.14874,1.14908,170
2019.01.31,14:59,1.14908,1.14929,1.14907,1.14928,157
2019.01.31,15:00,1.14927,1.1493,1.14911,1.14913,114
2019.01.31,15:01,1.14912,1.14939,1.14911,1.14931,137
2019.01.31,15:02,1.14931,1.14932,1.14904,1.14911,133
2019.01.31,15:03,1.14911,1.14918,1.14901,1.14916,100
2019.01.31,15:04,1.14913,1.14914,1.14894,1.14895,115
2019.01.31,15:05,1.14896,1.1491,1.14896,1.14905,109
2019.01.31,15:06,1.14905,1.1491,1.14889,1.1489,113
2019.01.31,15:07,1.1489,1.1489,1.14867,1.14878,119
2019.01.31,15:08,1.14877,1.14878,1.14872,1.14873,72
2019.01.31,15:09,1.14874,1.14878,1.14858,1.14862,79
2019.01.31,15:10,1.14864,1.14879,1.14855,1.14856,126
2019.01.31,15:11,1.14857,1.14867,1.14853,1.14857,135
2019.01.31,15:12,1.14856,1.14862,1.14849,1.14851,93
2019.01.31,15:13,1.14852,1.14878,1.14852,1.14873,107
2019.01.31,15:14,1.14874,1.14882,1.14872,1.14881,72
2019.01.31,15:15,1.1488,1.14888,1.14866,1.14877,122
2019.01.31,15:16,1.14877,1.14897,1.14876,1.14885,134
2019.01.31,15:17,1.14884,1.14897,1.14884,1.14896,58
2019.01.31,15:18,1.14896,1.14914,1.14896,1.14905,107
2019.01.31,15:19,1.14904,1.14905,1.14893,1.14893,92
2019.01.31,15:20,1.14893,1.14904,1.14882,1.14896,90
2019.01.31,15:21,1.14897,1.14916,1.14896,1.14905,114
2019.01.31,15:22,1.14907,1.14929,1.14906,1.14916,127
2019.01.31,15:23,1.14915,1.14928,1.14915,1.14915,123
2019.01.31,15:24,1.14915,1.14921,1.14904,1.14908,111
2019.01.31,15:25,1.14907,1.14908,1.14883,1.14886,98
2019.01.31,15:26,1.14887,1.1489,1.14878,1.14886,87
2019.01.31,15:27,1.14886,1.14886,1.14876,1.14878,63
2019.01.31,15:28,1.14878,1.14881,1.14872,1.14872,57
2019.01.31,15:29,1.14873,1.14873,1.14859,1.1486,139
2019.01.31,15:30,1.14859,1.14921,1.14859,1.1492,219
2019.01.31,15:31,1.14919,1.14937,1.14916,1.14922,122
2019.01.31,15:32,1.14923,1.14935,1.14909,1.14921,104
2019.01.31,15:33,1.14922,1.14923,1.14894,1.1492,179
2019.01.31,15:34,1.14919,1.14923,1.14901,1.14917,153
2019.01.31,15:35,1.14917,1.14942,1.14916,1.14933,159
2019.01.31,15:36,1.14935,1.14951,1.14933,1.14947,115
2019.01.31,15:37,1.14947,1.14947,1.14926,1.14943,115
2019.01.31,15:38,1.14942,1.14948,1.14938,1.14946,151
2019.01.31,15:39,1.14945,1.14945,1.1492,1.14926,171
2019.01.31,15:40,1.14926,1.14935,1.14912,1.14918,155
2019.01.31,15:41,1.1492,1.14941,1.14914,1.14933,168
2019.01.31,15:42,1.14933,1.14937,1.14907,1.14927,171
2019.01.31,15:43,1.14928,1.14942,1.14915,1.14918,142
2019.01.31,15:44,1.14918,1.14931,1.14918,1.14926,98
2019.01.31,15:45,1.14926,1.14928,1.14892,1.14892,141
2019.01.31,15:46,1.14889,1.14899,1.14876,1.14879,163
2019.01.31,15:47,1.14879,1.14892,1.14867,1.14869,184
2019.01.31,15:48,1.1487,1.14877,1.14866,1.1487,139
2019.01.31,15:49,1.1487,1.1487,1.14842,1.14859,190
2019.01.31,15:50,1.1486,1.14879,1.14855,1.14875,166
2019.01.31,15:51,1.14873,1.14882,1.14853,1.14863,137
2019.01.31,15:52,1.14862,1.14895,1.14858,1.14893,181
2019.01.31,15:53,1.14892,1.14919,1.1489,1.1491,178
2019.01.31,15:54,1.14909,1.14918,1.14898,1.14901,129
2019.01.31,15:55,1.14902,1.14923,1.14898,1.14917,88
2019.01.31,15:56,1.14918,1.14924,1.14902,1.14923,142
2019.01.31,15:57,1.14928,1.14947,1.14928,1.14932,186
2019.01.31,15:58,1.14932,1.14952,1.14932,1.14941,121
2019.01.31,15:59,1.14941,1.14944,1.14939,1.14943,76
2019.01.31,16:00,1.14943,1.14954,1.1494,1.14949,100
2019.01.31,16:01,1.1495,1.14952,1.14936,1.14943,160
2019.01.31,16:02,1.14942,1.14951,1.14907,1.14909,127
2019.01.31,16:03,1.1491,1.14912,1.14882,1.14893,143
2019.01.31,16:04,1.14892,1.14902,1.14883,1.14899,136
2019.01.31,16:05,1.14898,1.14902,1.14887,1.14887,167
2019.01.31,16:06,1.14884,1.14884,1.14869,1.14874,152
2019.01.31,16:07,1.14874,1.14883,1.1487,1.1487,88
2019.01.31,16:08,1.14868,1.14879,1.14863,1.14868,76
2019.01.31,16:09,1.14869,1.14871,1.14836,1.14842,158
2019.01.31,16:10,1.14842,1.14846,1.14822,1.14827,175
2019.01.31,16:11,1.14828,1.14857,1.14828,1.14856,154
2019.01.31,16:12,1.14857,1.14875,1.14856,1.1487,110
2019.01.31,16:13,1.1487,1.14874,1.14858,1.14863,84
2019.01.31,16:14,1.14862,1.14871,1.14852,1.1487,102
2019.01.31,16:15,1.14868,1.14887,1.14862,1.14881,121
2019.01.31,16:16,1.14882,1.14896,1.14873,1.14873,113
2019.01.31,16:17,1.14873,1.14888,1.14868,1.14877,83
2019.01.31,16:18,1.14876,1.14896,1.14867,1.14887,122
2019.01.31,16:19,1.14888,1.14889,1.14881,1.14883,117
2019.01.31,16:20,1.14885,1.14909,1.14885,1.14902,122
2019.01.31,16:21,1.14903,1.14911,1.14902,1.14906,107
2019.01.31,16:22,1.14906,1.14906,1.14892,1.14892,137
2019.01.31,16:23,1.14892,1.14911,1.14891,1.1491,73
2019.01.31,16:24,1.14909,1.14931,1.14909,1.14926,122
2019.01.31,16:25,1.14925,1.14928,1.14899,1.14902,102
2019.01.31,16:26,1.14903,1.14905,1.14878,1.14882,118
2019.01.31,16:27,1.14884,1.14885,1.14872,1.14882,65
2019.01.31,16:28,1.14882,1.14886,1.1487,1.14871,48
2019.01.31,16:29,1.14871,1.14883,1.14871,1.14881,55
2019.01.31,16:30,1.14882,1.14902,1.14876,1.14899,100
2019.01.31,16:31,1.14899,1.1491,1.14884,1.14886,126
2019.01.31,16:32,1.14887,1.14894,1.14879,1.14893,101
2019.01.31,16:33,1.14892,1.14911,1.14891,1.14908,119
2019.01.31,16:34,1.14906,1.1491,1.14901,1.14903,106
2019.01.31,16:35,1.14903,1.14905,1.14884,1.14896,105
2019.01.31,16:36,1.14897,1.14908,1.14891,1.14895,114
2019.01.31,16:37,1.14896,1.14906,1.14895,1.149,71
2019.01.31,16:38,1.149,1.14902,1.14892,1.14901,62
2019.01.31,16:39,1.14901,1.14902,1.14897,1.14899,58
2019.01.31,16:40,1.14898,1.14898,1.1487,1.14879,100
2019.01.31,16:41,1.14881,1.14889,1.14862,1.14889,82
2019.01.31,16:42,1.14888,1.14889,1.14861,1.14864,113
2019.01.31,16:43,1.14864,1.14866,1.14852,1.14857,76
2019.01.31,16:44,1.14859,1.14876,1.14855,1.14866,139
2019.01.31,16:45,1.14867,1.14879,1.1485,1.14859,186
2019.01.31,16:46,1.14857,1.14871,1.14856,1.14862,102
2019.01.31,16:47,1.14863,1.14863,1.1481,1.1481,115
2019.01.31,16:48,1.14806,1.14808,1.1478,1.14801,180
2019.01.31,16:49,1.14802,1.14806,1.14791,1.14798,125
2019.01.31,16:50,1.148,1.14822,1.14796,1.14802,130
2019.01.31,16:51,1.14803,1.14803,1.14772,1.14798,193
2019.01.31,16:52,1.14797,1.14808,1.14788,1.14805,192
2019.01.31,16:53,1.14806,1.14823,1.14804,1.14817,177
2019.01.31,16:54,1.14817,1.14823,1.148,1.14802,156
2019.01.31,16:55,1.14802,1.1481,1.14799,1.14807,137
2019.01.31,16:56,1.14806,1.14815,1.14797,1.14797,113
2019.01.31,16:57,1.14798,1.14798,1.14786,1.14795,108
2019.01.31,16:58,1.14793,1.14805,1.14787,1.14794,108
2019.01.31,16:59,1.14794,1.14794,1.14771,1.14775,119
2019.01.31,17:00,1.14773,1.14803,1.14773,1.14794,142
2019.01.31,17:01,1.14789,1.14789,1.14764,1.14765,153
2019.01.31,17:02,1.14765,1.14783,1.14762,1.14775,157
2019.01.31,17:03,1.14775,1.14777,1.14745,1.14773,155
2019.01.31,17:04,1.14773,1.14786,1.14753,1.14756,112
2019.01.31,17:05,1.14755,1.14763,1.14753,1.14755,89
2019.01.31,17:06,1.14757,1.14771,1.14755,1.14768,141
2019.01.31,17:07,1.14769,1.14778,1.14761,1.14775,87
2019.01.31,17:08,1.14773,1.1478,1.14764,1.14765,88
2019.01.31,17:09,1.14764,1.1478,1.14764,1.14767,68
2019.01.31,17:10,1.14766,1.14779,1.14766,1.14772,65
2019.01.31,17:11,1.14772,1.14776,1.14768,1.14772,72
2019.01.31,17:12,1.14773,1.14778,1.14766,1.14774,103
2019.01.31,17:13,1.14775,1.14792,1.14774,1.14781,61
2019.01.31,17:14,1.1478,1.14789,1.14775,1.14782,117
2019.01.31,17:15,1.14782,1.14782,1.14774,1.1478,95
2019.01.31,17:16,1.14779,1.14782,1.1476,1.14769,88
2019.01.31,17:17,1.1477,1.14771,1.14741,1.1475,99
2019.01.31,17:18,1.1475,1.14753,1.14744,1.14752,66
2019.01.31,17:19,1.14751,1.14766,1.14751,1.14765,67
2019.01.31,17:20,1.1476,1.14782,1.14756,1.1478,88
2019.01.31,17:21,1.14779,1.14783,1.14774,1.14778,60
2019.01.31,17:22,1.14778,1.14791,1.14773,1.14788,89
2019.01.31,17:23,1.14788,1.14796,1.14783,1.1479,76
2019.01.31,17:24,1.14792,1.14816,1.14788,1.14811,101
2019.01.31,17:25,1.14811,1.14819,1.14805,1.14819,144
2019.01.31,17:26,1.14819,1.14824,1.14815,1.14822,104
2019.01.31,17:27,1.14823,1.14846,1.1482,1.14843,110
2019.01.31,17:28,1.14842,1.14852,1.14838,1.14846,91
2019.01.31,17:29,1.14846,1.14855,1.14838,1.14855,155
2019.01.31,17:30,1.14859,1.14864,1.14852,1.14859,97
2019.01.31,17:31,1.1486,1.14863,1.14845,1.14855,123
2019.01.31,17:32,1.14855,1.14881,1.14855,1.1488,101
2019.01.31,17:33,1.1488,1.14882,1.1486,1.14861,65
2019.01.31,17:34,1.14861,1.14863,1.14845,1.14845,58
2019.01.31,17:35,1.14845,1.14849,1.14833,1.14833,72
2019.01.31,17:36,1.14833,1.1485,1.14828,1.14845,78
2019.01.31,17:37,1.14845,1.14847,1.14835,1.14835,52
2019.01.31,17:38,1.14835,1.14846,1.1483,1.14838,94
2019.01.31,17:39,1.14841,1.14851,1.14835,1.14851,77
2019.01.31,17:40,1.14851,1.14855,1.14836,1.14855,66
2019.01.31,17:41,1.14855,1.14855,1.1484,1.1484,60
2019.01.31,17:42,1.14843,1.14884,1.14841,1.14881,113
2019.01.31,17:43,1.14881,1.14893,1.14878,1.14881,126
2019.01.31,17:44,1.1488,1.1489,1.14865,1.14866,79
2019.01.31,17:45,1.14866,1.14879,1.1486,1.14866,134
2019.01.31,17:46,1.14865,1.14868,1.1485,1.14851,128
2019.01.31,17:47,1.14854,1.14863,1.14833,1.14851,116
2019.01.31,17:48,1.14851,1.14852,1.14838,1.14849,102
2019.01.31,17:49,1.14848,1.14849,1.14816,1.1483,116
2019.01.31,17:50,1.14829,1.14829,1.14793,1.14807,173
2019.01.31,17:51,1.14807,1.14839,1.14803,1.14829,101
2019.01.31,17:52,1.14829,1.14845,1.14818,1.14844,137
2019.01.31,17:53,1.14842,1.14852,1.14827,1.14841,132
2019.01.31,17:54,1.14841,1.1485,1.14837,1.14846,115
2019.01.31,17:55,1.14848,1.14869,1.148,1.14802,154
2019.01.31,17:56,1.14802,1.14834,1.14783,1.14801,226
2019.01.31,17:57,1.14801,1.14808,1.1472,1.14731,285
2019.01.31,17:58,1.14732,1.14746,1.14722,1.14742,288
2019.01.31,17:59,1.14739,1.1476,1.14736,1.14752,317
2019.01.31,18:00,1.14756,1.14783,1.14751,1.14755,277
2019.01.31,18:01,1.14755,1.14768,1.14683,1.14695,280
2019.01.31,18:02,1.14697,1.14736,1.14691,1.14718,295
2019.01.31,18:03,1.14718,1.14733,1.14704,1.14709,221
2019.01.31,18:04,1.14708,1.14743,1.14707,1.14738,243
2019.01.31,18:05,1.1474,1.1474,1.14718,1.14737,187
2019.01.31,18:06,1.14736,1.14742,1.14694,1.147,186
2019.01.31,18:07,1.147,1.147,1.14647,1.14652,194
2019.01.31,18:08,1.14652,1.14675,1.14651,1.14665,148
2019.01.31,18:09,1.14666,1.14681,1.1466,1.14664,179
2019.01.31,18:10,1.14662,1.14666,1.14613,1.14619,261
2019.01.31,18:11,1.14621,1.14632,1.14566,1.14585,222
2019.01.31,18:12,1.14588,1.14602,1.14562,1.14594,149
2019.01.31,18:13,1.14595,1.14613,1.14583,1.14606,111
2019.01.31,18:14,1.14609,1.14616,1.14598,1.14598,149
2019.01.31,18:15,1.14596,1.14635,1.14591,1.14629,133
2019.01.31,18:16,1.14629,1.14633,1.14608,1.14608,121
2019.01.31,18:17,1.14605,1.14609,1.14593,1.14598,110
2019.01.31,18:18,1.14596,1.146,1.14568,1.14582,137
2019.01.31,18:19,1.14581,1.14581,1.14558,1.14568,168
2019.01.31,18:20,1.14569,1.14584,1.1456,1.14569,113
2019.01.31,18:21,1.1457,1.1457,1.14523,1.14528,159
2019.01.31,18:22,1.14528,1.1453,1.14497,1.14513,190
2019.01.31,18:23,1.14514,1.14523,1.14463,1.14497,194
2019.01.31,18:24,1.14496,1.14515,1.14487,1.145,175
2019.01.31,18:25,1.14499,1.14526,1.14499,1.1452,118
2019.01.31,18:26,1.1452,1.14529,1.14515,1.14525,131
2019.01.31,18:27,1.14525,1.14525,1.14495,1.14525,146
2019.01.31,18:28,1.14524,1.14551,1.1452,1.14546,136
2019.01.31,18:29,1.14546,1.14551,1.14537,1.14537,166
2019.01.31,18:30,1.14541,1.14564,1.14538,1.14554,122
2019.01.31,18:31,1.14554,1.14554,1.14524,1.14531,119
2019.01.31,18:32,1.14531,1.14541,1.14527,1.14532,85
2019.01.31,18:33,1.14531,1.14533,1.14503,1.1453,131
2019.01.31,18:34,1.14531,1.14547,1.14525,1.14545,114
2019.01.31,18:35,1.14544,1.14563,1.14542,1.14563,119
2019.01.31,18:36,1.14563,1.14567,1.14546,1.14555,131
2019.01.31,18:37,1.14559,1.14579,1.14559,1.14577,90
2019.01.31,18:38,1.14574,1.14575,1.14539,1.14549,96
2019.01.31,18:39,1.14546,1.14553,1.14536,1.14551,78
2019.01.31,18:40,1.1455,1.14557,1.14546,1.14556,49
2019.01.31,18:41,1.14556,1.14556,1.14546,1.14551,82
2019.01.31,18:42,1.14549,1.1455,1.14535,1.14543,98
2019.01.31,18:43,1.14542,1.14542,1.14515,1.14526,104
2019.01.31,18:44,1.14526,1.14538,1.14526,1.14538,75
2019.01.31,18:45,1.14538,1.14538,1.14515,1.14525,126
2019.01.31,18:46,1.14525,1.14525,1.14498,1.145,92
2019.01.31,18:47,1.14501,1.1451,1.14496,1.1451,73
2019.01.31,18:48,1.1451,1.14526,1.14507,1.14526,116
2019.01.31,18:49,1.14526,1.14541,1.14523,1.14541,88
2019.01.31,18:50,1.14541,1.14541,1.14518,1.14525,127
2019.01.31,18:51,1.14525,1.14526,1.14515,1.14519,86
2019.01.31,18:52,1.14519,1.14529,1.14512,1.14526,58
2019.01.31,18:53,1.14525,1.14537,1.14519,1.14536,79
2019.01.31,18:54,1.14536,1.14536,1.14504,1.14504,105
2019.01.31,18:55,1.14505,1.14514,1.14496,1.14512,74
2019.01.31,18:56,1.14511,1.14539,1.14505,1.1452,99
2019.01.31,18:57,1.14523,1.14537,1.14518,1.14525,96
2019.01.31,18:58,1.14524,1.1453,1.14515,1.14528,93
2019.01.31,18:59,1.14529,1.14532,1.14519,1.14529,109
2019.01.31,19:00,1.14528,1.14538,1.14518,1.14535,89
2019.01.31,19:01,1.14536,1.14552,1.14531,1.14547,103
2019.01.31,19:02,1.14549,1.1457,1.14546,1.14568,103
2019.01.31,19:03,1.14567,1.14568,1.1455,1.1455,110
2019.01.31,19:04,1.14551,1.14565,1.14551,1.14562,44
2019.01.31,19:05,1.14564,1.1457,1.14559,1.14559,65
2019.01.31,19:06,1.14559,1.14562,1.1453,1.14533,105
2019.01.31,19:07,1.14533,1.1454,1.14528,1.14532,80
2019.01.31,19:08,1.14532,1.14552,1.14527,1.14539,115
2019.01.31,19:09,1.14539,1.14543,1.14522,1.14522,99
2019.01.31,19:10,1.14522,1.14535,1.14522,1.1453,84
2019.01.31,19:11,1.14529,1.1453,1.14523,1.14529,45
2019.01.31,19:12,1.14528,1.14541,1.14527,1.14533,73
2019.01.31,19:13,1.14531,1.14531,1.14477,1.14481,116
2019.01.31,19:14,1.14479,1.14487,1.14453,1.14453,135
2019.01.31,19:15,1.14454,1.14464,1.1443,1.14439,150
2019.01.31,19:16,1.14438,1.14457,1.14433,1.14443,98
2019.01.31,19:17,1.14442,1.14444,1.1436,1.14381,204
2019.01.31,19:18,1.14383,1.14405,1.14381,1.14403,132
2019.01.31,19:19,1.14404,1.14411,1.14381,1.14381,105
2019.01.31,19:20,1.14381,1.14381,1.1436,1.14371,151
2019.01.31,19:21,1.14371,1.14371,1.14356,1.14367,85
2019.01.31,19:22,1.14367,1.14381,1.14362,1.14379,72
2019.01.31,19:23,1.14378,1.14391,1.14371,1.14391,85
2019.01.31,19:24,1.1439,1.14402,1.14388,1.14393,83
2019.01.31,19:25,1.14393,1.14398,1.14387,1.14394,107
2019.01.31,19:26,1.14394,1.14399,1.14383,1.1439,86
2019.01.31,19:27,1.14389,1.144,1.14384,1.14391,81
2019.01.31,19:28,1.1439,1.14402,1.1439,1.14399,73
2019.01.31,19:29,1.14399,1.14403,1.14385,1.144,85
2019.01.31,19:30,1.144,1.1441,1.14397,1.144,90
2019.01.31,19:31,1.14399,1.14407,1.14396,1.14401,101
2019.01.31,19:32,1.14401,1.14416,1.144,1.14411,91
2019.01.31,19:33,1.14412,1.14422,1.14406,1.14421,84
2019.01.31,19:34,1.14421,1.14427,1.14413,1.14426,122
2019.01.31,19:35,1.14427,1.1443,1.14425,1.14426,40
2019.01.31,19:36,1.14426,1.14443,1.14416,1.14436,88
2019.01.31,19:37,1.14437,1.14445,1.1443,1.14435,94
2019.01.31,19:38,1.14434,1.14443,1.14425,1.14435,62
2019.01.31,19:39,1.14435,1.14437,1.14427,1.14427,68
2019.01.31,19:40,1.14427,1.14434,1.14427,1.14431,54
2019.01.31,19:41,1.14432,1.14446,1.1443,1.14444,75
2019.01.31,19:42,1.14443,1.14451,1.14438,1.14451,48
2019.01.31,19:43,1.1445,1.14452,1.14445,1.14447,71
2019.01.31,19:44,1.14447,1.14459,1.14447,1.14453,53
2019.01.31,19:45,1.14453,1.1446,1.14449,1.14457,56
2019.01.31,19:46,1.14457,1.14461,1.14448,1.14453,61
2019.01.31,19:47,1.14453,1.14453,1.14434,1.14441,58
2019.01.31,19:48,1.14441,1.14447,1.14432,1.14447,75
2019.01.31,19:49,1.14445,1.14453,1.14445,1.14453,53
2019.01.31,19:50,1.14455,1.14457,1.14448,1.14453,56
2019.01.31,19:51,1.14453,1.1446,1.14452,1.14456,41
2019.01.31,19:52,1.1446,1.14464,1.14456,1.14461,30
2019.01.31,19:53,1.14463,1.14472,1.14456,1.14472,78
2019.01.31,19:54,1.14471,1.14485,1.14465,1.14483,106
2019.01.31,19:55,1.14485,1.14488,1.14477,1.14481,88
2019.01.31,19:56,1.14481,1.1449,1.14476,1.14481,73
2019.01.31,19:57,1.1448,1.1448,1.1447,1.14471,60
2019.01.31,19:58,1.1447,1.1448,1.14469,1.14471,90
2019.01.31,19:59,1.14471,1.14499,1.1447,1.14498,133
2019.01.31,20:00,1.14498,1.145,1.14468,1.14471,95
2019.01.31,20:01,1.14471,1.14487,1.1446,1.14487,105
2019.01.31,20:02,1.14487,1.14499,1.14487,1.1449,77
2019.01.31,20:03,1.14491,1.14502,1.14486,1.14494,96
2019.01.31,20:04,1.14493,1.14494,1.14476,1.14476,76
2019.01.31,20:05,1.14476,1.14483,1.1447,1.14481,73
2019.01.31,20:06,1.14481,1.14493,1.14478,1.1449,65
2019.01.31,20:07,1.1449,1.1449,1.14478,1.14487,41
2019.01.31,20:08,1.14486,1.14489,1.14476,1.14476,44
2019.01.31,20:09,1.14471,1.14474,1.14457,1.1447,106
2019.01.31,20:10,1.1447,1.14481,1.14466,1.14481,60
2019.01.31,20:11,1.14478,1.14491,1.14476,1.14491,56
2019.01.31,20:12,1.14493,1.14497,1.14482,1.14482,58
2019.01.31,20:13,1.14482,1.14487,1.14479,1.14482,46
2019.01.31,20:14,1.14482,1.14503,1.14479,1.14502,62
2019.01.31,20:15,1.14502,1.14503,1.14481,1.14489,62
2019.01.31,20:16,1.14489,1.14495,1.14484,1.14494,69
2019.01.31,20:17,1.14493,1.14493,1.14471,1.14476,63
2019.01.31,20:18,1.14474,1.1448,1.14469,1.14477,53
2019.01.31,20:19,1.14477,1.14478,1.14461,1.14465,65
2019.01.31,20:20,1.14466,1.14466,1.14455,1.14463,45
2019.01.31,20:21,1.14463,1.14465,1.14456,1.14461,77
2019.01.31,20:22,1.14461,1.14467,1.14458,1.14459,43
2019.01.31,20:23,1.1446,1.14463,1.14451,1.14458,37
2019.01.31,20:24,1.14459,1.14471,1.14452,1.1447,48
2019.01.31,20:25,1.14469,1.1448,1.1446,1.1448,68
2019.01.31,20:26,1.14479,1.14483,1.14472,1.1448,68
2019.01.31,20:27,1.1448,1.14493,1.14477,1.14488,62
2019.01.31,20:28,1.14487,1.14487,1.14475,1.14483,73
2019.01.31,20:29,1.14484,1.14484,1.1447,1.1447,56
2019.01.31,20:30,1.14473,1.14475,1.14461,1.14466,74
2019.01.31,20:31,1.14468,1.14468,1.14451,1.14451,65
2019.01.31,20:32,1.1445,1.1446,1.14436,1.14438,114
2019.01.31,20:33,1.14439,1.14445,1.14425,1.14425,109
2019.01.31,20:34,1.14429,1.14435,1.14421,1.1443,96
2019.01.31,20:35,1.14431,1.14439,1.1442,1.14427,81
2019.01.31,20:36,1.14427,1.14445,1.14425,1.14442,52
2019.01.31,20:37,1.14442,1.14463,1.14439,1.14451,96
2019.01.31,20:38,1.1445,1.1445,1.1443,1.14434,74
2019.01.31,20:39,1.14437,1.14456,1.14437,1.14451,57
2019.01.31,20:40,1.14451,1.14461,1.14451,1.1446,47
2019.01.31,20:41,1.1446,1.14467,1.14454,1.14457,38
2019.01.31,20:42,1.14458,1.14468,1.14458,1.14466,48
2019.01.31,20:43,1.14466,1.14466,1.14453,1.14461,89
2019.01.31,20:44,1.14463,1.14468,1.14456,1.14457,63
2019.01.31,20:45,1.14457,1.1446,1.14451,1.14455,72
2019.01.31,20:46,1.14453,1.14458,1.14447,1.14458,53
2019.01.31,20:47,1.14458,1.14459,1.14453,1.14454,57
2019.01.31,20:48,1.14451,1.14452,1.14445,1.1445,59
2019.01.31,20:49,1.14451,1.14451,1.14441,1.14445,68
2019.01.31,20:50,1.14445,1.14446,1.1443,1.14441,67
2019.01.31,20:51,1.14441,1.14441,1.14428,1.14436,61
2019.01.31,20:52,1.14437,1.1444,1.14426,1.14435,64
2019.01.31,20:53,1.14435,1.14442,1.14427,1.14441,34
2019.01.31,20:54,1.1444,1.14446,1.1444,1.14444,33
2019.01.31,20:55,1.14445,1.14448,1.14423,1.14423,61
2019.01.31,20:56,1.14424,1.14431,1.1442,1.14428,58
2019.01.31,20:57,1.14429,1.1444,1.14426,1.14431,54
2019.01.31,20:58,1.1443,1.14439,1.1443,1.14433,35
2019.01.31,20:59,1.14435,1.14444,1.14434,1.14438,49
2019.01.31,21:00,1.14439,1.14439,1.14428,1.14429,56
2019.01.31,21:01,1.1443,1.14431,1.14421,1.14425,68
2019.01.31,21:02,1.14423,1.14425,1.14415,1.14415,63
2019.01.31,21:03,1.14414,1.14415,1.14409,1.14413,37
2019.01.31,21:04,1.14414,1.14417,1.14404,1.14406,73
2019.01.31,21:05,1.14405,1.14409,1.144,1.14401,34
2019.01.31,21:06,1.14403,1.1441,1.14401,1.14406,55
2019.01.31,21:07,1.1441,1.14431,1.1441,1.14423,70
2019.01.31,21:08,1.14423,1.1443,1.14406,1.14406,45
2019.01.31,21:09,1.14406,1.14412,1.14395,1.14406,63
2019.01.31,21:10,1.14407,1.14414,1.14403,1.14412,50
2019.01.31,21:11,1.14412,1.14419,1.14411,1.14417,25
2019.01.31,21:12,1.14418,1.14426,1.14418,1.14421,48
2019.01.31,21:13,1.1442,1.14428,1.14416,1.14423,65
2019.01.31,21:14,1.14423,1.14425,1.14413,1.14419,56
2019.01.31,21:15,1.1442,1.14422,1.1441,1.14415,63
2019.01.31,21:16,1.14416,1.14421,1.14415,1.14418,53
2019.01.31,21:17,1.14418,1.14419,1.14413,1.14413,24
2019.01.31,21:18,1.14413,1.14429,1.14413,1.14422,48
2019.01.31,21:19,1.14423,1.14429,1.14423,1.14427,55
2019.01.31,21:20,1.14426,1.14437,1.14425,1.14436,48
2019.01.31,21:21,1.14436,1.14438,1.14432,1.14436,30
2019.01.31,21:22,1.14436,1.1444,1.1443,1.1443,43
2019.01.31,21:23,1.14431,1.14434,1.14431,1.14431,27
2019.01.31,21:24,1.14431,1.14438,1.14431,1.14438,31
2019.01.31,21:25,1.14439,1.14442,1.14433,1.14433,25
2019.01.31,21:26,1.14433,1.14439,1.14431,1.14438,26
2019.01.31,21:27,1.14439,1.14442,1.14437,1.14437,31
2019.01.31,21:28,1.14437,1.14445,1.14437,1.14443,25
2019.01.31,21:29,1.14442,1.14442,1.14438,1.14442,26
2019.01.31,21:30,1.14445,1.14445,1.14438,1.14441,35
2019.01.31,21:31,1.1444,1.14443,1.14436,1.14436,29
2019.01.31,21:32,1.14436,1.14437,1.14435,1.14436,14
2019.01.31,21:33,1.14436,1.1444,1.14433,1.1444,25
2019.01.31,21:34,1.1444,1.1444,1.1443,1.14432,31
2019.01.31,21:35,1.14436,1.14442,1.14435,1.1444,41
2019.01.31,21:36,1.1444,1.14443,1.14439,1.14441,18
2019.01.31,21:37,1.14441,1.14445,1.1444,1.14441,21
2019.01.31,21:38,1.14441,1.14444,1.14438,1.14441,23
2019.01.31,21:39,1.14442,1.14445,1.14439,1.14443,22
2019.01.31,21:40,1.14443,1.14445,1.14439,1.1444,57
2019.01.31,21:41,1.1444,1.14449,1.1444,1.14448,17
2019.01.31,21:42,1.14448,1.1445,1.14446,1.14447,15
2019.01.31,21:43,1.14446,1.14446,1.14442,1.14445,25
2019.01.31,21:44,1.14445,1.14446,1.1444,1.14446,20
2019.01.31,21:45,1.14446,1.14446,1.14436,1.14436,30
2019.01.31,21:46,1.14436,1.14439,1.1443,1.14433,33
2019.01.31,21:47,1.14435,1.14435,1.14427,1.1443,51
2019.01.31,21:48,1.14433,1.14437,1.14426,1.14436,58
2019.01.31,21:49,1.14436,1.14436,1.14425,1.14432,70
2019.01.31,21:50,1.14434,1.14435,1.14427,1.14432,41
2019.01.31,21:51,1.14432,1.14434,1.14422,1.14422,28
2019.01.31,21:52,1.14421,1.14426,1.14412,1.14424,71
2019.01.31,21:53,1.14424,1.14432,1.14419,1.14424,87
2019.01.31,21:54,1.14423,1.14428,1.14417,1.14421,72
2019.01.31,21:55,1.1442,1.14424,1.14417,1.14422,41
2019.01.31,21:56,1.14425,1.14425,1.14417,1.14421,47
2019.01.31,21:57,1.14421,1.14434,1.14421,1.1443,72
2019.01.31,21:58,1.14429,1.14442,1.14427,1.14442,58
2019.01.31,21:59,1.14443,1.14448,1.14431,1.14439,154
2019.01.31,22:00,1.14441,1.14449,1.14436,1.14446,128
2019.01.31,22:01,1.14446,1.14451,1.14437,1.14437,121
2019.01.31,22:02,1.14437,1.14437,1.14426,1.14429,70
2019.01.31,22:03,1.14429,1.14432,1.14421,1.14422,48
2019.01.31,22:04,1.14421,1.14422,1.14417,1.14417,35
2019.01.31,22:05,1.14418,1.14421,1.14416,1.14416,53
2019.01.31,22:06,1.14416,1.14419,1.14409,1.14417,60
2019.01.31,22:07,1.14416,1.14417,1.14411,1.14415,37
2019.01.31,22:08,1.14413,1.14416,1.14411,1.14413,46
2019.01.31,22:09,1.14414,1.14418,1.14409,1.14417,41
2019.01.31,22:10,1.14416,1.14418,1.14411,1.14411,42
2019.01.31,22:11,1.14411,1.14425,1.14411,1.14423,45
2019.01.31,22:12,1.14424,1.14433,1.14422,1.14426,58
2019.01.31,22:13,1.14425,1.14434,1.14416,1.14431,66
2019.01.31,22:14,1.14432,1.14439,1.1443,1.14433,71
2019.01.31,22:15,1.14434,1.14434,1.14416,1.14431,88
2019.01.31,22:16,1.14431,1.14439,1.14428,1.14434,57
2019.01.31,22:17,1.14434,1.14441,1.14431,1.14438,49
2019.01.31,22:18,1.14435,1.14442,1.14435,1.14441,45
2019.01.31,22:19,1.14441,1.14441,1.14434,1.14435,43
2019.01.31,22:20,1.14432,1.14437,1.14426,1.14429,63
2019.01.31,22:21,1.1443,1.1443,1.1442,1.14421,54
2019.01.31,22:22,1.1442,1.14425,1.14414,1.14414,60
2019.01.31,22:23,1.14418,1.14422,1.14415,1.14421,50
2019.01.31,22:24,1.1442,1.14422,1.1441,1.14411,41
2019.01.31,22:25,1.14414,1.1442,1.14413,1.14417,54
2019.01.31,22:26,1.14416,1.14417,1.1441,1.1441,30
2019.01.31,22:27,1.14411,1.14423,1.1441,1.14415,60
2019.01.31,22:28,1.14414,1.14416,1.14413,1.14414,53
2019.01.31,22:29,1.14414,1.14424,1.14412,1.14415,54
2019.01.31,22:30,1.14414,1.14417,1.144,1.14416,66
2019.01.31,22:31,1.14416,1.14426,1.14414,1.1442,65
2019.01.31,22:32,1.1442,1.14424,1.14416,1.14424,29
2019.01.31,22:33,1.14423,1.14442,1.14423,1.14441,64
2019.01.31,22:34,1.1444,1.14441,1.14432,1.14436,57
2019.01.31,22:35,1.14435,1.14439,1.14432,1.14432,41
2019.01.31,22:36,1.14431,1.14444,1.14431,1.14436,55
2019.01.31,22:37,1.14437,1.1444,1.14434,1.14437,23
2019.01.31,22:38,1.14436,1.14436,1.14431,1.14433,32
2019.01.31,22:39,1.14433,1.14435,1.14431,1.14434,27
2019.01.31,22:40,1.14436,1.14437,1.14434,1.14437,32
2019.01.31,22:41,1.14436,1.14447,1.14436,1.14445,55
2019.01.31,22:42,1.14445,1.1446,1.14441,1.14456,67
2019.01.31,22:43,1.14456,1.14457,1.14448,1.14448,41
2019.01.31,22:44,1.14448,1.14455,1.14445,1.1445,61
2019.01.31,22:45,1.1445,1.14451,1.14441,1.14444,61
2019.01.31,22:46,1.14444,1.14448,1.14434,1.14434,46
2019.01.31,22:47,1.14434,1.14443,1.14434,1.14441,45
2019.01.31,22:48,1.14442,1.14443,1.14437,1.14439,28
2019.01.31,22:49,1.14441,1.14446,1.1444,1.14441,36
2019.01.31,22:50,1.14441,1.1445,1.14441,1.14448,50
2019.01.31,22:51,1.14448,1.14465,1.14446,1.14464,72
2019.01.31,22:52,1.14465,1.14473,1.14461,1.14464,97
2019.01.31,22:53,1.14464,1.14464,1.1445,1.14456,60
2019.01.31,22:54,1.14455,1.14457,1.14451,1.14454,40
2019.01.31,22:55,1.14454,1.14464,1.14449,1.14449,71
2019.01.31,22:56,1.14449,1.14453,1.14444,1.14449,43
2019.01.31,22:57,1.1445,1.1445,1.14443,1.14445,40
2019.01.31,22:58,1.14444,1.14455,1.14444,1.14454,68
2019.01.31,22:59,1.14454,1.14461,1.14442,1.14448,61
2019.01.31,23:00,1.14449,1.14464,1.14448,1.14464,70
2019.01.31,23:01,1.14463,1.14468,1.14459,1.14463,78
2019.01.31,23:02,1.14463,1.14465,1.14462,1.14464,29
2019.01.31,23:03,1.14463,1.14464,1.14463,1.14463,5
2019.01.31,23:04,1.14461,1.14461,1.14454,1.14457,22
2019.01.31,23:05,1.14457,1.14459,1.14457,1.14459,10
2019.01.31,23:06,1.14458,1.14459,1.14458,1.14459,8
2019.01.31,23:07,1.14458,1.14462,1.14458,1.1446,29
2019.01.31,23:08,1.14461,1.14461,1.14452,1.14452,21
2019.01.31,23:09,1.14452,1.14456,1.14452,1.14456,13
2019.01.31,23:10,1.14456,1.14456,1.14451,1.14454,22
2019.01.31,23:11,1.14453,1.14456,1.14453,1.14453,18
2019.01.31,23:12,1.14453,1.14454,1.14453,1.14454,10
2019.01.31,23:13,1.14454,1.14455,1.14453,1.14453,8
2019.01.31,23:14,1.14453,1.14453,1.14452,1.14452,2
2019.01.31,23:15,1.14453,1.14453,1.14452,1.14453,17
2019.01.31,23:16,1.14454,1.14454,1.14451,1.14452,18
2019.01.31,23:17,1.14453,1.14457,1.14452,1.14456,12
2019.01.31,23:18,1.14454,1.14462,1.14453,1.14462,11
2019.01.31,23:19,1.1446,1.14465,1.1446,1.14462,12
2019.01.31,23:20,1.14462,1.14462,1.14457,1.14457,7
2019.01.31,23:21,1.14457,1.14457,1.14457,1.14457,1
2019.01.31,23:22,1.14457,1.14459,1.14454,1.14454,7
2019.01.31,23:23,1.14455,1.14456,1.14453,1.14453,7
2019.01.31,23:24,1.14454,1.14456,1.14453,1.14454,12
2019.01.31,23:25,1.14457,1.14457,1.14456,1.14456,3
2019.01.31,23:26,1.14456,1.14456,1.14454,1.14456,12
2019.01.31,23:27,1.14454,1.14454,1.14453,1.14454,3
2019.01.31,23:28,1.14456,1.14456,1.14454,1.14456,6
2019.01.31,23:29,1.14456,1.14465,1.14454,1.14464,26
2019.01.31,23:30,1.14463,1.14464,1.14458,1.14462,34
2019.01.31,23:31,1.14462,1.14473,1.14462,1.14468,40
2019.01.31,23:32,1.14469,1.14469,1.14464,1.14465,29
2019.01.31,23:33,1.14464,1.14467,1.14463,1.14464,5
2019.01.31,23:34,1.14463,1.14465,1.14463,1.14465,9
2019.01.31,23:35,1.14466,1.14474,1.14466,1.14474,23
2019.01.31,23:36,1.14473,1.14474,1.14472,1.14473,15
2019.01.31,23:37,1.14473,1.14473,1.1447,1.14472,19
2019.01.31,23:38,1.14471,1.14472,1.14469,1.14469,11
2019.01.31,23:39,1.14469,1.14473,1.14469,1.14469,22
2019.01.31,23:40,1.14468,1.14472,1.14464,1.14464,41
2019.01.31,23:41,1.14465,1.14468,1.14464,1.14466,14
2019.01.31,23:42,1.14465,1.14465,1.14462,1.14464,13
2019.01.31,23:43,1.14463,1.14468,1.14463,1.14464,12
2019.01.31,23:44,1.14465,1.14467,1.14463,1.14463,28
2019.01.31,23:45,1.14464,1.14467,1.14461,1.14466,35
2019.01.31,23:46,1.14465,1.14468,1.14463,1.14466,17
2019.01.31,23:47,1.14467,1.14468,1.14464,1.14468,17
2019.01.31,23:48,1.14466,1.14472,1.14464,1.1447,18
2019.01.31,23:49,1.1447,1.14471,1.14468,1.14468,27
2019.01.31,23:50,1.1447,1.14472,1.14463,1.14469,45
2019.01.31,23:51,1.14469,1.1447,1.14468,1.1447,13
2019.01.31,23:52,1.14469,1.1447,1.14469,1.14469,5
2019.01.31,23:53,1.14468,1.1447,1.14468,1.14468,24
2019.01.31,23:54,1.14467,1.14471,1.14467,1.14469,18
2019.01.31,23:55,1.14468,1.1447,1.14467,1.14468,17
2019.01.31,23:56,1.14468,1.14471,1.14468,1.1447,21
2019.01.31,23:57,1.1447,1.14475,1.14466,1.14467,33
2019.01.31,23:58,1.14466,1.14474,1.14466,1.14474,25
2019.01.31,23:59,1.14475,1.14475,1.14458,1.1446,54
